sample_epoch,mono_s,power_w,energy_uj,gfx_busy_pct,vram_used_mb,sclk_mhz,device_id
1782299160.863164,7521.790447,11.0,,,354.71484375,,0
1782299160.963315,7521.890600,11.0,,1.0,354.71484375,,0
1782299161.063321,7521.990606,11.0,,,354.71484375,,0
1782299161.163313,7522.090598,10.0,,,354.71484375,,0
1782299161.263313,7522.190598,12.0,,1.0,354.71484375,,0
1782299161.365725,7522.293008,11.0,,,354.71484375,,0
1782299161.463221,7522.390504,13.0,,,354.71484375,,0
1782299161.563314,7522.490598,13.0,,,354.71484375,,0
1782299161.663317,7522.590601,15.0,,,354.71484375,,0
1782299161.763318,7522.690602,14.0,,,354.71484375,,0
1782299161.863313,7522.790598,14.0,,,354.71484375,,0
1782299161.963315,7522.890599,13.0,,,354.71484375,,0
1782299162.063318,7522.990602,14.0,,,354.71484375,,0
1782299162.163321,7523.090605,11.0,,,354.71484375,,0
1782299162.263317,7523.190601,11.0,,,354.71484375,,0
1782299162.363315,7523.290600,11.0,,,354.71484375,,0
1782299162.463316,7523.390600,12.0,,1.0,354.71484375,,0
1782299162.563322,7523.490606,11.0,,,354.71484375,,0
1782299162.663320,7523.590603,11.0,,,354.71484375,,0
1782299162.763315,7523.690599,11.0,,,354.71484375,,0
1782299162.863314,7523.790598,11.0,,,354.71484375,,0
1782299162.963326,7523.890610,10.0,,,354.71484375,,0
1782299163.063314,7523.990598,11.0,,2.0,354.71484375,,0
1782299163.163316,7524.090600,13.0,,,354.71484375,,0
1782299163.263313,7524.190597,10.0,,,354.71484375,,0
1782299163.363324,7524.290609,13.0,,,354.71484375,,0
1782299163.463314,7524.390598,15.0,,,354.71484375,,0
1782299163.563311,7524.490595,10.0,,,354.71484375,,0
1782299163.663317,7524.590601,11.0,,1.0,354.71484375,,0
1782299163.763311,7524.690595,15.0,,,354.71484375,,0
1782299163.863316,7524.790600,15.0,,,354.71484375,,0
1782299163.963322,7524.890606,11.0,,,354.71484375,,0
1782299164.063318,7524.990603,14.0,,,354.71484375,,0
1782299164.163314,7525.090598,11.0,,,354.71484375,,0
1782299164.263315,7525.190599,12.0,,1.0,354.71484375,,0
1782299164.363315,7525.290599,11.0,,,354.71484375,,0
1782299164.463324,7525.390608,11.0,,,354.71484375,,0
1782299164.563248,7525.490533,10.0,,,354.71484375,,0
1782299164.663327,7525.590611,10.0,,,354.71484375,,0
1782299164.763318,7525.690601,11.0,,,354.71484375,,0
1782299164.863316,7525.790600,12.0,,1.0,354.71484375,,0
1782299164.963318,7525.890602,14.0,,,354.71484375,,0
1782299165.063314,7525.990599,14.0,,,354.71484375,,0
1782299165.163311,7526.090596,10.0,,,354.71484375,,0
1782299165.263319,7526.190604,16.0,,3.0,354.71484375,,0
1782299165.363241,7526.290526,16.0,,3.0,354.71484375,,0
1782299165.463311,7526.390595,14.0,,,354.71484375,,0
1782299165.563318,7526.490601,15.0,,,354.71484375,,0
1782299165.663320,7526.590604,11.0,,,354.71484375,,0
1782299165.763316,7526.690600,11.0,,,354.71484375,,0
1782299165.863323,7526.790607,11.0,,,354.71484375,,0
1782299165.963242,7526.890527,16.0,,2.0,354.76171875,,0
1782299166.063231,7526.990515,12.0,,2.0,354.76171875,,0
1782299166.163230,7527.090515,10.0,,,354.76171875,,0
1782299166.263309,7527.190592,12.0,,2.0,555.5078125,,0
1782299166.363315,7527.290600,23.0,,28.0,588.9453125,,0
1782299166.463315,7527.390598,31.0,,43.0,588.9453125,,0
1782299166.563306,7527.490589,75.0,,100.0,588.9453125,,0
1782299166.663303,7527.590588,98.0,,100.0,588.9453125,,0
1782299166.763309,7527.690593,129.0,,100.0,588.9453125,,0
1782299166.863304,7527.790588,176.0,,100.0,588.9453125,,0
1782299166.963303,7527.890586,240.0,,100.0,588.9453125,,0
1782299167.063305,7527.990591,254.0,,100.0,588.9453125,,0
1782299167.163301,7528.090586,252.0,,100.0,588.9453125,,0
1782299167.263308,7528.190591,254.0,,100.0,588.9453125,,0
1782299167.363314,7528.290597,257.0,,100.0,588.9453125,,0
1782299167.463309,7528.390594,258.0,,100.0,588.9453125,,0
1782299167.563311,7528.490594,259.0,,100.0,588.9453125,,0
1782299167.663303,7528.590586,261.0,,100.0,588.9453125,,0
1782299167.763307,7528.690591,260.0,,100.0,588.9453125,,0
1782299167.863306,7528.790589,260.0,,100.0,588.9453125,,0
1782299167.963302,7528.890587,261.0,,100.0,588.9453125,,0
1782299168.063302,7528.990585,262.0,,100.0,588.9453125,,0
1782299168.163308,7529.090593,261.0,,100.0,588.9453125,,0
1782299168.263305,7529.190590,262.0,,100.0,588.9453125,,0
1782299168.363308,7529.290591,262.0,,100.0,588.9453125,,0
1782299168.463305,7529.390588,262.0,,100.0,588.9453125,,0
1782299168.563303,7529.490588,262.0,,100.0,588.9453125,,0
1782299168.663240,7529.590525,263.0,,100.0,588.9453125,,0
1782299168.763308,7529.690591,264.0,,100.0,588.9453125,,0
1782299168.863306,7529.790589,263.0,,100.0,588.9453125,,0
1782299168.963303,7529.890586,262.0,,100.0,588.9453125,,0
1782299169.063299,7529.990583,261.0,,100.0,588.9453125,,0
1782299169.163302,7530.090586,263.0,,100.0,588.9453125,,0
1782299169.263306,7530.190590,262.0,,100.0,588.9453125,,0
1782299169.363307,7530.290592,262.0,,100.0,588.9453125,,0
1782299169.463301,7530.390585,264.0,,100.0,588.9453125,,0
1782299169.563303,7530.490588,264.0,,100.0,588.9453125,,0
1782299169.663308,7530.590591,263.0,,100.0,588.9453125,,0
1782299169.763306,7530.690591,262.0,,100.0,588.9453125,,0
1782299169.863310,7530.790595,264.0,,100.0,588.9453125,,0
1782299169.963298,7530.890581,264.0,,100.0,588.9453125,,0
1782299170.063305,7530.990588,264.0,,100.0,588.9453125,,0
1782299170.163312,7531.090597,262.0,,100.0,588.9453125,,0
1782299170.263313,7531.190597,265.0,,100.0,588.9453125,,0
1782299170.363308,7531.290591,265.0,,100.0,588.9453125,,0
1782299170.463300,7531.390584,265.0,,100.0,588.9453125,,0
1782299170.563308,7531.490593,263.0,,100.0,588.9453125,,0
1782299170.663307,7531.590592,265.0,,100.0,588.9453125,,0
1782299170.763313,7531.690596,265.0,,100.0,588.9453125,,0
1782299170.863311,7531.790594,264.0,,100.0,588.9453125,,0
1782299170.963308,7531.890592,266.0,,100.0,588.9453125,,0
1782299171.063311,7531.990594,265.0,,100.0,588.9453125,,0
1782299171.163340,7532.090623,261.0,,100.0,588.9453125,,0
1782299171.263311,7532.190594,261.0,,100.0,588.9453125,,0
1782299171.363312,7532.290595,261.0,,100.0,588.9453125,,0
1782299171.463314,7532.390599,261.0,,100.0,588.9453125,,0
1782299171.563314,7532.490599,262.0,,100.0,588.9453125,,0
1782299171.663314,7532.590597,261.0,,100.0,588.9453125,,0
1782299171.763313,7532.690598,261.0,,100.0,588.9453125,,0
1782299171.863318,7532.790602,262.0,,100.0,588.9453125,,0
1782299171.963309,7532.890594,261.0,,100.0,588.9453125,,0
1782299172.063313,7532.990596,262.0,,100.0,588.9453125,,0
1782299172.163300,7533.090583,264.0,,100.0,588.9453125,,0
1782299172.263304,7533.190587,267.0,,100.0,588.9453125,,0
1782299172.363298,7533.290583,265.0,,100.0,588.9453125,,0
1782299172.463301,7533.390585,265.0,,100.0,588.9453125,,0
1782299172.563306,7533.490590,265.0,,100.0,588.9453125,,0
1782299172.663303,7533.590586,237.0,,100.0,588.9453125,,0
1782299172.763303,7533.690586,267.0,,100.0,588.9453125,,0
1782299172.863301,7533.790585,266.0,,100.0,588.9453125,,0
1782299172.963303,7533.890587,266.0,,100.0,588.9453125,,0
1782299173.063305,7533.990588,243.0,,100.0,588.9453125,,0
1782299173.163302,7534.090585,244.0,,100.0,588.9453125,,0
1782299173.263305,7534.190590,266.0,,100.0,588.9453125,,0
1782299173.363307,7534.290591,266.0,,100.0,588.9453125,,0
1782299173.463305,7534.390591,267.0,,100.0,588.9453125,,0
1782299173.563307,7534.490590,268.0,,100.0,588.9453125,,0
1782299173.663303,7534.590587,267.0,,100.0,588.9453125,,0
1782299173.763307,7534.690590,266.0,,100.0,588.9453125,,0
1782299173.863305,7534.790589,266.0,,100.0,588.9453125,,0
1782299173.963297,7534.890580,267.0,,100.0,588.9453125,,0
1782299174.063317,7534.990601,267.0,,100.0,588.9453125,,0
1782299174.163311,7535.090596,267.0,,100.0,588.9453125,,0
1782299174.263308,7535.190592,269.0,,100.0,588.9453125,,0
1782299174.363298,7535.290582,269.0,,100.0,588.9453125,,0
1782299174.463298,7535.390581,267.0,,100.0,588.9453125,,0
1782299174.563302,7535.490585,268.0,,100.0,588.9453125,,0
1782299174.663300,7535.590585,269.0,,100.0,588.9453125,,0
1782299174.763304,7535.690588,267.0,,100.0,588.9453125,,0
1782299174.863303,7535.790588,267.0,,100.0,588.9453125,,0
1782299174.963307,7535.890592,267.0,,100.0,588.9453125,,0
1782299175.063303,7535.990586,269.0,,100.0,588.9453125,,0
1782299175.163303,7536.090587,269.0,,100.0,588.9453125,,0
1782299175.263304,7536.190587,268.0,,100.0,588.9453125,,0
1782299175.363305,7536.290588,268.0,,100.0,588.9453125,,0
1782299175.463302,7536.390586,271.0,,100.0,588.9453125,,0
1782299175.563302,7536.490585,269.0,,100.0,588.9453125,,0
1782299175.663307,7536.590591,268.0,,100.0,588.9453125,,0
1782299175.763306,7536.690591,269.0,,100.0,588.9453125,,0
1782299175.863307,7536.790592,270.0,,100.0,588.9453125,,0
1782299175.963303,7536.890588,269.0,,100.0,588.9453125,,0
1782299176.063305,7536.990590,268.0,,100.0,588.9453125,,0
1782299176.163303,7537.090586,268.0,,100.0,588.9453125,,0
1782299176.263308,7537.190592,270.0,,100.0,588.9453125,,0
1782299176.363304,7537.290590,268.0,,100.0,588.9453125,,0
1782299176.463300,7537.390583,269.0,,100.0,588.9453125,,0
1782299176.563307,7537.490591,269.0,,100.0,588.9453125,,0
1782299176.663303,7537.590586,270.0,,100.0,588.9453125,,0
1782299176.763300,7537.690586,270.0,,100.0,588.9453125,,0
1782299176.863302,7537.790587,268.0,,100.0,588.9453125,,0
1782299176.963304,7537.890588,270.0,,100.0,588.9453125,,0
1782299177.063305,7537.990590,269.0,,100.0,588.9453125,,0
1782299177.163301,7538.090585,269.0,,99.0,588.9453125,,0
1782299177.263303,7538.190586,278.0,,99.0,588.9453125,,0
1782299177.363308,7538.290591,279.0,,99.0,588.9453125,,0
1782299177.463302,7538.390585,268.0,,100.0,588.9453125,,0
1782299177.563303,7538.490589,282.0,,100.0,588.9453125,,0
1782299177.663303,7538.590588,264.0,,100.0,588.9453125,,0
1782299177.763305,7538.690589,254.0,,100.0,588.9453125,,0
1782299177.863302,7538.790586,261.0,,100.0,588.9453125,,0
1782299177.963313,7538.890597,273.0,,99.0,588.9453125,,0
1782299178.063311,7538.990596,268.0,,99.0,588.9453125,,0
1782299178.163314,7539.090598,278.0,,100.0,588.9453125,,0
1782299178.263306,7539.190589,280.0,,99.0,588.9453125,,0
1782299178.363307,7539.290592,279.0,,99.0,588.9453125,,0
1782299178.463314,7539.390598,269.0,,100.0,588.9453125,,0
1782299178.563304,7539.490587,259.0,,100.0,588.9453125,,0
1782299178.663301,7539.590584,258.0,,99.0,588.9453125,,0
1782299178.763302,7539.690587,269.0,,99.0,588.9453125,,0
1782299178.863304,7539.790589,268.0,,100.0,588.9453125,,0
1782299178.963306,7539.890592,272.0,,100.0,588.9453125,,0
1782299179.063302,7539.990586,271.0,,100.0,588.9453125,,0
1782299179.163299,7540.090583,271.0,,100.0,588.9453125,,0
1782299179.263304,7540.190587,270.0,,100.0,588.9453125,,0
1782299179.363304,7540.290590,272.0,,100.0,588.9453125,,0
1782299179.463304,7540.390589,272.0,,100.0,588.9453125,,0
1782299179.563305,7540.490588,272.0,,100.0,588.9453125,,0
1782299179.663304,7540.590587,271.0,,100.0,588.9453125,,0
1782299179.763303,7540.690588,270.0,,100.0,588.9453125,,0
1782299179.863304,7540.790589,271.0,,100.0,588.9453125,,0
1782299179.963309,7540.890594,272.0,,100.0,588.9453125,,0
1782299180.063304,7540.990589,271.0,,100.0,588.9453125,,0
1782299180.163299,7541.090583,271.0,,100.0,588.9453125,,0
1782299180.263304,7541.190589,272.0,,100.0,588.9453125,,0
1782299180.363304,7541.290587,271.0,,100.0,588.9453125,,0
1782299180.463306,7541.390590,272.0,,100.0,588.9453125,,0
1782299180.563305,7541.490590,273.0,,100.0,588.9453125,,0
1782299180.663304,7541.590588,272.0,,100.0,588.9453125,,0
1782299180.763303,7541.690587,271.0,,100.0,588.9453125,,0
1782299180.863304,7541.790587,271.0,,100.0,588.9453125,,0
1782299180.963301,7541.890584,273.0,,100.0,588.9453125,,0
1782299181.063307,7541.990592,274.0,,100.0,588.9453125,,0
1782299181.163305,7542.090589,272.0,,100.0,588.9453125,,0
1782299181.263298,7542.190582,272.0,,100.0,588.9453125,,0
1782299181.363304,7542.290587,272.0,,100.0,588.9453125,,0
1782299181.463304,7542.390589,273.0,,100.0,588.9453125,,0
1782299181.563310,7542.490594,272.0,,100.0,588.9453125,,0
1782299181.663302,7542.590588,274.0,,100.0,588.9453125,,0
1782299181.763299,7542.690583,273.0,,100.0,588.9453125,,0
1782299181.863306,7542.790589,273.0,,100.0,588.9453125,,0
1782299181.963304,7542.890587,271.0,,100.0,588.9453125,,0
1782299182.063306,7542.990591,272.0,,100.0,588.9453125,,0
1782299182.163303,7543.090586,273.0,,100.0,588.9453125,,0
1782299182.263304,7543.190587,273.0,,100.0,588.9453125,,0
1782299182.363308,7543.290591,273.0,,100.0,588.9453125,,0
1782299182.463244,7543.390529,272.0,,100.0,588.9453125,,0
1782299182.563299,7543.490583,274.0,,100.0,588.9453125,,0
1782299182.663307,7543.590591,272.0,,100.0,588.9453125,,0
1782299182.763310,7543.690593,272.0,,100.0,588.9453125,,0
1782299182.863307,7543.790590,272.0,,100.0,588.9453125,,0
1782299182.963299,7543.890583,274.0,,100.0,588.9453125,,0
1782299183.063304,7543.990589,273.0,,100.0,588.9453125,,0
1782299183.163302,7544.090587,273.0,,100.0,588.9453125,,0
1782299183.263299,7544.190582,273.0,,100.0,588.9453125,,0
1782299183.363304,7544.290589,274.0,,100.0,588.9453125,,0
1782299183.463302,7544.390586,272.0,,100.0,588.9453125,,0
1782299183.563304,7544.490588,272.0,,100.0,588.9453125,,0
1782299183.663303,7544.590586,274.0,,100.0,588.9453125,,0
1782299183.763311,7544.690595,274.0,,100.0,588.9453125,,0
1782299183.863304,7544.790588,273.0,,100.0,588.9453125,,0
1782299183.963306,7544.890589,273.0,,100.0,588.9453125,,0
1782299184.063308,7544.990591,273.0,,100.0,588.9453125,,0
1782299184.163300,7545.090584,275.0,,100.0,588.9453125,,0
1782299184.263312,7545.190596,275.0,,100.0,588.9453125,,0
1782299184.363311,7545.290595,274.0,,100.0,588.9453125,,0
1782299184.463312,7545.390595,273.0,,100.0,588.9453125,,0
1782299184.563303,7545.490586,275.0,,100.0,588.9453125,,0
1782299184.663302,7545.590586,258.0,,100.0,588.9453125,,0
1782299184.763301,7545.690586,250.0,,100.0,588.9453125,,0
1782299184.863303,7545.790586,243.0,,99.0,588.9453125,,0
1782299184.963305,7545.890590,241.0,,99.0,588.9453125,,0
1782299185.063307,7545.990590,273.0,,100.0,588.9453125,,0
1782299185.163309,7546.090594,272.0,,100.0,588.9453125,,0
1782299185.263245,7546.190530,275.0,,100.0,588.9453125,,0
1782299185.363304,7546.290587,275.0,,100.0,588.9453125,,0
1782299185.463311,7546.390595,274.0,,100.0,588.9453125,,0
1782299185.563308,7546.490592,274.0,,100.0,588.9453125,,0
1782299185.663306,7546.590590,276.0,,100.0,588.9453125,,0
1782299185.763307,7546.690592,275.0,,100.0,588.9453125,,0
1782299185.863305,7546.790589,275.0,,100.0,588.9453125,,0
1782299185.963306,7546.890589,277.0,,100.0,588.9453125,,0
1782299186.063305,7546.990588,282.0,,100.0,588.9453125,,0
1782299186.163309,7547.090592,274.0,,100.0,588.9453125,,0
1782299186.263298,7547.190581,276.0,,100.0,588.9453125,,0
1782299186.363301,7547.290585,274.0,,100.0,588.9453125,,0
1782299186.463313,7547.390597,271.0,,99.0,588.9453125,,0
1782299186.563307,7547.490591,278.0,,99.0,588.9453125,,0
1782299186.663306,7547.590589,275.0,,100.0,588.9453125,,0
1782299186.763306,7547.690590,276.0,,100.0,588.9453125,,0
1782299186.863314,7547.790597,264.0,,99.0,588.9453125,,0
1782299186.963305,7547.890590,271.0,,99.0,588.9453125,,0
1782299187.063246,7547.990530,274.0,,100.0,588.9453125,,0
1782299187.163304,7548.090589,274.0,,100.0,588.9453125,,0
1782299187.263312,7548.190596,276.0,,100.0,588.9453125,,0
1782299187.363307,7548.290590,276.0,,100.0,588.9453125,,0
1782299187.463309,7548.390592,277.0,,100.0,588.9453125,,0
1782299187.563305,7548.490588,275.0,,100.0,588.9453125,,0
1782299187.663304,7548.590587,276.0,,100.0,588.9453125,,0
1782299187.763311,7548.690594,276.0,,100.0,588.9453125,,0
1782299187.863313,7548.790598,274.0,,100.0,588.9453125,,0
1782299187.963302,7548.890585,277.0,,100.0,588.9453125,,0
1782299188.063303,7548.990586,276.0,,100.0,588.9453125,,0
1782299188.163305,7549.090588,276.0,,100.0,588.9453125,,0
1782299188.263306,7549.190590,275.0,,100.0,588.9453125,,0
1782299188.363308,7549.290591,275.0,,100.0,588.9453125,,0
1782299188.463300,7549.390583,277.0,,100.0,588.9453125,,0
1782299188.563298,7549.490582,277.0,,100.0,588.9453125,,0
1782299188.663311,7549.590595,277.0,,100.0,588.9453125,,0
1782299188.763310,7549.690593,274.0,,100.0,588.9453125,,0
1782299188.863302,7549.790586,275.0,,100.0,588.9453125,,0
1782299188.963309,7549.890592,275.0,,100.0,588.9453125,,0
1782299189.063304,7549.990587,275.0,,100.0,588.9453125,,0
1782299189.163306,7550.090589,275.0,,100.0,588.9453125,,0
1782299189.263306,7550.190590,277.0,,100.0,588.9453125,,0
1782299189.363307,7550.290590,277.0,,100.0,588.9453125,,0
1782299189.463304,7550.390587,277.0,,100.0,588.9453125,,0
1782299189.563310,7550.490594,275.0,,100.0,588.9453125,,0
1782299189.663312,7550.590595,277.0,,100.0,588.9453125,,0
1782299189.763305,7550.690589,276.0,,100.0,588.9453125,,0
1782299189.863305,7550.790590,276.0,,100.0,588.9453125,,0
1782299189.963303,7550.890586,278.0,,100.0,588.9453125,,0
1782299190.063305,7550.990589,276.0,,100.0,588.9453125,,0
1782299190.163302,7551.090585,277.0,,100.0,588.9453125,,0
1782299190.263303,7551.190586,276.0,,100.0,588.9453125,,0
1782299190.363322,7551.290606,276.0,,100.0,588.9453125,,0
1782299190.463309,7551.390594,278.0,,100.0,588.9453125,,0
1782299190.563302,7551.490586,285.0,,100.0,588.9453125,,0
1782299190.663301,7551.590586,277.0,,100.0,588.9453125,,0
1782299190.763303,7551.690587,276.0,,100.0,588.9453125,,0
1782299190.863302,7551.790585,276.0,,100.0,588.9453125,,0
1782299190.963310,7551.890593,276.0,,100.0,588.9453125,,0
1782299191.063307,7551.990590,275.0,,100.0,588.9453125,,0
1782299191.163315,7552.090598,275.0,,100.0,588.9453125,,0
1782299191.263309,7552.190593,276.0,,100.0,588.9453125,,0
1782299191.363307,7552.290590,277.0,,100.0,588.9453125,,0
1782299191.463312,7552.390596,277.0,,100.0,588.9453125,,0
1782299191.563234,7552.490517,277.0,,100.0,588.9453125,,0
1782299191.663303,7552.590588,279.0,,100.0,588.9453125,,0
1782299191.763305,7552.690588,260.0,,99.0,588.9453125,,0
1782299191.863305,7552.790588,264.0,,100.0,588.9453125,,0
1782299191.963312,7552.890597,266.0,,100.0,588.9453125,,0
1782299192.063304,7552.990587,280.0,,100.0,588.9453125,,0
1782299192.163304,7553.090587,278.0,,100.0,588.9453125,,0
1782299192.263304,7553.190587,281.0,,100.0,588.9453125,,0
1782299192.363309,7553.290594,279.0,,100.0,588.9453125,,0
1782299192.463304,7553.390588,281.0,,100.0,588.9453125,,0
1782299192.563304,7553.490589,281.0,,100.0,588.9453125,,0
1782299192.663302,7553.590586,281.0,,100.0,588.9453125,,0
1782299192.763301,7553.690584,281.0,,100.0,588.9453125,,0
1782299192.863302,7553.790585,280.0,,100.0,588.9453125,,0
1782299192.963300,7553.890585,258.0,,100.0,588.9453125,,0
1782299193.063311,7553.990596,280.0,,100.0,588.9453125,,0
1782299193.163321,7554.090604,281.0,,100.0,588.9453125,,0
1782299193.263303,7554.190586,281.0,,100.0,588.9453125,,0
1782299193.363308,7554.290593,279.0,,100.0,588.9453125,,0
1782299193.463303,7554.390587,280.0,,100.0,588.9453125,,0
1782299193.563307,7554.490592,279.0,,100.0,588.9453125,,0
1782299193.663306,7554.590590,281.0,,100.0,588.9453125,,0
1782299193.763244,7554.690529,291.0,,99.0,588.9453125,,0
1782299193.863303,7554.790586,276.0,,100.0,588.9453125,,0
1782299193.963304,7554.890587,277.0,,100.0,588.9453125,,0
1782299194.063299,7554.990582,274.0,,100.0,588.9453125,,0
1782299194.163303,7555.090587,273.0,,99.0,588.9453125,,0
1782299194.263305,7555.190588,275.0,,99.0,588.9453125,,0
1782299194.363299,7555.290582,278.0,,99.0,588.9453125,,0
1782299194.463310,7555.390594,290.0,,100.0,588.9453125,,0
1782299194.563302,7555.490585,280.0,,100.0,588.9453125,,0
1782299194.663305,7555.590588,263.0,,99.0,588.9453125,,0
1782299194.763307,7555.690591,287.0,,100.0,588.9453125,,0
1782299194.863306,7555.790589,290.0,,100.0,588.9453125,,0
1782299194.963303,7555.890587,275.0,,100.0,588.9453125,,0
1782299195.063299,7555.990582,288.0,,99.0,588.9453125,,0
1782299195.163303,7556.090587,277.0,,99.0,588.9453125,,0
1782299195.263302,7556.190585,277.0,,100.0,588.9453125,,0
1782299195.363305,7556.290589,278.0,,100.0,588.9453125,,0
1782299195.463298,7556.390581,270.0,,100.0,588.9453125,,0
1782299195.563304,7556.490587,281.0,,100.0,588.9453125,,0
1782299195.663298,7556.590581,279.0,,100.0,588.9453125,,0
1782299195.763304,7556.690587,280.0,,100.0,588.9453125,,0
1782299195.863301,7556.790584,280.0,,100.0,588.9453125,,0
1782299195.963299,7556.890584,281.0,,100.0,588.9453125,,0
1782299196.063300,7556.990583,280.0,,100.0,588.9453125,,0
1782299196.163306,7557.090590,279.0,,100.0,588.9453125,,0
1782299196.263304,7557.190589,279.0,,100.0,588.9453125,,0
1782299196.363300,7557.290583,281.0,,100.0,588.9453125,,0
1782299196.463298,7557.390583,281.0,,100.0,588.9453125,,0
1782299196.563311,7557.490594,280.0,,100.0,588.9453125,,0
1782299196.663303,7557.590586,279.0,,100.0,588.9453125,,0
1782299196.763304,7557.690588,281.0,,100.0,588.9453125,,0
1782299196.863311,7557.790595,282.0,,100.0,588.9453125,,0
1782299196.963298,7557.890582,281.0,,100.0,588.9453125,,0
1782299197.063312,7557.990595,279.0,,100.0,588.9453125,,0
1782299197.163300,7558.090584,279.0,,100.0,588.9453125,,0
1782299197.263304,7558.190588,280.0,,100.0,588.9453125,,0
1782299197.363300,7558.290583,280.0,,100.0,588.9453125,,0
1782299197.463298,7558.390581,281.0,,100.0,588.9453125,,0
1782299197.563301,7558.490584,281.0,,100.0,588.9453125,,0
1782299197.663298,7558.590581,279.0,,100.0,588.9453125,,0
1782299197.763299,7558.690584,279.0,,100.0,588.9453125,,0
1782299197.863245,7558.790530,281.0,,100.0,588.9453125,,0
1782299197.963302,7558.890586,281.0,,100.0,588.9453125,,0
1782299198.063310,7558.990596,280.0,,100.0,588.9453125,,0
1782299198.163304,7559.090588,279.0,,100.0,588.9453125,,0
1782299198.263299,7559.190582,281.0,,100.0,588.9453125,,0
1782299198.363296,7559.290579,280.0,,100.0,588.9453125,,0
1782299198.463303,7559.390587,280.0,,100.0,588.9453125,,0
1782299198.563298,7559.490581,281.0,,100.0,588.9453125,,0
1782299198.663302,7559.590586,279.0,,100.0,588.9453125,,0
1782299198.763245,7559.690529,280.0,,100.0,588.9453125,,0
1782299198.863245,7559.790530,280.0,,100.0,588.9453125,,0
1782299198.963303,7559.890587,279.0,,100.0,588.9453125,,0
1782299199.063301,7559.990584,280.0,,100.0,588.9453125,,0
1782299199.163311,7560.090595,280.0,,100.0,588.9453125,,0
1782299199.263299,7560.190583,280.0,,100.0,588.9453125,,0
1782299199.363299,7560.290583,279.0,,100.0,588.9453125,,0
1782299199.463300,7560.390583,280.0,,100.0,588.9453125,,0
1782299199.563237,7560.490522,279.0,,100.0,588.9453125,,0
1782299199.663234,7560.590519,280.0,,100.0,588.9453125,,0
1782299199.763304,7560.690587,279.0,,100.0,588.9453125,,0
1782299199.863300,7560.790583,279.0,,100.0,588.9453125,,0
1782299199.963299,7560.890584,280.0,,100.0,588.9453125,,0
1782299200.063301,7560.990584,279.0,,100.0,588.9453125,,0
1782299200.163306,7561.090589,278.0,,100.0,588.9453125,,0
1782299200.263301,7561.190586,280.0,,100.0,588.9453125,,0
1782299200.363301,7561.290586,280.0,,100.0,588.9453125,,0
1782299200.463301,7561.390584,279.0,,100.0,588.9453125,,0
1782299200.563305,7561.490590,278.0,,100.0,588.9453125,,0
1782299200.663305,7561.590588,279.0,,100.0,588.9453125,,0
1782299200.763301,7561.690585,280.0,,100.0,588.9453125,,0
1782299200.863300,7561.790584,280.0,,100.0,588.9453125,,0
1782299200.963309,7561.890593,278.0,,100.0,588.9453125,,0
1782299201.063298,7561.990581,279.0,,100.0,588.9453125,,0
1782299201.163299,7562.090583,280.0,,100.0,588.9453125,,0
1782299201.263307,7562.190592,280.0,,100.0,588.9453125,,0
1782299201.363301,7562.290584,278.0,,100.0,588.9453125,,0
1782299201.463306,7562.390589,243.0,,85.0,588.9453125,,0
1782299201.563307,7562.490591,26.0,,3.0,588.9453125,,0
1782299201.663309,7562.590593,25.0,,3.0,588.9453125,,0
1782299201.763305,7562.690589,25.0,,2.0,588.9453125,,0
1782299201.863310,7562.790593,26.0,,3.0,588.9453125,,0
1782299201.963306,7562.890590,24.0,,3.0,588.9453125,,0
1782299202.063310,7562.990595,23.0,,3.0,588.9453125,,0
1782299202.163309,7563.090592,24.0,,3.0,588.9453125,,0
1782299202.263307,7563.190590,24.0,,3.0,588.9453125,,0
1782299202.363304,7563.290588,23.0,,3.0,588.9453125,,0
1782299202.463306,7563.390589,25.0,,3.0,588.9453125,,0
1782299202.563305,7563.490588,24.0,,3.0,588.9453125,,0
1782299202.663306,7563.590589,24.0,,3.0,588.9453125,,0
1782299202.763311,7563.690594,26.0,,3.0,588.9453125,,0
1782299202.863303,7563.790586,24.0,,3.0,588.9453125,,0
1782299202.963308,7563.890591,26.0,,3.0,588.9453125,,0
1782299203.063311,7563.990595,24.0,,2.0,588.9453125,,0
1782299203.163306,7564.090589,24.0,,3.0,588.9453125,,0
1782299203.263310,7564.190593,24.0,,3.0,588.9453125,,0
1782299203.363308,7564.290593,23.0,,4.0,588.9453125,,0
1782299203.463306,7564.390591,24.0,,3.0,588.9453125,,0
1782299203.563304,7564.490588,23.0,,3.0,588.9453125,,0
1782299203.663306,7564.590590,23.0,,3.0,588.9453125,,0
1782299203.763306,7564.690589,25.0,,3.0,588.9453125,,0
1782299203.863307,7564.790591,23.0,,2.0,588.9453125,,0
1782299203.963311,7564.890594,25.0,,3.0,588.9453125,,0
1782299204.063312,7564.990595,25.0,,3.0,588.9453125,,0
1782299204.163307,7565.090592,24.0,,3.0,588.9453125,,0
1782299204.263304,7565.190587,23.0,,3.0,588.9453125,,0
1782299204.363308,7565.290591,26.0,,3.0,588.9453125,,0
1782299204.463307,7565.390591,24.0,,3.0,588.9453125,,0
1782299204.563303,7565.490587,23.0,,3.0,588.9453125,,0
1782299204.663306,7565.590589,24.0,,3.0,588.9453125,,0
1782299204.763311,7565.690594,25.0,,3.0,588.9453125,,0
1782299204.863307,7565.790590,23.0,,3.0,588.9453125,,0
1782299204.963310,7565.890593,23.0,,3.0,588.9453125,,0
1782299205.063306,7565.990590,25.0,,3.0,588.9453125,,0
1782299205.163307,7566.090591,23.0,,3.0,588.9453125,,0
1782299205.263309,7566.190593,21.0,,3.0,588.9453125,,0
1782299205.363306,7566.290589,22.0,,3.0,588.9453125,,0
1782299205.463306,7566.390589,20.0,,3.0,588.9453125,,0
1782299205.563308,7566.490592,23.0,,2.0,588.9453125,,0
1782299205.663306,7566.590589,25.0,,3.0,588.9453125,,0
1782299205.763308,7566.690591,23.0,,2.0,588.9453125,,0
1782299205.863308,7566.790591,23.0,,3.0,588.9453125,,0
1782299205.963308,7566.890592,25.0,,2.0,588.9453125,,0
1782299206.063307,7566.990590,24.0,,3.0,588.9453125,,0
1782299206.163307,7567.090592,23.0,,3.0,588.9453125,,0
1782299206.263305,7567.190589,24.0,,3.0,588.9453125,,0
1782299206.363307,7567.290590,23.0,,3.0,588.9453125,,0
1782299206.463307,7567.390591,43.0,,18.0,588.9453125,,0
1782299206.563315,7567.490599,175.0,,100.0,588.9453125,,0
1782299206.663308,7567.590593,209.0,,100.0,588.9453125,,0
1782299206.763234,7567.690518,236.0,,100.0,588.9453125,,0
1782299206.863306,7567.790590,239.0,,100.0,588.9453125,,0
1782299206.963306,7567.890591,241.0,,100.0,588.9453125,,0
1782299207.063305,7567.990588,244.0,,100.0,588.9453125,,0
1782299207.163314,7568.090598,246.0,,100.0,588.9453125,,0
1782299207.263314,7568.190598,252.0,,100.0,588.9453125,,0
1782299207.363310,7568.290595,252.0,,100.0,588.9453125,,0
1782299207.463307,7568.390592,257.0,,100.0,588.9453125,,0
1782299207.563309,7568.490593,258.0,,100.0,588.9453125,,0
1782299207.663307,7568.590590,265.0,,100.0,588.9453125,,0
1782299207.763318,7568.690603,268.0,,100.0,588.9453125,,0
1782299207.863299,7568.790583,270.0,,100.0,588.9453125,,0
1782299207.963303,7568.890586,270.0,,100.0,588.9453125,,0
1782299208.063301,7568.990586,270.0,,100.0,588.9453125,,0
1782299208.163304,7569.090589,270.0,,100.0,588.9453125,,0
1782299208.263308,7569.190592,273.0,,100.0,588.9453125,,0
1782299208.363305,7569.290590,270.0,,100.0,588.9453125,,0
1782299208.463309,7569.390592,270.0,,100.0,588.9453125,,0
1782299208.563317,7569.490600,273.0,,100.0,588.9453125,,0
1782299208.663306,7569.590590,272.0,,100.0,588.9453125,,0
1782299208.763304,7569.690589,271.0,,100.0,588.9453125,,0
1782299208.863307,7569.790591,271.0,,100.0,588.9453125,,0
1782299208.963218,7569.890501,273.0,,100.0,588.9453125,,0
1782299209.063307,7569.990591,271.0,,100.0,588.9453125,,0
1782299209.163308,7570.090593,273.0,,100.0,588.9453125,,0
1782299209.263305,7570.190590,272.0,,100.0,588.9453125,,0
1782299209.363309,7570.290593,272.0,,100.0,588.9453125,,0
1782299209.463308,7570.390592,273.0,,100.0,588.9453125,,0
1782299209.563303,7570.490587,273.0,,100.0,588.9453125,,0
1782299209.663317,7570.590602,272.0,,100.0,588.9453125,,0
1782299209.763633,7570.690916,271.0,,100.0,588.9453125,,0
1782299209.863308,7570.790593,272.0,,100.0,588.9453125,,0
1782299209.963303,7570.890588,269.0,,100.0,588.9453125,,0
1782299210.063308,7570.990591,273.0,,100.0,588.9453125,,0
1782299210.163303,7571.090588,273.0,,100.0,588.9453125,,0
1782299210.263310,7571.190594,273.0,,100.0,588.9453125,,0
1782299210.363306,7571.290591,263.0,,100.0,588.9453125,,0
1782299210.463344,7571.390628,273.0,,100.0,588.9453125,,0
1782299210.563300,7571.490583,280.0,,100.0,588.9453125,,0
1782299210.663299,7571.590584,278.0,,99.0,588.9453125,,0
1782299210.763304,7571.690588,242.0,,99.0,588.9453125,,0
1782299210.863302,7571.790587,280.0,,99.0,588.9453125,,0
1782299210.963325,7571.890610,264.0,,100.0,588.9453125,,0
1782299211.063305,7571.990589,261.0,,100.0,588.9453125,,0
1782299211.163303,7572.090587,250.0,,99.0,588.9453125,,0
1782299211.263305,7572.190589,247.0,,100.0,588.9453125,,0
1782299211.363301,7572.290585,274.0,,100.0,588.9453125,,0
1782299211.463301,7572.390585,278.0,,99.0,588.9453125,,0
1782299211.563306,7572.490591,246.0,,99.0,588.9453125,,0
1782299211.663300,7572.590584,275.0,,100.0,588.9453125,,0
1782299211.763305,7572.690589,278.0,,100.0,588.9453125,,0
1782299211.863311,7572.790594,278.0,,99.0,588.9453125,,0
1782299211.963305,7572.890589,275.0,,100.0,588.9453125,,0
1782299212.063310,7572.990594,268.0,,99.0,588.9453125,,0
1782299212.163302,7573.090587,274.0,,100.0,588.9453125,,0
1782299212.263301,7573.190584,273.0,,100.0,588.9453125,,0
1782299212.363309,7573.290592,272.0,,100.0,588.9453125,,0
1782299212.463307,7573.390590,272.0,,100.0,588.9453125,,0
1782299212.563305,7573.490589,274.0,,100.0,588.9453125,,0
1782299212.663246,7573.590530,274.0,,100.0,588.9453125,,0
1782299212.763312,7573.690595,273.0,,100.0,588.9453125,,0
1782299212.863300,7573.790585,274.0,,100.0,588.9453125,,0
1782299212.963304,7573.890589,276.0,,100.0,588.9453125,,0
1782299213.063301,7573.990585,274.0,,100.0,588.9453125,,0
1782299213.163305,7574.090589,273.0,,100.0,588.9453125,,0
1782299213.263303,7574.190588,273.0,,100.0,588.9453125,,0
1782299213.363300,7574.290584,275.0,,100.0,588.9453125,,0
1782299213.463304,7574.390587,275.0,,100.0,588.9453125,,0
1782299213.563303,7574.490588,274.0,,100.0,588.9453125,,0
1782299213.663301,7574.590585,273.0,,100.0,588.9453125,,0
1782299213.763304,7574.690589,274.0,,100.0,588.9453125,,0
1782299213.863307,7574.790592,274.0,,100.0,588.9453125,,0
1782299213.963299,7574.890582,272.0,,100.0,588.9453125,,0
1782299214.063303,7574.990588,274.0,,100.0,588.9453125,,0
1782299214.163306,7575.090590,276.0,,100.0,588.9453125,,0
1782299214.263299,7575.190583,275.0,,100.0,588.9453125,,0
1782299214.363303,7575.290587,274.0,,100.0,588.9453125,,0
1782299214.463302,7575.390587,273.0,,100.0,588.9453125,,0
1782299214.563307,7575.490592,274.0,,100.0,588.9453125,,0
1782299214.663299,7575.590583,272.0,,100.0,588.9453125,,0
1782299214.763311,7575.690595,272.0,,100.0,588.9453125,,0
1782299214.863308,7575.790592,274.0,,100.0,588.9453125,,0
1782299214.963304,7575.890589,275.0,,100.0,588.9453125,,0
1782299215.063305,7575.990590,275.0,,100.0,588.9453125,,0
1782299215.163297,7576.090582,273.0,,100.0,588.9453125,,0
1782299215.263298,7576.190583,275.0,,100.0,588.9453125,,0
1782299215.363307,7576.290590,275.0,,100.0,588.9453125,,0
1782299215.463300,7576.390584,275.0,,100.0,588.9453125,,0
1782299215.563308,7576.490593,272.0,,100.0,588.9453125,,0
1782299215.663299,7576.590582,273.0,,100.0,588.9453125,,0
1782299215.763298,7576.690582,275.0,,100.0,588.9453125,,0
1782299215.863307,7576.790591,276.0,,100.0,588.9453125,,0
1782299215.963305,7576.890588,275.0,,100.0,588.9453125,,0
1782299216.063309,7576.990594,274.0,,100.0,588.9453125,,0
1782299216.163305,7577.090589,275.0,,100.0,588.9453125,,0
1782299216.263307,7577.190592,274.0,,100.0,588.9453125,,0
1782299216.363306,7577.290590,273.0,,100.0,588.9453125,,0
1782299216.463306,7577.390589,274.0,,100.0,588.9453125,,0
1782299216.563307,7577.490592,274.0,,100.0,588.9453125,,0
1782299216.663306,7577.590589,274.0,,100.0,588.9453125,,0
1782299216.763310,7577.690594,274.0,,100.0,588.9453125,,0
1782299216.863306,7577.790589,275.0,,100.0,588.9453125,,0
1782299216.963305,7577.890589,275.0,,100.0,588.9453125,,0
1782299217.063307,7577.990591,275.0,,100.0,588.9453125,,0
1782299217.163307,7578.090592,273.0,,100.0,588.9453125,,0
1782299217.263303,7578.190587,273.0,,100.0,588.9453125,,0
1782299217.363308,7578.290592,275.0,,100.0,588.9453125,,0
1782299217.463305,7578.390590,274.0,,100.0,588.9453125,,0
1782299217.563304,7578.490588,273.0,,100.0,588.9453125,,0
1782299217.663308,7578.590593,274.0,,100.0,588.9453125,,0
1782299217.763316,7578.690602,276.0,,100.0,588.9453125,,0
1782299217.863323,7578.790608,275.0,,100.0,588.9453125,,0
1782299217.963311,7578.890596,274.0,,100.0,588.9453125,,0
1782299218.063308,7578.990592,274.0,,100.0,588.9453125,,0
1782299218.163304,7579.090588,275.0,,100.0,588.9453125,,0
1782299218.263301,7579.190586,274.0,,100.0,588.9453125,,0
1782299218.363299,7579.290584,273.0,,100.0,588.9453125,,0
1782299218.463306,7579.390590,274.0,,100.0,588.9453125,,0
1782299218.563305,7579.490590,275.0,,100.0,588.9453125,,0
1782299218.663301,7579.590584,275.0,,100.0,588.9453125,,0
1782299218.763315,7579.690599,275.0,,100.0,588.9453125,,0
1782299218.863301,7579.790585,276.0,,100.0,588.9453125,,0
1782299218.963299,7579.890582,275.0,,100.0,588.9453125,,0
1782299219.063304,7579.990589,274.0,,100.0,588.9453125,,0
1782299219.163302,7580.090586,274.0,,100.0,588.9453125,,0
1782299219.263314,7580.190599,274.0,,100.0,588.9453125,,0
1782299219.363307,7580.290592,274.0,,100.0,588.9453125,,0
1782299219.463301,7580.390584,273.0,,100.0,588.9453125,,0
1782299219.563305,7580.490590,274.0,,100.0,588.9453125,,0
1782299219.663299,7580.590584,277.0,,100.0,588.9453125,,0
1782299219.763300,7580.690584,276.0,,100.0,588.9453125,,0
1782299219.863302,7580.790587,274.0,,100.0,588.9453125,,0
1782299219.963302,7580.890585,274.0,,100.0,588.9453125,,0
1782299220.063302,7580.990585,278.0,,100.0,588.9453125,,0
1782299220.163298,7581.090583,273.0,,100.0,588.9453125,,0
1782299220.263315,7581.190599,270.0,,100.0,588.9453125,,0
1782299220.363308,7581.290592,271.0,,100.0,588.9453125,,0
1782299220.463320,7581.390605,272.0,,100.0,588.9453125,,0
1782299220.563305,7581.490588,272.0,,100.0,588.9453125,,0
1782299220.663306,7581.590590,272.0,,100.0,588.9453125,,0
1782299220.763309,7581.690594,271.0,,100.0,588.9453125,,0
1782299220.863311,7581.790595,271.0,,100.0,588.9453125,,0
1782299220.963312,7581.890596,271.0,,100.0,588.9453125,,0
1782299221.063302,7581.990587,271.0,,100.0,588.9453125,,0
1782299221.163305,7582.090588,275.0,,100.0,588.9453125,,0
1782299221.263315,7582.190600,275.0,,100.0,588.9453125,,0
1782299221.363308,7582.290593,275.0,,100.0,588.9453125,,0
1782299221.463303,7582.390587,275.0,,100.0,588.9453125,,0
1782299221.563303,7582.490587,274.0,,100.0,588.9453125,,0
1782299221.663301,7582.590585,275.0,,100.0,588.9453125,,0
1782299221.763299,7582.690583,275.0,,100.0,588.9453125,,0
1782299221.863308,7582.790593,273.0,,100.0,588.9453125,,0
1782299221.963300,7582.890585,273.0,,100.0,588.9453125,,0
1782299222.063312,7582.990596,273.0,,100.0,588.9453125,,0
1782299222.163301,7583.090585,274.0,,100.0,588.9453125,,0
1782299222.263301,7583.190586,273.0,,100.0,588.9453125,,0
1782299222.363301,7583.290585,274.0,,100.0,588.9453125,,0
1782299222.463307,7583.390591,276.0,,100.0,588.9453125,,0
1782299222.563299,7583.490583,275.0,,100.0,588.9453125,,0
1782299222.663304,7583.590590,274.0,,100.0,588.9453125,,0
1782299222.763309,7583.690594,275.0,,100.0,588.9453125,,0
1782299222.863306,7583.790591,275.0,,100.0,588.9453125,,0
1782299222.963301,7583.890586,273.0,,100.0,588.9453125,,0
1782299223.063304,7583.990588,272.0,,100.0,588.9453125,,0
1782299223.163302,7584.090587,274.0,,100.0,588.9453125,,0
1782299223.263309,7584.190594,275.0,,100.0,588.9453125,,0
1782299223.363315,7584.290599,276.0,,100.0,588.9453125,,0
1782299223.463299,7584.390582,275.0,,100.0,588.9453125,,0
1782299223.563311,7584.490595,274.0,,100.0,588.9453125,,0
1782299223.663304,7584.590589,275.0,,100.0,588.9453125,,0
1782299223.763301,7584.690586,275.0,,100.0,588.9453125,,0
1782299223.863308,7584.790592,274.0,,100.0,588.9453125,,0
1782299223.963306,7584.890591,275.0,,100.0,588.9453125,,0
1782299224.063300,7584.990584,274.0,,100.0,588.9453125,,0
1782299224.163312,7585.090595,274.0,,100.0,588.9453125,,0
1782299224.263299,7585.190583,273.0,,100.0,588.9453125,,0
1782299224.363303,7585.290587,274.0,,100.0,588.9453125,,0
1782299224.463309,7585.390594,274.0,,100.0,588.9453125,,0
1782299224.563307,7585.490591,273.0,,100.0,588.9453125,,0
1782299224.663302,7585.590587,253.0,,100.0,588.9453125,,0
1782299224.763305,7585.690589,274.0,,100.0,588.9453125,,0
1782299224.863307,7585.790591,276.0,,100.0,588.9453125,,0
1782299224.963332,7585.890615,276.0,,100.0,588.9453125,,0
1782299225.063308,7585.990592,273.0,,100.0,588.9453125,,0
1782299225.163299,7586.090583,276.0,,99.0,588.9453125,,0
1782299225.263305,7586.190589,264.0,,99.0,588.9453125,,0
1782299225.363306,7586.290590,273.0,,100.0,588.9453125,,0
1782299225.463303,7586.390586,280.0,,100.0,588.9453125,,0
1782299225.563307,7586.490591,275.0,,100.0,588.9453125,,0
1782299225.663303,7586.590587,276.0,,100.0,588.9453125,,0
1782299225.763303,7586.690586,273.0,,100.0,588.9453125,,0
1782299225.863307,7586.790591,262.0,,99.0,588.9453125,,0
1782299225.963308,7586.890592,273.0,,100.0,588.9453125,,0
1782299226.063300,7586.990584,274.0,,100.0,588.9453125,,0
1782299226.163300,7587.090585,273.0,,100.0,588.9453125,,0
1782299226.263300,7587.190584,273.0,,100.0,588.9453125,,0
1782299226.363304,7587.290589,275.0,,100.0,588.9453125,,0
1782299226.463299,7587.390584,275.0,,100.0,588.9453125,,0
1782299226.563300,7587.490583,275.0,,100.0,588.9453125,,0
1782299226.663317,7587.590602,273.0,,100.0,588.9453125,,0
1782299226.763309,7587.690594,275.0,,100.0,588.9453125,,0
1782299226.863313,7587.790597,275.0,,100.0,588.9453125,,0
1782299226.963299,7587.890583,274.0,,100.0,588.9453125,,0
1782299227.063305,7587.990588,272.0,,100.0,588.9453125,,0
1782299227.163314,7588.090598,281.0,,99.0,588.9453125,,0
1782299227.263305,7588.190590,282.0,,100.0,588.9453125,,0
1782299227.363305,7588.290589,268.0,,99.0,588.9453125,,0
1782299227.463305,7588.390590,281.0,,99.0,588.9453125,,0
1782299227.563315,7588.490599,281.0,,100.0,588.9453125,,0
1782299227.663316,7588.590600,274.0,,99.0,588.9453125,,0
1782299227.763299,7588.690585,273.0,,99.0,588.9453125,,0
1782299227.863308,7588.790592,270.0,,99.0,588.9453125,,0
1782299227.963309,7588.890593,283.0,,100.0,588.9453125,,0
1782299228.063313,7588.990597,282.0,,100.0,588.9453125,,0
1782299228.163307,7589.090592,287.0,,100.0,588.9453125,,0
1782299228.263315,7589.190600,275.0,,100.0,588.9453125,,0
1782299228.363307,7589.290592,281.0,,100.0,588.9453125,,0
1782299228.463314,7589.390597,281.0,,99.0,588.9453125,,0
1782299228.563304,7589.490587,282.0,,100.0,588.9453125,,0
1782299228.663300,7589.590584,277.0,,99.0,588.9453125,,0
1782299228.763309,7589.690594,281.0,,99.0,588.9453125,,0
1782299228.863307,7589.790592,273.0,,100.0,588.9453125,,0
1782299228.963310,7589.890595,273.0,,100.0,588.9453125,,0
1782299229.063299,7589.990584,274.0,,100.0,588.9453125,,0
1782299229.163306,7590.090591,274.0,,100.0,588.9453125,,0
1782299229.263304,7590.190587,275.0,,100.0,588.9453125,,0
1782299229.363308,7590.290592,273.0,,100.0,588.9453125,,0
1782299229.463305,7590.390590,274.0,,100.0,588.9453125,,0
1782299229.563301,7590.490584,274.0,,100.0,588.9453125,,0
1782299229.663312,7590.590597,275.0,,100.0,588.9453125,,0
1782299229.763300,7590.690583,273.0,,100.0,588.9453125,,0
1782299229.863311,7590.790595,273.0,,100.0,588.9453125,,0
1782299229.963306,7590.890591,275.0,,100.0,588.9453125,,0
1782299230.063244,7590.990528,274.0,,100.0,588.9453125,,0
1782299230.163304,7591.090588,273.0,,100.0,588.9453125,,0
1782299230.263306,7591.190590,274.0,,100.0,588.9453125,,0
1782299230.363303,7591.290586,274.0,,100.0,588.9453125,,0
1782299230.463303,7591.390588,275.0,,100.0,588.9453125,,0
1782299230.563304,7591.490588,273.0,,100.0,588.9453125,,0
1782299230.663310,7591.590594,274.0,,100.0,588.9453125,,0
1782299230.763304,7591.690588,275.0,,100.0,588.9453125,,0
1782299230.863298,7591.790582,273.0,,100.0,588.9453125,,0
1782299230.963304,7591.890589,273.0,,100.0,588.9453125,,0
1782299231.063301,7591.990585,248.0,,100.0,588.9453125,,0
1782299231.163306,7592.090591,275.0,,100.0,588.9453125,,0
1782299231.263307,7592.190591,245.0,,100.0,588.9453125,,0
1782299231.363305,7592.290589,273.0,,100.0,588.9453125,,0
1782299231.463300,7592.390585,257.0,,100.0,588.9453125,,0
1782299231.563302,7592.490586,244.0,,100.0,588.9453125,,0
1782299231.663298,7592.590583,274.0,,100.0,588.9453125,,0
1782299231.763310,7592.690594,273.0,,100.0,588.9453125,,0
1782299231.863311,7592.790594,274.0,,100.0,588.9453125,,0
1782299231.963306,7592.890591,275.0,,100.0,588.9453125,,0
1782299232.063316,7592.990601,274.0,,100.0,588.9453125,,0
1782299232.163310,7593.090594,273.0,,100.0,588.9453125,,0
1782299232.263635,7593.190919,273.0,,100.0,588.9453125,,0
1782299232.363312,7593.290596,274.0,,100.0,588.9453125,,0
1782299232.463305,7593.390589,274.0,,100.0,588.9453125,,0
1782299232.563313,7593.490598,272.0,,100.0,588.9453125,,0
1782299232.663312,7593.590596,273.0,,100.0,588.9453125,,0
1782299232.763304,7593.690589,273.0,,100.0,588.9453125,,0
1782299232.863308,7593.790593,273.0,,100.0,588.9453125,,0
1782299232.963310,7593.890593,272.0,,100.0,588.9453125,,0
1782299233.063311,7593.990596,274.0,,100.0,588.9453125,,0
1782299233.163299,7594.090584,274.0,,100.0,588.9453125,,0
1782299233.263299,7594.190584,274.0,,100.0,588.9453125,,0
1782299233.363309,7594.290594,274.0,,100.0,588.9453125,,0
1782299233.463302,7594.390586,274.0,,100.0,588.9453125,,0
1782299233.563311,7594.490596,273.0,,100.0,588.9453125,,0
1782299233.663299,7594.590584,273.0,,100.0,588.9453125,,0
1782299233.763301,7594.690587,273.0,,100.0,588.9453125,,0
1782299233.863318,7594.790602,274.0,,100.0,588.9453125,,0
1782299233.963309,7594.890593,274.0,,100.0,588.9453125,,0
1782299234.063303,7594.990587,273.0,,100.0,588.9453125,,0
1782299234.163310,7595.090595,273.0,,100.0,588.9453125,,0
1782299234.263314,7595.190598,274.0,,100.0,588.9453125,,0
1782299234.363303,7595.290588,274.0,,100.0,588.9453125,,0
1782299234.463305,7595.390589,274.0,,100.0,588.9453125,,0
1782299234.563308,7595.490593,273.0,,100.0,588.9453125,,0
1782299234.663310,7595.590593,273.0,,100.0,588.9453125,,0
1782299234.763311,7595.690595,274.0,,100.0,588.9453125,,0
1782299234.863309,7595.790594,273.0,,100.0,588.9453125,,0
1782299234.963303,7595.890588,273.0,,100.0,588.9453125,,0
1782299235.063308,7595.990591,274.0,,100.0,588.9453125,,0
1782299235.163300,7596.090584,274.0,,100.0,588.9453125,,0
1782299235.263309,7596.190594,273.0,,100.0,588.9453125,,0
1782299235.363303,7596.290588,274.0,,100.0,588.9453125,,0
1782299235.463303,7596.390587,274.0,,100.0,588.9453125,,0
1782299235.563308,7596.490593,273.0,,100.0,588.9453125,,0
1782299235.663309,7596.590594,272.0,,100.0,588.9453125,,0
1782299235.763306,7596.690591,272.0,,100.0,588.9453125,,0
1782299235.863309,7596.790594,274.0,,100.0,588.9453125,,0
1782299235.963302,7596.890587,274.0,,100.0,588.9453125,,0
1782299236.063313,7596.990597,274.0,,100.0,588.9453125,,0
1782299236.163305,7597.090589,273.0,,100.0,588.9453125,,0
1782299236.263307,7597.190592,273.0,,100.0,588.9453125,,0
1782299236.363311,7597.290594,274.0,,100.0,588.9453125,,0
1782299236.463309,7597.390594,273.0,,100.0,588.9453125,,0
1782299236.563303,7597.490587,273.0,,100.0,588.9453125,,0
1782299236.663309,7597.590594,274.0,,100.0,588.9453125,,0
1782299236.763302,7597.690587,273.0,,100.0,588.9453125,,0
1782299236.863301,7597.790586,273.0,,100.0,588.9453125,,0
1782299236.963315,7597.890599,273.0,,100.0,588.9453125,,0
1782299237.063306,7597.990591,274.0,,100.0,588.9453125,,0
1782299237.163311,7598.090595,274.0,,100.0,588.9453125,,0
1782299237.263309,7598.190592,273.0,,100.0,588.9453125,,0
1782299237.363308,7598.290593,273.0,,100.0,588.9453125,,0
1782299237.463307,7598.390592,274.0,,100.0,588.9453125,,0
1782299237.563308,7598.490592,274.0,,100.0,588.9453125,,0
1782299237.663309,7598.590594,273.0,,100.0,588.9453125,,0
1782299237.763312,7598.690596,273.0,,100.0,588.9453125,,0
1782299237.863326,7598.790610,274.0,,100.0,588.9453125,,0
1782299237.963301,7598.890585,272.0,,100.0,588.9453125,,0
1782299238.063308,7598.990592,273.0,,100.0,588.9453125,,0
1782299238.163310,7599.090594,273.0,,100.0,588.9453125,,0
1782299238.263246,7599.190531,274.0,,100.0,588.9453125,,0
1782299238.363300,7599.290584,274.0,,100.0,588.9453125,,0
1782299238.463309,7599.390592,273.0,,100.0,588.9453125,,0
1782299238.563300,7599.490584,273.0,,100.0,588.9453125,,0
1782299238.663302,7599.590587,274.0,,100.0,588.9453125,,0
1782299238.763315,7599.690600,274.0,,100.0,588.9453125,,0
1782299238.863307,7599.790592,273.0,,100.0,588.9453125,,0
1782299238.963310,7599.890594,273.0,,100.0,588.9453125,,0
1782299239.063303,7599.990588,274.0,,100.0,588.9453125,,0
1782299239.163307,7600.090592,273.0,,100.0,588.9453125,,0
1782299239.263313,7600.190598,273.0,,100.0,588.9453125,,0
1782299239.363303,7600.290587,273.0,,100.0,588.9453125,,0
1782299239.463301,7600.390585,274.0,,100.0,588.9453125,,0
1782299239.563305,7600.490591,274.0,,100.0,588.9453125,,0
1782299239.663306,7600.590590,272.0,,100.0,588.9453125,,0
1782299239.763305,7600.690590,274.0,,100.0,588.9453125,,0
1782299239.863310,7600.790595,275.0,,100.0,588.9453125,,0
1782299239.963314,7600.890598,274.0,,100.0,588.9453125,,0
1782299240.063310,7600.990595,273.0,,100.0,588.9453125,,0
1782299240.163311,7601.090596,273.0,,100.0,588.9453125,,0
1782299240.263311,7601.190594,274.0,,100.0,588.9453125,,0
1782299240.363312,7601.290596,274.0,,100.0,588.9453125,,0
1782299240.463303,7601.390588,272.0,,100.0,588.9453125,,0
1782299240.563312,7601.490597,273.0,,100.0,588.9453125,,0
1782299240.663307,7601.590592,274.0,,100.0,588.9453125,,0
1782299240.763308,7601.690592,274.0,,100.0,588.9453125,,0
1782299240.863310,7601.790594,273.0,,100.0,588.9453125,,0
1782299240.963302,7601.890586,274.0,,100.0,588.9453125,,0
1782299241.063307,7601.990591,274.0,,100.0,588.9453125,,0
1782299241.163302,7602.090587,273.0,,100.0,588.9453125,,0
1782299241.263311,7602.190596,273.0,,100.0,588.9453125,,0
1782299241.363307,7602.290591,274.0,,100.0,588.9453125,,0
1782299241.463305,7602.390589,245.0,,88.0,588.9453125,,0
1782299241.563308,7602.490592,27.0,,3.0,588.9453125,,0
1782299241.663312,7602.590596,25.0,,3.0,588.9453125,,0
1782299241.763308,7602.690591,24.0,,3.0,588.9453125,,0
1782299241.863311,7602.790595,23.0,,3.0,588.9453125,,0
1782299241.963310,7602.890594,24.0,,3.0,588.9453125,,0
1782299242.063310,7602.990594,24.0,,3.0,588.9453125,,0
1782299242.163307,7603.090592,24.0,,3.0,588.9453125,,0
1782299242.263312,7603.190597,26.0,,3.0,588.9453125,,0
1782299242.363308,7603.290592,24.0,,2.0,588.9453125,,0
1782299242.463310,7603.390593,24.0,,3.0,588.9453125,,0
1782299242.563310,7603.490595,23.0,,2.0,588.9453125,,0
1782299242.663308,7603.590591,23.0,,3.0,588.9453125,,0
1782299242.763312,7603.690597,23.0,,3.0,588.9453125,,0
1782299242.863311,7603.790595,27.0,,4.0,588.9453125,,0
1782299242.963317,7603.890600,23.0,,4.0,588.9453125,,0
1782299243.063312,7603.990596,26.0,,3.0,588.9453125,,0
1782299243.163310,7604.090593,23.0,,3.0,588.9453125,,0
1782299243.263311,7604.190595,24.0,,3.0,588.9453125,,0
1782299243.363309,7604.290592,26.0,,4.0,588.9453125,,0
1782299243.463310,7604.390593,26.0,,3.0,588.9453125,,0
1782299243.563313,7604.490596,25.0,,3.0,588.9453125,,0
1782299243.663308,7604.590591,27.0,,2.0,588.9453125,,0
1782299243.763311,7604.690594,27.0,,3.0,588.9453125,,0
1782299243.863311,7604.790594,27.0,,3.0,588.9453125,,0
1782299243.963311,7604.890594,24.0,,3.0,588.9453125,,0
1782299244.063312,7604.990595,29.0,,3.0,588.9453125,,0
1782299244.163311,7605.090595,24.0,,3.0,588.9453125,,0
1782299244.263311,7605.190594,22.0,,3.0,588.9453125,,0
1782299244.363311,7605.290595,21.0,,3.0,588.9453125,,0
1782299244.463310,7605.390594,21.0,,3.0,588.9453125,,0
1782299244.563313,7605.490596,25.0,,3.0,588.9453125,,0
1782299244.663312,7605.590595,23.0,,3.0,588.9453125,,0
1782299244.763311,7605.690595,23.0,,3.0,588.9453125,,0
1782299244.863310,7605.790593,24.0,,3.0,588.9453125,,0
1782299244.963311,7605.890594,23.0,,3.0,588.9453125,,0
1782299245.063312,7605.990595,23.0,,3.0,588.9453125,,0
1782299245.163309,7606.090592,23.0,,3.0,588.9453125,,0
1782299245.263310,7606.190593,23.0,,3.0,588.9453125,,0
1782299245.363308,7606.290593,23.0,,2.0,588.9453125,,0
1782299245.463311,7606.390595,23.0,,3.0,588.9453125,,0
1782299245.563316,7606.490600,26.0,,3.0,588.9453125,,0
1782299245.663312,7606.590595,25.0,,3.0,588.9453125,,0
1782299245.763310,7606.690593,23.0,,3.0,588.9453125,,0
1782299245.863312,7606.790597,23.0,,3.0,588.9453125,,0
1782299245.963310,7606.890594,24.0,,3.0,588.9453125,,0
1782299246.063310,7606.990595,25.0,,3.0,588.9453125,,0
1782299246.163311,7607.090594,23.0,,3.0,588.9453125,,0
1782299246.263311,7607.190594,25.0,,3.0,588.9453125,,0
1782299246.363312,7607.290596,23.0,,2.0,588.9453125,,0
1782299246.463302,7607.390586,38.0,,15.0,588.9453125,,0
1782299246.563308,7607.490593,176.0,,100.0,588.9453125,,0
1782299246.663314,7607.590598,214.0,,100.0,588.9453125,,0
1782299246.763313,7607.690597,234.0,,100.0,588.9453125,,0
1782299246.863318,7607.790601,234.0,,100.0,588.9453125,,0
1782299246.963310,7607.890595,235.0,,100.0,588.9453125,,0
1782299247.063307,7607.990590,241.0,,100.0,588.9453125,,0
1782299247.163305,7608.090590,243.0,,100.0,588.9453125,,0
1782299247.263305,7608.190588,248.0,,100.0,588.9453125,,0
1782299247.363312,7608.290595,249.0,,100.0,588.9453125,,0
1782299247.463310,7608.390594,252.0,,100.0,588.9453125,,0
1782299247.563312,7608.490597,255.0,,100.0,588.9453125,,0
1782299247.663312,7608.590596,263.0,,100.0,588.9453125,,0
1782299247.763309,7608.690594,266.0,,100.0,588.9453125,,0
1782299247.863311,7608.790596,265.0,,100.0,588.9453125,,0
1782299247.963306,7608.890591,266.0,,100.0,588.9453125,,0
1782299248.063303,7608.990587,266.0,,100.0,588.9453125,,0
1782299248.163306,7609.090591,268.0,,100.0,588.9453125,,0
1782299248.263234,7609.190519,268.0,,100.0,588.9453125,,0
1782299248.363303,7609.290588,266.0,,100.0,588.9453125,,0
1782299248.463308,7609.390591,267.0,,100.0,588.9453125,,0
1782299248.563303,7609.490588,268.0,,100.0,588.9453125,,0
1782299248.663306,7609.590590,269.0,,100.0,588.9453125,,0
1782299248.763247,7609.690531,267.0,,100.0,588.9453125,,0
1782299248.863311,7609.790596,256.0,,100.0,588.9453125,,0
1782299248.963299,7609.890583,268.0,,100.0,588.9453125,,0
1782299249.063303,7609.990588,268.0,,100.0,588.9453125,,0
1782299249.163296,7610.090581,267.0,,100.0,588.9453125,,0
1782299249.263314,7610.190597,269.0,,100.0,588.9453125,,0
1782299249.363304,7610.290587,269.0,,100.0,588.9453125,,0
1782299249.463306,7610.390591,268.0,,100.0,588.9453125,,0
1782299249.563306,7610.490591,268.0,,100.0,588.9453125,,0
1782299249.663306,7610.590590,268.0,,100.0,588.9453125,,0
1782299249.763311,7610.690595,250.0,,99.0,588.9453125,,0
1782299249.863304,7610.790588,268.0,,100.0,588.9453125,,0
1782299249.963308,7610.890592,268.0,,100.0,588.9453125,,0
1782299250.063302,7610.990586,255.0,,100.0,588.9453125,,0
1782299250.163300,7611.090584,248.0,,100.0,588.9453125,,0
1782299250.263313,7611.190597,269.0,,100.0,588.9453125,,0
1782299250.363301,7611.290584,260.0,,100.0,588.9453125,,0
1782299250.463233,7611.390518,271.0,,100.0,588.9453125,,0
1782299250.563301,7611.490586,268.0,,100.0,588.9453125,,0
1782299250.663303,7611.590588,268.0,,100.0,588.9453125,,0
1782299250.763305,7611.690590,268.0,,100.0,588.9453125,,0
1782299250.863310,7611.790594,269.0,,100.0,588.9453125,,0
1782299250.963301,7611.890585,269.0,,100.0,588.9453125,,0
1782299251.063304,7611.990588,249.0,,99.0,588.9453125,,0
1782299251.163304,7612.090589,268.0,,100.0,588.9453125,,0
1782299251.263301,7612.190585,239.0,,100.0,588.9453125,,0
1782299251.363308,7612.290593,244.0,,100.0,588.9453125,,0
1782299251.463310,7612.390594,269.0,,100.0,588.9453125,,0
1782299251.563306,7612.490590,268.0,,100.0,588.9453125,,0
1782299251.663303,7612.590587,269.0,,100.0,588.9453125,,0
1782299251.763306,7612.690590,269.0,,100.0,588.9453125,,0
1782299251.863303,7612.790587,268.0,,100.0,588.9453125,,0
1782299251.963307,7612.890591,269.0,,100.0,588.9453125,,0
1782299252.063300,7612.990585,269.0,,100.0,588.9453125,,0
1782299252.163309,7613.090593,269.0,,100.0,588.9453125,,0
1782299252.263308,7613.190593,268.0,,100.0,588.9453125,,0
1782299252.363309,7613.290594,268.0,,100.0,588.9453125,,0
1782299252.463313,7613.390597,269.0,,100.0,588.9453125,,0
1782299252.563304,7613.490587,269.0,,100.0,588.9453125,,0
1782299252.663306,7613.590592,269.0,,100.0,588.9453125,,0
1782299252.763313,7613.690596,268.0,,100.0,588.9453125,,0
1782299252.863313,7613.790597,269.0,,100.0,588.9453125,,0
1782299252.963308,7613.890593,269.0,,100.0,588.9453125,,0
1782299253.063304,7613.990588,269.0,,100.0,588.9453125,,0
1782299253.163312,7614.090595,268.0,,100.0,588.9453125,,0
1782299253.263304,7614.190589,270.0,,100.0,588.9453125,,0
1782299253.363309,7614.290593,269.0,,100.0,588.9453125,,0
1782299253.463302,7614.390586,267.0,,100.0,588.9453125,,0
1782299253.563309,7614.490594,267.0,,100.0,588.9453125,,0
1782299253.663310,7614.590595,269.0,,100.0,588.9453125,,0
1782299253.763310,7614.690595,269.0,,100.0,588.9453125,,0
1782299253.863303,7614.790587,268.0,,100.0,588.9453125,,0
1782299253.963301,7614.890586,270.0,,100.0,588.9453125,,0
1782299254.063300,7614.990585,270.0,,100.0,588.9453125,,0
1782299254.163300,7615.090584,269.0,,100.0,588.9453125,,0
1782299254.263301,7615.190585,267.0,,100.0,588.9453125,,0
1782299254.363310,7615.290595,268.0,,100.0,588.9453125,,0
1782299254.463309,7615.390594,270.0,,100.0,588.9453125,,0
1782299254.563303,7615.490587,270.0,,100.0,588.9453125,,0
1782299254.663301,7615.590585,269.0,,100.0,588.9453125,,0
1782299254.763631,7615.690914,269.0,,100.0,588.9453125,,0
1782299254.863302,7615.790586,270.0,,100.0,588.9453125,,0
1782299254.963303,7615.890587,270.0,,100.0,588.9453125,,0
1782299255.063304,7615.990589,271.0,,100.0,588.9453125,,0
1782299255.163303,7616.090588,269.0,,100.0,588.9453125,,0
1782299255.263308,7616.190591,270.0,,100.0,588.9453125,,0
1782299255.363314,7616.290598,270.0,,100.0,588.9453125,,0
1782299255.463300,7616.390585,268.0,,100.0,588.9453125,,0
1782299255.563304,7616.490589,270.0,,100.0,588.9453125,,0
1782299255.663313,7616.590597,270.0,,100.0,588.9453125,,0
1782299255.763307,7616.690591,269.0,,100.0,588.9453125,,0
1782299255.863308,7616.790592,269.0,,100.0,588.9453125,,0
1782299255.963299,7616.890583,269.0,,100.0,588.9453125,,0
1782299256.063307,7616.990592,270.0,,100.0,588.9453125,,0
1782299256.163306,7617.090591,270.0,,100.0,588.9453125,,0
1782299256.263308,7617.190593,269.0,,100.0,588.9453125,,0
1782299256.363320,7617.290604,271.0,,100.0,588.9453125,,0
1782299256.463303,7617.390588,270.0,,100.0,588.9453125,,0
1782299256.563308,7617.490592,269.0,,100.0,588.9453125,,0
1782299256.663305,7617.590590,269.0,,100.0,588.9453125,,0
1782299256.763305,7617.690590,270.0,,100.0,588.9453125,,0
1782299256.863307,7617.790590,270.0,,100.0,588.9453125,,0
1782299256.963311,7617.890595,271.0,,100.0,588.9453125,,0
1782299257.063302,7617.990586,271.0,,100.0,588.9453125,,0
1782299257.163306,7618.090589,270.0,,100.0,588.9453125,,0
1782299257.263299,7618.190583,271.0,,100.0,588.9453125,,0
1782299257.363308,7618.290593,270.0,,100.0,588.9453125,,0
1782299257.463310,7618.390595,269.0,,100.0,588.9453125,,0
1782299257.563313,7618.490598,272.0,,100.0,588.9453125,,0
1782299257.663305,7618.590588,272.0,,100.0,588.9453125,,0
1782299257.763306,7618.690589,271.0,,100.0,588.9453125,,0
1782299257.863300,7618.790585,271.0,,100.0,588.9453125,,0
1782299257.963305,7618.890590,271.0,,100.0,588.9453125,,0
1782299258.063300,7618.990585,271.0,,100.0,588.9453125,,0
1782299258.163302,7619.090586,270.0,,100.0,588.9453125,,0
1782299258.263304,7619.190588,269.0,,100.0,588.9453125,,0
1782299258.363305,7619.290589,270.0,,100.0,588.9453125,,0
1782299258.463303,7619.390587,270.0,,100.0,588.9453125,,0
1782299258.563308,7619.490591,269.0,,100.0,588.9453125,,0
1782299258.663302,7619.590586,270.0,,100.0,588.9453125,,0
1782299258.763299,7619.690583,270.0,,100.0,588.9453125,,0
1782299258.863306,7619.790590,271.0,,100.0,588.9453125,,0
1782299258.963307,7619.890592,271.0,,100.0,588.9453125,,0
1782299259.063308,7619.990593,269.0,,100.0,588.9453125,,0
1782299259.163308,7620.090593,269.0,,100.0,588.9453125,,0
1782299259.263306,7620.190590,271.0,,100.0,588.9453125,,0
1782299259.363305,7620.290589,270.0,,100.0,588.9453125,,0
1782299259.463305,7620.390589,270.0,,100.0,588.9453125,,0
1782299259.563304,7620.490589,272.0,,100.0,588.9453125,,0
1782299259.663306,7620.590591,273.0,,100.0,588.9453125,,0
1782299259.763305,7620.690588,271.0,,100.0,588.9453125,,0
1782299259.863307,7620.790592,270.0,,100.0,588.9453125,,0
1782299259.963301,7620.890586,270.0,,100.0,588.9453125,,0
1782299260.063304,7620.990588,271.0,,100.0,588.9453125,,0
1782299260.163309,7621.090593,271.0,,100.0,588.9453125,,0
1782299260.263309,7621.190594,271.0,,100.0,588.9453125,,0
1782299260.363301,7621.290585,272.0,,100.0,588.9453125,,0
1782299260.463306,7621.390591,270.0,,100.0,588.9453125,,0
1782299260.563310,7621.490594,269.0,,100.0,588.9453125,,0
1782299260.663246,7621.590530,275.0,,100.0,588.9453125,,0
1782299260.763311,7621.690594,270.0,,100.0,588.9453125,,0
1782299260.863308,7621.790593,281.0,,99.0,588.9453125,,0
1782299260.963301,7621.890585,268.0,,100.0,588.9453125,,0
1782299261.063305,7621.990589,251.0,,100.0,588.9453125,,0
1782299261.163309,7622.090593,278.0,,99.0,588.9453125,,0
1782299261.263300,7622.190584,279.0,,100.0,588.9453125,,0
1782299261.363310,7622.290595,259.0,,100.0,588.9453125,,0
1782299261.463306,7622.390591,279.0,,99.0,588.9453125,,0
1782299261.563308,7622.490591,279.0,,99.0,588.9453125,,0
1782299261.663303,7622.590587,263.0,,100.0,588.9453125,,0
1782299261.763305,7622.690590,263.0,,100.0,588.9453125,,0
1782299261.863306,7622.790589,278.0,,100.0,588.9453125,,0
1782299261.963315,7622.890600,277.0,,100.0,588.9453125,,0
1782299262.063309,7622.990593,267.0,,100.0,588.9453125,,0
1782299262.163307,7623.090590,280.0,,99.0,588.9453125,,0
1782299262.263311,7623.190596,258.0,,100.0,588.9453125,,0
1782299262.363306,7623.290591,223.0,,99.0,588.9453125,,0
1782299262.463307,7623.390591,237.0,,100.0,588.9453125,,0
1782299262.563307,7623.490591,270.0,,100.0,588.9453125,,0
1782299262.663308,7623.590591,269.0,,100.0,588.9453125,,0
1782299262.763305,7623.690590,270.0,,100.0,588.9453125,,0
1782299262.863306,7623.790589,238.0,,99.0,588.9453125,,0
1782299262.963314,7623.890597,268.0,,100.0,588.9453125,,0
1782299263.063310,7623.990595,270.0,,100.0,588.9453125,,0
1782299263.163309,7624.090593,271.0,,100.0,588.9453125,,0
1782299263.263312,7624.190597,271.0,,100.0,588.9453125,,0
1782299263.363307,7624.290592,270.0,,100.0,588.9453125,,0
1782299263.463305,7624.390590,273.0,,100.0,588.9453125,,0
1782299263.563310,7624.490595,272.0,,100.0,588.9453125,,0
1782299263.663307,7624.590591,243.0,,99.0,588.9453125,,0
1782299263.763316,7624.690600,269.0,,100.0,588.9453125,,0
1782299263.863245,7624.790530,270.0,,100.0,588.9453125,,0
1782299263.963321,7624.890605,271.0,,100.0,588.9453125,,0
1782299264.063305,7624.990588,270.0,,100.0,588.9453125,,0
1782299264.163298,7625.090584,270.0,,100.0,588.9453125,,0
1782299264.263306,7625.190591,269.0,,100.0,588.9453125,,0
1782299264.363306,7625.290590,270.0,,100.0,588.9453125,,0
1782299264.463305,7625.390589,272.0,,100.0,588.9453125,,0
1782299264.563307,7625.490591,269.0,,100.0,588.9453125,,0
1782299264.663310,7625.590594,271.0,,100.0,588.9453125,,0
1782299264.763306,7625.690591,270.0,,100.0,588.9453125,,0
1782299264.863308,7625.790591,269.0,,100.0,588.9453125,,0
1782299264.963305,7625.890590,271.0,,100.0,588.9453125,,0
1782299265.063309,7625.990594,269.0,,100.0,588.9453125,,0
1782299265.163313,7626.090597,270.0,,100.0,588.9453125,,0
1782299265.263306,7626.190590,270.0,,100.0,588.9453125,,0
1782299265.363306,7626.290590,269.0,,100.0,588.9453125,,0
1782299265.463300,7626.390583,269.0,,100.0,588.9453125,,0
1782299265.563305,7626.490590,270.0,,100.0,588.9453125,,0
1782299265.663303,7626.590588,270.0,,100.0,588.9453125,,0
1782299265.763299,7626.690584,269.0,,100.0,588.9453125,,0
1782299265.863312,7626.790596,271.0,,100.0,588.9453125,,0
1782299265.963308,7626.890593,270.0,,100.0,588.9453125,,0
1782299266.063309,7626.990593,271.0,,100.0,588.9453125,,0
1782299266.163308,7627.090593,269.0,,100.0,588.9453125,,0
1782299266.263299,7627.190583,269.0,,100.0,588.9453125,,0
1782299266.363303,7627.290588,269.0,,100.0,588.9453125,,0
1782299266.463305,7627.390588,268.0,,100.0,588.9453125,,0
1782299266.563306,7627.490590,268.0,,100.0,588.9453125,,0
1782299266.663308,7627.590591,271.0,,100.0,588.9453125,,0
1782299266.763326,7627.690610,270.0,,100.0,588.9453125,,0
1782299266.863298,7627.790582,271.0,,100.0,588.9453125,,0
1782299266.963305,7627.890588,269.0,,100.0,588.9453125,,0
1782299267.063309,7627.990594,270.0,,100.0,588.9453125,,0
1782299267.163307,7628.090592,270.0,,100.0,588.9453125,,0
1782299267.263308,7628.190591,270.0,,100.0,588.9453125,,0
1782299267.363305,7628.290588,269.0,,100.0,588.9453125,,0
1782299267.463302,7628.390585,268.0,,100.0,588.9453125,,0
1782299267.563302,7628.490587,270.0,,100.0,588.9453125,,0
1782299267.663306,7628.590590,269.0,,100.0,588.9453125,,0
1782299267.763304,7628.690589,269.0,,100.0,588.9453125,,0
1782299267.863300,7628.790584,270.0,,100.0,588.9453125,,0
1782299267.963304,7628.890589,270.0,,100.0,588.9453125,,0
1782299268.063306,7628.990590,269.0,,100.0,588.9453125,,0
1782299268.163300,7629.090585,270.0,,100.0,588.9453125,,0
1782299268.263299,7629.190583,270.0,,100.0,588.9453125,,0
1782299268.363302,7629.290586,268.0,,100.0,588.9453125,,0
1782299268.463306,7629.390591,268.0,,100.0,588.9453125,,0
1782299268.563303,7629.490587,270.0,,100.0,588.9453125,,0
1782299268.663304,7629.590588,269.0,,100.0,588.9453125,,0
1782299268.763309,7629.690594,270.0,,100.0,588.9453125,,0
1782299268.863305,7629.790589,269.0,,100.0,588.9453125,,0
1782299268.963309,7629.890593,269.0,,100.0,588.9453125,,0
1782299269.063302,7629.990586,271.0,,100.0,588.9453125,,0
1782299269.163245,7630.090529,270.0,,100.0,588.9453125,,0
1782299269.263308,7630.190593,269.0,,100.0,588.9453125,,0
1782299269.363238,7630.290522,253.0,,99.0,588.9453125,,0
1782299269.463303,7630.390587,252.0,,99.0,588.9453125,,0
1782299269.563305,7630.490590,270.0,,99.0,588.9453125,,0
1782299269.663310,7630.590594,268.0,,100.0,588.9453125,,0
1782299269.763305,7630.690590,270.0,,100.0,588.9453125,,0
1782299269.863305,7630.790590,270.0,,100.0,588.9453125,,0
1782299269.963309,7630.890593,270.0,,100.0,588.9453125,,0
1782299270.063308,7630.990592,269.0,,100.0,588.9453125,,0
1782299270.163299,7631.090583,263.0,,100.0,588.9453125,,0
1782299270.263306,7631.190590,253.0,,99.0,588.9453125,,0
1782299270.363303,7631.290588,254.0,,100.0,588.9453125,,0
1782299270.463304,7631.390588,270.0,,100.0,588.9453125,,0
1782299270.563305,7631.490590,268.0,,100.0,588.9453125,,0
1782299270.663309,7631.590592,270.0,,100.0,588.9453125,,0
1782299270.763301,7631.690585,270.0,,100.0,588.9453125,,0
1782299270.863307,7631.790592,270.0,,100.0,588.9453125,,0
1782299270.963308,7631.890593,270.0,,100.0,588.9453125,,0
1782299271.063244,7631.990528,254.0,,100.0,588.9453125,,0
1782299271.163307,7632.090591,246.0,,99.0,588.9453125,,0
1782299271.263305,7632.190588,270.0,,100.0,588.9453125,,0
1782299271.363307,7632.290592,269.0,,100.0,588.9453125,,0
1782299271.463312,7632.390596,270.0,,100.0,588.9453125,,0
1782299271.563307,7632.490590,271.0,,100.0,588.9453125,,0
1782299271.663306,7632.590589,270.0,,100.0,588.9453125,,0
1782299271.763306,7632.690591,268.0,,100.0,588.9453125,,0
1782299271.863310,7632.790595,270.0,,100.0,588.9453125,,0
1782299271.963306,7632.890590,269.0,,100.0,588.9453125,,0
1782299272.063299,7632.990583,269.0,,100.0,588.9453125,,0
1782299272.163304,7633.090587,270.0,,100.0,588.9453125,,0
1782299272.263300,7633.190583,270.0,,100.0,588.9453125,,0
1782299272.363302,7633.290586,270.0,,100.0,588.9453125,,0
1782299272.463305,7633.390589,270.0,,100.0,588.9453125,,0
1782299272.563304,7633.490589,270.0,,100.0,588.9453125,,0
1782299272.663306,7633.590590,270.0,,100.0,588.9453125,,0
1782299272.763308,7633.690592,269.0,,100.0,588.9453125,,0
1782299272.863307,7633.790591,269.0,,100.0,588.9453125,,0
1782299272.963299,7633.890583,270.0,,100.0,588.9453125,,0
1782299273.063306,7633.990591,270.0,,100.0,588.9453125,,0
1782299273.163302,7634.090587,269.0,,100.0,588.9453125,,0
1782299273.263311,7634.190594,269.0,,100.0,588.9453125,,0
1782299273.363303,7634.290588,269.0,,100.0,588.9453125,,0
1782299273.463310,7634.390595,271.0,,100.0,588.9453125,,0
1782299273.563303,7634.490587,271.0,,100.0,588.9453125,,0
1782299273.663307,7634.590592,269.0,,100.0,588.9453125,,0
1782299273.763314,7634.690598,268.0,,100.0,588.9453125,,0
1782299273.863299,7634.790584,270.0,,100.0,588.9453125,,0
1782299273.963298,7634.890583,269.0,,100.0,588.9453125,,0
1782299274.063307,7634.990590,270.0,,100.0,588.9453125,,0
1782299274.163303,7635.090587,270.0,,100.0,588.9453125,,0
1782299274.263319,7635.190603,270.0,,100.0,588.9453125,,0
1782299274.363305,7635.290588,269.0,,100.0,588.9453125,,0
1782299274.463308,7635.390592,269.0,,100.0,588.9453125,,0
1782299274.563304,7635.490588,271.0,,100.0,588.9453125,,0
1782299274.663306,7635.590591,270.0,,100.0,588.9453125,,0
1782299274.763305,7635.690589,269.0,,100.0,588.9453125,,0
1782299274.863312,7635.790597,269.0,,100.0,588.9453125,,0
1782299274.963305,7635.890590,269.0,,100.0,588.9453125,,0
1782299275.063302,7635.990587,269.0,,100.0,588.9453125,,0
1782299275.163298,7636.090582,268.0,,100.0,588.9453125,,0
1782299275.263307,7636.190590,270.0,,100.0,588.9453125,,0
1782299275.363304,7636.290588,271.0,,100.0,588.9453125,,0
1782299275.463309,7636.390592,271.0,,100.0,588.9453125,,0
1782299275.563307,7636.490592,269.0,,100.0,588.9453125,,0
1782299275.663310,7636.590593,269.0,,100.0,588.9453125,,0
1782299275.763306,7636.690591,270.0,,100.0,588.9453125,,0
1782299275.863304,7636.790588,269.0,,100.0,588.9453125,,0
1782299275.963310,7636.890595,269.0,,100.0,588.9453125,,0
1782299276.063305,7636.990590,269.0,,100.0,588.9453125,,0
1782299276.163303,7637.090587,271.0,,100.0,588.9453125,,0
1782299276.263308,7637.190593,272.0,,100.0,588.9453125,,0
1782299276.363299,7637.290584,270.0,,100.0,588.9453125,,0
1782299276.463309,7637.390594,269.0,,100.0,588.9453125,,0
1782299276.563307,7637.490592,269.0,,100.0,588.9453125,,0
1782299276.663307,7637.590593,269.0,,100.0,588.9453125,,0
1782299276.763304,7637.690589,268.0,,100.0,588.9453125,,0
1782299276.863303,7637.790586,268.0,,100.0,588.9453125,,0
1782299276.963305,7637.890590,269.0,,100.0,588.9453125,,0
1782299277.063315,7637.990599,270.0,,100.0,588.9453125,,0
1782299277.163300,7638.090585,270.0,,100.0,588.9453125,,0
1782299277.263246,7638.190530,270.0,,100.0,588.9453125,,0
1782299277.363636,7638.290919,270.0,,100.0,588.9453125,,0
1782299277.463306,7638.390591,270.0,,100.0,588.9453125,,0
1782299277.563243,7638.490527,268.0,,100.0,588.9453125,,0
1782299277.663310,7638.590593,267.0,,100.0,588.9453125,,0
1782299277.763306,7638.690591,280.0,,100.0,588.9453125,,0
1782299277.863307,7638.790590,283.0,,99.0,588.9453125,,0
1782299277.963309,7638.890593,279.0,,100.0,588.9453125,,0
1782299278.063310,7638.990593,275.0,,100.0,588.9453125,,0
1782299278.163307,7639.090592,281.0,,100.0,588.9453125,,0
1782299278.263299,7639.190584,279.0,,99.0,588.9453125,,0
1782299278.363312,7639.290596,268.0,,99.0,588.9453125,,0
1782299278.463307,7639.390591,260.0,,100.0,588.9453125,,0
1782299278.563307,7639.490591,254.0,,100.0,588.9453125,,0
1782299278.663310,7639.590595,271.0,,99.0,588.9453125,,0
1782299278.763302,7639.690586,271.0,,100.0,588.9453125,,0
1782299278.863309,7639.790594,270.0,,99.0,588.9453125,,0
1782299278.963306,7639.890591,260.0,,100.0,588.9453125,,0
1782299279.063306,7639.990590,271.0,,100.0,588.9453125,,0
1782299279.163307,7640.090592,269.0,,100.0,588.9453125,,0
1782299279.263303,7640.190587,270.0,,100.0,588.9453125,,0
1782299279.363307,7640.290590,271.0,,100.0,588.9453125,,0
1782299279.463309,7640.390594,270.0,,100.0,588.9453125,,0
1782299279.563311,7640.490594,269.0,,100.0,588.9453125,,0
1782299279.663303,7640.590588,269.0,,100.0,588.9453125,,0
1782299279.763305,7640.690588,270.0,,100.0,588.9453125,,0
1782299279.863306,7640.790590,271.0,,100.0,588.9453125,,0
1782299279.963306,7640.890590,269.0,,100.0,588.9453125,,0
1782299280.063305,7640.990588,275.0,,100.0,588.9453125,,0
1782299280.163300,7641.090584,271.0,,100.0,588.9453125,,0
1782299280.263299,7641.190584,266.0,,100.0,588.9453125,,0
1782299280.363305,7641.290588,266.0,,100.0,588.9453125,,0
1782299280.463310,7641.390595,266.0,,100.0,588.9453125,,0
1782299280.563304,7641.490589,267.0,,100.0,588.9453125,,0
1782299280.663307,7641.590592,267.0,,100.0,588.9453125,,0
1782299280.763304,7641.690589,268.0,,100.0,588.9453125,,0
1782299280.863303,7641.790587,267.0,,100.0,588.9453125,,0
1782299280.963308,7641.890592,267.0,,100.0,588.9453125,,0
1782299281.063299,7641.990584,268.0,,100.0,588.9453125,,0
1782299281.163309,7642.090592,269.0,,100.0,588.9453125,,0
1782299281.263302,7642.190587,271.0,,100.0,588.9453125,,0
1782299281.363304,7642.290589,271.0,,100.0,588.9453125,,0
1782299281.463306,7642.390590,39.0,,2.0,588.9453125,,0
1782299281.563306,7642.490589,26.0,,1.0,588.9453125,,0
1782299281.663310,7642.590593,24.0,,3.0,588.9453125,,0
1782299281.763312,7642.690595,22.0,,3.0,588.9453125,,0
1782299281.863308,7642.790592,24.0,,3.0,588.9453125,,0
1782299281.963310,7642.890594,25.0,,3.0,588.9453125,,0
1782299282.063305,7642.990589,23.0,,3.0,588.9453125,,0
1782299282.163307,7643.090591,23.0,,2.0,588.9453125,,0
1782299282.263307,7643.190590,22.0,,3.0,588.9453125,,0
1782299282.363307,7643.290591,22.0,,3.0,588.9453125,,0
1782299282.463305,7643.390588,23.0,,3.0,588.9453125,,0
1782299282.563306,7643.490591,24.0,,3.0,588.9453125,,0
1782299282.663306,7643.590589,23.0,,3.0,588.9453125,,0
1782299282.763308,7643.690591,25.0,,5.0,588.9453125,,0
1782299282.863310,7643.790593,24.0,,3.0,588.9453125,,0
1782299282.963305,7643.890588,25.0,,3.0,588.9453125,,0
1782299283.063305,7643.990588,23.0,,3.0,588.9453125,,0
1782299283.163317,7644.090600,23.0,,2.0,588.9453125,,0
1782299283.263308,7644.190591,26.0,,3.0,588.9453125,,0
1782299283.363313,7644.290597,23.0,,3.0,588.9453125,,0
1782299283.463305,7644.390589,22.0,,3.0,588.9453125,,0
1782299283.563309,7644.490592,21.0,,3.0,588.9453125,,0
1782299283.663312,7644.590597,22.0,,3.0,588.9453125,,0
1782299283.763307,7644.690590,22.0,,3.0,588.9453125,,0
1782299283.863307,7644.790590,23.0,,3.0,588.9453125,,0
1782299283.963308,7644.890591,23.0,,3.0,588.9453125,,0
1782299284.063307,7644.990590,23.0,,3.0,588.9453125,,0
1782299284.163312,7645.090597,23.0,,3.0,588.9453125,,0
1782299284.263314,7645.190598,23.0,,2.0,588.9453125,,0
1782299284.363311,7645.290594,22.0,,3.0,588.9453125,,0
1782299284.463308,7645.390591,24.0,,3.0,588.9453125,,0
1782299284.563218,7645.490501,22.0,,3.0,588.9453125,,0
1782299284.663309,7645.590593,21.0,,3.0,588.9453125,,0
1782299284.763305,7645.690590,21.0,,3.0,588.9453125,,0
1782299284.863304,7645.790587,21.0,,3.0,588.9453125,,0
1782299284.963305,7645.890588,22.0,,3.0,588.9453125,,0
1782299285.063234,7645.990519,23.0,,3.0,588.9453125,,0
1782299285.163303,7646.090587,22.0,,3.0,588.9453125,,0
1782299285.263304,7646.190587,22.0,,3.0,588.9453125,,0
1782299285.363307,7646.290590,23.0,,3.0,588.9453125,,0
1782299285.463308,7646.390591,25.0,,3.0,588.9453125,,0
1782299285.563246,7646.490531,22.0,,3.0,588.9453125,,0
1782299285.663305,7646.590588,23.0,,3.0,588.9453125,,0
1782299285.763307,7646.690590,22.0,,3.0,588.9453125,,0
1782299285.863308,7646.790592,22.0,,3.0,588.9453125,,0
1782299285.963246,7646.890530,22.0,,3.0,588.9453125,,0
1782299286.063246,7646.990531,22.0,,3.0,588.9453125,,0
1782299286.163306,7647.090589,22.0,,3.0,588.9453125,,0
1782299286.263311,7647.190595,24.0,,4.0,588.9453125,,0
1782299286.363220,7647.290503,22.0,,3.0,588.9453125,,0
1782299286.463313,7647.390598,34.0,,13.0,588.9453125,,0
1782299286.563306,7647.490591,175.0,,100.0,588.9453125,,0
1782299286.663305,7647.590588,216.0,,100.0,588.9453125,,0
1782299286.763307,7647.690592,236.0,,100.0,588.9453125,,0
1782299286.863241,7647.790525,234.0,,100.0,588.9453125,,0
1782299286.963308,7647.890592,236.0,,100.0,588.9453125,,0
1782299287.063302,7647.990587,238.0,,100.0,588.9453125,,0
1782299287.163308,7648.090593,243.0,,100.0,588.9453125,,0
1782299287.263312,7648.190596,246.0,,100.0,588.9453125,,0
1782299287.363316,7648.290599,249.0,,100.0,588.9453125,,0
1782299287.463320,7648.390603,252.0,,100.0,588.9453125,,0
1782299287.563303,7648.490588,255.0,,100.0,588.9453125,,0
1782299287.663302,7648.590587,261.0,,100.0,588.9453125,,0
1782299287.763306,7648.690590,265.0,,100.0,588.9453125,,0
1782299287.863304,7648.790587,264.0,,100.0,588.9453125,,0
1782299287.963307,7648.890592,266.0,,100.0,588.9453125,,0
1782299288.063312,7648.990596,266.0,,100.0,588.9453125,,0
1782299288.163303,7649.090588,265.0,,100.0,588.9453125,,0
1782299288.263311,7649.190596,265.0,,100.0,588.9453125,,0
1782299288.363308,7649.290592,266.0,,100.0,588.9453125,,0
1782299288.463306,7649.390590,267.0,,100.0,588.9453125,,0
1782299288.563304,7649.490588,267.0,,100.0,588.9453125,,0
1782299288.663314,7649.590597,265.0,,100.0,588.9453125,,0
1782299288.763311,7649.690596,267.0,,100.0,588.9453125,,0
1782299288.863313,7649.790597,268.0,,100.0,588.9453125,,0
1782299288.963305,7649.890589,267.0,,100.0,588.9453125,,0
1782299289.063303,7649.990589,266.0,,100.0,588.9453125,,0
1782299289.163303,7650.090586,266.0,,100.0,588.9453125,,0
1782299289.263305,7650.190590,267.0,,100.0,588.9453125,,0
1782299289.363307,7650.290591,255.0,,100.0,588.9453125,,0
1782299289.463304,7650.390589,248.0,,100.0,588.9453125,,0
1782299289.563316,7650.490600,267.0,,100.0,588.9453125,,0
1782299289.663300,7650.590585,251.0,,99.0,588.9453125,,0
1782299289.763306,7650.690591,266.0,,100.0,588.9453125,,0
1782299289.863305,7650.790589,268.0,,100.0,588.9453125,,0
1782299289.963301,7650.890585,268.0,,100.0,588.9453125,,0
1782299290.063309,7650.990592,267.0,,100.0,588.9453125,,0
1782299290.163312,7651.090597,268.0,,100.0,588.9453125,,0
1782299290.263307,7651.190591,266.0,,100.0,588.9453125,,0
1782299290.363304,7651.290588,260.0,,100.0,588.9453125,,0
1782299290.463308,7651.390593,250.0,,100.0,588.9453125,,0
1782299290.563304,7651.490588,253.0,,99.0,588.9453125,,0
1782299290.663308,7651.590592,267.0,,100.0,588.9453125,,0
1782299290.763301,7651.690585,268.0,,100.0,588.9453125,,0
1782299290.863306,7651.790590,268.0,,100.0,588.9453125,,0
1782299290.963300,7651.890584,266.0,,100.0,588.9453125,,0
1782299291.063305,7651.990588,266.0,,100.0,588.9453125,,0
1782299291.163307,7652.090592,268.0,,100.0,588.9453125,,0
1782299291.263307,7652.190591,267.0,,100.0,588.9453125,,0
1782299291.363306,7652.290589,267.0,,100.0,588.9453125,,0
1782299291.463307,7652.390592,267.0,,100.0,588.9453125,,0
1782299291.563312,7652.490596,267.0,,100.0,588.9453125,,0
1782299291.663302,7652.590587,267.0,,100.0,588.9453125,,0
1782299291.763304,7652.690588,265.0,,100.0,588.9453125,,0
1782299291.863312,7652.790595,266.0,,100.0,588.9453125,,0
1782299291.963301,7652.890586,268.0,,100.0,588.9453125,,0
1782299292.063308,7652.990592,268.0,,100.0,588.9453125,,0
1782299292.163313,7653.090598,268.0,,100.0,588.9453125,,0
1782299292.263304,7653.190589,266.0,,100.0,588.9453125,,0
1782299292.363300,7653.290584,267.0,,100.0,588.9453125,,0
1782299292.463309,7653.390593,267.0,,100.0,588.9453125,,0
1782299292.563299,7653.490584,268.0,,100.0,588.9453125,,0
1782299292.663303,7653.590586,265.0,,100.0,588.9453125,,0
1782299292.763316,7653.690601,268.0,,100.0,588.9453125,,0
1782299292.863306,7653.790591,267.0,,100.0,588.9453125,,0
1782299292.963300,7653.890584,267.0,,100.0,588.9453125,,0
1782299293.063312,7653.990597,268.0,,100.0,588.9453125,,0
1782299293.163300,7654.090585,269.0,,100.0,588.9453125,,0
1782299293.263300,7654.190585,268.0,,100.0,588.9453125,,0
1782299293.363307,7654.290592,266.0,,100.0,588.9453125,,0
1782299293.463307,7654.390591,266.0,,100.0,588.9453125,,0
1782299293.563308,7654.490593,268.0,,100.0,588.9453125,,0
1782299293.663300,7654.590585,269.0,,100.0,588.9453125,,0
1782299293.763305,7654.690590,268.0,,100.0,588.9453125,,0
1782299293.863306,7654.790589,267.0,,100.0,588.9453125,,0
1782299293.963308,7654.890592,269.0,,100.0,588.9453125,,0
1782299294.063305,7654.990590,268.0,,100.0,588.9453125,,0
1782299294.163302,7655.090587,267.0,,100.0,588.9453125,,0
1782299294.263309,7655.190593,267.0,,100.0,588.9453125,,0
1782299294.363312,7655.290596,268.0,,100.0,588.9453125,,0
1782299294.463307,7655.390592,269.0,,100.0,588.9453125,,0
1782299294.563316,7655.490600,268.0,,100.0,588.9453125,,0
1782299294.663312,7655.590596,267.0,,100.0,588.9453125,,0
1782299294.763324,7655.690607,269.0,,100.0,588.9453125,,0
1782299294.863304,7655.790588,266.0,,99.0,588.9453125,,0
1782299294.963305,7655.890588,266.0,,100.0,588.9453125,,0
1782299295.063307,7655.990591,276.0,,99.0,588.9453125,,0
1782299295.163303,7656.090586,276.0,,100.0,588.9453125,,0
1782299295.263299,7656.190582,268.0,,100.0,588.9453125,,0
1782299295.363308,7656.290594,267.0,,100.0,588.9453125,,0
1782299295.463303,7656.390586,265.0,,100.0,588.9453125,,0
1782299295.563301,7656.490585,267.0,,99.0,588.9453125,,0
1782299295.663317,7656.590602,267.0,,100.0,588.9453125,,0
1782299295.763304,7656.690589,266.0,,100.0,588.9453125,,0
1782299295.863304,7656.790588,278.0,,99.0,588.9453125,,0
1782299295.963300,7656.890583,269.0,,99.0,588.9453125,,0
1782299296.063305,7656.990590,269.0,,100.0,588.9453125,,0
1782299296.163311,7657.090595,269.0,,100.0,588.9453125,,0
1782299296.263303,7657.190588,269.0,,100.0,588.9453125,,0
1782299296.363302,7657.290587,270.0,,100.0,588.9453125,,0
1782299296.463309,7657.390592,268.0,,100.0,588.9453125,,0
1782299296.563308,7657.490593,268.0,,100.0,588.9453125,,0
1782299296.663310,7657.590595,270.0,,99.0,588.9453125,,0
1782299296.763302,7657.690586,268.0,,100.0,588.9453125,,0
1782299296.863299,7657.790583,268.0,,99.0,588.9453125,,0
1782299296.963312,7657.890597,268.0,,99.0,588.9453125,,0
1782299297.063310,7657.990594,270.0,,100.0,588.9453125,,0
1782299297.163311,7658.090596,269.0,,100.0,588.9453125,,0
1782299297.263313,7658.190598,268.0,,100.0,588.9453125,,0
1782299297.363312,7658.290595,268.0,,100.0,588.9453125,,0
1782299297.463314,7658.390598,270.0,,100.0,588.9453125,,0
1782299297.563303,7658.490588,270.0,,100.0,588.9453125,,0
1782299297.663306,7658.590589,270.0,,100.0,588.9453125,,0
1782299297.763304,7658.690588,269.0,,100.0,588.9453125,,0
1782299297.863311,7658.790594,270.0,,100.0,588.9453125,,0
1782299297.963306,7658.890591,270.0,,100.0,588.9453125,,0
1782299298.063303,7658.990588,269.0,,100.0,588.9453125,,0
1782299298.163306,7659.090591,269.0,,100.0,588.9453125,,0
1782299298.263301,7659.190586,270.0,,100.0,588.9453125,,0
1782299298.363304,7659.290589,269.0,,100.0,588.9453125,,0
1782299298.463305,7659.390590,269.0,,100.0,588.9453125,,0
1782299298.563313,7659.490598,269.0,,100.0,588.9453125,,0
1782299298.663311,7659.590595,269.0,,100.0,588.9453125,,0
1782299298.763303,7659.690588,270.0,,100.0,588.9453125,,0
1782299298.863327,7659.790611,269.0,,100.0,588.9453125,,0
1782299298.963310,7659.890595,268.0,,100.0,588.9453125,,0
1782299299.063305,7659.990589,270.0,,100.0,588.9453125,,0
1782299299.163314,7660.090599,270.0,,100.0,588.9453125,,0
1782299299.263307,7660.190590,269.0,,100.0,588.9453125,,0
1782299299.363310,7660.290593,270.0,,100.0,588.9453125,,0
1782299299.463306,7660.390591,270.0,,100.0,588.9453125,,0
1782299299.563315,7660.490599,271.0,,100.0,588.9453125,,0
1782299299.663310,7660.590595,270.0,,100.0,588.9453125,,0
1782299299.763310,7660.690594,270.0,,100.0,588.9453125,,0
1782299299.863483,7660.790767,270.0,,100.0,588.9453125,,0
1782299299.963307,7660.890591,269.0,,100.0,588.9453125,,0
1782299300.063309,7660.990593,269.0,,100.0,588.9453125,,0
1782299300.163307,7661.090592,269.0,,100.0,588.9453125,,0
1782299300.263307,7661.190591,271.0,,100.0,588.9453125,,0
1782299300.363312,7661.290595,270.0,,100.0,588.9453125,,0
1782299300.463308,7661.390592,270.0,,100.0,588.9453125,,0
1782299300.563312,7661.490597,270.0,,100.0,588.9453125,,0
1782299300.663310,7661.590593,270.0,,100.0,588.9453125,,0
1782299300.763308,7661.690593,270.0,,100.0,588.9453125,,0
1782299300.863324,7661.790608,269.0,,100.0,588.9453125,,0
1782299300.963305,7661.890588,270.0,,100.0,588.9453125,,0
1782299301.063303,7661.990588,271.0,,100.0,588.9453125,,0
1782299301.163309,7662.090594,271.0,,100.0,588.9453125,,0
1782299301.263304,7662.190588,271.0,,100.0,588.9453125,,0
1782299301.363305,7662.290588,269.0,,100.0,588.9453125,,0
1782299301.463308,7662.390592,271.0,,100.0,588.9453125,,0
1782299301.563306,7662.490590,270.0,,100.0,588.9453125,,0
1782299301.663313,7662.590597,269.0,,100.0,588.9453125,,0
1782299301.763308,7662.690593,268.0,,100.0,588.9453125,,0
1782299301.863313,7662.790596,270.0,,100.0,588.9453125,,0
1782299301.963304,7662.890589,271.0,,100.0,588.9453125,,0
1782299302.063318,7662.990603,270.0,,100.0,588.9453125,,0
1782299302.163310,7663.090595,271.0,,100.0,588.9453125,,0
1782299302.263308,7663.190592,271.0,,100.0,588.9453125,,0
1782299302.363316,7663.290600,269.0,,100.0,588.9453125,,0
1782299302.463309,7663.390594,269.0,,100.0,588.9453125,,0
1782299302.563311,7663.490596,231.0,,100.0,588.9453125,,0
1782299302.663305,7663.590589,271.0,,100.0,588.9453125,,0
1782299302.763312,7663.690596,234.0,,100.0,588.9453125,,0
1782299302.863314,7663.790599,270.0,,100.0,588.9453125,,0
1782299302.963316,7663.890600,270.0,,100.0,588.9453125,,0
1782299303.063314,7663.990599,272.0,,100.0,588.9453125,,0
1782299303.163306,7664.090590,257.0,,100.0,588.9453125,,0
1782299303.263313,7664.190597,265.0,,99.0,588.9453125,,0
1782299303.363309,7664.290594,270.0,,100.0,588.9453125,,0
1782299303.463310,7664.390594,269.0,,100.0,588.9453125,,0
1782299303.563312,7664.490596,270.0,,100.0,588.9453125,,0
1782299303.663314,7664.590597,270.0,,100.0,588.9453125,,0
1782299303.763310,7664.690595,272.0,,100.0,588.9453125,,0
1782299303.863310,7664.790595,272.0,,100.0,588.9453125,,0
1782299303.963303,7664.890588,257.0,,100.0,588.9453125,,0
1782299304.063303,7664.990588,271.0,,100.0,588.9453125,,0
1782299304.163307,7665.090591,255.0,,99.0,588.9453125,,0
1782299304.263316,7665.190600,262.0,,100.0,588.9453125,,0
1782299304.363307,7665.290592,270.0,,100.0,588.9453125,,0
1782299304.463312,7665.390596,269.0,,100.0,588.9453125,,0
1782299304.563311,7665.490596,272.0,,100.0,588.9453125,,0
1782299304.663304,7665.590589,271.0,,100.0,588.9453125,,0
1782299304.763313,7665.690597,272.0,,100.0,588.9453125,,0
1782299304.863303,7665.790587,272.0,,100.0,588.9453125,,0
1782299304.963304,7665.890589,270.0,,100.0,588.9453125,,0
1782299305.063305,7665.990589,271.0,,100.0,588.9453125,,0
1782299305.163307,7666.090591,271.0,,100.0,588.9453125,,0
1782299305.263307,7666.190592,270.0,,100.0,588.9453125,,0
1782299305.363301,7666.290585,271.0,,100.0,588.9453125,,0
1782299305.463303,7666.390587,270.0,,100.0,588.9453125,,0
1782299305.563311,7666.490596,268.0,,100.0,588.9453125,,0
1782299305.663311,7666.590595,271.0,,100.0,588.9453125,,0
1782299305.763309,7666.690594,272.0,,100.0,588.9453125,,0
1782299305.863307,7666.790592,272.0,,100.0,588.9453125,,0
1782299305.963308,7666.890592,270.0,,100.0,588.9453125,,0
1782299306.063311,7666.990594,270.0,,100.0,588.9453125,,0
1782299306.163314,7667.090598,271.0,,100.0,588.9453125,,0
1782299306.263301,7667.190586,271.0,,100.0,588.9453125,,0
1782299306.363307,7667.290590,269.0,,100.0,588.9453125,,0
1782299306.463310,7667.390595,270.0,,100.0,588.9453125,,0
1782299306.563312,7667.490596,271.0,,100.0,588.9453125,,0
1782299306.663307,7667.590592,270.0,,100.0,588.9453125,,0
1782299306.763305,7667.690589,270.0,,100.0,588.9453125,,0
1782299306.863310,7667.790594,270.0,,100.0,588.9453125,,0
1782299306.963309,7667.890594,271.0,,100.0,588.9453125,,0
1782299307.063305,7667.990590,272.0,,100.0,588.9453125,,0
1782299307.163316,7668.090599,271.0,,100.0,588.9453125,,0
1782299307.263305,7668.190589,269.0,,100.0,588.9453125,,0
1782299307.363306,7668.290590,270.0,,100.0,588.9453125,,0
1782299307.463306,7668.390592,269.0,,99.0,588.9453125,,0
1782299307.563306,7668.490590,279.0,,100.0,588.9453125,,0
1782299307.663311,7668.590596,272.0,,100.0,588.9453125,,0
1782299307.763312,7668.690596,272.0,,100.0,588.9453125,,0
1782299307.863303,7668.790587,281.0,,99.0,588.9453125,,0
1782299307.963307,7668.890592,280.0,,100.0,588.9453125,,0
1782299308.063311,7668.990595,281.0,,100.0,588.9453125,,0
1782299308.163313,7669.090598,279.0,,100.0,588.9453125,,0
1782299308.263310,7669.190594,280.0,,100.0,588.9453125,,0
1782299308.363311,7669.290595,270.0,,100.0,588.9453125,,0
1782299308.463309,7669.390594,271.0,,100.0,588.9453125,,0
1782299308.563302,7669.490586,271.0,,100.0,588.9453125,,0
1782299308.663309,7669.590593,272.0,,100.0,588.9453125,,0
1782299308.763305,7669.690589,270.0,,100.0,588.9453125,,0
1782299308.863309,7669.790594,272.0,,100.0,588.9453125,,0
1782299308.963304,7669.890588,271.0,,100.0,588.9453125,,0
1782299309.063310,7669.990595,271.0,,100.0,588.9453125,,0
1782299309.163306,7670.090590,235.0,,99.0,588.9453125,,0
1782299309.263305,7670.190590,262.0,,99.0,588.9453125,,0
1782299309.363302,7670.290587,272.0,,100.0,588.9453125,,0
1782299309.463309,7670.390594,272.0,,100.0,588.9453125,,0
1782299309.563306,7670.490591,273.0,,100.0,588.9453125,,0
1782299309.663303,7670.590587,271.0,,100.0,588.9453125,,0
1782299309.763312,7670.690597,273.0,,100.0,588.9453125,,0
1782299309.863312,7670.790596,272.0,,100.0,588.9453125,,0
1782299309.963240,7670.890525,271.0,,100.0,588.9453125,,0
1782299310.063315,7670.990599,257.0,,100.0,588.9453125,,0
1782299310.163309,7671.090593,251.0,,100.0,588.9453125,,0
1782299310.263303,7671.190588,271.0,,100.0,588.9453125,,0
1782299310.363313,7671.290597,270.0,,100.0,588.9453125,,0
1782299310.463307,7671.390591,273.0,,100.0,588.9453125,,0
1782299310.563299,7671.490583,273.0,,100.0,588.9453125,,0
1782299310.663311,7671.590596,271.0,,100.0,588.9453125,,0
1782299310.763308,7671.690593,252.0,,100.0,588.9453125,,0
1782299310.863306,7671.790590,271.0,,100.0,588.9453125,,0
1782299310.963305,7671.890590,271.0,,100.0,588.9453125,,0
1782299311.063310,7671.990594,272.0,,100.0,588.9453125,,0
1782299311.163311,7672.090595,271.0,,100.0,588.9453125,,0
1782299311.263302,7672.190587,271.0,,100.0,588.9453125,,0
1782299311.363309,7672.290593,272.0,,100.0,588.9453125,,0
1782299311.463307,7672.390592,272.0,,100.0,588.9453125,,0
1782299311.563311,7672.490596,270.0,,100.0,588.9453125,,0
1782299311.663309,7672.590594,271.0,,100.0,588.9453125,,0
1782299311.763308,7672.690593,271.0,,100.0,588.9453125,,0
1782299311.863303,7672.790588,270.0,,100.0,588.9453125,,0
1782299311.963309,7672.890594,268.0,,100.0,588.9453125,,0
1782299312.063307,7672.990592,270.0,,100.0,588.9453125,,0
1782299312.163306,7673.090590,271.0,,100.0,588.9453125,,0
1782299312.263309,7673.190594,271.0,,100.0,588.9453125,,0
1782299312.363311,7673.290595,257.0,,100.0,588.9453125,,0
1782299312.463302,7673.390587,280.0,,100.0,588.9453125,,0
1782299312.563305,7673.490589,276.0,,100.0,588.9453125,,0
1782299312.663308,7673.590593,281.0,,99.0,588.9453125,,0
1782299312.763307,7673.690592,280.0,,99.0,588.9453125,,0
1782299312.863305,7673.790590,278.0,,99.0,588.9453125,,0
1782299312.963315,7673.890599,272.0,,100.0,588.9453125,,0
1782299313.063310,7673.990595,268.0,,99.0,588.9453125,,0
1782299313.163310,7674.090595,268.0,,100.0,588.9453125,,0
1782299313.263308,7674.190593,269.0,,99.0,588.9453125,,0
1782299313.363309,7674.290594,258.0,,100.0,588.9453125,,0
1782299313.463246,7674.390531,266.0,,99.0,588.9453125,,0
1782299313.563304,7674.490588,267.0,,100.0,588.9453125,,0
1782299313.663309,7674.590594,278.0,,99.0,588.9453125,,0
1782299313.763308,7674.690592,271.0,,100.0,588.9453125,,0
1782299313.863310,7674.790594,267.0,,99.0,588.9453125,,0
1782299313.963311,7674.890596,279.0,,99.0,588.9453125,,0
1782299314.063312,7674.990596,263.0,,100.0,588.9453125,,0
1782299314.163306,7675.090590,270.0,,100.0,588.9453125,,0
1782299314.263313,7675.190598,269.0,,100.0,588.9453125,,0
1782299314.363309,7675.290593,269.0,,100.0,588.9453125,,0
1782299314.463311,7675.390595,270.0,,100.0,588.9453125,,0
1782299314.563311,7675.490594,271.0,,100.0,588.9453125,,0
1782299314.663313,7675.590597,270.0,,100.0,588.9453125,,0
1782299314.763301,7675.690585,271.0,,100.0,588.9453125,,0
1782299314.863308,7675.790593,270.0,,100.0,588.9453125,,0
1782299314.963305,7675.890590,270.0,,100.0,588.9453125,,0
1782299315.063306,7675.990591,270.0,,100.0,588.9453125,,0
1782299315.163313,7676.090597,269.0,,100.0,588.9453125,,0
1782299315.263301,7676.190585,270.0,,100.0,588.9453125,,0
1782299315.363319,7676.290604,270.0,,100.0,588.9453125,,0
1782299315.463299,7676.390584,270.0,,100.0,588.9453125,,0
1782299315.563303,7676.490587,269.0,,100.0,588.9453125,,0
1782299315.663310,7676.590594,270.0,,100.0,588.9453125,,0
1782299315.763303,7676.690588,271.0,,100.0,588.9453125,,0
1782299315.863307,7676.790591,271.0,,100.0,588.9453125,,0
1782299315.963306,7676.890589,269.0,,100.0,588.9453125,,0
1782299316.063303,7676.990588,272.0,,100.0,588.9453125,,0
1782299316.163301,7677.090584,270.0,,100.0,588.9453125,,0
1782299316.263303,7677.190587,269.0,,100.0,588.9453125,,0
1782299316.363308,7677.290593,269.0,,100.0,588.9453125,,0
1782299316.463308,7677.390592,270.0,,100.0,588.9453125,,0
1782299316.563310,7677.490594,270.0,,100.0,588.9453125,,0
1782299316.663312,7677.590597,269.0,,100.0,588.9453125,,0
1782299316.763311,7677.690594,270.0,,100.0,588.9453125,,0
1782299316.863313,7677.790598,271.0,,100.0,588.9453125,,0
1782299316.963311,7677.890596,270.0,,100.0,588.9453125,,0
1782299317.063301,7677.990584,270.0,,100.0,588.9453125,,0
1782299317.163305,7678.090590,270.0,,100.0,588.9453125,,0
1782299317.263308,7678.190591,269.0,,100.0,588.9453125,,0
1782299317.363311,7678.290596,270.0,,100.0,588.9453125,,0
1782299317.463307,7678.390591,270.0,,100.0,588.9453125,,0
1782299317.563308,7678.490592,269.0,,100.0,588.9453125,,0
1782299317.663308,7678.590592,270.0,,100.0,588.9453125,,0
1782299317.763307,7678.690591,269.0,,100.0,588.9453125,,0
1782299317.863302,7678.790587,270.0,,100.0,588.9453125,,0
1782299317.963303,7678.890588,269.0,,100.0,588.9453125,,0
1782299318.063305,7678.990589,271.0,,100.0,588.9453125,,0
1782299318.163307,7679.090592,269.0,,100.0,588.9453125,,0
1782299318.263313,7679.190598,269.0,,100.0,588.9453125,,0
1782299318.363312,7679.290595,270.0,,100.0,588.9453125,,0
1782299318.463316,7679.390599,270.0,,100.0,588.9453125,,0
1782299318.563308,7679.490594,270.0,,100.0,588.9453125,,0
1782299318.663306,7679.590589,268.0,,100.0,588.9453125,,0
1782299318.763306,7679.690591,269.0,,100.0,588.9453125,,0
1782299318.863324,7679.790608,269.0,,100.0,588.9453125,,0
1782299318.963301,7679.890585,270.0,,100.0,588.9453125,,0
1782299319.063304,7679.990588,269.0,,100.0,588.9453125,,0
1782299319.163307,7680.090592,270.0,,100.0,588.9453125,,0
1782299319.263304,7680.190588,270.0,,100.0,588.9453125,,0
1782299319.363304,7680.290589,269.0,,100.0,588.9453125,,0
1782299319.463309,7680.390593,269.0,,100.0,588.9453125,,0
1782299319.563310,7680.490595,270.0,,100.0,588.9453125,,0
1782299319.663312,7680.590597,270.0,,100.0,588.9453125,,0
1782299319.763307,7680.690591,270.0,,100.0,588.9453125,,0
1782299319.863307,7680.790592,269.0,,100.0,588.9453125,,0
1782299319.963306,7680.890590,269.0,,100.0,588.9453125,,0
1782299320.063305,7680.990589,270.0,,100.0,588.9453125,,0
1782299320.163308,7681.090593,269.0,,100.0,588.9453125,,0
1782299320.263307,7681.190590,269.0,,100.0,588.9453125,,0
1782299320.363310,7681.290595,270.0,,100.0,588.9453125,,0
1782299320.463298,7681.390583,270.0,,100.0,588.9453125,,0
1782299320.563302,7681.490587,270.0,,100.0,588.9453125,,0
1782299320.663305,7681.590589,268.0,,100.0,588.9453125,,0
1782299320.763311,7681.690595,270.0,,100.0,588.9453125,,0
1782299320.863306,7681.790589,268.0,,100.0,588.9453125,,0
1782299320.963309,7681.890593,268.0,,100.0,588.9453125,,0
1782299321.063307,7681.990592,269.0,,100.0,588.9453125,,0
1782299321.163310,7682.090595,270.0,,100.0,588.9453125,,0
1782299321.263304,7682.190589,270.0,,100.0,588.9453125,,0
1782299321.363308,7682.290593,268.0,,100.0,588.9453125,,0
1782299321.463310,7682.390595,249.0,,92.0,588.9453125,,0
1782299321.563309,7682.490592,24.0,,3.0,588.9453125,,0
1782299321.663304,7682.590588,23.0,,3.0,588.9453125,,0
1782299321.763309,7682.690593,23.0,,3.0,588.9453125,,0
1782299321.863306,7682.790589,22.0,,3.0,588.9453125,,0
1782299321.963305,7682.890588,23.0,,3.0,588.9453125,,0
1782299322.063308,7682.990591,23.0,,3.0,588.9453125,,0
1782299322.163309,7683.090592,22.0,,3.0,588.9453125,,0
1782299322.263311,7683.190595,22.0,,3.0,588.9453125,,0
1782299322.363311,7683.290595,23.0,,3.0,588.9453125,,0
1782299322.463312,7683.390595,22.0,,3.0,588.9453125,,0
1782299322.563305,7683.490588,24.0,,2.0,588.9453125,,0
1782299322.663309,7683.590592,28.0,,3.0,588.9453125,,0
1782299322.763308,7683.690591,22.0,,3.0,588.9453125,,0
1782299322.863312,7683.790597,23.0,,2.0,588.9453125,,0
1782299322.963306,7683.890589,22.0,,3.0,588.9453125,,0
1782299323.063308,7683.990592,24.0,,3.0,588.9453125,,0
1782299323.163304,7684.090587,22.0,,3.0,588.9453125,,0
1782299323.263304,7684.190587,24.0,,3.0,588.9453125,,0
1782299323.363305,7684.290588,22.0,,3.0,588.9453125,,0
1782299323.463311,7684.390595,25.0,,3.0,588.9453125,,0
1782299323.563310,7684.490593,23.0,,3.0,588.9453125,,0
1782299323.663305,7684.590588,22.0,,3.0,588.9453125,,0
1782299323.763308,7684.690591,24.0,,3.0,588.9453125,,0
1782299323.863310,7684.790593,23.0,,2.0,588.9453125,,0
1782299323.963309,7684.890592,22.0,,3.0,588.9453125,,0
1782299324.063309,7684.990592,21.0,,3.0,588.9453125,,0
1782299324.163307,7685.090591,20.0,,3.0,588.9453125,,0
1782299324.263305,7685.190588,23.0,,3.0,588.9453125,,0
1782299324.363309,7685.290594,20.0,,3.0,588.9453125,,0
1782299324.463305,7685.390589,22.0,,2.0,588.9453125,,0
1782299324.563236,7685.490521,22.0,,3.0,588.9453125,,0
1782299324.663306,7685.590589,22.0,,3.0,588.9453125,,0
1782299324.763309,7685.690592,20.0,,3.0,588.9453125,,0
1782299324.863313,7685.790598,22.0,,3.0,588.9453125,,0
1782299324.963305,7685.890588,22.0,,3.0,588.9453125,,0
1782299325.063306,7685.990589,22.0,,3.0,588.9453125,,0
1782299325.163311,7686.090595,23.0,,4.0,588.9453125,,0
1782299325.263309,7686.190594,21.0,,3.0,588.9453125,,0
1782299325.363308,7686.290591,25.0,,3.0,588.9453125,,0
1782299325.463306,7686.390589,21.0,,3.0,588.9453125,,0
1782299325.563308,7686.490591,21.0,,3.0,588.9453125,,0
1782299325.663306,7686.590590,25.0,,3.0,588.9453125,,0
1782299325.763305,7686.690589,21.0,,3.0,588.9453125,,0
1782299325.863306,7686.790589,21.0,,3.0,588.9453125,,0
1782299325.963310,7686.890594,21.0,,3.0,588.9453125,,0
1782299326.063308,7686.990592,21.0,,3.0,588.9453125,,0
1782299326.163306,7687.090590,26.0,,3.0,588.9453125,,0
1782299326.263309,7687.190592,21.0,,3.0,588.9453125,,0
1782299326.363310,7687.290594,22.0,,3.0,588.9453125,,0
1782299326.463301,7687.390585,31.0,,10.0,588.9453125,,0
1782299326.563305,7687.490590,172.0,,100.0,588.9453125,,0
1782299326.663307,7687.590592,212.0,,100.0,588.9453125,,0
1782299326.763308,7687.690593,232.0,,100.0,588.9453125,,0
1782299326.863304,7687.790589,233.0,,100.0,588.9453125,,0
1782299326.963304,7687.890588,233.0,,100.0,588.9453125,,0
1782299327.063310,7687.990594,238.0,,100.0,588.9453125,,0
1782299327.163301,7688.090584,239.0,,100.0,588.9453125,,0
1782299327.263303,7688.190587,243.0,,100.0,588.9453125,,0
1782299327.363308,7688.290593,246.0,,100.0,588.9453125,,0
1782299327.463305,7688.390589,249.0,,100.0,588.9453125,,0
1782299327.563304,7688.490588,255.0,,100.0,588.9453125,,0
1782299327.663306,7688.590589,257.0,,100.0,588.9453125,,0
1782299327.763304,7688.690590,261.0,,100.0,588.9453125,,0
1782299327.863304,7688.790588,263.0,,100.0,588.9453125,,0
1782299327.963309,7688.890592,264.0,,100.0,588.9453125,,0
1782299328.063303,7688.990587,265.0,,100.0,588.9453125,,0
1782299328.163306,7689.090590,264.0,,100.0,588.9453125,,0
1782299328.263304,7689.190587,252.0,,100.0,588.9453125,,0
1782299328.363300,7689.290583,256.0,,100.0,588.9453125,,0
1782299328.463301,7689.390584,266.0,,100.0,588.9453125,,0
1782299328.563300,7689.490584,266.0,,100.0,588.9453125,,0
1782299328.663300,7689.590585,248.0,,100.0,588.9453125,,0
1782299328.763308,7689.690592,252.0,,100.0,588.9453125,,0
1782299328.863307,7689.790591,266.0,,100.0,588.9453125,,0
1782299328.963307,7689.890592,264.0,,100.0,588.9453125,,0
1782299329.063304,7689.990588,266.0,,100.0,588.9453125,,0
1782299329.163307,7690.090591,256.0,,99.0,588.9453125,,0
1782299329.263305,7690.190589,265.0,,100.0,588.9453125,,0
1782299329.363307,7690.290590,236.0,,99.0,588.9453125,,0
1782299329.463306,7690.390591,243.0,,100.0,588.9453125,,0
1782299329.563304,7690.490588,268.0,,100.0,588.9453125,,0
1782299329.663310,7690.590595,277.0,,99.0,588.9453125,,0
1782299329.763306,7690.690591,278.0,,100.0,588.9453125,,0
1782299329.863310,7690.790594,269.0,,100.0,588.9453125,,0
1782299329.963305,7690.890589,265.0,,100.0,588.9453125,,0
1782299330.063302,7690.990587,268.0,,99.0,588.9453125,,0
1782299330.163309,7691.090592,261.0,,100.0,588.9453125,,0
1782299330.263308,7691.190593,265.0,,100.0,588.9453125,,0
1782299330.363307,7691.290591,265.0,,99.0,588.9453125,,0
1782299330.463309,7691.390593,260.0,,100.0,588.9453125,,0
1782299330.563302,7691.490586,269.0,,99.0,588.9453125,,0
1782299330.663308,7691.590593,277.0,,99.0,588.9453125,,0
1782299330.763305,7691.690589,276.0,,100.0,588.9453125,,0
1782299330.863302,7691.790587,259.0,,100.0,588.9453125,,0
1782299330.963301,7691.890586,264.0,,99.0,588.9453125,,0
1782299331.063303,7691.990588,265.0,,100.0,588.9453125,,0
1782299331.163306,7692.090591,266.0,,100.0,588.9453125,,0
1782299331.263307,7692.190591,265.0,,100.0,588.9453125,,0
1782299331.363307,7692.290590,266.0,,100.0,588.9453125,,0
1782299331.463299,7692.390583,267.0,,100.0,588.9453125,,0
1782299331.563299,7692.490584,267.0,,100.0,588.9453125,,0
1782299331.663300,7692.590584,266.0,,100.0,588.9453125,,0
1782299331.763305,7692.690590,265.0,,100.0,588.9453125,,0
1782299331.863308,7692.790593,267.0,,100.0,588.9453125,,0
1782299331.963308,7692.890592,267.0,,100.0,588.9453125,,0
1782299332.063305,7692.990589,266.0,,100.0,588.9453125,,0
1782299332.163307,7693.090591,265.0,,100.0,588.9453125,,0
1782299332.263305,7693.190588,267.0,,100.0,588.9453125,,0
1782299332.363303,7693.290587,267.0,,100.0,588.9453125,,0
1782299332.463245,7693.390529,265.0,,100.0,588.9453125,,0
1782299332.563322,7693.490605,266.0,,100.0,588.9453125,,0
1782299332.663310,7693.590593,267.0,,100.0,588.9453125,,0
1782299332.763301,7693.690586,267.0,,100.0,588.9453125,,0
1782299332.863301,7693.790585,265.0,,100.0,588.9453125,,0
1782299332.963246,7693.890530,267.0,,100.0,588.9453125,,0
1782299333.063301,7693.990584,267.0,,100.0,588.9453125,,0
1782299333.163301,7694.090586,267.0,,100.0,588.9453125,,0
1782299333.263309,7694.190593,267.0,,100.0,588.9453125,,0
1782299333.363302,7694.290586,268.0,,100.0,588.9453125,,0
1782299333.463237,7694.390521,267.0,,100.0,588.9453125,,0
1782299333.563304,7694.490589,267.0,,100.0,588.9453125,,0
1782299333.663304,7694.590589,268.0,,100.0,588.9453125,,0
1782299333.763318,7694.690601,266.0,,100.0,588.9453125,,0
1782299333.863304,7694.790588,266.0,,100.0,588.9453125,,0
1782299333.963306,7694.890590,267.0,,100.0,588.9453125,,0
1782299334.063301,7694.990586,267.0,,100.0,588.9453125,,0
1782299334.163307,7695.090591,267.0,,100.0,588.9453125,,0
1782299334.263307,7695.190592,268.0,,100.0,588.9453125,,0
1782299334.363307,7695.290593,268.0,,100.0,588.9453125,,0
1782299334.463310,7695.390593,267.0,,100.0,588.9453125,,0
1782299334.563302,7695.490586,267.0,,100.0,588.9453125,,0
1782299334.663302,7695.590587,268.0,,100.0,588.9453125,,0
1782299334.763307,7695.690591,268.0,,100.0,588.9453125,,0
1782299334.863304,7695.790589,268.0,,100.0,588.9453125,,0
1782299334.963306,7695.890589,269.0,,100.0,588.9453125,,0
1782299335.063300,7695.990584,269.0,,100.0,588.9453125,,0
1782299335.163301,7696.090584,267.0,,100.0,588.9453125,,0
1782299335.263300,7696.190583,267.0,,100.0,588.9453125,,0
1782299335.363306,7696.290590,268.0,,100.0,588.9453125,,0
1782299335.463305,7696.390589,268.0,,100.0,588.9453125,,0
1782299335.563307,7696.490591,268.0,,100.0,588.9453125,,0
1782299335.663235,7696.590519,268.0,,100.0,588.9453125,,0
1782299335.763303,7696.690587,270.0,,100.0,588.9453125,,0
1782299335.863301,7696.790586,269.0,,100.0,588.9453125,,0
1782299335.963299,7696.890583,269.0,,100.0,588.9453125,,0
1782299336.063305,7696.990589,268.0,,100.0,588.9453125,,0
1782299336.163301,7697.090585,267.0,,100.0,588.9453125,,0
1782299336.263305,7697.190589,268.0,,100.0,588.9453125,,0
1782299336.363301,7697.290586,269.0,,100.0,588.9453125,,0
1782299336.463305,7697.390590,269.0,,100.0,588.9453125,,0
1782299336.563245,7697.490529,269.0,,100.0,588.9453125,,0
1782299336.663306,7697.590590,270.0,,100.0,588.9453125,,0
1782299336.763318,7697.690603,269.0,,100.0,588.9453125,,0
1782299336.863306,7697.790591,267.0,,100.0,588.9453125,,0
1782299336.963310,7697.890595,269.0,,100.0,588.9453125,,0
1782299337.063303,7697.990587,268.0,,100.0,588.9453125,,0
1782299337.163306,7698.090589,268.0,,100.0,588.9453125,,0
1782299337.263305,7698.190588,269.0,,100.0,588.9453125,,0
1782299337.363299,7698.290583,270.0,,100.0,588.9453125,,0
1782299337.463305,7698.390588,270.0,,100.0,588.9453125,,0
1782299337.563309,7698.490593,269.0,,100.0,588.9453125,,0
1782299337.663301,7698.590584,268.0,,100.0,588.9453125,,0
1782299337.763300,7698.690584,269.0,,100.0,588.9453125,,0
1782299337.863312,7698.790597,269.0,,100.0,588.9453125,,0
1782299337.963301,7698.890585,269.0,,100.0,588.9453125,,0
1782299338.063306,7698.990590,267.0,,100.0,588.9453125,,0
1782299338.163304,7699.090588,270.0,,100.0,588.9453125,,0
1782299338.263298,7699.190583,271.0,,100.0,588.9453125,,0
1782299338.363235,7699.290520,269.0,,100.0,588.9453125,,0
1782299338.463306,7699.390590,269.0,,100.0,588.9453125,,0
1782299338.563305,7699.490589,269.0,,100.0,588.9453125,,0
1782299338.663304,7699.590588,268.0,,100.0,588.9453125,,0
1782299338.763302,7699.690586,268.0,,100.0,588.9453125,,0
1782299338.863300,7699.790586,269.0,,100.0,588.9453125,,0
1782299338.963307,7699.890592,271.0,,100.0,588.9453125,,0
1782299339.063300,7699.990585,271.0,,100.0,588.9453125,,0
1782299339.163305,7700.090590,270.0,,100.0,588.9453125,,0
1782299339.263299,7700.190584,268.0,,100.0,588.9453125,,0
1782299339.363305,7700.290590,270.0,,100.0,588.9453125,,0
1782299339.463313,7700.390597,269.0,,100.0,588.9453125,,0
1782299339.563305,7700.490590,270.0,,100.0,588.9453125,,0
1782299339.663311,7700.590595,270.0,,100.0,588.9453125,,0
1782299339.763306,7700.690591,269.0,,100.0,588.9453125,,0
1782299339.863306,7700.790590,268.0,,100.0,588.9453125,,0
1782299339.963300,7700.890585,269.0,,100.0,588.9453125,,0
1782299340.063310,7700.990594,268.0,,100.0,588.9453125,,0
1782299340.163305,7701.090590,266.0,,100.0,588.9453125,,0
1782299340.263305,7701.190589,266.0,,100.0,588.9453125,,0
1782299340.363316,7701.290601,266.0,,100.0,588.9453125,,0
1782299340.463305,7701.390590,265.0,,100.0,588.9453125,,0
1782299340.563310,7701.490594,266.0,,100.0,588.9453125,,0
1782299340.663306,7701.590591,267.0,,100.0,588.9453125,,0
1782299340.763305,7701.690590,267.0,,100.0,588.9453125,,0
1782299340.863307,7701.790591,267.0,,100.0,588.9453125,,0
1782299340.963307,7701.890591,268.0,,100.0,588.9453125,,0
1782299341.063219,7701.990502,268.0,,100.0,588.9453125,,0
1782299341.163305,7702.090590,270.0,,100.0,588.9453125,,0
1782299341.263302,7702.190587,268.0,,100.0,588.9453125,,0
1782299341.363309,7702.290594,270.0,,100.0,588.9453125,,0
1782299341.463304,7702.390589,271.0,,100.0,588.9453125,,0
1782299341.563308,7702.490591,270.0,,100.0,588.9453125,,0
1782299341.663306,7702.590590,271.0,,100.0,588.9453125,,0
1782299341.763304,7702.690588,271.0,,100.0,588.9453125,,0
1782299341.863306,7702.790589,271.0,,100.0,588.9453125,,0
1782299341.963298,7702.890582,270.0,,100.0,588.9453125,,0
1782299342.063302,7702.990587,271.0,,100.0,588.9453125,,0
1782299342.163309,7703.090593,269.0,,100.0,588.9453125,,0
1782299342.263308,7703.190591,271.0,,100.0,588.9453125,,0
1782299342.363302,7703.290587,271.0,,100.0,588.9453125,,0
1782299342.463305,7703.390590,270.0,,100.0,588.9453125,,0
1782299342.563300,7703.490584,271.0,,100.0,588.9453125,,0
1782299342.663300,7703.590585,271.0,,100.0,588.9453125,,0
1782299342.763297,7703.690581,270.0,,100.0,588.9453125,,0
1782299342.863307,7703.790592,260.0,,100.0,588.9453125,,0
1782299342.963307,7703.890590,273.0,,100.0,588.9453125,,0
1782299343.063303,7703.990588,270.0,,100.0,588.9453125,,0
1782299343.163312,7704.090596,268.0,,100.0,588.9453125,,0
1782299343.263308,7704.190593,263.0,,100.0,588.9453125,,0
1782299343.363304,7704.290589,270.0,,100.0,588.9453125,,0
1782299343.463308,7704.390592,253.0,,100.0,588.9453125,,0
1782299343.563308,7704.490592,266.0,,100.0,588.9453125,,0
1782299343.663299,7704.590584,270.0,,100.0,588.9453125,,0
1782299343.763301,7704.690584,272.0,,100.0,588.9453125,,0
1782299343.863307,7704.790591,270.0,,100.0,588.9453125,,0
1782299343.963314,7704.890599,270.0,,100.0,588.9453125,,0
1782299344.063308,7704.990591,271.0,,100.0,588.9453125,,0
1782299344.163299,7705.090583,271.0,,100.0,588.9453125,,0
1782299344.263304,7705.190587,270.0,,100.0,588.9453125,,0
1782299344.363301,7705.290585,269.0,,100.0,588.9453125,,0
1782299344.463300,7705.390584,271.0,,100.0,588.9453125,,0
1782299344.563305,7705.490590,271.0,,100.0,588.9453125,,0
1782299344.663319,7705.590604,271.0,,100.0,588.9453125,,0
1782299344.763601,7705.690885,269.0,,100.0,588.9453125,,0
1782299344.863300,7705.790585,269.0,,100.0,588.9453125,,0
1782299344.963306,7705.890591,271.0,,100.0,588.9453125,,0
1782299345.063301,7705.990585,271.0,,100.0,588.9453125,,0
1782299345.163304,7706.090589,270.0,,100.0,588.9453125,,0
1782299345.263307,7706.190592,271.0,,100.0,588.9453125,,0
1782299345.363306,7706.290591,272.0,,100.0,588.9453125,,0
1782299345.463301,7706.390584,270.0,,100.0,588.9453125,,0
1782299345.563303,7706.490588,270.0,,100.0,588.9453125,,0
1782299345.663307,7706.590593,271.0,,100.0,588.9453125,,0
1782299345.763304,7706.690589,269.0,,100.0,588.9453125,,0
1782299345.863305,7706.790589,268.0,,100.0,588.9453125,,0
1782299345.963298,7706.890582,269.0,,100.0,588.9453125,,0
1782299346.063304,7706.990589,270.0,,100.0,588.9453125,,0
1782299346.163305,7707.090589,270.0,,100.0,588.9453125,,0
1782299346.263311,7707.190594,269.0,,100.0,588.9453125,,0
1782299346.363299,7707.290583,269.0,,100.0,588.9453125,,0
1782299346.463304,7707.390589,270.0,,100.0,588.9453125,,0
1782299346.563313,7707.490597,269.0,,100.0,588.9453125,,0
1782299346.663303,7707.590587,271.0,,100.0,588.9453125,,0
1782299346.763307,7707.690591,269.0,,100.0,588.9453125,,0
1782299346.863313,7707.790597,271.0,,100.0,588.9453125,,0
1782299346.963306,7707.890591,279.0,,100.0,588.9453125,,0
1782299347.063306,7707.990590,280.0,,100.0,588.9453125,,0
1782299347.163306,7708.090591,276.0,,99.0,588.9453125,,0
1782299347.263306,7708.190590,261.0,,100.0,588.9453125,,0
1782299347.363307,7708.290591,270.0,,100.0,588.9453125,,0
1782299347.463300,7708.390585,270.0,,100.0,588.9453125,,0
1782299347.563308,7708.490591,264.0,,99.0,588.9453125,,0
1782299347.663306,7708.590590,252.0,,100.0,588.9453125,,0
1782299347.763299,7708.690584,268.0,,100.0,588.9453125,,0
1782299347.863306,7708.790589,248.0,,100.0,588.9453125,,0
1782299347.963305,7708.890589,281.0,,100.0,588.9453125,,0
1782299348.063300,7708.990584,270.0,,99.0,588.9453125,,0
1782299348.163300,7709.090585,267.0,,100.0,588.9453125,,0
1782299348.263312,7709.190597,268.0,,100.0,588.9453125,,0
1782299348.363309,7709.290593,270.0,,100.0,588.9453125,,0
1782299348.463306,7709.390591,264.0,,100.0,588.9453125,,0
1782299348.563319,7709.490604,247.0,,99.0,588.9453125,,0
1782299348.663306,7709.590589,260.0,,99.0,588.9453125,,0
1782299348.763304,7709.690588,258.0,,100.0,588.9453125,,0
1782299348.863307,7709.790592,275.0,,99.0,588.9453125,,0
1782299348.963305,7709.890590,263.0,,99.0,588.9453125,,0
1782299349.063303,7709.990587,261.0,,100.0,588.9453125,,0
1782299349.163300,7710.090584,270.0,,100.0,588.9453125,,0
1782299349.263307,7710.190591,270.0,,100.0,588.9453125,,0
1782299349.363303,7710.290588,269.0,,99.0,588.9453125,,0
1782299349.463307,7710.390590,269.0,,100.0,588.9453125,,0
1782299349.563305,7710.490588,270.0,,100.0,588.9453125,,0
1782299349.663303,7710.590588,270.0,,100.0,588.9453125,,0
1782299349.763306,7710.690590,270.0,,100.0,588.9453125,,0
1782299349.863308,7710.790591,268.0,,100.0,588.9453125,,0
1782299349.963312,7710.890597,271.0,,100.0,588.9453125,,0
1782299350.063314,7710.990599,270.0,,100.0,588.9453125,,0
1782299350.163300,7711.090585,270.0,,100.0,588.9453125,,0
1782299350.263305,7711.190590,268.0,,100.0,588.9453125,,0
1782299350.363306,7711.290591,269.0,,100.0,588.9453125,,0
1782299350.463298,7711.390583,270.0,,100.0,588.9453125,,0
1782299350.563300,7711.490584,268.0,,100.0,588.9453125,,0
1782299350.663311,7711.590594,269.0,,100.0,588.9453125,,0
1782299350.763308,7711.690592,281.0,,99.0,588.9453125,,0
1782299350.863308,7711.790593,278.0,,99.0,588.9453125,,0
1782299350.963303,7711.890587,278.0,,99.0,588.9453125,,0
1782299351.063308,7711.990592,276.0,,100.0,588.9453125,,0
1782299351.163305,7712.090589,268.0,,100.0,588.9453125,,0
1782299351.263305,7712.190589,270.0,,100.0,588.9453125,,0
1782299351.363301,7712.290585,269.0,,100.0,588.9453125,,0
1782299351.463307,7712.390590,268.0,,100.0,588.9453125,,0
1782299351.563306,7712.490590,269.0,,100.0,588.9453125,,0
1782299351.663315,7712.590599,269.0,,100.0,588.9453125,,0
1782299351.763305,7712.690590,270.0,,100.0,588.9453125,,0
1782299351.863310,7712.790595,268.0,,100.0,588.9453125,,0
1782299351.963303,7712.890587,269.0,,100.0,588.9453125,,0
1782299352.063308,7712.990591,270.0,,100.0,588.9453125,,0
1782299352.163306,7713.090589,269.0,,100.0,588.9453125,,0
1782299352.263307,7713.190591,269.0,,100.0,588.9453125,,0
1782299352.363307,7713.290592,270.0,,100.0,588.9453125,,0
1782299352.463320,7713.390605,269.0,,100.0,588.9453125,,0
1782299352.563303,7713.490588,268.0,,100.0,588.9453125,,0
1782299352.663304,7713.590588,268.0,,100.0,588.9453125,,0
1782299352.763309,7713.690595,269.0,,100.0,588.9453125,,0
1782299352.863302,7713.790586,270.0,,100.0,588.9453125,,0
1782299352.963311,7713.890595,270.0,,100.0,588.9453125,,0
1782299353.063303,7713.990587,269.0,,100.0,588.9453125,,0
1782299353.163312,7714.090596,269.0,,100.0,588.9453125,,0
1782299353.263310,7714.190595,270.0,,100.0,588.9453125,,0
1782299353.363308,7714.290591,268.0,,100.0,588.9453125,,0
1782299353.463308,7714.390591,269.0,,100.0,588.9453125,,0
1782299353.563313,7714.490596,268.0,,100.0,588.9453125,,0
1782299353.663301,7714.590585,270.0,,100.0,588.9453125,,0
1782299353.763303,7714.690587,268.0,,100.0,588.9453125,,0
1782299353.863298,7714.790583,269.0,,100.0,588.9453125,,0
1782299353.963306,7714.890590,270.0,,100.0,588.9453125,,0
1782299354.063306,7714.990590,270.0,,100.0,588.9453125,,0
1782299354.163309,7715.090592,269.0,,100.0,588.9453125,,0
1782299354.263305,7715.190591,269.0,,100.0,588.9453125,,0
1782299354.363301,7715.290586,270.0,,100.0,588.9453125,,0
1782299354.463313,7715.390598,270.0,,100.0,588.9453125,,0
1782299354.563308,7715.490593,269.0,,100.0,588.9453125,,0
1782299354.663304,7715.590589,269.0,,100.0,588.9453125,,0
1782299354.763305,7715.690588,269.0,,100.0,588.9453125,,0
1782299354.863311,7715.790596,270.0,,100.0,588.9453125,,0
1782299354.963307,7715.890592,270.0,,100.0,588.9453125,,0
1782299355.063324,7715.990608,268.0,,100.0,588.9453125,,0
1782299355.163307,7716.090592,268.0,,100.0,588.9453125,,0
1782299355.263299,7716.190583,268.0,,100.0,588.9453125,,0
1782299355.363306,7716.290590,268.0,,100.0,588.9453125,,0
1782299355.463309,7716.390593,270.0,,100.0,588.9453125,,0
1782299355.563301,7716.490585,269.0,,100.0,588.9453125,,0
1782299355.663305,7716.590590,270.0,,100.0,588.9453125,,0
1782299355.763304,7716.690588,269.0,,100.0,588.9453125,,0
1782299355.863310,7716.790595,268.0,,100.0,588.9453125,,0
1782299355.963308,7716.890591,269.0,,100.0,588.9453125,,0
1782299356.063312,7716.990597,270.0,,100.0,588.9453125,,0
1782299356.163303,7717.090587,269.0,,100.0,588.9453125,,0
1782299356.263306,7717.190590,269.0,,100.0,588.9453125,,0
1782299356.363311,7717.290595,269.0,,100.0,588.9453125,,0
1782299356.463307,7717.390592,270.0,,100.0,588.9453125,,0
1782299356.563306,7717.490591,268.0,,100.0,588.9453125,,0
1782299356.663306,7717.590589,269.0,,100.0,588.9453125,,0
1782299356.763311,7717.690595,271.0,,100.0,588.9453125,,0
1782299356.863306,7717.790589,270.0,,100.0,588.9453125,,0
1782299356.963304,7717.890587,269.0,,100.0,588.9453125,,0
1782299357.063298,7717.990583,268.0,,100.0,588.9453125,,0
1782299357.163302,7718.090586,269.0,,100.0,588.9453125,,0
1782299357.263307,7718.190590,269.0,,100.0,588.9453125,,0
1782299357.363302,7718.290587,268.0,,100.0,588.9453125,,0
1782299357.463304,7718.390588,268.0,,100.0,588.9453125,,0
1782299357.563307,7718.490592,269.0,,100.0,588.9453125,,0
1782299357.663305,7718.590590,269.0,,100.0,588.9453125,,0
1782299357.763308,7718.690591,269.0,,100.0,588.9453125,,0
1782299357.863304,7718.790588,270.0,,100.0,588.9453125,,0
1782299357.963304,7718.890589,271.0,,100.0,588.9453125,,0
1782299358.063308,7718.990592,270.0,,100.0,588.9453125,,0
1782299358.163306,7719.090590,269.0,,100.0,588.9453125,,0
1782299358.263305,7719.190590,268.0,,100.0,588.9453125,,0
1782299358.363310,7719.290595,269.0,,100.0,588.9453125,,0
1782299358.463309,7719.390593,269.0,,100.0,588.9453125,,0
1782299358.563306,7719.490590,269.0,,100.0,588.9453125,,0
1782299358.663309,7719.590594,270.0,,100.0,588.9453125,,0
1782299358.763309,7719.690594,271.0,,100.0,588.9453125,,0
1782299358.863311,7719.790594,270.0,,100.0,588.9453125,,0
1782299358.963310,7719.890594,270.0,,100.0,588.9453125,,0
1782299359.063306,7719.990590,269.0,,100.0,588.9453125,,0
1782299359.163311,7720.090595,271.0,,100.0,588.9453125,,0
1782299359.263304,7720.190589,270.0,,100.0,588.9453125,,0
1782299359.363305,7720.290589,270.0,,100.0,588.9453125,,0
1782299359.463301,7720.390585,269.0,,100.0,588.9453125,,0
1782299359.563307,7720.490592,270.0,,100.0,588.9453125,,0
1782299359.663299,7720.590584,271.0,,100.0,588.9453125,,0
1782299359.763306,7720.690591,270.0,,100.0,588.9453125,,0
1782299359.863313,7720.790596,270.0,,100.0,588.9453125,,0
1782299359.963306,7720.890591,270.0,,100.0,588.9453125,,0
1782299360.063305,7720.990590,270.0,,100.0,588.9453125,,0
1782299360.163319,7721.090604,269.0,,100.0,588.9453125,,0
1782299360.263305,7721.190590,270.0,,100.0,588.9453125,,0
1782299360.363310,7721.290595,269.0,,100.0,588.9453125,,0
1782299360.463308,7721.390592,269.0,,100.0,588.9453125,,0
1782299360.563311,7721.490594,269.0,,100.0,588.9453125,,0
1782299360.663305,7721.590589,270.0,,100.0,588.9453125,,0
1782299360.763309,7721.690593,270.0,,100.0,588.9453125,,0
1782299360.863306,7721.790589,269.0,,100.0,588.9453125,,0
1782299360.963308,7721.890593,269.0,,100.0,588.9453125,,0
1782299361.063313,7721.990597,269.0,,100.0,588.9453125,,0
1782299361.163306,7722.090590,271.0,,100.0,588.9453125,,0
1782299361.263307,7722.190592,270.0,,100.0,588.9453125,,0
1782299361.363305,7722.290589,271.0,,100.0,588.9453125,,0
1782299361.463249,7722.390534,258.0,,4.0,584.92578125,,0
1782299361.563311,7722.490595,37.0,,3.0,584.92578125,,0
1782299361.663307,7722.590591,26.0,,3.0,584.92578125,,0
1782299361.763319,7722.690605,36.0,,13.0,354.71484375,,0
1782299361.863300,7722.790583,30.0,,,354.71484375,,0
1782299361.963311,7722.890596,29.0,,,354.71484375,,0
1782299362.063221,7722.990505,20.0,,,354.71484375,,0
1782299362.163310,7723.090594,16.0,,,354.71484375,,0
