sample_epoch,mono_s,power_w,energy_uj,gfx_busy_pct,vram_used_mb,sclk_mhz,device_id
1782299780.244684,8141.171967,16.0,,,354.71484375,,0
1782299780.344838,8141.272123,16.0,,2.0,354.71484375,,0
1782299780.444841,8141.372126,15.0,,1.0,354.71484375,,0
1782299780.544840,8141.472125,20.0,,,354.71484375,,0
1782299780.644833,8141.572118,15.0,,,354.71484375,,0
1782299780.748724,8141.676008,16.0,,,354.71484375,,0
1782299780.844723,8141.772006,15.0,,,354.71484375,,0
1782299780.944833,8141.872117,17.0,,2.0,354.75390625,,0
1782299781.044776,8141.972061,20.0,,3.0,354.76171875,,0
1782299781.144784,8142.072068,17.0,,1.0,354.76171875,,0
1782299781.244837,8142.172121,20.0,,,354.76171875,,0
1782299781.344837,8142.272120,16.0,,,354.76171875,,0
1782299781.444853,8142.372137,15.0,,,354.76171875,,0
1782299781.544870,8142.472154,21.0,,4.0,586.921875,,0
1782299781.644844,8142.572128,36.0,,32.0,586.9296875,,0
1782299781.744848,8142.672131,91.0,,100.0,586.9296875,,0
1782299781.844852,8142.772136,107.0,,99.0,586.9296875,,0
1782299781.944849,8142.872133,137.0,,99.0,586.9296875,,0
1782299782.044846,8142.972129,181.0,,99.0,586.9296875,,0
1782299782.144836,8143.072119,244.0,,99.0,586.9296875,,0
1782299782.244847,8143.172130,289.0,,99.0,586.9296875,,0
1782299782.344848,8143.272131,288.0,,99.0,586.9296875,,0
1782299782.444843,8143.372126,283.0,,99.0,586.9296875,,0
1782299782.544808,8143.472091,285.0,,99.0,586.9296875,,0
1782299782.644844,8143.572128,289.0,,99.0,586.9296875,,0
1782299782.744802,8143.672085,293.0,,99.0,586.9296875,,0
1782299782.844818,8143.772102,297.0,,99.0,586.9296875,,0
1782299782.944760,8143.872044,299.0,,99.0,586.9296875,,0
1782299783.044870,8143.972153,300.0,,99.0,586.9296875,,0
1782299783.144853,8144.072136,301.0,,99.0,586.9296875,,0
1782299783.244844,8144.172128,302.0,,99.0,586.9296875,,0
1782299783.344836,8144.272120,299.0,,99.0,586.9296875,,0
1782299783.444841,8144.372126,300.0,,99.0,586.9296875,,0
1782299783.544843,8144.472127,299.0,,99.0,586.9296875,,0
1782299783.644844,8144.572127,300.0,,99.0,586.9296875,,0
1782299783.744848,8144.672132,299.0,,99.0,586.9296875,,0
1782299783.844834,8144.772119,300.0,,99.0,586.9296875,,0
1782299783.944850,8144.872134,299.0,,99.0,586.9296875,,0
1782299784.044847,8144.972131,299.0,,99.0,586.9296875,,0
1782299784.144850,8145.072134,300.0,,99.0,586.9296875,,0
1782299784.244851,8145.172134,300.0,,99.0,586.9296875,,0
1782299784.344850,8145.272133,299.0,,99.0,586.9296875,,0
1782299784.444759,8145.372044,299.0,,99.0,586.9296875,,0
1782299784.544828,8145.472114,300.0,,99.0,586.9296875,,0
1782299784.644826,8145.572109,300.0,,99.0,586.9296875,,0
1782299784.744845,8145.672129,299.0,,99.0,586.9296875,,0
1782299784.844836,8145.772120,299.0,,99.0,586.9296875,,0
1782299784.944757,8145.872041,300.0,,99.0,586.9296875,,0
1782299785.044852,8145.972136,300.0,,99.0,586.9296875,,0
1782299785.144845,8146.072128,299.0,,99.0,586.9296875,,0
1782299785.244835,8146.172118,300.0,,99.0,586.9296875,,0
1782299785.344826,8146.272111,299.0,,99.0,586.9296875,,0
1782299785.444849,8146.372132,299.0,,99.0,586.9296875,,0
1782299785.544847,8146.472130,299.0,,99.0,586.9296875,,0
1782299785.644831,8146.572115,300.0,,99.0,586.9296875,,0
1782299785.744848,8146.672133,299.0,,99.0,586.9296875,,0
1782299785.844845,8146.772128,299.0,,99.0,586.9296875,,0
1782299785.944838,8146.872121,300.0,,99.0,586.9296875,,0
1782299786.044836,8146.972120,299.0,,99.0,586.9296875,,0
1782299786.144840,8147.072124,299.0,,99.0,586.9296875,,0
1782299786.244840,8147.172123,300.0,,99.0,586.9296875,,0
1782299786.344839,8147.272123,299.0,,99.0,586.9296875,,0
1782299786.444834,8147.372118,299.0,,99.0,586.9296875,,0
1782299786.544842,8147.472126,300.0,,99.0,586.9296875,,0
1782299786.644844,8147.572127,299.0,,99.0,586.9296875,,0
1782299786.744811,8147.672094,300.0,,99.0,586.9296875,,0
1782299786.844844,8147.772127,299.0,,99.0,586.9296875,,0
1782299786.944853,8147.872137,300.0,,99.0,586.9296875,,0
1782299787.044852,8147.972136,299.0,,99.0,586.9296875,,0
1782299787.144870,8148.072153,300.0,,99.0,586.9296875,,0
1782299787.244846,8148.172129,300.0,,99.0,586.9296875,,0
1782299787.344826,8148.272110,299.0,,99.0,586.9296875,,0
1782299787.444838,8148.372122,300.0,,99.0,586.9296875,,0
1782299787.544842,8148.472125,299.0,,99.0,586.9296875,,0
1782299787.644841,8148.572126,299.0,,99.0,586.9296875,,0
1782299787.744842,8148.672125,300.0,,99.0,586.9296875,,0
1782299787.844853,8148.772137,299.0,,99.0,586.9296875,,0
1782299787.944846,8148.872129,300.0,,99.0,586.9296875,,0
1782299788.044846,8148.972131,299.0,,99.0,586.9296875,,0
1782299788.144844,8149.072129,299.0,,99.0,586.9296875,,0
1782299788.244851,8149.172135,300.0,,99.0,586.9296875,,0
1782299788.344820,8149.272104,299.0,,99.0,586.9296875,,0
1782299788.444838,8149.372121,300.0,,99.0,586.9296875,,0
1782299788.544842,8149.472126,300.0,,99.0,586.9296875,,0
1782299788.644846,8149.572130,300.0,,99.0,586.9296875,,0
1782299788.744843,8149.672127,300.0,,99.0,586.9296875,,0
1782299788.844856,8149.772139,299.0,,99.0,586.9296875,,0
1782299788.944758,8149.872042,300.0,,99.0,586.9296875,,0
1782299789.044819,8149.972102,299.0,,99.0,586.9296875,,0
1782299789.144854,8150.072137,299.0,,99.0,586.9296875,,0
1782299789.244847,8150.172130,300.0,,99.0,586.9296875,,0
1782299789.344846,8150.272131,299.0,,99.0,586.9296875,,0
1782299789.444850,8150.372134,300.0,,99.0,586.9296875,,0
1782299789.544822,8150.472105,299.0,,99.0,586.9296875,,0
1782299789.644835,8150.572120,300.0,,99.0,586.9296875,,0
1782299789.744833,8150.672117,299.0,,99.0,586.9296875,,0
1782299789.844830,8150.772113,300.0,,99.0,586.9296875,,0
1782299789.944834,8150.872117,300.0,,99.0,586.9296875,,0
1782299790.044842,8150.972125,300.0,,99.0,586.9296875,,0
1782299790.144847,8151.072131,299.0,,99.0,586.9296875,,0
1782299790.244840,8151.172123,300.0,,99.0,586.9296875,,0
1782299790.344850,8151.272135,299.0,,99.0,586.9296875,,0
1782299790.444846,8151.372129,300.0,,99.0,586.9296875,,0
1782299790.544857,8151.472142,299.0,,99.0,586.9296875,,0
1782299790.644845,8151.572128,300.0,,99.0,586.9296875,,0
1782299790.744851,8151.672135,300.0,,99.0,586.9296875,,0
1782299790.844833,8151.772118,300.0,,99.0,586.9296875,,0
1782299790.944834,8151.872119,299.0,,99.0,586.9296875,,0
1782299791.044830,8151.972114,300.0,,99.0,586.9296875,,0
1782299791.144846,8152.072129,299.0,,99.0,586.9296875,,0
1782299791.244835,8152.172119,299.0,,99.0,586.9296875,,0
1782299791.344861,8152.272145,300.0,,99.0,586.9296875,,0
1782299791.444853,8152.372136,299.0,,99.0,586.9296875,,0
1782299791.544849,8152.472133,299.0,,99.0,586.9296875,,0
1782299791.644853,8152.572136,300.0,,99.0,586.9296875,,0
1782299791.744847,8152.672130,299.0,,99.0,586.9296875,,0
1782299791.844850,8152.772135,300.0,,99.0,586.9296875,,0
1782299791.944843,8152.872126,300.0,,99.0,586.9296875,,0
1782299792.044844,8152.972129,300.0,,99.0,586.9296875,,0
1782299792.144854,8153.072137,300.0,,99.0,586.9296875,,0
1782299792.244847,8153.172131,300.0,,99.0,586.9296875,,0
1782299792.344846,8153.272129,299.0,,99.0,586.9296875,,0
1782299792.444835,8153.372118,300.0,,99.0,586.9296875,,0
1782299792.544817,8153.472101,300.0,,99.0,586.9296875,,0
1782299792.644830,8153.572113,300.0,,99.0,586.9296875,,0
1782299792.744850,8153.672133,299.0,,99.0,586.9296875,,0
1782299792.844845,8153.772128,300.0,,99.0,586.9296875,,0
1782299792.944850,8153.872134,299.0,,99.0,586.9296875,,0
1782299793.044815,8153.972098,299.0,,99.0,586.9296875,,0
1782299793.144835,8154.072118,300.0,,99.0,586.9296875,,0
1782299793.244838,8154.172122,300.0,,99.0,586.9296875,,0
1782299793.344844,8154.272127,300.0,,99.0,586.9296875,,0
1782299793.444850,8154.372133,299.0,,99.0,586.9296875,,0
1782299793.544856,8154.472139,300.0,,99.0,586.9296875,,0
1782299793.644857,8154.572140,300.0,,99.0,586.9296875,,0
1782299793.744840,8154.672123,299.0,,99.0,586.9296875,,0
1782299793.844846,8154.772129,300.0,,99.0,586.9296875,,0
1782299793.944841,8154.872124,299.0,,99.0,586.9296875,,0
1782299794.044833,8154.972118,300.0,,99.0,586.9296875,,0
1782299794.144849,8155.072133,300.0,,99.0,586.9296875,,0
1782299794.244845,8155.172129,300.0,,99.0,586.9296875,,0
1782299794.344830,8155.272113,300.0,,99.0,586.9296875,,0
1782299794.444852,8155.372136,300.0,,99.0,586.9296875,,0
1782299794.544847,8155.472131,299.0,,99.0,586.9296875,,0
1782299794.644820,8155.572103,299.0,,99.0,586.9296875,,0
1782299794.744842,8155.672126,300.0,,99.0,586.9296875,,0
1782299794.844845,8155.772129,300.0,,99.0,586.9296875,,0
1782299794.944849,8155.872133,300.0,,99.0,586.9296875,,0
1782299795.044836,8155.972119,299.0,,99.0,586.9296875,,0
1782299795.144840,8156.072123,299.0,,99.0,586.9296875,,0
1782299795.244840,8156.172123,300.0,,99.0,586.9296875,,0
1782299795.344842,8156.272126,300.0,,99.0,586.9296875,,0
1782299795.444849,8156.372132,300.0,,99.0,586.9296875,,0
1782299795.544847,8156.472130,300.0,,99.0,586.9296875,,0
1782299795.644845,8156.572128,299.0,,99.0,586.9296875,,0
1782299795.744835,8156.672121,299.0,,99.0,586.9296875,,0
1782299795.844832,8156.772117,305.0,,99.0,586.9296875,,0
1782299795.944852,8156.872137,303.0,,99.0,586.9296875,,0
1782299796.044856,8156.972141,304.0,,99.0,586.9296875,,0
1782299796.144821,8157.072104,293.0,,99.0,586.9296875,,0
1782299796.244826,8157.172109,293.0,,99.0,586.9296875,,0
1782299796.344845,8157.272130,301.0,,99.0,586.9296875,,0
1782299796.444848,8157.372131,303.0,,99.0,586.9296875,,0
1782299796.544849,8157.472132,288.0,,99.0,586.9296875,,0
1782299796.644848,8157.572133,296.0,,99.0,586.9296875,,0
1782299796.744840,8157.672125,308.0,,99.0,586.9296875,,0
1782299796.844851,8157.772135,306.0,,100.0,586.9296875,,0
1782299796.944798,8157.872082,301.0,,99.0,586.9296875,,0
1782299797.044840,8157.972124,302.0,,99.0,586.9296875,,0
1782299797.144830,8158.072114,297.0,,99.0,586.9296875,,0
1782299797.244850,8158.172134,296.0,,100.0,586.9296875,,0
1782299797.344844,8158.272129,303.0,,99.0,586.9296875,,0
1782299797.444838,8158.372123,300.0,,99.0,586.9296875,,0
1782299797.544843,8158.472126,289.0,,98.0,586.9296875,,0
1782299797.644845,8158.572131,287.0,,99.0,586.9296875,,0
1782299797.744840,8158.672123,300.0,,99.0,586.9296875,,0
1782299797.844722,8158.772006,300.0,,99.0,586.9296875,,0
1782299797.944849,8158.872133,299.0,,99.0,586.9296875,,0
1782299798.044799,8158.972083,299.0,,99.0,586.9296875,,0
1782299798.144750,8159.072035,299.0,,99.0,586.9296875,,0
1782299798.244847,8159.172131,300.0,,99.0,586.9296875,,0
1782299798.344852,8159.272137,300.0,,99.0,586.9296875,,0
1782299798.444836,8159.372120,300.0,,99.0,586.9296875,,0
1782299798.544850,8159.472135,299.0,,99.0,586.9296875,,0
1782299798.644846,8159.572131,299.0,,99.0,586.9296875,,0
1782299798.744842,8159.672126,299.0,,99.0,586.9296875,,0
1782299798.844850,8159.772135,300.0,,99.0,586.9296875,,0
1782299798.944847,8159.872132,300.0,,99.0,586.9296875,,0
1782299799.044840,8159.972124,300.0,,99.0,586.9296875,,0
1782299799.144849,8160.072134,300.0,,99.0,586.9296875,,0
1782299799.244860,8160.172145,299.0,,99.0,586.9296875,,0
1782299799.344858,8160.272143,300.0,,99.0,586.9296875,,0
1782299799.444855,8160.372140,299.0,,99.0,586.9296875,,0
1782299799.544841,8160.472125,299.0,,99.0,586.9296875,,0
1782299799.644852,8160.572137,300.0,,99.0,586.9296875,,0
1782299799.744852,8160.672136,299.0,,99.0,586.9296875,,0
1782299799.844841,8160.772125,300.0,,99.0,586.9296875,,0
1782299799.944852,8160.872137,300.0,,99.0,586.9296875,,0
1782299800.044756,8160.972041,299.0,,99.0,586.9296875,,0
1782299800.144832,8161.072117,299.0,,99.0,586.9296875,,0
1782299800.244845,8161.172130,300.0,,99.0,586.9296875,,0
1782299800.344856,8161.272139,299.0,,99.0,586.9296875,,0
1782299800.444723,8161.372007,300.0,,99.0,586.9296875,,0
1782299800.544873,8161.472156,300.0,,99.0,586.9296875,,0
1782299800.644862,8161.572146,300.0,,99.0,586.9296875,,0
1782299800.744754,8161.672038,299.0,,99.0,586.9296875,,0
1782299800.844838,8161.772121,300.0,,99.0,586.9296875,,0
1782299800.944798,8161.872082,299.0,,99.0,586.9296875,,0
1782299801.044797,8161.972082,300.0,,99.0,586.9296875,,0
1782299801.144837,8162.072122,299.0,,99.0,586.9296875,,0
1782299801.244848,8162.172132,300.0,,99.0,586.9296875,,0
1782299801.344842,8162.272125,300.0,,99.0,586.9296875,,0
1782299801.444852,8162.372137,299.0,,99.0,586.9296875,,0
1782299801.544838,8162.472123,300.0,,99.0,586.9296875,,0
1782299801.644847,8162.572130,300.0,,99.0,586.9296875,,0
1782299801.744845,8162.672129,299.0,,99.0,586.9296875,,0
1782299801.844848,8162.772132,300.0,,99.0,586.9296875,,0
1782299801.944841,8162.872125,299.0,,99.0,586.9296875,,0
1782299802.044739,8162.972024,300.0,,99.0,586.9296875,,0
1782299802.144722,8163.072005,299.0,,99.0,586.9296875,,0
1782299802.244797,8163.172081,299.0,,99.0,586.9296875,,0
1782299802.344834,8163.272119,300.0,,99.0,586.9296875,,0
1782299802.444863,8163.372148,299.0,,99.0,586.9296875,,0
1782299802.544851,8163.472136,300.0,,99.0,586.9296875,,0
1782299802.644858,8163.572142,299.0,,99.0,586.9296875,,0
1782299802.744850,8163.672135,300.0,,99.0,586.9296875,,0
1782299802.844850,8163.772135,299.0,,99.0,586.9296875,,0
1782299802.944847,8163.872132,300.0,,99.0,586.9296875,,0
1782299803.044849,8163.972132,299.0,,99.0,586.9296875,,0
1782299803.144839,8164.072124,300.0,,99.0,586.9296875,,0
1782299803.244853,8164.172137,299.0,,99.0,586.9296875,,0
1782299803.344805,8164.272089,299.0,,99.0,586.9296875,,0
1782299803.444800,8164.372085,300.0,,99.0,586.9296875,,0
1782299803.544856,8164.472141,300.0,,99.0,586.9296875,,0
1782299803.644854,8164.572137,299.0,,99.0,586.9296875,,0
1782299803.744837,8164.672121,300.0,,99.0,586.9296875,,0
1782299803.844723,8164.772006,299.0,,99.0,586.9296875,,0
1782299803.944857,8164.872141,300.0,,99.0,586.9296875,,0
1782299804.044839,8164.972124,299.0,,99.0,586.9296875,,0
1782299804.144742,8165.072026,300.0,,99.0,586.9296875,,0
1782299804.244852,8165.172135,300.0,,99.0,586.9296875,,0
1782299804.344850,8165.272134,300.0,,99.0,586.9296875,,0
1782299804.444851,8165.372134,299.0,,99.0,586.9296875,,0
1782299804.544743,8165.472027,300.0,,99.0,586.9296875,,0
1782299804.644840,8165.572125,299.0,,99.0,586.9296875,,0
1782299804.744853,8165.672138,300.0,,99.0,586.9296875,,0
1782299804.844841,8165.772126,300.0,,99.0,586.9296875,,0
1782299804.944852,8165.872137,299.0,,99.0,586.9296875,,0
1782299805.044859,8165.972143,299.0,,99.0,586.9296875,,0
1782299805.144838,8166.072122,300.0,,99.0,586.9296875,,0
1782299805.244853,8166.172139,299.0,,99.0,586.9296875,,0
1782299805.344855,8166.272139,300.0,,99.0,586.9296875,,0
1782299805.444862,8166.372147,300.0,,99.0,586.9296875,,0
1782299805.544751,8166.472036,300.0,,99.0,586.9296875,,0
1782299805.644838,8166.572122,300.0,,99.0,586.9296875,,0
1782299805.744740,8166.672024,300.0,,99.0,586.9296875,,0
1782299805.844721,8166.772004,299.0,,99.0,586.9296875,,0
1782299805.944798,8166.872082,299.0,,99.0,586.9296875,,0
1782299806.044722,8166.972006,300.0,,99.0,586.9296875,,0
1782299806.144848,8167.072133,299.0,,99.0,586.9296875,,0
1782299806.244842,8167.172127,300.0,,99.0,586.9296875,,0
1782299806.344848,8167.272133,299.0,,99.0,586.9296875,,0
1782299806.444837,8167.372122,300.0,,99.0,586.9296875,,0
1782299806.544852,8167.472135,299.0,,99.0,586.9296875,,0
1782299806.644745,8167.572030,300.0,,99.0,586.9296875,,0
1782299806.744853,8167.672139,300.0,,99.0,586.9296875,,0
1782299806.844832,8167.772116,299.0,,99.0,586.9296875,,0
1782299806.944853,8167.872137,299.0,,99.0,586.9296875,,0
1782299807.044852,8167.972137,299.0,,99.0,586.9296875,,0
1782299807.144840,8168.072124,300.0,,99.0,586.9296875,,0
1782299807.244851,8168.172135,299.0,,99.0,586.9296875,,0
1782299807.344859,8168.272144,299.0,,99.0,586.9296875,,0
1782299807.444838,8168.372122,299.0,,99.0,586.9296875,,0
1782299807.544848,8168.472133,300.0,,99.0,586.9296875,,0
1782299807.644856,8168.572141,300.0,,99.0,586.9296875,,0
1782299807.744840,8168.672125,299.0,,99.0,586.9296875,,0
1782299807.844852,8168.772136,299.0,,99.0,586.9296875,,0
1782299807.944847,8168.872131,300.0,,99.0,586.9296875,,0
1782299808.044852,8168.972135,299.0,,99.0,586.9296875,,0
1782299808.144758,8169.072042,300.0,,99.0,586.9296875,,0
1782299808.244856,8169.172140,300.0,,99.0,586.9296875,,0
1782299808.344757,8169.272041,299.0,,99.0,586.9296875,,0
1782299808.444854,8169.372138,299.0,,99.0,586.9296875,,0
1782299808.544854,8169.472138,300.0,,99.0,586.9296875,,0
1782299808.644802,8169.572086,299.0,,99.0,586.9296875,,0
1782299808.744798,8169.672083,299.0,,99.0,586.9296875,,0
1782299808.844836,8169.772121,300.0,,99.0,586.9296875,,0
1782299808.944851,8169.872136,299.0,,99.0,586.9296875,,0
1782299809.044805,8169.972089,300.0,,99.0,586.9296875,,0
1782299809.144722,8170.072006,300.0,,99.0,586.9296875,,0
1782299809.244802,8170.172087,299.0,,99.0,586.9296875,,0
1782299809.344844,8170.272129,299.0,,99.0,586.9296875,,0
1782299809.444834,8170.372119,300.0,,99.0,586.9296875,,0
1782299809.544857,8170.472142,300.0,,99.0,586.9296875,,0
1782299809.644849,8170.572133,299.0,,99.0,586.9296875,,0
1782299809.744834,8170.672119,299.0,,99.0,586.9296875,,0
1782299809.844740,8170.772024,299.0,,99.0,586.9296875,,0
1782299809.944800,8170.872085,300.0,,99.0,586.9296875,,0
1782299810.044741,8170.972025,299.0,,99.0,586.9296875,,0
1782299810.144855,8171.072139,300.0,,99.0,586.9296875,,0
1782299810.244859,8171.172143,299.0,,99.0,586.9296875,,0
1782299810.344841,8171.272125,300.0,,99.0,586.9296875,,0
1782299810.444849,8171.372133,299.0,,99.0,586.9296875,,0
1782299810.544851,8171.472134,300.0,,99.0,586.9296875,,0
1782299810.644835,8171.572119,300.0,,99.0,586.9296875,,0
1782299810.744738,8171.672022,299.0,,99.0,586.9296875,,0
1782299810.844807,8171.772091,300.0,,99.0,586.9296875,,0
1782299810.944833,8171.872117,299.0,,99.0,586.9296875,,0
1782299811.044850,8171.972134,299.0,,99.0,586.9296875,,0
1782299811.144840,8172.072125,300.0,,99.0,586.9296875,,0
1782299811.244821,8172.172105,299.0,,99.0,586.9296875,,0
1782299811.344801,8172.272085,294.0,,99.0,586.9296875,,0
1782299811.444722,8172.372005,305.0,,99.0,586.9296875,,0
1782299811.544858,8172.472141,300.0,,99.0,586.9296875,,0
1782299811.644856,8172.572139,300.0,,99.0,586.9296875,,0
1782299811.744721,8172.672005,306.0,,99.0,586.9296875,,0
1782299811.844738,8172.772022,306.0,,99.0,586.9296875,,0
1782299811.944853,8172.872138,299.0,,99.0,586.9296875,,0
1782299812.044840,8172.972124,300.0,,99.0,586.9296875,,0
1782299812.144848,8173.072132,300.0,,99.0,586.9296875,,0
1782299812.244843,8173.172126,300.0,,99.0,586.9296875,,0
1782299812.344848,8173.272132,299.0,,99.0,586.9296875,,0
1782299812.444853,8173.372137,300.0,,99.0,586.9296875,,0
1782299812.544851,8173.472135,299.0,,99.0,586.9296875,,0
1782299812.644849,8173.572133,299.0,,99.0,586.9296875,,0
1782299812.745167,8173.672450,299.0,,99.0,586.9296875,,0
1782299812.844805,8173.772090,290.0,,99.0,586.9296875,,0
1782299812.944852,8173.872136,303.0,,100.0,586.9296875,,0
1782299813.044824,8173.972108,300.0,,99.0,586.9296875,,0
1782299813.144851,8174.072136,307.0,,99.0,586.9296875,,0
1782299813.244736,8174.172020,299.0,,99.0,586.9296875,,0
1782299813.344722,8174.272005,300.0,,99.0,586.9296875,,0
1782299813.444720,8174.372003,299.0,,99.0,586.9296875,,0
1782299813.544804,8174.472088,306.0,,99.0,586.9296875,,0
1782299813.644860,8174.572145,292.0,,99.0,586.9296875,,0
1782299813.744724,8174.672007,299.0,,99.0,586.9296875,,0
1782299813.844845,8174.772129,308.0,,99.0,586.9296875,,0
1782299813.944863,8174.872148,282.0,,99.0,586.9296875,,0
1782299814.044828,8174.972113,294.0,,99.0,586.9296875,,0
1782299814.144849,8175.072133,305.0,,99.0,586.9296875,,0
1782299814.244842,8175.172126,299.0,,99.0,586.9296875,,0
1782299814.344834,8175.272117,299.0,,99.0,586.9296875,,0
1782299814.444850,8175.372135,299.0,,99.0,586.9296875,,0
1782299814.544848,8175.472133,300.0,,99.0,586.9296875,,0
1782299814.644723,8175.572006,299.0,,99.0,586.9296875,,0
1782299814.744853,8175.672137,300.0,,99.0,586.9296875,,0
1782299814.844850,8175.772133,299.0,,99.0,586.9296875,,0
1782299814.944855,8175.872140,300.0,,99.0,586.9296875,,0
1782299815.044848,8175.972132,299.0,,99.0,586.9296875,,0
1782299815.144836,8176.072121,300.0,,99.0,586.9296875,,0
1782299815.244834,8176.172119,300.0,,99.0,586.9296875,,0
1782299815.344737,8176.272021,299.0,,99.0,586.9296875,,0
1782299815.444739,8176.372024,299.0,,99.0,586.9296875,,0
1782299815.544849,8176.472134,300.0,,99.0,586.9296875,,0
1782299815.644831,8176.572116,299.0,,99.0,586.9296875,,0
1782299815.744842,8176.672126,299.0,,99.0,586.9296875,,0
1782299815.844847,8176.772131,300.0,,99.0,586.9296875,,0
1782299815.944845,8176.872130,300.0,,99.0,586.9296875,,0
1782299816.044841,8176.972126,299.0,,99.0,586.9296875,,0
1782299816.144757,8177.072041,300.0,,99.0,586.9296875,,0
1782299816.244837,8177.172122,300.0,,99.0,586.9296875,,0
1782299816.344756,8177.272041,299.0,,99.0,586.9296875,,0
1782299816.444849,8177.372132,299.0,,99.0,586.9296875,,0
1782299816.544837,8177.472121,300.0,,99.0,586.9296875,,0
1782299816.644835,8177.572119,299.0,,99.0,586.9296875,,0
1782299816.744833,8177.672117,45.0,,4.0,586.9296875,,0
1782299816.844832,8177.772117,40.0,,3.0,586.9296875,,0
1782299816.944838,8177.872122,22.0,,3.0,586.9296875,,0
1782299817.044839,8177.972124,22.0,,4.0,586.9296875,,0
1782299817.144836,8178.072121,22.0,,3.0,586.9296875,,0
1782299817.244835,8178.172120,22.0,,3.0,586.9296875,,0
1782299817.344831,8178.272115,23.0,,3.0,586.9296875,,0
1782299817.444834,8178.372119,22.0,,3.0,586.9296875,,0
1782299817.544834,8178.472119,21.0,,3.0,586.9296875,,0
1782299817.644833,8178.572118,21.0,,3.0,586.9296875,,0
1782299817.744837,8178.672121,20.0,,3.0,586.9296875,,0
1782299817.844755,8178.772040,21.0,,2.0,586.9296875,,0
1782299817.944837,8178.872121,21.0,,3.0,586.9296875,,0
1782299818.044831,8178.972116,22.0,,3.0,586.9296875,,0
1782299818.144833,8179.072118,24.0,,3.0,586.9296875,,0
1782299818.244838,8179.172123,25.0,,3.0,586.9296875,,0
1782299818.344833,8179.272118,20.0,,4.0,586.9296875,,0
1782299818.444833,8179.372118,22.0,,3.0,586.9296875,,0
1782299818.544832,8179.472116,22.0,,3.0,586.9296875,,0
1782299818.644836,8179.572121,21.0,,3.0,586.9296875,,0
1782299818.744833,8179.672117,21.0,,3.0,586.9296875,,0
1782299818.844833,8179.772117,21.0,,3.0,586.9296875,,0
1782299818.944914,8179.872198,25.0,,3.0,586.9296875,,0
1782299819.044833,8179.972118,21.0,,3.0,586.9296875,,0
1782299819.144835,8180.072120,22.0,,3.0,586.9296875,,0
1782299819.244836,8180.172121,24.0,,3.0,586.9296875,,0
1782299819.344831,8180.272116,22.0,,3.0,586.9296875,,0
1782299819.444832,8180.372117,20.0,,3.0,586.9296875,,0
1782299819.544835,8180.472119,20.0,,3.0,586.9296875,,0
1782299819.644838,8180.572123,20.0,,3.0,586.9296875,,0
1782299819.744830,8180.672115,21.0,,3.0,586.9296875,,0
1782299819.844835,8180.772120,22.0,,3.0,586.9296875,,0
1782299819.944836,8180.872121,21.0,,3.0,586.9296875,,0
1782299820.044833,8180.972118,21.0,,3.0,586.9296875,,0
1782299820.144829,8181.072113,21.0,,3.0,586.9296875,,0
1782299820.244836,8181.172120,20.0,,3.0,586.9296875,,0
1782299820.344835,8181.272120,22.0,,3.0,586.9296875,,0
1782299820.444831,8181.372115,22.0,,3.0,586.9296875,,0
1782299820.544832,8181.472117,21.0,,3.0,586.9296875,,0
1782299820.644831,8181.572115,21.0,,3.0,586.9296875,,0
1782299820.744833,8181.672118,21.0,,3.0,586.9296875,,0
1782299820.844835,8181.772120,21.0,,3.0,586.9296875,,0
1782299820.944836,8181.872121,21.0,,2.0,586.9296875,,0
1782299821.044834,8181.972119,19.0,,3.0,586.9296875,,0
1782299821.144833,8182.072118,20.0,,3.0,586.9296875,,0
1782299821.244832,8182.172116,19.0,,3.0,586.9296875,,0
1782299821.344836,8182.272120,20.0,,3.0,586.9296875,,0
1782299821.444837,8182.372121,20.0,,3.0,586.9296875,,0
1782299821.544833,8182.472118,21.0,,3.0,586.9296875,,0
1782299821.644833,8182.572118,20.0,,3.0,586.9296875,,0
1782299821.744721,8182.672005,221.0,,98.0,586.9296875,,0
1782299821.844801,8182.772086,262.0,,99.0,586.9296875,,0
1782299821.944849,8182.872133,275.0,,99.0,586.9296875,,0
1782299822.044838,8182.972121,275.0,,99.0,586.9296875,,0
1782299822.144836,8183.072119,276.0,,99.0,586.9296875,,0
1782299822.244832,8183.172115,280.0,,99.0,586.9296875,,0
1782299822.344845,8183.272129,283.0,,99.0,586.9296875,,0
1782299822.444851,8183.372136,284.0,,99.0,586.9296875,,0
1782299822.544834,8183.472117,288.0,,99.0,586.9296875,,0
1782299822.644738,8183.572021,292.0,,99.0,586.9296875,,0
1782299822.744805,8183.672089,298.0,,99.0,586.9296875,,0
1782299822.844859,8183.772144,302.0,,99.0,586.9296875,,0
1782299822.944844,8183.872129,304.0,,99.0,586.9296875,,0
1782299823.044848,8183.972131,298.0,,99.0,586.9296875,,0
1782299823.144833,8184.072117,300.0,,99.0,586.9296875,,0
1782299823.244837,8184.172122,299.0,,99.0,586.9296875,,0
1782299823.344806,8184.272090,300.0,,99.0,586.9296875,,0
1782299823.444801,8184.372086,299.0,,99.0,586.9296875,,0
1782299823.544854,8184.472139,299.0,,99.0,586.9296875,,0
1782299823.644846,8184.572129,300.0,,99.0,586.9296875,,0
1782299823.744837,8184.672121,300.0,,99.0,586.9296875,,0
1782299823.844859,8184.772142,299.0,,99.0,586.9296875,,0
1782299823.944844,8184.872129,300.0,,99.0,586.9296875,,0
1782299824.044796,8184.972080,299.0,,99.0,586.9296875,,0
1782299824.144831,8185.072114,299.0,,99.0,586.9296875,,0
1782299824.244797,8185.172081,300.0,,99.0,586.9296875,,0
1782299824.344796,8185.272081,299.0,,99.0,586.9296875,,0
1782299824.444739,8185.372024,299.0,,99.0,586.9296875,,0
1782299824.544835,8185.472118,299.0,,99.0,586.9296875,,0
1782299824.644840,8185.572123,300.0,,99.0,586.9296875,,0
1782299824.744851,8185.672135,299.0,,99.0,586.9296875,,0
1782299824.844846,8185.772131,300.0,,99.0,586.9296875,,0
1782299824.944831,8185.872116,300.0,,99.0,586.9296875,,0
1782299825.044844,8185.972128,299.0,,99.0,586.9296875,,0
1782299825.144846,8186.072129,299.0,,99.0,586.9296875,,0
1782299825.244847,8186.172132,299.0,,99.0,586.9296875,,0
1782299825.344721,8186.272005,300.0,,99.0,586.9296875,,0
1782299825.444833,8186.372116,300.0,,99.0,586.9296875,,0
1782299825.544847,8186.472132,299.0,,99.0,586.9296875,,0
1782299825.644840,8186.572124,300.0,,99.0,586.9296875,,0
1782299825.744844,8186.672129,299.0,,99.0,586.9296875,,0
1782299825.844721,8186.772005,299.0,,99.0,586.9296875,,0
1782299825.944722,8186.872005,300.0,,99.0,586.9296875,,0
1782299826.044842,8186.972127,299.0,,99.0,586.9296875,,0
1782299826.144799,8187.072084,300.0,,99.0,586.9296875,,0
1782299826.244722,8187.172006,299.0,,99.0,586.9296875,,0
1782299826.344800,8187.272084,300.0,,99.0,586.9296875,,0
1782299826.444845,8187.372128,299.0,,99.0,586.9296875,,0
1782299826.544832,8187.472117,299.0,,99.0,586.9296875,,0
1782299826.644841,8187.572125,300.0,,99.0,586.9296875,,0
1782299826.744846,8187.672130,299.0,,99.0,586.9296875,,0
1782299826.844831,8187.772114,300.0,,99.0,586.9296875,,0
1782299826.944843,8187.872126,300.0,,99.0,586.9296875,,0
1782299827.044850,8187.972133,299.0,,99.0,586.9296875,,0
1782299827.144847,8188.072132,300.0,,99.0,586.9296875,,0
1782299827.244830,8188.172114,299.0,,99.0,586.9296875,,0
1782299827.344835,8188.272119,299.0,,99.0,586.9296875,,0
1782299827.444842,8188.372127,300.0,,99.0,586.9296875,,0
1782299827.544845,8188.472130,299.0,,99.0,586.9296875,,0
1782299827.644831,8188.572116,299.0,,99.0,586.9296875,,0
1782299827.744830,8188.672114,300.0,,99.0,586.9296875,,0
1782299827.844740,8188.772024,307.0,,99.0,586.9296875,,0
1782299827.944721,8188.872004,299.0,,99.0,586.9296875,,0
1782299828.044795,8188.972080,303.0,,99.0,586.9296875,,0
1782299828.144740,8189.072024,306.0,,99.0,586.9296875,,0
1782299828.244802,8189.172086,300.0,,99.0,586.9296875,,0
1782299828.344830,8189.272114,300.0,,99.0,586.9296875,,0
1782299828.444844,8189.372127,299.0,,99.0,586.9296875,,0
1782299828.544849,8189.472133,299.0,,99.0,586.9296875,,0
1782299828.644824,8189.572109,300.0,,99.0,586.9296875,,0
1782299828.744836,8189.672119,300.0,,99.0,586.9296875,,0
1782299828.844850,8189.772133,299.0,,99.0,586.9296875,,0
1782299828.944844,8189.872127,300.0,,99.0,586.9296875,,0
1782299829.044842,8189.972126,300.0,,99.0,586.9296875,,0
1782299829.144859,8190.072143,299.0,,99.0,586.9296875,,0
1782299829.244832,8190.172115,308.0,,99.0,586.9296875,,0
1782299829.344841,8190.272124,296.0,,99.0,586.9296875,,0
1782299829.444722,8190.372006,300.0,,99.0,586.9296875,,0
1782299829.544797,8190.472082,299.0,,99.0,586.9296875,,0
1782299829.644831,8190.572115,300.0,,99.0,586.9296875,,0
1782299829.744846,8190.672131,294.0,,99.0,586.9296875,,0
1782299829.844842,8190.772125,289.0,,99.0,586.9296875,,0
1782299829.944839,8190.872124,296.0,,99.0,586.9296875,,0
1782299830.044847,8190.972131,300.0,,99.0,586.9296875,,0
1782299830.144845,8191.072128,301.0,,99.0,586.9296875,,0
1782299830.244847,8191.172130,298.0,,99.0,586.9296875,,0
1782299830.344850,8191.272134,302.0,,100.0,586.9296875,,0
1782299830.444723,8191.372006,299.0,,99.0,586.9296875,,0
1782299830.544800,8191.472084,300.0,,99.0,586.9296875,,0
1782299830.644835,8191.572119,299.0,,99.0,586.9296875,,0
1782299830.744844,8191.672129,299.0,,99.0,586.9296875,,0
1782299830.844838,8191.772123,299.0,,99.0,586.9296875,,0
1782299830.944855,8191.872140,300.0,,99.0,586.9296875,,0
1782299831.044835,8191.972118,300.0,,99.0,586.9296875,,0
1782299831.144844,8192.072128,300.0,,99.0,586.9296875,,0
1782299831.244835,8192.172118,299.0,,99.0,586.9296875,,0
1782299831.344849,8192.272133,299.0,,99.0,586.9296875,,0
1782299831.444848,8192.372133,300.0,,99.0,586.9296875,,0
1782299831.544835,8192.472119,299.0,,99.0,586.9296875,,0
1782299831.644837,8192.572120,299.0,,99.0,586.9296875,,0
1782299831.744831,8192.672114,300.0,,99.0,586.9296875,,0
1782299831.844855,8192.772139,300.0,,99.0,586.9296875,,0
1782299831.944848,8192.872131,299.0,,99.0,586.9296875,,0
1782299832.044833,8192.972118,300.0,,99.0,586.9296875,,0
1782299832.144845,8193.072128,300.0,,99.0,586.9296875,,0
1782299832.244836,8193.172121,299.0,,99.0,586.9296875,,0
1782299832.344850,8193.272133,300.0,,99.0,586.9296875,,0
1782299832.444854,8193.372139,299.0,,99.0,586.9296875,,0
1782299832.544834,8193.472118,299.0,,99.0,586.9296875,,0
1782299832.644857,8193.572142,300.0,,99.0,586.9296875,,0
1782299832.744843,8193.672128,299.0,,99.0,586.9296875,,0
1782299832.844839,8193.772124,300.0,,99.0,586.9296875,,0
1782299832.944849,8193.872134,300.0,,99.0,586.9296875,,0
1782299833.044836,8193.972121,299.0,,99.0,586.9296875,,0
1782299833.144845,8194.072129,300.0,,99.0,586.9296875,,0
1782299833.244837,8194.172121,299.0,,99.0,586.9296875,,0
1782299833.344843,8194.272127,300.0,,99.0,586.9296875,,0
1782299833.444845,8194.372130,299.0,,99.0,586.9296875,,0
1782299833.544846,8194.472130,300.0,,99.0,586.9296875,,0
1782299833.644838,8194.572122,299.0,,99.0,586.9296875,,0
1782299833.744844,8194.672129,300.0,,99.0,586.9296875,,0
1782299833.844837,8194.772121,299.0,,99.0,586.9296875,,0
1782299833.944850,8194.872133,300.0,,99.0,586.9296875,,0
1782299834.044837,8194.972121,299.0,,99.0,586.9296875,,0
1782299834.144849,8195.072134,299.0,,99.0,586.9296875,,0
1782299834.244846,8195.172131,299.0,,99.0,586.9296875,,0
1782299834.344834,8195.272119,300.0,,100.0,586.9296875,,0
1782299834.444850,8195.372133,299.0,,99.0,586.9296875,,0
1782299834.544842,8195.472127,299.0,,99.0,586.9296875,,0
1782299834.644845,8195.572130,300.0,,99.0,586.9296875,,0
1782299834.744843,8195.672127,299.0,,99.0,586.9296875,,0
1782299834.844833,8195.772118,300.0,,99.0,586.9296875,,0
1782299834.944843,8195.872128,299.0,,99.0,586.9296875,,0
1782299835.044833,8195.972118,300.0,,99.0,586.9296875,,0
1782299835.144845,8196.072130,300.0,,99.0,586.9296875,,0
1782299835.244838,8196.172121,299.0,,99.0,586.9296875,,0
1782299835.344869,8196.272152,300.0,,99.0,586.9296875,,0
1782299835.444721,8196.372005,300.0,,99.0,586.9296875,,0
1782299835.544803,8196.472087,299.0,,99.0,586.9296875,,0
1782299835.644843,8196.572127,300.0,,99.0,586.9296875,,0
1782299835.744842,8196.672126,299.0,,99.0,586.9296875,,0
1782299835.844837,8196.772121,300.0,,99.0,586.9296875,,0
1782299835.944845,8196.872129,299.0,,99.0,586.9296875,,0
1782299836.044844,8196.972129,300.0,,99.0,586.9296875,,0
1782299836.144843,8197.072128,300.0,,99.0,586.9296875,,0
1782299836.244851,8197.172134,300.0,,99.0,586.9296875,,0
1782299836.344853,8197.272136,299.0,,99.0,586.9296875,,0
1782299836.444852,8197.372137,300.0,,99.0,586.9296875,,0
1782299836.544832,8197.472116,300.0,,99.0,586.9296875,,0
1782299836.644844,8197.572127,299.0,,99.0,586.9296875,,0
1782299836.744838,8197.672122,300.0,,99.0,586.9296875,,0
1782299836.844848,8197.772132,299.0,,99.0,586.9296875,,0
1782299836.944846,8197.872130,299.0,,99.0,586.9296875,,0
1782299837.044841,8197.972126,300.0,,99.0,586.9296875,,0
1782299837.144844,8198.072128,300.0,,99.0,586.9296875,,0
1782299837.244836,8198.172121,300.0,,99.0,586.9296875,,0
1782299837.344851,8198.272135,299.0,,99.0,586.9296875,,0
1782299837.444848,8198.372133,300.0,,99.0,586.9296875,,0
1782299837.544834,8198.472118,299.0,,99.0,586.9296875,,0
1782299837.644857,8198.572140,299.0,,99.0,586.9296875,,0
1782299837.744858,8198.672143,300.0,,99.0,586.9296875,,0
1782299837.844843,8198.772128,299.0,,99.0,586.9296875,,0
1782299837.944832,8198.872117,300.0,,99.0,586.9296875,,0
1782299838.044853,8198.972138,299.0,,99.0,586.9296875,,0
1782299838.144854,8199.072139,300.0,,99.0,586.9296875,,0
1782299838.244846,8199.172129,299.0,,99.0,586.9296875,,0
1782299838.344841,8199.272125,299.0,,99.0,586.9296875,,0
1782299838.444831,8199.372116,300.0,,99.0,586.9296875,,0
1782299838.544845,8199.472130,299.0,,99.0,586.9296875,,0
1782299838.644834,8199.572117,300.0,,99.0,586.9296875,,0
1782299838.744845,8199.672129,299.0,,99.0,586.9296875,,0
1782299838.844848,8199.772133,300.0,,99.0,586.9296875,,0
1782299838.944852,8199.872136,299.0,,99.0,586.9296875,,0
1782299839.044847,8199.972130,300.0,,99.0,586.9296875,,0
1782299839.144839,8200.072122,300.0,,99.0,586.9296875,,0
1782299839.244845,8200.172130,299.0,,99.0,586.9296875,,0
1782299839.344844,8200.272128,299.0,,99.0,586.9296875,,0
1782299839.444834,8200.372118,300.0,,99.0,586.9296875,,0
1782299839.544849,8200.472132,299.0,,99.0,586.9296875,,0
1782299839.644835,8200.572119,299.0,,99.0,586.9296875,,0
1782299839.744857,8200.672141,300.0,,99.0,586.9296875,,0
1782299839.844852,8200.772136,300.0,,99.0,586.9296875,,0
1782299839.944853,8200.872137,299.0,,99.0,586.9296875,,0
1782299840.044826,8200.972110,300.0,,99.0,586.9296875,,0
1782299840.144838,8201.072121,300.0,,99.0,586.9296875,,0
1782299840.244851,8201.172136,300.0,,99.0,586.9296875,,0
1782299840.344835,8201.272118,299.0,,99.0,586.9296875,,0
1782299840.444841,8201.372126,299.0,,99.0,586.9296875,,0
1782299840.544840,8201.472125,299.0,,99.0,586.9296875,,0
1782299840.644850,8201.572135,300.0,,99.0,586.9296875,,0
1782299840.744845,8201.672129,299.0,,99.0,586.9296875,,0
1782299840.844846,8201.772131,300.0,,99.0,586.9296875,,0
1782299840.944831,8201.872116,299.0,,99.0,586.9296875,,0
1782299841.044849,8201.972132,300.0,,99.0,586.9296875,,0
1782299841.144850,8202.072134,299.0,,99.0,586.9296875,,0
1782299841.244826,8202.172109,300.0,,99.0,586.9296875,,0
1782299841.344847,8202.272131,299.0,,99.0,586.9296875,,0
1782299841.444840,8202.372125,299.0,,99.0,586.9296875,,0
1782299841.544835,8202.472121,299.0,,99.0,586.9296875,,0
1782299841.644861,8202.572146,300.0,,99.0,586.9296875,,0
1782299841.744842,8202.672127,299.0,,99.0,586.9296875,,0
1782299841.844820,8202.772104,299.0,,99.0,586.9296875,,0
1782299841.944835,8202.872120,300.0,,99.0,586.9296875,,0
1782299842.044845,8202.972128,299.0,,99.0,586.9296875,,0
1782299842.144843,8203.072127,300.0,,99.0,586.9296875,,0
1782299842.244835,8203.172118,300.0,,99.0,586.9296875,,0
1782299842.344847,8203.272132,299.0,,99.0,586.9296875,,0
1782299842.444806,8203.372090,299.0,,99.0,586.9296875,,0
1782299842.544838,8203.472121,300.0,,99.0,586.9296875,,0
1782299842.644845,8203.572128,300.0,,99.0,586.9296875,,0
1782299842.744840,8203.672125,300.0,,99.0,586.9296875,,0
1782299842.844849,8203.772134,299.0,,99.0,586.9296875,,0
1782299842.944834,8203.872118,299.0,,99.0,586.9296875,,0
1782299843.044858,8203.972143,299.0,,99.0,586.9296875,,0
1782299843.144844,8204.072128,300.0,,99.0,586.9296875,,0
1782299843.244824,8204.172109,300.0,,99.0,586.9296875,,0
1782299843.344839,8204.272123,299.0,,99.0,586.9296875,,0
1782299843.444841,8204.372126,300.0,,99.0,586.9296875,,0
1782299843.544843,8204.472128,300.0,,99.0,586.9296875,,0
1782299843.644821,8204.572105,299.0,,99.0,586.9296875,,0
1782299843.744834,8204.672117,300.0,,99.0,586.9296875,,0
1782299843.844756,8204.772041,300.0,,99.0,586.9296875,,0
1782299843.944841,8204.872126,299.0,,99.0,586.9296875,,0
1782299844.044847,8204.972132,299.0,,99.0,586.9296875,,0
1782299844.144838,8205.072122,300.0,,99.0,586.9296875,,0
1782299844.244841,8205.172125,299.0,,99.0,586.9296875,,0
1782299844.344829,8205.272113,300.0,,99.0,586.9296875,,0
1782299844.444862,8205.372147,299.0,,99.0,586.9296875,,0
1782299844.544858,8205.472142,300.0,,99.0,586.9296875,,0
1782299844.644813,8205.572098,301.0,,99.0,586.9296875,,0
1782299844.744844,8205.672129,299.0,,99.0,586.9296875,,0
1782299844.844832,8205.772118,306.0,,99.0,586.9296875,,0
1782299844.944841,8205.872125,290.0,,99.0,586.9296875,,0
1782299845.044863,8205.972148,300.0,,99.0,586.9296875,,0
1782299845.144751,8206.072036,304.0,,99.0,586.9296875,,0
1782299845.244835,8206.172120,297.0,,99.0,586.9296875,,0
1782299845.344850,8206.272134,300.0,,99.0,586.9296875,,0
1782299845.444873,8206.372156,300.0,,99.0,586.9296875,,0
1782299845.544875,8206.472159,300.0,,99.0,586.9296875,,0
1782299845.644831,8206.572116,302.0,,99.0,586.9296875,,0
1782299845.744847,8206.672131,293.0,,99.0,586.9296875,,0
1782299845.844848,8206.772133,306.0,,99.0,586.9296875,,0
1782299845.944861,8206.872146,304.0,,99.0,586.9296875,,0
1782299846.044842,8206.972126,298.0,,99.0,586.9296875,,0
1782299846.144848,8207.072133,306.0,,99.0,586.9296875,,0
1782299846.244834,8207.172120,299.0,,99.0,586.9296875,,0
1782299846.344853,8207.272138,300.0,,99.0,586.9296875,,0
1782299846.444844,8207.372129,300.0,,99.0,586.9296875,,0
1782299846.544842,8207.472127,299.0,,99.0,586.9296875,,0
1782299846.644845,8207.572130,300.0,,99.0,586.9296875,,0
1782299846.744835,8207.672119,299.0,,99.0,586.9296875,,0
1782299846.844838,8207.772123,305.0,,99.0,586.9296875,,0
1782299846.944854,8207.872138,308.0,,100.0,586.9296875,,0
1782299847.044847,8207.972131,294.0,,99.0,586.9296875,,0
1782299847.144846,8208.072131,300.0,,99.0,586.9296875,,0
1782299847.244844,8208.172129,299.0,,99.0,586.9296875,,0
1782299847.344847,8208.272130,299.0,,99.0,586.9296875,,0
1782299847.444832,8208.372115,300.0,,99.0,586.9296875,,0
1782299847.544844,8208.472128,299.0,,99.0,586.9296875,,0
1782299847.644849,8208.572133,300.0,,99.0,586.9296875,,0
1782299847.744833,8208.672116,300.0,,99.0,586.9296875,,0
1782299847.844723,8208.772007,299.0,,99.0,586.9296875,,0
1782299847.944845,8208.872128,300.0,,99.0,586.9296875,,0
1782299848.044854,8208.972139,299.0,,99.0,586.9296875,,0
1782299848.144843,8209.072127,300.0,,99.0,586.9296875,,0
1782299848.244843,8209.172126,299.0,,99.0,586.9296875,,0
1782299848.344855,8209.272140,300.0,,99.0,586.9296875,,0
1782299848.444844,8209.372129,300.0,,99.0,586.9296875,,0
1782299848.544832,8209.472117,299.0,,99.0,586.9296875,,0
1782299848.644834,8209.572118,300.0,,99.0,586.9296875,,0
1782299848.744834,8209.672118,299.0,,99.0,586.9296875,,0
1782299848.844855,8209.772139,300.0,,99.0,586.9296875,,0
1782299848.944854,8209.872138,299.0,,99.0,586.9296875,,0
1782299849.044862,8209.972146,300.0,,99.0,586.9296875,,0
1782299849.144841,8210.072125,299.0,,99.0,586.9296875,,0
1782299849.244838,8210.172121,300.0,,99.0,586.9296875,,0
1782299849.344849,8210.272132,299.0,,99.0,586.9296875,,0
1782299849.444851,8210.372136,300.0,,99.0,586.9296875,,0
1782299849.544858,8210.472142,300.0,,99.0,586.9296875,,0
1782299849.644848,8210.572131,299.0,,99.0,586.9296875,,0
1782299849.744857,8210.672140,299.0,,99.0,586.9296875,,0
1782299849.844723,8210.772006,300.0,,99.0,586.9296875,,0
1782299849.944850,8210.872135,299.0,,99.0,586.9296875,,0
1782299850.044857,8210.972142,299.0,,99.0,586.9296875,,0
1782299850.144845,8211.072130,300.0,,99.0,586.9296875,,0
1782299850.244843,8211.172127,299.0,,99.0,586.9296875,,0
1782299850.344849,8211.272133,300.0,,99.0,586.9296875,,0
1782299850.444841,8211.372125,299.0,,99.0,586.9296875,,0
1782299850.544855,8211.472139,300.0,,99.0,586.9296875,,0
1782299850.644834,8211.572118,299.0,,99.0,586.9296875,,0
1782299850.744842,8211.672126,299.0,,99.0,586.9296875,,0
1782299850.844859,8211.772143,299.0,,99.0,586.9296875,,0
1782299850.944859,8211.872143,300.0,,99.0,586.9296875,,0
1782299851.044843,8211.972128,299.0,,99.0,586.9296875,,0
1782299851.144854,8212.072139,300.0,,99.0,586.9296875,,0
1782299851.244830,8212.172114,299.0,,99.0,586.9296875,,0
1782299851.344836,8212.272120,299.0,,99.0,586.9296875,,0
1782299851.444837,8212.372121,299.0,,99.0,586.9296875,,0
1782299851.544857,8212.472141,300.0,,99.0,586.9296875,,0
1782299851.644851,8212.572136,300.0,,99.0,586.9296875,,0
1782299851.744846,8212.672130,299.0,,99.0,586.9296875,,0
1782299851.844840,8212.772124,299.0,,99.0,586.9296875,,0
1782299851.944834,8212.872119,300.0,,99.0,586.9296875,,0
1782299852.044848,8212.972133,299.0,,99.0,586.9296875,,0
1782299852.144853,8213.072136,299.0,,99.0,586.9296875,,0
1782299852.244849,8213.172134,300.0,,99.0,586.9296875,,0
1782299852.344844,8213.272129,300.0,,99.0,586.9296875,,0
1782299852.444833,8213.372117,299.0,,99.0,586.9296875,,0
1782299852.544853,8213.472136,300.0,,99.0,586.9296875,,0
1782299852.644855,8213.572138,299.0,,99.0,586.9296875,,0
1782299852.744856,8213.672141,299.0,,99.0,586.9296875,,0
1782299852.844852,8213.772135,299.0,,99.0,586.9296875,,0
1782299852.944850,8213.872134,300.0,,99.0,586.9296875,,0
1782299853.044859,8213.972144,300.0,,99.0,586.9296875,,0
1782299853.144850,8214.072134,299.0,,99.0,586.9296875,,0
1782299853.244849,8214.172134,299.0,,99.0,586.9296875,,0
1782299853.344847,8214.272131,300.0,,99.0,586.9296875,,0
1782299853.444833,8214.372116,299.0,,99.0,586.9296875,,0
1782299853.544857,8214.472140,300.0,,99.0,586.9296875,,0
1782299853.644853,8214.572138,300.0,,99.0,586.9296875,,0
1782299853.744854,8214.672139,299.0,,99.0,586.9296875,,0
1782299853.844860,8214.772144,300.0,,99.0,586.9296875,,0
1782299853.944849,8214.872133,299.0,,99.0,586.9296875,,0
1782299854.044858,8214.972143,299.0,,99.0,586.9296875,,0
1782299854.144836,8215.072120,299.0,,99.0,586.9296875,,0
1782299854.244854,8215.172138,300.0,,99.0,586.9296875,,0
1782299854.344851,8215.272136,300.0,,99.0,586.9296875,,0
1782299854.444849,8215.372133,299.0,,99.0,586.9296875,,0
1782299854.544849,8215.472134,299.0,,99.0,586.9296875,,0
1782299854.644841,8215.572126,300.0,,99.0,586.9296875,,0
1782299854.744838,8215.672123,300.0,,99.0,586.9296875,,0
1782299854.844843,8215.772128,299.0,,99.0,586.9296875,,0
1782299854.944853,8215.872138,300.0,,99.0,586.9296875,,0
1782299855.044847,8215.972132,299.0,,99.0,586.9296875,,0
1782299855.144856,8216.072141,299.0,,99.0,586.9296875,,0
1782299855.244848,8216.172132,300.0,,99.0,586.9296875,,0
1782299855.344854,8216.272138,299.0,,99.0,586.9296875,,0
1782299855.444836,8216.372121,299.0,,99.0,586.9296875,,0
1782299855.544837,8216.472121,300.0,,99.0,586.9296875,,0
1782299855.644835,8216.572120,299.0,,99.0,586.9296875,,0
1782299855.744838,8216.672122,299.0,,99.0,586.9296875,,0
1782299855.844844,8216.772129,299.0,,99.0,586.9296875,,0
1782299855.944853,8216.872137,300.0,,99.0,586.9296875,,0
1782299856.044853,8216.972137,299.0,,99.0,586.9296875,,0
1782299856.144801,8217.072085,299.0,,99.0,586.9296875,,0
1782299856.244850,8217.172135,299.0,,99.0,586.9296875,,0
1782299856.344842,8217.272127,300.0,,99.0,586.9296875,,0
1782299856.444850,8217.372135,299.0,,99.0,586.9296875,,0
1782299856.544828,8217.472112,300.0,,99.0,586.9296875,,0
1782299856.644836,8217.572121,299.0,,99.0,586.9296875,,0
1782299856.744837,8217.672121,49.0,,5.0,586.9296875,,0
1782299856.844832,8217.772117,41.0,,3.0,586.9296875,,0
1782299856.944836,8217.872121,25.0,,3.0,586.9296875,,0
1782299857.044842,8217.972126,21.0,,3.0,586.9296875,,0
1782299857.144832,8218.072117,21.0,,3.0,586.9296875,,0
1782299857.244832,8218.172116,22.0,,3.0,586.9296875,,0
1782299857.344834,8218.272118,22.0,,3.0,586.9296875,,0
1782299857.444840,8218.372125,22.0,,3.0,586.9296875,,0
1782299857.544834,8218.472118,23.0,,3.0,586.9296875,,0
1782299857.644838,8218.572122,22.0,,3.0,586.9296875,,0
1782299857.744832,8218.672116,23.0,,3.0,586.9296875,,0
1782299857.844836,8218.772121,24.0,,3.0,586.9296875,,0
1782299857.944835,8218.872120,24.0,,3.0,586.9296875,,0
1782299858.044842,8218.972127,22.0,,3.0,586.9296875,,0
1782299858.144835,8219.072119,26.0,,3.0,586.9296875,,0
1782299858.244835,8219.172120,22.0,,3.0,586.9296875,,0
1782299858.344835,8219.272120,22.0,,3.0,586.9296875,,0
1782299858.444836,8219.372121,22.0,,3.0,586.9296875,,0
1782299858.544836,8219.472121,21.0,,3.0,586.9296875,,0
1782299858.644847,8219.572132,22.0,,3.0,586.9296875,,0
1782299858.744833,8219.672118,22.0,,3.0,586.9296875,,0
1782299858.844837,8219.772122,22.0,,3.0,586.9296875,,0
1782299858.944837,8219.872122,21.0,,3.0,586.9296875,,0
1782299859.044909,8219.972192,22.0,,3.0,586.9296875,,0
1782299859.144837,8220.072121,24.0,,3.0,586.9296875,,0
1782299859.244837,8220.172121,22.0,,3.0,586.9296875,,0
1782299859.344834,8220.272119,23.0,,3.0,586.9296875,,0
1782299859.444842,8220.372126,22.0,,3.0,586.9296875,,0
1782299859.544837,8220.472121,22.0,,3.0,586.9296875,,0
1782299859.644836,8220.572121,22.0,,3.0,586.9296875,,0
1782299859.744836,8220.672121,23.0,,3.0,586.9296875,,0
1782299859.844845,8220.772130,21.0,,3.0,586.9296875,,0
1782299859.944757,8220.872041,24.0,,3.0,586.9296875,,0
1782299860.044819,8220.972104,22.0,,3.0,586.9296875,,0
1782299860.144910,8221.072193,21.0,,3.0,586.9296875,,0
1782299860.244836,8221.172120,21.0,,3.0,586.9296875,,0
1782299860.344913,8221.272196,21.0,,3.0,586.9296875,,0
1782299860.444844,8221.372128,21.0,,3.0,586.9296875,,0
1782299860.544835,8221.472119,21.0,,3.0,586.9296875,,0
1782299860.644846,8221.572131,21.0,,3.0,586.9296875,,0
1782299860.744836,8221.672121,22.0,,3.0,586.9296875,,0
1782299860.844755,8221.772040,21.0,,3.0,586.9296875,,0
1782299860.944724,8221.872007,19.0,,3.0,586.9296875,,0
1782299861.044836,8221.972121,21.0,,3.0,586.9296875,,0
1782299861.144834,8222.072119,19.0,,3.0,586.9296875,,0
1782299861.244838,8222.172123,19.0,,3.0,586.9296875,,0
1782299861.344838,8222.272122,21.0,,3.0,586.9296875,,0
1782299861.444829,8222.372114,21.0,,3.0,586.9296875,,0
1782299861.544835,8222.472119,21.0,,3.0,586.9296875,,0
1782299861.644831,8222.572116,20.0,,3.0,586.9296875,,0
1782299861.744724,8222.672007,211.0,,97.0,586.9296875,,0
1782299861.844797,8222.772081,285.0,,99.0,586.9296875,,0
1782299861.944849,8222.872134,255.0,,99.0,586.9296875,,0
1782299862.044832,8222.972116,263.0,,99.0,586.9296875,,0
1782299862.144835,8223.072118,277.0,,99.0,586.9296875,,0
1782299862.244846,8223.172129,277.0,,99.0,586.9296875,,0
1782299862.344848,8223.272132,272.0,,99.0,586.9296875,,0
1782299862.444841,8223.372124,285.0,,99.0,586.9296875,,0
1782299862.544820,8223.472103,286.0,,99.0,586.9296875,,0
1782299862.644854,8223.572138,289.0,,99.0,586.9296875,,0
1782299862.744846,8223.672131,294.0,,99.0,586.9296875,,0
1782299862.844836,8223.772120,298.0,,99.0,586.9296875,,0
1782299862.944841,8223.872124,305.0,,99.0,586.9296875,,0
1782299863.044849,8223.972133,301.0,,99.0,586.9296875,,0
1782299863.144848,8224.072132,299.0,,99.0,586.9296875,,0
1782299863.244855,8224.172140,299.0,,99.0,586.9296875,,0
1782299863.344851,8224.272136,300.0,,99.0,586.9296875,,0
1782299863.444841,8224.372126,300.0,,99.0,586.9296875,,0
1782299863.544860,8224.472145,303.0,,99.0,586.9296875,,0
1782299863.644850,8224.572134,299.0,,99.0,586.9296875,,0
1782299863.744842,8224.672127,300.0,,99.0,586.9296875,,0
1782299863.844859,8224.772143,300.0,,99.0,586.9296875,,0
1782299863.944757,8224.872042,300.0,,99.0,586.9296875,,0
1782299864.044819,8224.972104,299.0,,99.0,586.9296875,,0
1782299864.144843,8225.072126,300.0,,99.0,586.9296875,,0
1782299864.244837,8225.172122,299.0,,99.0,586.9296875,,0
1782299864.344841,8225.272126,300.0,,99.0,586.9296875,,0
1782299864.444844,8225.372129,299.0,,99.0,586.9296875,,0
1782299864.544808,8225.472091,300.0,,99.0,586.9296875,,0
1782299864.644834,8225.572117,300.0,,99.0,586.9296875,,0
1782299864.744848,8225.672133,299.0,,99.0,586.9296875,,0
1782299864.844837,8225.772121,299.0,,99.0,586.9296875,,0
1782299864.944811,8225.872095,299.0,,99.0,586.9296875,,0
1782299865.044832,8225.972117,300.0,,99.0,586.9296875,,0
1782299865.144848,8226.072132,299.0,,99.0,586.9296875,,0
1782299865.244835,8226.172119,299.0,,99.0,586.9296875,,0
1782299865.344847,8226.272132,300.0,,99.0,586.9296875,,0
1782299865.444842,8226.372127,299.0,,99.0,586.9296875,,0
1782299865.544722,8226.472005,299.0,,99.0,586.9296875,,0
1782299865.644844,8226.572130,300.0,,99.0,586.9296875,,0
1782299865.744852,8226.672136,299.0,,99.0,586.9296875,,0
1782299865.844740,8226.772024,299.0,,99.0,586.9296875,,0
1782299865.944721,8226.872005,300.0,,99.0,586.9296875,,0
1782299866.044801,8226.972086,299.0,,99.0,586.9296875,,0
1782299866.144836,8227.072121,299.0,,99.0,586.9296875,,0
1782299866.244848,8227.172133,299.0,,99.0,586.9296875,,0
1782299866.344845,8227.272129,300.0,,99.0,586.9296875,,0
1782299866.444835,8227.372120,299.0,,99.0,586.9296875,,0
1782299866.544850,8227.472134,299.0,,99.0,586.9296875,,0
1782299866.644826,8227.572110,300.0,,99.0,586.9296875,,0
1782299866.744848,8227.672132,299.0,,99.0,586.9296875,,0
1782299866.844834,8227.772118,300.0,,99.0,586.9296875,,0
1782299866.944851,8227.872135,300.0,,99.0,586.9296875,,0
1782299867.044841,8227.972126,300.0,,99.0,586.9296875,,0
1782299867.144847,8228.072131,299.0,,99.0,586.9296875,,0
1782299867.244745,8228.172030,299.0,,99.0,586.9296875,,0
1782299867.344845,8228.272129,300.0,,99.0,586.9296875,,0
1782299867.444846,8228.372130,300.0,,99.0,586.9296875,,0
1782299867.544842,8228.472127,300.0,,99.0,586.9296875,,0
1782299867.644843,8228.572127,300.0,,99.0,586.9296875,,0
1782299867.744840,8228.672123,299.0,,99.0,586.9296875,,0
1782299867.844802,8228.772087,299.0,,99.0,586.9296875,,0
1782299867.944721,8228.872005,300.0,,99.0,586.9296875,,0
1782299868.044745,8228.972030,299.0,,99.0,586.9296875,,0
1782299868.144831,8229.072116,299.0,,99.0,586.9296875,,0
1782299868.244849,8229.172134,299.0,,99.0,586.9296875,,0
1782299868.344837,8229.272122,300.0,,99.0,586.9296875,,0
1782299868.444846,8229.372130,299.0,,99.0,586.9296875,,0
1782299868.544835,8229.472119,299.0,,99.0,586.9296875,,0
1782299868.644821,8229.572106,300.0,,99.0,586.9296875,,0
1782299868.744846,8229.672130,299.0,,99.0,586.9296875,,0
1782299868.844846,8229.772131,284.0,,99.0,586.9296875,,0
1782299868.944848,8229.872133,300.0,,99.0,586.9296875,,0
1782299869.044857,8229.972141,300.0,,99.0,586.9296875,,0
1782299869.144843,8230.072128,300.0,,99.0,586.9296875,,0
1782299869.244837,8230.172121,300.0,,99.0,586.9296875,,0
1782299869.344847,8230.272131,299.0,,99.0,586.9296875,,0
1782299869.444833,8230.372116,300.0,,99.0,586.9296875,,0
1782299869.544848,8230.472131,300.0,,99.0,586.9296875,,0
1782299869.644840,8230.572125,299.0,,99.0,586.9296875,,0
1782299869.744844,8230.672128,300.0,,99.0,586.9296875,,0
1782299869.844838,8230.772122,299.0,,99.0,586.9296875,,0
1782299869.944855,8230.872139,300.0,,99.0,586.9296875,,0
1782299870.044821,8230.972106,299.0,,99.0,586.9296875,,0
1782299870.144849,8231.072133,300.0,,99.0,586.9296875,,0
1782299870.244850,8231.172135,300.0,,99.0,586.9296875,,0
1782299870.344845,8231.272128,299.0,,99.0,586.9296875,,0
1782299870.444834,8231.372118,300.0,,99.0,586.9296875,,0
1782299870.544852,8231.472137,300.0,,99.0,586.9296875,,0
1782299870.644831,8231.572115,299.0,,99.0,586.9296875,,0
1782299870.744840,8231.672123,300.0,,99.0,586.9296875,,0
1782299870.844834,8231.772117,300.0,,99.0,586.9296875,,0
1782299870.944846,8231.872129,299.0,,99.0,586.9296875,,0
1782299871.044856,8231.972141,300.0,,99.0,586.9296875,,0
1782299871.144838,8232.072123,299.0,,99.0,586.9296875,,0
1782299871.244851,8232.172134,299.0,,99.0,586.9296875,,0
1782299871.344834,8232.272117,300.0,,99.0,586.9296875,,0
1782299871.444844,8232.372128,300.0,,99.0,586.9296875,,0
1782299871.544836,8232.472121,299.0,,99.0,586.9296875,,0
1782299871.644846,8232.572131,299.0,,99.0,586.9296875,,0
1782299871.744845,8232.672129,300.0,,99.0,586.9296875,,0
1782299871.844845,8232.772128,299.0,,99.0,586.9296875,,0
1782299871.944855,8232.872139,299.0,,99.0,586.9296875,,0
1782299872.044838,8232.972123,300.0,,99.0,586.9296875,,0
1782299872.144830,8233.072113,299.0,,99.0,586.9296875,,0
1782299872.244847,8233.172132,300.0,,99.0,586.9296875,,0
1782299872.344848,8233.272133,299.0,,99.0,586.9296875,,0
1782299872.444844,8233.372129,299.0,,99.0,586.9296875,,0
1782299872.544833,8233.472118,300.0,,99.0,586.9296875,,0
1782299872.644853,8233.572136,300.0,,99.0,586.9296875,,0
1782299872.744844,8233.672128,300.0,,99.0,586.9296875,,0
1782299872.844844,8233.772128,299.0,,99.0,586.9296875,,0
1782299872.944854,8233.872140,300.0,,99.0,586.9296875,,0
1782299873.044834,8233.972118,299.0,,99.0,586.9296875,,0
1782299873.144834,8234.072119,300.0,,99.0,586.9296875,,0
1782299873.244842,8234.172127,299.0,,99.0,586.9296875,,0
1782299873.344831,8234.272115,300.0,,99.0,586.9296875,,0
1782299873.444845,8234.372130,300.0,,99.0,586.9296875,,0
1782299873.544848,8234.472131,300.0,,99.0,586.9296875,,0
1782299873.644841,8234.572125,299.0,,99.0,586.9296875,,0
1782299873.744839,8234.672122,300.0,,99.0,586.9296875,,0
1782299873.844738,8234.772023,299.0,,99.0,586.9296875,,0
1782299873.944721,8234.872005,300.0,,99.0,586.9296875,,0
1782299874.044798,8234.972082,299.0,,99.0,586.9296875,,0
1782299874.144835,8235.072118,300.0,,99.0,586.9296875,,0
1782299874.244833,8235.172118,299.0,,99.0,586.9296875,,0
1782299874.344842,8235.272125,300.0,,99.0,586.9296875,,0
1782299874.444843,8235.372127,299.0,,99.0,586.9296875,,0
1782299874.544832,8235.472116,300.0,,99.0,586.9296875,,0
1782299874.644850,8235.572135,300.0,,99.0,586.9296875,,0
1782299874.744856,8235.672140,299.0,,99.0,586.9296875,,0
1782299874.844838,8235.772123,300.0,,99.0,586.9296875,,0
1782299874.944847,8235.872130,299.0,,99.0,586.9296875,,0
1782299875.044847,8235.972131,300.0,,99.0,586.9296875,,0
1782299875.144835,8236.072119,300.0,,99.0,586.9296875,,0
1782299875.244841,8236.172125,299.0,,99.0,586.9296875,,0
1782299875.344833,8236.272117,300.0,,99.0,586.9296875,,0
1782299875.444848,8236.372133,299.0,,99.0,586.9296875,,0
1782299875.544847,8236.472131,299.0,,99.0,586.9296875,,0
1782299875.644855,8236.572139,299.0,,99.0,586.9296875,,0
1782299875.744843,8236.672126,300.0,,99.0,586.9296875,,0
1782299875.844808,8236.772093,299.0,,99.0,586.9296875,,0
1782299875.944828,8236.872112,299.0,,99.0,586.9296875,,0
1782299876.044849,8236.972134,300.0,,99.0,586.9296875,,0
1782299876.144848,8237.072133,299.0,,99.0,586.9296875,,0
1782299876.244829,8237.172114,299.0,,99.0,586.9296875,,0
1782299876.344832,8237.272115,300.0,,99.0,586.9296875,,0
1782299876.444851,8237.372135,299.0,,99.0,586.9296875,,0
1782299876.544848,8237.472133,300.0,,99.0,586.9296875,,0
1782299876.644830,8237.572115,300.0,,99.0,586.9296875,,0
1782299876.744848,8237.672131,299.0,,99.0,586.9296875,,0
1782299876.844851,8237.772136,300.0,,99.0,586.9296875,,0
1782299876.944849,8237.872132,300.0,,99.0,586.9296875,,0
1782299877.044851,8237.972136,299.0,,99.0,586.9296875,,0
1782299877.144846,8238.072129,299.0,,99.0,586.9296875,,0
1782299877.244844,8238.172128,306.0,,99.0,586.9296875,,0
1782299877.344844,8238.272128,304.0,,99.0,586.9296875,,0
1782299877.444798,8238.372082,303.0,,99.0,586.9296875,,0
1782299877.544825,8238.472109,299.0,,99.0,586.9296875,,0
1782299877.644854,8238.572139,308.0,,99.0,586.9296875,,0
1782299877.744849,8238.672132,302.0,,99.0,586.9296875,,0
1782299877.844844,8238.772127,303.0,,99.0,586.9296875,,0
1782299877.944831,8238.872116,305.0,,99.0,586.9296875,,0
1782299878.044847,8238.972130,305.0,,99.0,586.9296875,,0
1782299878.144845,8239.072129,305.0,,99.0,586.9296875,,0
1782299878.244834,8239.172119,303.0,,99.0,586.9296875,,0
1782299878.344841,8239.272125,304.0,,99.0,586.9296875,,0
1782299878.444843,8239.372127,301.0,,99.0,586.9296875,,0
1782299878.544841,8239.472124,296.0,,99.0,586.9296875,,0
1782299878.644838,8239.572122,300.0,,99.0,586.9296875,,0
1782299878.744850,8239.672133,297.0,,99.0,586.9296875,,0
1782299878.844849,8239.772132,309.0,,99.0,586.9296875,,0
1782299878.944848,8239.872133,294.0,,99.0,586.9296875,,0
1782299879.044838,8239.972122,300.0,,99.0,586.9296875,,0
1782299879.144833,8240.072118,299.0,,99.0,586.9296875,,0
1782299879.244838,8240.172122,300.0,,99.0,586.9296875,,0
1782299879.344846,8240.272131,299.0,,99.0,586.9296875,,0
1782299879.444855,8240.372139,300.0,,99.0,586.9296875,,0
1782299879.544832,8240.472116,299.0,,99.0,586.9296875,,0
1782299879.644834,8240.572117,300.0,,99.0,586.9296875,,0
1782299879.744854,8240.672137,300.0,,99.0,586.9296875,,0
1782299879.844842,8240.772127,299.0,,99.0,586.9296875,,0
1782299879.944844,8240.872128,299.0,,99.0,586.9296875,,0
1782299880.044837,8240.972121,300.0,,99.0,586.9296875,,0
1782299880.144844,8241.072128,299.0,,99.0,586.9296875,,0
1782299880.244849,8241.172134,300.0,,99.0,586.9296875,,0
1782299880.344960,8241.272243,292.0,,99.0,586.9296875,,0
1782299880.444721,8241.372004,300.0,,99.0,586.9296875,,0
1782299880.544721,8241.472004,300.0,,99.0,586.9296875,,0
1782299880.644796,8241.572081,299.0,,99.0,586.9296875,,0
1782299880.744833,8241.672116,300.0,,99.0,586.9296875,,0
1782299880.844853,8241.772138,300.0,,99.0,586.9296875,,0
1782299880.944815,8241.872098,300.0,,99.0,586.9296875,,0
1782299881.044829,8241.972114,300.0,,99.0,586.9296875,,0
1782299881.144844,8242.072128,299.0,,99.0,586.9296875,,0
1782299881.244853,8242.172137,299.0,,99.0,586.9296875,,0
1782299881.344831,8242.272115,300.0,,99.0,586.9296875,,0
1782299881.444821,8242.372106,300.0,,99.0,586.9296875,,0
1782299881.544847,8242.472132,299.0,,99.0,586.9296875,,0
1782299881.644844,8242.572128,299.0,,99.0,586.9296875,,0
1782299881.744851,8242.672135,300.0,,99.0,586.9296875,,0
1782299881.844846,8242.772131,299.0,,99.0,586.9296875,,0
1782299881.944845,8242.872129,299.0,,99.0,586.9296875,,0
1782299882.044833,8242.972116,300.0,,99.0,586.9296875,,0
1782299882.144831,8243.072116,299.0,,99.0,586.9296875,,0
1782299882.244830,8243.172114,300.0,,99.0,586.9296875,,0
1782299882.344843,8243.272128,299.0,,99.0,586.9296875,,0
1782299882.444843,8243.372128,299.0,,99.0,586.9296875,,0
1782299882.544851,8243.472134,299.0,,99.0,586.9296875,,0
1782299882.644848,8243.572133,300.0,,99.0,586.9296875,,0
1782299882.744840,8243.672125,300.0,,99.0,586.9296875,,0
1782299882.844833,8243.772118,299.0,,99.0,586.9296875,,0
1782299882.944842,8243.872127,300.0,,99.0,586.9296875,,0
1782299883.044843,8243.972128,300.0,,99.0,586.9296875,,0
1782299883.144846,8244.072129,300.0,,99.0,586.9296875,,0
1782299883.244830,8244.172114,299.0,,99.0,586.9296875,,0
1782299883.344835,8244.272119,300.0,,99.0,586.9296875,,0
1782299883.444836,8244.372119,299.0,,99.0,586.9296875,,0
1782299883.544843,8244.472129,299.0,,99.0,586.9296875,,0
1782299883.644847,8244.572132,300.0,,99.0,586.9296875,,0
1782299883.744843,8244.672127,300.0,,99.0,586.9296875,,0
1782299883.844834,8244.772119,299.0,,99.0,586.9296875,,0
1782299883.944826,8244.872110,299.0,,99.0,586.9296875,,0
1782299884.044849,8244.972134,299.0,,99.0,586.9296875,,0
1782299884.144844,8245.072129,300.0,,99.0,586.9296875,,0
1782299884.244838,8245.172123,299.0,,99.0,586.9296875,,0
1782299884.344836,8245.272119,299.0,,99.0,586.9296875,,0
1782299884.444836,8245.372121,300.0,,99.0,586.9296875,,0
1782299884.544842,8245.472126,300.0,,99.0,586.9296875,,0
1782299884.644841,8245.572125,299.0,,99.0,586.9296875,,0
1782299884.744862,8245.672147,300.0,,99.0,586.9296875,,0
1782299884.844855,8245.772140,299.0,,99.0,586.9296875,,0
1782299884.944845,8245.872129,299.0,,99.0,586.9296875,,0
1782299885.044849,8245.972134,299.0,,99.0,586.9296875,,0
1782299885.144833,8246.072117,299.0,,99.0,586.9296875,,0
1782299885.244833,8246.172117,300.0,,99.0,586.9296875,,0
1782299885.344846,8246.272130,299.0,,99.0,586.9296875,,0
1782299885.444847,8246.372132,300.0,,99.0,586.9296875,,0
1782299885.544843,8246.472127,299.0,,99.0,586.9296875,,0
1782299885.644844,8246.572129,300.0,,99.0,586.9296875,,0
1782299885.744832,8246.672116,299.0,,99.0,586.9296875,,0
1782299885.844832,8246.772117,300.0,,99.0,586.9296875,,0
1782299885.944827,8246.872110,300.0,,99.0,586.9296875,,0
1782299886.044845,8246.972128,300.0,,99.0,586.9296875,,0
1782299886.144849,8247.072134,299.0,,99.0,586.9296875,,0
1782299886.244833,8247.172116,300.0,,99.0,586.9296875,,0
1782299886.344854,8247.272139,300.0,,99.0,586.9296875,,0
1782299886.444839,8247.372122,299.0,,99.0,586.9296875,,0
1782299886.544856,8247.472139,299.0,,99.0,586.9296875,,0
1782299886.644851,8247.572135,300.0,,99.0,586.9296875,,0
1782299886.744847,8247.672131,299.0,,99.0,586.9296875,,0
1782299886.844846,8247.772131,300.0,,99.0,586.9296875,,0
1782299886.944863,8247.872147,300.0,,99.0,586.9296875,,0
1782299887.044834,8247.972117,299.0,,99.0,586.9296875,,0
1782299887.144850,8248.072133,300.0,,99.0,586.9296875,,0
1782299887.244844,8248.172129,299.0,,99.0,586.9296875,,0
1782299887.344852,8248.272137,299.0,,99.0,586.9296875,,0
1782299887.444846,8248.372130,300.0,,99.0,586.9296875,,0
1782299887.544737,8248.472021,300.0,,99.0,586.9296875,,0
1782299887.644722,8248.572005,299.0,,99.0,586.9296875,,0
1782299887.744721,8248.672005,300.0,,99.0,586.9296875,,0
1782299887.844805,8248.772090,300.0,,99.0,586.9296875,,0
1782299887.944742,8248.872027,299.0,,99.0,586.9296875,,0
1782299888.044845,8248.972129,300.0,,99.0,586.9296875,,0
1782299888.144845,8249.072129,299.0,,99.0,586.9296875,,0
1782299888.244843,8249.172128,300.0,,99.0,586.9296875,,0
1782299888.344839,8249.272124,299.0,,99.0,586.9296875,,0
1782299888.444834,8249.372118,299.0,,99.0,586.9296875,,0
1782299888.544857,8249.472141,300.0,,99.0,586.9296875,,0
1782299888.644852,8249.572135,300.0,,99.0,586.9296875,,0
1782299888.744861,8249.672145,300.0,,99.0,586.9296875,,0
1782299888.844858,8249.772141,299.0,,99.0,586.9296875,,0
1782299888.944760,8249.872045,299.0,,99.0,586.9296875,,0
1782299889.044831,8249.972115,300.0,,99.0,586.9296875,,0
1782299889.144834,8250.072118,299.0,,99.0,586.9296875,,0
1782299889.244851,8250.172134,299.0,,99.0,586.9296875,,0
1782299889.344852,8250.272136,300.0,,99.0,586.9296875,,0
1782299889.444848,8250.372132,299.0,,99.0,586.9296875,,0
1782299889.544852,8250.472136,300.0,,99.0,586.9296875,,0
1782299889.644845,8250.572129,299.0,,99.0,586.9296875,,0
1782299889.744825,8250.672110,300.0,,99.0,586.9296875,,0
1782299889.844723,8250.772006,299.0,,99.0,586.9296875,,0
1782299889.944846,8250.872131,300.0,,99.0,586.9296875,,0
1782299890.044829,8250.972113,300.0,,99.0,586.9296875,,0
1782299890.144857,8251.072140,300.0,,99.0,586.9296875,,0
1782299890.244851,8251.172135,299.0,,99.0,586.9296875,,0
1782299890.344751,8251.272036,299.0,,99.0,586.9296875,,0
1782299890.444854,8251.372138,300.0,,99.0,586.9296875,,0
1782299890.544758,8251.472042,299.0,,99.0,586.9296875,,0
1782299890.644859,8251.572142,300.0,,99.0,586.9296875,,0
1782299890.744842,8251.672127,299.0,,99.0,586.9296875,,0
1782299890.844832,8251.772116,299.0,,99.0,586.9296875,,0
1782299890.944833,8251.872117,300.0,,99.0,586.9296875,,0
1782299891.044835,8251.972118,299.0,,99.0,586.9296875,,0
1782299891.144847,8252.072132,299.0,,99.0,586.9296875,,0
1782299891.244857,8252.172142,300.0,,99.0,586.9296875,,0
1782299891.344849,8252.272133,299.0,,99.0,586.9296875,,0
1782299891.444846,8252.372131,299.0,,99.0,586.9296875,,0
1782299891.544758,8252.472042,299.0,,99.0,586.9296875,,0
1782299891.644835,8252.572118,300.0,,99.0,586.9296875,,0
1782299891.744829,8252.672113,300.0,,99.0,586.9296875,,0
1782299891.844847,8252.772132,300.0,,99.0,586.9296875,,0
1782299891.944835,8252.872120,299.0,,99.0,586.9296875,,0
1782299892.044847,8252.972131,300.0,,99.0,586.9296875,,0
1782299892.144846,8253.072130,299.0,,99.0,586.9296875,,0
1782299892.244853,8253.172138,300.0,,99.0,586.9296875,,0
1782299892.344755,8253.272039,292.0,,100.0,586.9296875,,0
1782299892.444847,8253.372132,299.0,,99.0,586.9296875,,0
1782299892.544851,8253.472135,300.0,,99.0,586.9296875,,0
1782299892.644844,8253.572128,300.0,,99.0,586.9296875,,0
1782299892.744826,8253.672110,300.0,,99.0,586.9296875,,0
1782299892.844829,8253.772114,299.0,,99.0,586.9296875,,0
1782299892.944846,8253.872130,300.0,,99.0,586.9296875,,0
1782299893.044852,8253.972135,300.0,,99.0,586.9296875,,0
1782299893.144849,8254.072134,299.0,,99.0,586.9296875,,0
1782299893.244807,8254.172092,303.0,,100.0,586.9296875,,0
1782299893.344846,8254.272130,300.0,,99.0,586.9296875,,0
1782299893.444861,8254.372146,299.0,,99.0,586.9296875,,0
1782299893.544805,8254.472089,306.0,,99.0,586.9296875,,0
1782299893.644847,8254.572133,300.0,,99.0,586.9296875,,0
1782299893.744831,8254.672114,305.0,,99.0,586.9296875,,0
1782299893.844832,8254.772116,304.0,,99.0,586.9296875,,0
1782299893.944847,8254.872132,294.0,,99.0,586.9296875,,0
1782299894.044826,8254.972110,303.0,,99.0,586.9296875,,0
1782299894.144824,8255.072109,301.0,,100.0,586.9296875,,0
1782299894.244720,8255.172004,300.0,,99.0,586.9296875,,0
1782299894.344804,8255.272089,300.0,,99.0,586.9296875,,0
1782299894.444839,8255.372124,299.0,,99.0,586.9296875,,0
1782299894.544845,8255.472129,300.0,,99.0,586.9296875,,0
1782299894.644826,8255.572111,300.0,,99.0,586.9296875,,0
1782299894.744836,8255.672121,302.0,,99.0,586.9296875,,0
1782299894.844845,8255.772129,308.0,,99.0,586.9296875,,0
1782299894.944839,8255.872124,299.0,,99.0,586.9296875,,0
1782299895.044844,8255.972127,297.0,,99.0,586.9296875,,0
1782299895.144847,8256.072131,306.0,,100.0,586.9296875,,0
1782299895.244847,8256.172133,299.0,,99.0,586.9296875,,0
1782299895.344839,8256.272124,300.0,,99.0,586.9296875,,0
1782299895.444797,8256.372081,299.0,,99.0,586.9296875,,0
1782299895.544722,8256.472005,300.0,,99.0,586.9296875,,0
1782299895.644831,8256.572116,299.0,,99.0,586.9296875,,0
1782299895.744826,8256.672111,299.0,,99.0,586.9296875,,0
1782299895.844838,8256.772122,300.0,,99.0,586.9296875,,0
1782299895.944800,8256.872084,300.0,,99.0,586.9296875,,0
1782299896.044797,8256.972081,299.0,,99.0,586.9296875,,0
1782299896.144847,8257.072132,300.0,,99.0,586.9296875,,0
1782299896.244834,8257.172118,299.0,,99.0,586.9296875,,0
1782299896.344834,8257.272118,300.0,,99.0,586.9296875,,0
1782299896.444833,8257.372118,299.0,,99.0,586.9296875,,0
1782299896.544834,8257.472117,300.0,,99.0,586.9296875,,0
1782299896.644843,8257.572126,299.0,,99.0,586.9296875,,0
1782299896.744833,8257.672118,44.0,,3.0,586.9296875,,0
1782299896.844833,8257.772118,42.0,,3.0,586.9296875,,0
1782299896.944855,8257.872139,26.0,,3.0,586.9296875,,0
1782299897.044836,8257.972121,26.0,,3.0,586.9296875,,0
1782299897.144832,8258.072116,23.0,,3.0,586.9296875,,0
1782299897.244833,8258.172118,23.0,,3.0,586.9296875,,0
1782299897.344832,8258.272117,23.0,,3.0,586.9296875,,0
1782299897.444839,8258.372124,23.0,,3.0,586.9296875,,0
1782299897.544842,8258.472127,23.0,,3.0,586.9296875,,0
1782299897.644833,8258.572118,23.0,,3.0,586.9296875,,0
1782299897.744831,8258.672116,24.0,,3.0,586.9296875,,0
1782299897.844832,8258.772117,23.0,,3.0,586.9296875,,0
1782299897.944836,8258.872120,23.0,,3.0,586.9296875,,0
1782299898.044832,8258.972116,25.0,,3.0,586.9296875,,0
1782299898.144830,8259.072115,23.0,,3.0,586.9296875,,0
1782299898.244834,8259.172119,24.0,,3.0,586.9296875,,0
1782299898.344835,8259.272120,24.0,,3.0,586.9296875,,0
1782299898.444831,8259.372116,23.0,,3.0,586.9296875,,0
1782299898.544831,8259.472115,27.0,,3.0,586.9296875,,0
1782299898.644839,8259.572123,23.0,,3.0,586.9296875,,0
1782299898.744839,8259.672124,23.0,,3.0,586.9296875,,0
1782299898.844830,8259.772115,19.0,,3.0,586.9296875,,0
1782299898.944834,8259.872119,22.0,,3.0,586.9296875,,0
1782299899.044835,8259.972120,22.0,,3.0,586.9296875,,0
1782299899.144832,8260.072117,20.0,,3.0,586.9296875,,0
1782299899.244832,8260.172117,22.0,,3.0,586.9296875,,0
1782299899.344831,8260.272116,21.0,,3.0,586.9296875,,0
1782299899.444832,8260.372116,21.0,,3.0,586.9296875,,0
1782299899.544829,8260.472114,21.0,,3.0,586.9296875,,0
1782299899.644834,8260.572118,22.0,,3.0,586.9296875,,0
1782299899.744837,8260.672121,23.0,,3.0,586.9296875,,0
1782299899.844832,8260.772117,20.0,,3.0,586.9296875,,0
1782299899.944832,8260.872117,22.0,,3.0,586.9296875,,0
1782299900.044835,8260.972119,22.0,,3.0,586.9296875,,0
1782299900.144841,8261.072126,20.0,,3.0,586.9296875,,0
1782299900.244834,8261.172119,22.0,,3.0,586.9296875,,0
1782299900.344834,8261.272118,21.0,,3.0,586.9296875,,0
1782299900.444832,8261.372116,21.0,,4.0,586.9296875,,0
1782299900.544833,8261.472118,22.0,,3.0,586.9296875,,0
1782299900.644832,8261.572116,21.0,,3.0,586.9296875,,0
1782299900.744832,8261.672116,20.0,,3.0,586.9296875,,0
1782299900.844832,8261.772117,21.0,,3.0,586.9296875,,0
1782299900.944831,8261.872116,21.0,,3.0,586.9296875,,0
1782299901.044833,8261.972117,21.0,,3.0,586.9296875,,0
1782299901.144836,8262.072121,20.0,,3.0,586.9296875,,0
1782299901.244836,8262.172121,20.0,,3.0,586.9296875,,0
1782299901.344835,8262.272119,20.0,,3.0,586.9296875,,0
1782299901.444835,8262.372120,22.0,,3.0,586.9296875,,0
1782299901.544832,8262.472116,20.0,,3.0,586.9296875,,0
1782299901.644835,8262.572120,19.0,,3.0,586.9296875,,0
1782299901.744745,8262.672028,207.0,,96.0,586.9296875,,0
1782299901.844741,8262.772024,250.0,,99.0,586.9296875,,0
1782299901.944741,8262.872024,276.0,,99.0,586.9296875,,0
1782299902.044741,8262.972024,276.0,,99.0,586.9296875,,0
1782299902.144744,8263.072027,278.0,,99.0,586.9296875,,0
1782299902.244740,8263.172023,281.0,,99.0,586.9296875,,0
1782299902.344740,8263.272023,283.0,,99.0,586.9296875,,0
1782299902.444740,8263.372023,285.0,,99.0,586.9296875,,0
1782299902.544741,8263.472024,287.0,,99.0,586.9296875,,0
1782299902.644738,8263.572021,292.0,,99.0,586.9296875,,0
1782299902.744740,8263.672023,296.0,,99.0,586.9296875,,0
1782299902.844739,8263.772022,302.0,,99.0,586.9296875,,0
1782299902.944738,8263.872021,306.0,,99.0,586.9296875,,0
1782299903.044739,8263.972023,297.0,,99.0,586.9296875,,0
1782299903.144737,8264.072021,299.0,,99.0,586.9296875,,0
1782299903.244739,8264.172022,300.0,,99.0,586.9296875,,0
1782299903.344739,8264.272022,299.0,,99.0,586.9296875,,0
1782299903.444738,8264.372021,299.0,,99.0,586.9296875,,0
1782299903.544802,8264.472087,300.0,,99.0,586.9296875,,0
1782299903.644844,8264.572127,299.0,,99.0,586.9296875,,0
1782299903.744852,8264.672136,300.0,,99.0,586.9296875,,0
1782299903.844841,8264.772124,299.0,,99.0,586.9296875,,0
1782299903.944851,8264.872134,300.0,,99.0,586.9296875,,0
1782299904.044863,8264.972148,299.0,,99.0,586.9296875,,0
1782299904.144838,8265.072123,299.0,,99.0,586.9296875,,0
1782299904.244857,8265.172142,300.0,,99.0,586.9296875,,0
1782299904.344845,8265.272128,299.0,,99.0,586.9296875,,0
1782299904.444833,8265.372118,300.0,,99.0,586.9296875,,0
1782299904.544854,8265.472139,300.0,,99.0,586.9296875,,0
1782299904.644846,8265.572130,299.0,,99.0,586.9296875,,0
1782299904.744838,8265.672121,299.0,,99.0,586.9296875,,0
1782299904.844846,8265.772130,300.0,,99.0,586.9296875,,0
1782299904.944848,8265.872132,299.0,,99.0,586.9296875,,0
1782299905.044847,8265.972131,299.0,,99.0,586.9296875,,0
1782299905.144851,8266.072137,300.0,,99.0,586.9296875,,0
1782299905.244856,8266.172139,300.0,,99.0,586.9296875,,0
1782299905.344836,8266.272119,300.0,,99.0,586.9296875,,0
1782299905.444849,8266.372135,299.0,,99.0,586.9296875,,0
1782299905.544847,8266.472132,300.0,,99.0,586.9296875,,0
1782299905.644837,8266.572121,299.0,,99.0,586.9296875,,0
1782299905.744855,8266.672140,300.0,,99.0,586.9296875,,0
1782299905.844825,8266.772110,300.0,,99.0,586.9296875,,0
1782299905.944846,8266.872130,299.0,,99.0,586.9296875,,0
1782299906.044862,8266.972146,300.0,,99.0,586.9296875,,0
1782299906.144830,8267.072113,299.0,,99.0,586.9296875,,0
1782299906.244836,8267.172120,300.0,,99.0,586.9296875,,0
1782299906.344852,8267.272137,299.0,,99.0,586.9296875,,0
1782299906.444837,8267.372120,300.0,,99.0,586.9296875,,0
1782299906.544877,8267.472161,300.0,,99.0,586.9296875,,0
1782299906.644851,8267.572136,299.0,,99.0,586.9296875,,0
1782299906.744840,8267.672124,300.0,,99.0,586.9296875,,0
1782299906.844862,8267.772146,300.0,,99.0,586.9296875,,0
1782299906.944848,8267.872131,299.0,,99.0,586.9296875,,0
1782299907.044865,8267.972150,300.0,,99.0,586.9296875,,0
1782299907.144854,8268.072139,299.0,,99.0,586.9296875,,0
1782299907.244842,8268.172126,300.0,,99.0,586.9296875,,0
1782299907.344844,8268.272128,300.0,,99.0,586.9296875,,0
1782299907.444837,8268.372120,299.0,,99.0,586.9296875,,0
1782299907.544871,8268.472154,300.0,,99.0,586.9296875,,0
1782299907.644841,8268.572124,299.0,,99.0,586.9296875,,0
1782299907.744855,8268.672140,300.0,,99.0,586.9296875,,0
1782299907.844853,8268.772137,299.0,,99.0,586.9296875,,0
1782299907.944843,8268.872128,299.0,,99.0,586.9296875,,0
1782299908.044852,8268.972137,300.0,,99.0,586.9296875,,0
1782299908.144849,8269.072134,300.0,,99.0,586.9296875,,0
1782299908.244837,8269.172122,300.0,,99.0,586.9296875,,0
1782299908.344844,8269.272127,299.0,,99.0,586.9296875,,0
1782299908.444851,8269.372136,300.0,,99.0,586.9296875,,0
1782299908.544839,8269.472124,299.0,,99.0,586.9296875,,0
1782299908.644844,8269.572129,300.0,,99.0,586.9296875,,0
1782299908.744852,8269.672136,300.0,,99.0,586.9296875,,0
1782299908.844853,8269.772138,299.0,,99.0,586.9296875,,0
1782299908.944873,8269.872157,300.0,,99.0,586.9296875,,0
1782299909.044839,8269.972124,299.0,,99.0,586.9296875,,0
1782299909.144850,8270.072134,300.0,,99.0,586.9296875,,0
1782299909.244833,8270.172118,299.0,,99.0,586.9296875,,0
1782299909.344849,8270.272134,304.0,,98.0,586.9296875,,0
1782299909.444851,8270.372135,299.0,,99.0,586.9296875,,0
1782299909.544841,8270.472127,296.0,,100.0,586.9296875,,0
1782299909.644855,8270.572139,299.0,,99.0,586.9296875,,0
1782299909.744837,8270.672122,302.0,,100.0,586.9296875,,0
1782299909.844857,8270.772141,306.0,,99.0,586.9296875,,0
1782299909.944842,8270.872126,300.0,,99.0,586.9296875,,0
1782299910.044848,8270.972132,300.0,,99.0,586.9296875,,0
1782299910.144851,8271.072134,299.0,,99.0,586.9296875,,0
1782299910.244838,8271.172123,302.0,,99.0,586.9296875,,0
1782299910.344849,8271.272134,301.0,,99.0,586.9296875,,0
1782299910.444839,8271.372123,306.0,,99.0,586.9296875,,0
1782299910.544851,8271.472135,300.0,,99.0,586.9296875,,0
1782299910.644740,8271.572023,300.0,,99.0,586.9296875,,0
1782299910.744740,8271.672023,300.0,,99.0,586.9296875,,0
1782299910.844739,8271.772023,299.0,,99.0,586.9296875,,0
1782299910.944741,8271.872024,299.0,,99.0,586.9296875,,0
1782299911.044739,8271.972022,300.0,,99.0,586.9296875,,0
1782299911.144741,8272.072024,299.0,,99.0,586.9296875,,0
1782299911.244738,8272.172021,300.0,,99.0,586.9296875,,0
1782299911.344721,8272.272005,299.0,,99.0,586.9296875,,0
1782299911.444738,8272.372021,299.0,,99.0,586.9296875,,0
1782299911.544802,8272.472086,300.0,,99.0,586.9296875,,0
1782299911.644840,8272.572125,295.0,,99.0,586.9296875,,0
1782299911.744858,8272.672142,299.0,,99.0,586.9296875,,0
1782299911.844835,8272.772119,300.0,,99.0,586.9296875,,0
1782299911.944845,8272.872130,299.0,,99.0,586.9296875,,0
1782299912.044740,8272.972023,300.0,,99.0,586.9296875,,0
1782299912.144803,8273.072088,300.0,,99.0,586.9296875,,0
1782299912.244852,8273.172137,300.0,,99.0,586.9296875,,0
1782299912.344862,8273.272145,299.0,,99.0,586.9296875,,0
1782299912.444833,8273.372116,299.0,,99.0,586.9296875,,0
1782299912.544851,8273.472136,300.0,,99.0,586.9296875,,0
1782299912.644855,8273.572139,300.0,,99.0,586.9296875,,0
1782299912.744832,8273.672115,299.0,,99.0,586.9296875,,0
1782299912.844853,8273.772139,300.0,,99.0,586.9296875,,0
1782299912.944844,8273.872127,300.0,,99.0,586.9296875,,0
1782299913.044844,8273.972128,299.0,,99.0,586.9296875,,0
1782299913.144854,8274.072138,299.0,,99.0,586.9296875,,0
1782299913.244854,8274.172138,300.0,,99.0,586.9296875,,0
1782299913.344854,8274.272138,300.0,,99.0,586.9296875,,0
1782299913.444854,8274.372139,299.0,,99.0,586.9296875,,0
1782299913.544833,8274.472118,299.0,,99.0,586.9296875,,0
1782299913.644848,8274.572132,299.0,,99.0,586.9296875,,0
1782299913.744843,8274.672128,299.0,,99.0,586.9296875,,0
1782299913.844850,8274.772135,300.0,,99.0,586.9296875,,0
1782299913.944854,8274.872137,299.0,,99.0,586.9296875,,0
1782299914.044831,8274.972116,300.0,,99.0,586.9296875,,0
1782299914.144738,8275.072021,299.0,,99.0,586.9296875,,0
1782299914.244721,8275.172004,300.0,,99.0,586.9296875,,0
1782299914.344741,8275.272024,299.0,,99.0,586.9296875,,0
1782299914.444740,8275.372023,300.0,,99.0,586.9296875,,0
1782299914.544740,8275.472024,299.0,,99.0,586.9296875,,0
1782299914.644740,8275.572023,300.0,,99.0,586.9296875,,0
1782299914.744740,8275.672023,300.0,,99.0,586.9296875,,0
1782299914.844741,8275.772024,300.0,,99.0,586.9296875,,0
1782299914.944738,8275.872021,299.0,,99.0,586.9296875,,0
1782299915.044741,8275.972024,300.0,,99.0,586.9296875,,0
1782299915.144740,8276.072023,299.0,,99.0,586.9296875,,0
1782299915.244739,8276.172023,300.0,,99.0,586.9296875,,0
1782299915.344740,8276.272023,299.0,,99.0,586.9296875,,0
1782299915.444738,8276.372021,299.0,,99.0,586.9296875,,0
1782299915.544802,8276.472087,300.0,,99.0,586.9296875,,0
1782299915.644845,8276.572130,299.0,,99.0,586.9296875,,0
1782299915.744851,8276.672136,300.0,,99.0,586.9296875,,0
1782299915.844855,8276.772140,300.0,,99.0,586.9296875,,0
1782299915.944833,8276.872116,299.0,,99.0,586.9296875,,0
1782299916.044850,8276.972134,299.0,,99.0,586.9296875,,0
1782299916.144852,8277.072136,300.0,,99.0,586.9296875,,0
1782299916.244830,8277.172115,300.0,,99.0,586.9296875,,0
1782299916.344852,8277.272137,299.0,,99.0,586.9296875,,0
1782299916.444843,8277.372127,300.0,,99.0,586.9296875,,0
1782299916.544849,8277.472134,299.0,,99.0,586.9296875,,0
1782299916.644847,8277.572131,299.0,,99.0,586.9296875,,0
1782299916.744841,8277.672126,300.0,,99.0,586.9296875,,0
1782299916.844856,8277.772140,299.0,,99.0,586.9296875,,0
1782299916.944834,8277.872119,300.0,,99.0,586.9296875,,0
1782299917.044838,8277.972122,299.0,,99.0,586.9296875,,0
1782299917.144852,8278.072137,300.0,,99.0,586.9296875,,0
1782299917.244851,8278.172135,299.0,,99.0,586.9296875,,0
1782299917.344837,8278.272121,300.0,,99.0,586.9296875,,0
1782299917.444850,8278.372136,299.0,,99.0,586.9296875,,0
1782299917.544840,8278.472125,300.0,,99.0,586.9296875,,0
1782299917.644851,8278.572136,300.0,,99.0,586.9296875,,0
1782299917.744843,8278.672128,299.0,,99.0,586.9296875,,0
1782299917.844854,8278.772139,299.0,,99.0,586.9296875,,0
1782299917.944824,8278.872109,300.0,,99.0,586.9296875,,0
1782299918.044853,8278.972138,299.0,,99.0,586.9296875,,0
1782299918.144850,8279.072133,299.0,,99.0,586.9296875,,0
1782299918.244834,8279.172117,300.0,,99.0,586.9296875,,0
1782299918.344855,8279.272140,299.0,,99.0,586.9296875,,0
1782299918.444784,8279.372067,300.0,,99.0,586.9296875,,0
1782299918.544741,8279.472024,299.0,,99.0,586.9296875,,0
1782299918.644740,8279.572023,300.0,,99.0,586.9296875,,0
1782299918.744739,8279.672023,299.0,,99.0,586.9296875,,0
1782299918.844741,8279.772024,299.0,,99.0,586.9296875,,0
1782299918.944739,8279.872022,300.0,,99.0,586.9296875,,0
1782299919.044740,8279.972024,299.0,,99.0,586.9296875,,0
1782299919.144741,8280.072024,300.0,,99.0,586.9296875,,0
1782299919.244738,8280.172021,300.0,,99.0,586.9296875,,0
1782299919.344721,8280.272004,299.0,,99.0,586.9296875,,0
1782299919.444739,8280.372022,300.0,,99.0,586.9296875,,0
1782299919.544739,8280.472022,299.0,,99.0,586.9296875,,0
1782299919.644741,8280.572024,300.0,,99.0,586.9296875,,0
1782299919.744741,8280.672024,300.0,,99.0,586.9296875,,0
1782299919.844740,8280.772023,300.0,,99.0,586.9296875,,0
1782299919.944738,8280.872021,299.0,,99.0,586.9296875,,0
1782299920.044741,8280.972024,299.0,,99.0,586.9296875,,0
1782299920.144720,8281.072003,300.0,,99.0,586.9296875,,0
1782299920.244720,8281.172003,299.0,,99.0,586.9296875,,0
1782299920.344740,8281.272023,299.0,,99.0,586.9296875,,0
1782299920.444739,8281.372022,300.0,,99.0,586.9296875,,0
1782299920.544741,8281.472024,299.0,,99.0,586.9296875,,0
1782299920.644740,8281.572023,300.0,,99.0,586.9296875,,0
1782299920.744740,8281.672023,299.0,,99.0,586.9296875,,0
1782299920.844741,8281.772024,299.0,,99.0,586.9296875,,0
1782299920.944739,8281.872023,300.0,,99.0,586.9296875,,0
1782299921.044741,8281.972024,300.0,,99.0,586.9296875,,0
1782299921.144741,8282.072024,300.0,,99.0,586.9296875,,0
1782299921.244740,8282.172023,300.0,,99.0,586.9296875,,0
1782299921.344738,8282.272021,299.0,,99.0,586.9296875,,0
1782299921.444741,8282.372024,300.0,,99.0,586.9296875,,0
1782299921.544739,8282.472022,299.0,,99.0,586.9296875,,0
1782299921.644740,8282.572023,300.0,,99.0,586.9296875,,0
1782299921.744741,8282.672024,291.0,,99.0,586.9296875,,0
1782299921.844740,8282.772024,299.0,,99.0,586.9296875,,0
1782299921.944739,8282.872023,299.0,,99.0,586.9296875,,0
1782299922.044783,8282.972067,300.0,,99.0,586.9296875,,0
1782299922.144799,8283.072083,299.0,,99.0,586.9296875,,0
1782299922.244797,8283.172081,300.0,,99.0,586.9296875,,0
1782299922.344800,8283.272083,299.0,,99.0,586.9296875,,0
1782299922.444783,8283.372067,299.0,,99.0,586.9296875,,0
1782299922.544808,8283.472092,300.0,,99.0,586.9296875,,0
1782299922.644793,8283.572076,300.0,,99.0,586.9296875,,0
1782299922.744739,8283.672022,299.0,,99.0,586.9296875,,0
1782299922.844739,8283.772023,300.0,,99.0,586.9296875,,0
1782299922.944741,8283.872024,299.0,,99.0,586.9296875,,0
1782299923.044741,8283.972024,300.0,,99.0,586.9296875,,0
1782299923.144741,8284.072024,299.0,,99.0,586.9296875,,0
1782299923.244739,8284.172022,299.0,,99.0,586.9296875,,0
1782299923.344840,8284.272123,300.0,,99.0,586.9296875,,0
1782299923.444802,8284.372087,300.0,,99.0,586.9296875,,0
1782299923.544860,8284.472143,299.0,,99.0,586.9296875,,0
1782299923.644836,8284.572120,300.0,,99.0,586.9296875,,0
1782299923.744848,8284.672131,299.0,,99.0,586.9296875,,0
1782299923.844859,8284.772143,300.0,,99.0,586.9296875,,0
1782299923.944817,8284.872100,299.0,,99.0,586.9296875,,0
1782299924.044834,8284.972119,300.0,,99.0,586.9296875,,0
1782299924.144844,8285.072128,300.0,,99.0,586.9296875,,0
1782299924.244842,8285.172126,300.0,,99.0,586.9296875,,0
1782299924.344841,8285.272124,299.0,,99.0,586.9296875,,0
1782299924.444834,8285.372119,299.0,,99.0,586.9296875,,0
1782299924.544857,8285.472140,300.0,,99.0,586.9296875,,0
1782299924.644853,8285.572136,299.0,,99.0,586.9296875,,0
1782299924.744833,8285.672116,300.0,,99.0,586.9296875,,0
1782299924.844838,8285.772121,299.0,,99.0,586.9296875,,0
1782299924.944846,8285.872131,300.0,,99.0,586.9296875,,0
1782299925.044820,8285.972106,299.0,,99.0,586.9296875,,0
1782299925.144835,8286.072120,299.0,,99.0,586.9296875,,0
1782299925.244846,8286.172130,300.0,,99.0,586.9296875,,0
1782299925.344840,8286.272125,300.0,,99.0,586.9296875,,0
1782299925.444839,8286.372124,299.0,,99.0,586.9296875,,0
1782299925.544835,8286.472119,299.0,,99.0,586.9296875,,0
1782299925.644846,8286.572130,300.0,,99.0,586.9296875,,0
1782299925.744847,8286.672132,299.0,,99.0,586.9296875,,0
1782299925.844842,8286.772127,299.0,,99.0,586.9296875,,0
1782299925.944837,8286.872121,292.0,,99.0,586.9296875,,0
1782299926.044834,8286.972118,294.0,,99.0,586.9296875,,0
1782299926.144840,8287.072124,314.0,,99.0,586.9296875,,0
1782299926.244842,8287.172125,300.0,,99.0,586.9296875,,0
1782299926.344845,8287.272128,290.0,,99.0,586.9296875,,0
1782299926.444820,8287.372105,290.0,,99.0,586.9296875,,0
1782299926.544836,8287.472120,305.0,,99.0,586.9296875,,0
1782299926.644846,8287.572131,295.0,,100.0,586.9296875,,0
1782299926.744844,8287.672128,290.0,,99.0,586.9296875,,0
1782299926.844836,8287.772119,294.0,,99.0,586.9296875,,0
1782299926.944829,8287.872114,294.0,,99.0,586.9296875,,0
1782299927.044841,8287.972124,289.0,,100.0,586.9296875,,0
1782299927.144841,8288.072126,300.0,,99.0,586.9296875,,0
1782299927.244846,8288.172131,300.0,,99.0,586.9296875,,0
1782299927.344838,8288.272122,299.0,,99.0,586.9296875,,0
1782299927.444842,8288.372127,299.0,,99.0,586.9296875,,0
1782299927.544846,8288.472129,299.0,,99.0,586.9296875,,0
1782299927.644847,8288.572130,300.0,,99.0,586.9296875,,0
1782299927.744844,8288.672128,300.0,,99.0,586.9296875,,0
1782299927.844832,8288.772117,299.0,,99.0,586.9296875,,0
1782299927.944849,8288.872134,299.0,,99.0,586.9296875,,0
1782299928.044846,8288.972130,291.0,,99.0,586.9296875,,0
1782299928.144838,8289.072121,299.0,,99.0,586.9296875,,0
1782299928.244821,8289.172105,300.0,,99.0,586.9296875,,0
1782299928.344849,8289.272134,300.0,,99.0,586.9296875,,0
1782299928.444851,8289.372134,300.0,,99.0,586.9296875,,0
1782299928.544834,8289.472117,299.0,,99.0,586.9296875,,0
1782299928.644840,8289.572123,299.0,,99.0,586.9296875,,0
1782299928.744845,8289.672129,300.0,,99.0,586.9296875,,0
1782299928.844842,8289.772126,299.0,,99.0,586.9296875,,0
1782299928.944844,8289.872128,300.0,,99.0,586.9296875,,0
1782299929.044823,8289.972107,299.0,,99.0,586.9296875,,0
1782299929.144833,8290.072117,300.0,,99.0,586.9296875,,0
1782299929.244846,8290.172129,300.0,,99.0,586.9296875,,0
1782299929.344855,8290.272138,299.0,,99.0,586.9296875,,0
1782299929.444849,8290.372132,300.0,,99.0,586.9296875,,0
1782299929.544834,8290.472118,299.0,,99.0,586.9296875,,0
1782299929.644831,8290.572114,300.0,,99.0,586.9296875,,0
1782299929.744824,8290.672108,299.0,,99.0,586.9296875,,0
1782299929.844844,8290.772129,299.0,,99.0,586.9296875,,0
1782299929.944843,8290.872127,300.0,,99.0,586.9296875,,0
1782299930.044837,8290.972120,300.0,,99.0,586.9296875,,0
1782299930.144833,8291.072116,299.0,,99.0,586.9296875,,0
1782299930.244842,8291.172126,299.0,,99.0,586.9296875,,0
1782299930.344848,8291.272131,300.0,,99.0,586.9296875,,0
1782299930.444846,8291.372131,299.0,,99.0,586.9296875,,0
1782299930.544846,8291.472130,299.0,,99.0,586.9296875,,0
1782299930.644848,8291.572133,300.0,,99.0,586.9296875,,0
1782299930.744850,8291.672135,299.0,,99.0,586.9296875,,0
1782299930.844850,8291.772134,300.0,,99.0,586.9296875,,0
1782299930.944843,8291.872128,300.0,,99.0,586.9296875,,0
1782299931.044841,8291.972125,299.0,,99.0,586.9296875,,0
1782299931.144844,8292.072127,300.0,,99.0,586.9296875,,0
1782299931.244835,8292.172118,299.0,,99.0,586.9296875,,0
1782299931.344846,8292.272130,300.0,,99.0,586.9296875,,0
1782299931.444845,8292.372129,299.0,,99.0,586.9296875,,0
1782299931.544830,8292.472115,300.0,,99.0,586.9296875,,0
1782299931.644834,8292.572118,299.0,,99.0,586.9296875,,0
1782299931.744856,8292.672139,299.0,,99.0,586.9296875,,0
1782299931.844844,8292.772127,300.0,,99.0,586.9296875,,0
1782299931.944860,8292.872144,300.0,,99.0,586.9296875,,0
1782299932.044836,8292.972120,299.0,,99.0,586.9296875,,0
1782299932.144851,8293.072134,300.0,,99.0,586.9296875,,0
1782299932.244847,8293.172131,300.0,,99.0,586.9296875,,0
1782299932.344845,8293.272129,299.0,,99.0,586.9296875,,0
1782299932.444847,8293.372131,300.0,,99.0,586.9296875,,0
1782299932.544830,8293.472114,300.0,,99.0,586.9296875,,0
1782299932.644853,8293.572136,300.0,,99.0,586.9296875,,0
1782299932.744840,8293.672125,299.0,,99.0,586.9296875,,0
1782299932.844851,8293.772135,300.0,,99.0,586.9296875,,0
1782299932.944839,8293.872122,300.0,,99.0,586.9296875,,0
1782299933.044829,8293.972113,299.0,,99.0,586.9296875,,0
1782299933.144833,8294.072116,299.0,,99.0,586.9296875,,0
1782299933.244846,8294.172130,300.0,,99.0,586.9296875,,0
1782299933.344844,8294.272129,299.0,,99.0,586.9296875,,0
1782299933.444851,8294.372135,300.0,,99.0,586.9296875,,0
1782299933.544830,8294.472115,300.0,,99.0,586.9296875,,0
1782299933.644846,8294.572129,299.0,,99.0,586.9296875,,0
1782299933.744843,8294.672128,299.0,,99.0,586.9296875,,0
1782299933.844841,8294.772125,300.0,,99.0,586.9296875,,0
1782299933.944843,8294.872128,300.0,,99.0,586.9296875,,0
1782299934.044848,8294.972131,299.0,,99.0,586.9296875,,0
1782299934.144850,8295.072133,300.0,,99.0,586.9296875,,0
1782299934.244833,8295.172117,299.0,,99.0,586.9296875,,0
1782299934.344840,8295.272125,300.0,,99.0,586.9296875,,0
1782299934.444850,8295.372133,299.0,,99.0,586.9296875,,0
1782299934.544838,8295.472123,300.0,,99.0,586.9296875,,0
1782299934.644845,8295.572130,300.0,,99.0,586.9296875,,0
1782299934.744845,8295.672129,299.0,,99.0,586.9296875,,0
1782299934.844845,8295.772128,300.0,,99.0,586.9296875,,0
1782299934.944853,8295.872136,300.0,,99.0,586.9296875,,0
1782299935.044832,8295.972116,299.0,,99.0,586.9296875,,0
1782299935.144831,8296.072116,300.0,,99.0,586.9296875,,0
1782299935.244844,8296.172127,299.0,,99.0,586.9296875,,0
1782299935.344842,8296.272127,300.0,,99.0,586.9296875,,0
1782299935.444843,8296.372126,299.0,,99.0,586.9296875,,0
1782299935.544847,8296.472132,300.0,,99.0,586.9296875,,0
1782299935.644831,8296.572114,299.0,,99.0,586.9296875,,0
1782299935.744832,8296.672117,299.0,,99.0,586.9296875,,0
1782299935.844840,8296.772123,300.0,,99.0,586.9296875,,0
1782299935.944841,8296.872126,300.0,,99.0,586.9296875,,0
1782299936.044849,8296.972133,299.0,,99.0,586.9296875,,0
1782299936.144847,8297.072130,300.0,,99.0,586.9296875,,0
1782299936.244830,8297.172115,300.0,,99.0,586.9296875,,0
1782299936.344838,8297.272122,300.0,,99.0,586.9296875,,0
1782299936.444840,8297.372125,299.0,,99.0,586.9296875,,0
1782299936.544831,8297.472114,300.0,,99.0,586.9296875,,0
1782299936.644835,8297.572121,299.0,,99.0,586.9296875,,0
1782299936.744833,8297.672118,54.0,,8.0,586.9296875,,0
1782299936.844832,8297.772117,41.0,,3.0,586.9296875,,0
1782299936.944837,8297.872121,31.0,,3.0,586.9296875,,0
1782299937.044832,8297.972116,25.0,,3.0,586.9296875,,0
1782299937.144832,8298.072116,23.0,,3.0,586.9296875,,0
1782299937.244837,8298.172122,24.0,,3.0,586.9296875,,0
1782299937.344832,8298.272116,25.0,,3.0,586.9296875,,0
1782299937.444831,8298.372116,24.0,,3.0,586.9296875,,0
1782299937.544831,8298.472116,24.0,,3.0,586.9296875,,0
1782299937.644832,8298.572116,24.0,,3.0,586.9296875,,0
1782299937.744833,8298.672118,24.0,,3.0,586.9296875,,0
1782299937.844833,8298.772118,26.0,,3.0,586.9296875,,0
1782299937.944831,8298.872116,23.0,,3.0,586.9296875,,0
1782299938.044833,8298.972118,26.0,,3.0,586.9296875,,0
1782299938.144831,8299.072116,22.0,,3.0,586.9296875,,0
1782299938.244833,8299.172118,22.0,,3.0,586.9296875,,0
1782299938.344833,8299.272118,22.0,,3.0,586.9296875,,0
1782299938.444832,8299.372117,25.0,,3.0,586.9296875,,0
1782299938.544834,8299.472118,23.0,,3.0,586.9296875,,0
1782299938.644833,8299.572117,22.0,,3.0,586.9296875,,0
1782299938.744832,8299.672116,23.0,,3.0,586.9296875,,0
1782299938.844831,8299.772115,23.0,,3.0,586.9296875,,0
1782299938.944907,8299.872191,25.0,,3.0,586.9296875,,0
1782299939.044834,8299.972119,23.0,,3.0,586.9296875,,0
1782299939.144833,8300.072118,21.0,,3.0,586.9296875,,0
1782299939.244836,8300.172121,22.0,,3.0,586.9296875,,0
1782299939.344835,8300.272120,22.0,,3.0,586.9296875,,0
1782299939.444833,8300.372118,20.0,,3.0,586.9296875,,0
1782299939.544841,8300.472126,23.0,,3.0,586.9296875,,0
1782299939.644833,8300.572118,23.0,,3.0,586.9296875,,0
1782299939.744831,8300.672115,22.0,,3.0,586.9296875,,0
1782299939.844832,8300.772117,23.0,,3.0,586.9296875,,0
1782299939.944831,8300.872115,22.0,,3.0,586.9296875,,0
1782299940.044833,8300.972118,22.0,,3.0,586.9296875,,0
1782299940.144832,8301.072117,23.0,,3.0,586.9296875,,0
1782299940.244832,8301.172116,21.0,,3.0,586.9296875,,0
1782299940.344845,8301.272130,22.0,,3.0,586.9296875,,0
1782299940.444833,8301.372118,21.0,,3.0,586.9296875,,0
1782299940.544834,8301.472119,20.0,,3.0,586.9296875,,0
1782299940.644833,8301.572117,21.0,,2.0,586.9296875,,0
1782299940.744832,8301.672117,22.0,,3.0,586.9296875,,0
1782299940.844833,8301.772117,22.0,,3.0,586.9296875,,0
1782299940.944834,8301.872119,22.0,,3.0,586.9296875,,0
1782299941.044836,8301.972120,20.0,,3.0,586.9296875,,0
1782299941.144831,8302.072116,20.0,,3.0,586.9296875,,0
1782299941.244833,8302.172117,22.0,,3.0,586.9296875,,0
1782299941.344838,8302.272122,21.0,,3.0,586.9296875,,0
1782299941.444831,8302.372116,21.0,,3.0,586.9296875,,0
1782299941.544830,8302.472115,19.0,,3.0,586.9296875,,0
1782299941.644834,8302.572119,19.0,,3.0,586.9296875,,0
1782299941.744744,8302.672027,214.0,,99.0,586.9296875,,0
1782299941.844740,8302.772023,247.0,,99.0,586.9296875,,0
1782299941.944741,8302.872024,276.0,,99.0,586.9296875,,0
1782299942.044741,8302.972024,276.0,,99.0,586.9296875,,0
1782299942.144755,8303.072039,278.0,,99.0,586.9296875,,0
1782299942.244741,8303.172024,280.0,,99.0,586.9296875,,0
1782299942.344740,8303.272023,284.0,,99.0,586.9296875,,0
1782299942.444740,8303.372023,286.0,,99.0,586.9296875,,0
1782299942.544741,8303.472024,290.0,,99.0,586.9296875,,0
1782299942.644739,8303.572023,294.0,,99.0,586.9296875,,0
1782299942.744740,8303.672023,299.0,,99.0,586.9296875,,0
1782299942.844740,8303.772023,304.0,,99.0,586.9296875,,0
1782299942.944740,8303.872023,302.0,,99.0,586.9296875,,0
1782299943.044741,8303.972024,299.0,,99.0,586.9296875,,0
1782299943.144741,8304.072024,300.0,,99.0,586.9296875,,0
1782299943.244738,8304.172021,300.0,,99.0,586.9296875,,0
1782299943.344723,8304.272006,299.0,,99.0,586.9296875,,0
1782299943.444741,8304.372024,300.0,,99.0,586.9296875,,0
1782299943.544740,8304.472023,299.0,,99.0,586.9296875,,0
1782299943.644741,8304.572024,300.0,,99.0,586.9296875,,0
1782299943.744740,8304.672023,299.0,,99.0,586.9296875,,0
1782299943.844740,8304.772023,299.0,,99.0,586.9296875,,0
1782299943.944741,8304.872024,299.0,,99.0,586.9296875,,0
1782299944.044739,8304.972023,300.0,,99.0,586.9296875,,0
1782299944.144801,8305.072085,300.0,,99.0,586.9296875,,0
1782299944.244843,8305.172128,299.0,,99.0,586.9296875,,0
1782299944.344833,8305.272117,300.0,,99.0,586.9296875,,0
1782299944.444840,8305.372125,299.0,,99.0,586.9296875,,0
1782299944.544843,8305.472127,300.0,,99.0,586.9296875,,0
1782299944.644842,8305.572125,299.0,,99.0,586.9296875,,0
1782299944.744844,8305.672129,300.0,,99.0,586.9296875,,0
1782299944.844841,8305.772125,299.0,,99.0,586.9296875,,0
1782299944.944844,8305.872127,300.0,,99.0,586.9296875,,0
1782299945.044829,8305.972114,300.0,,99.0,586.9296875,,0
1782299945.144846,8306.072131,300.0,,99.0,586.9296875,,0
1782299945.244844,8306.172128,300.0,,99.0,586.9296875,,0
1782299945.344832,8306.272117,299.0,,99.0,586.9296875,,0
1782299945.444841,8306.372124,300.0,,99.0,586.9296875,,0
1782299945.544839,8306.472122,300.0,,99.0,586.9296875,,0
1782299945.644849,8306.572133,299.0,,99.0,586.9296875,,0
1782299945.744843,8306.672127,300.0,,99.0,586.9296875,,0
1782299945.844834,8306.772118,300.0,,99.0,586.9296875,,0
1782299945.944844,8306.872129,300.0,,99.0,586.9296875,,0
1782299946.044846,8306.972129,299.0,,99.0,586.9296875,,0
1782299946.144843,8307.072127,299.0,,99.0,586.9296875,,0
1782299946.244849,8307.172133,300.0,,99.0,586.9296875,,0
1782299946.344850,8307.272133,299.0,,99.0,586.9296875,,0
1782299946.444843,8307.372127,300.0,,99.0,586.9296875,,0
1782299946.544832,8307.472115,299.0,,99.0,586.9296875,,0
1782299946.644843,8307.572126,299.0,,99.0,586.9296875,,0
1782299946.744838,8307.672122,300.0,,99.0,586.9296875,,0
1782299946.844845,8307.772130,300.0,,99.0,586.9296875,,0
1782299946.944834,8307.872119,299.0,,99.0,586.9296875,,0
1782299947.044844,8307.972129,299.0,,99.0,586.9296875,,0
1782299947.144841,8308.072126,299.0,,99.0,586.9296875,,0
1782299947.244832,8308.172117,300.0,,99.0,586.9296875,,0
1782299947.344842,8308.272127,299.0,,99.0,586.9296875,,0
1782299947.444840,8308.372125,300.0,,99.0,586.9296875,,0
1782299947.544845,8308.472130,299.0,,99.0,586.9296875,,0
1782299947.644831,8308.572114,299.0,,99.0,586.9296875,,0
1782299947.744839,8308.672125,299.0,,99.0,586.9296875,,0
1782299947.844844,8308.772129,299.0,,99.0,586.9296875,,0
1782299947.944837,8308.872121,300.0,,99.0,586.9296875,,0
1782299948.044844,8308.972128,300.0,,99.0,586.9296875,,0
1782299948.144838,8309.072122,299.0,,99.0,586.9296875,,0
1782299948.244844,8309.172129,300.0,,99.0,586.9296875,,0
1782299948.344843,8309.272127,299.0,,99.0,586.9296875,,0
1782299948.444837,8309.372121,299.0,,99.0,586.9296875,,0
1782299948.544831,8309.472115,299.0,,99.0,586.9296875,,0
1782299948.644848,8309.572131,300.0,,99.0,586.9296875,,0
1782299948.744850,8309.672134,299.0,,99.0,586.9296875,,0
1782299948.844850,8309.772134,299.0,,99.0,586.9296875,,0
1782299948.944830,8309.872115,300.0,,99.0,586.9296875,,0
1782299949.044849,8309.972134,299.0,,99.0,586.9296875,,0
1782299949.144844,8310.072128,300.0,,99.0,586.9296875,,0
1782299949.244832,8310.172116,299.0,,99.0,586.9296875,,0
1782299949.344845,8310.272129,300.0,,99.0,586.9296875,,0
1782299949.444849,8310.372132,299.0,,99.0,586.9296875,,0
1782299949.544837,8310.472120,300.0,,99.0,586.9296875,,0
1782299949.644846,8310.572129,299.0,,99.0,586.9296875,,0
1782299949.744833,8310.672117,300.0,,99.0,586.9296875,,0
1782299949.844846,8310.772129,299.0,,99.0,586.9296875,,0
1782299949.944854,8310.872138,300.0,,99.0,586.9296875,,0
1782299950.044846,8310.972130,299.0,,99.0,586.9296875,,0
1782299950.144840,8311.072123,299.0,,99.0,586.9296875,,0
1782299950.244845,8311.172129,299.0,,99.0,586.9296875,,0
1782299950.344836,8311.272120,299.0,,99.0,586.9296875,,0
1782299950.444847,8311.372132,300.0,,99.0,586.9296875,,0
1782299950.544836,8311.472119,299.0,,99.0,586.9296875,,0
1782299950.644855,8311.572140,300.0,,99.0,586.9296875,,0
1782299950.744835,8311.672119,300.0,,99.0,586.9296875,,0
1782299950.844849,8311.772135,300.0,,99.0,586.9296875,,0
1782299950.944830,8311.872113,299.0,,99.0,586.9296875,,0
1782299951.044849,8311.972132,299.0,,99.0,586.9296875,,0
1782299951.144834,8312.072118,299.0,,99.0,586.9296875,,0
1782299951.244843,8312.172127,300.0,,99.0,586.9296875,,0
1782299951.344850,8312.272134,300.0,,99.0,586.9296875,,0
1782299951.444844,8312.372128,299.0,,99.0,586.9296875,,0
1782299951.544822,8312.472106,300.0,,99.0,586.9296875,,0
1782299951.644855,8312.572139,299.0,,99.0,586.9296875,,0
1782299951.744832,8312.672115,300.0,,99.0,586.9296875,,0
1782299951.844846,8312.772130,299.0,,99.0,586.9296875,,0
1782299951.944836,8312.872120,300.0,,99.0,586.9296875,,0
1782299952.044850,8312.972134,300.0,,99.0,586.9296875,,0
1782299952.144840,8313.072123,299.0,,99.0,586.9296875,,0
1782299952.244858,8313.172143,300.0,,99.0,586.9296875,,0
1782299952.344834,8313.272118,299.0,,99.0,586.9296875,,0
1782299952.444855,8313.372139,300.0,,99.0,586.9296875,,0
1782299952.544837,8313.472121,300.0,,99.0,586.9296875,,0
1782299952.644843,8313.572126,299.0,,99.0,586.9296875,,0
1782299952.744846,8313.672130,300.0,,99.0,586.9296875,,0
1782299952.844853,8313.772138,300.0,,99.0,586.9296875,,0
1782299952.944817,8313.872102,299.0,,99.0,586.9296875,,0
1782299953.044844,8313.972128,300.0,,99.0,586.9296875,,0
1782299953.144850,8314.072133,299.0,,99.0,586.9296875,,0
1782299953.244854,8314.172139,299.0,,99.0,586.9296875,,0
1782299953.344840,8314.272125,300.0,,99.0,586.9296875,,0
1782299953.444854,8314.372139,299.0,,99.0,586.9296875,,0
1782299953.544723,8314.472006,300.0,,99.0,586.9296875,,0
1782299953.644845,8314.572128,299.0,,99.0,586.9296875,,0
1782299953.744837,8314.672122,299.0,,99.0,586.9296875,,0
1782299953.844851,8314.772135,299.0,,99.0,586.9296875,,0
1782299953.944832,8314.872115,300.0,,99.0,586.9296875,,0
1782299954.044823,8314.972108,300.0,,99.0,586.9296875,,0
1782299954.144834,8315.072119,299.0,,99.0,586.9296875,,0
1782299954.244851,8315.172136,300.0,,99.0,586.9296875,,0
1782299954.344847,8315.272132,299.0,,99.0,586.9296875,,0
1782299954.444824,8315.372108,299.0,,99.0,586.9296875,,0
1782299954.544860,8315.472144,300.0,,99.0,586.9296875,,0
1782299954.644836,8315.572121,300.0,,99.0,586.9296875,,0
1782299954.744845,8315.672128,300.0,,99.0,586.9296875,,0
1782299954.844844,8315.772128,299.0,,99.0,586.9296875,,0
1782299954.944833,8315.872116,300.0,,99.0,586.9296875,,0
1782299955.044849,8315.972134,299.0,,99.0,586.9296875,,0
1782299955.144850,8316.072135,304.0,,99.0,586.9296875,,0
1782299955.244853,8316.172138,299.0,,99.0,586.9296875,,0
1782299955.344853,8316.272138,300.0,,99.0,586.9296875,,0
1782299955.444832,8316.372117,299.0,,99.0,586.9296875,,0
1782299955.544856,8316.472139,299.0,,99.0,586.9296875,,0
1782299955.644855,8316.572140,299.0,,99.0,586.9296875,,0
1782299955.744834,8316.672119,299.0,,99.0,586.9296875,,0
1782299955.844856,8316.772140,300.0,,99.0,586.9296875,,0
1782299955.944852,8316.872137,299.0,,99.0,586.9296875,,0
1782299956.044850,8316.972133,299.0,,99.0,586.9296875,,0
1782299956.144853,8317.072136,300.0,,99.0,586.9296875,,0
1782299956.244840,8317.172125,299.0,,99.0,586.9296875,,0
1782299956.344851,8317.272135,299.0,,99.0,586.9296875,,0
1782299956.444826,8317.372109,299.0,,99.0,586.9296875,,0
1782299956.544848,8317.472133,300.0,,99.0,586.9296875,,0
1782299956.644854,8317.572138,299.0,,99.0,586.9296875,,0
1782299956.744833,8317.672116,300.0,,99.0,586.9296875,,0
1782299956.844852,8317.772136,299.0,,99.0,586.9296875,,0
1782299956.944840,8317.872124,300.0,,99.0,586.9296875,,0
1782299957.044838,8317.972121,300.0,,99.0,586.9296875,,0
1782299957.144852,8318.072137,299.0,,99.0,586.9296875,,0
1782299957.244831,8318.172114,299.0,,99.0,586.9296875,,0
1782299957.344850,8318.272135,300.0,,99.0,586.9296875,,0
1782299957.444854,8318.372139,299.0,,99.0,586.9296875,,0
1782299957.544833,8318.472117,300.0,,99.0,586.9296875,,0
1782299957.644845,8318.572129,300.0,,99.0,586.9296875,,0
1782299957.744847,8318.672132,300.0,,99.0,586.9296875,,0
1782299957.844811,8318.772096,299.0,,99.0,586.9296875,,0
1782299957.944858,8318.872142,299.0,,99.0,586.9296875,,0
1782299958.044851,8318.972134,299.0,,99.0,586.9296875,,0
1782299958.144839,8319.072123,300.0,,99.0,586.9296875,,0
1782299958.244847,8319.172131,300.0,,99.0,586.9296875,,0
1782299958.344851,8319.272136,299.0,,99.0,586.9296875,,0
1782299958.444839,8319.372123,308.0,,99.0,586.9296875,,0
1782299958.544839,8319.472123,311.0,,98.0,586.9296875,,0
1782299958.644850,8319.572134,297.0,,99.0,586.9296875,,0
1782299958.744861,8319.672145,297.0,,100.0,586.9296875,,0
1782299958.844831,8319.772115,292.0,,99.0,586.9296875,,0
1782299958.944853,8319.872136,299.0,,99.0,586.9296875,,0
1782299959.044848,8319.972132,291.0,,99.0,586.9296875,,0
1782299959.144835,8320.072118,287.0,,99.0,586.9296875,,0
1782299959.244839,8320.172124,300.0,,99.0,586.9296875,,0
1782299959.344858,8320.272142,303.0,,99.0,586.9296875,,0
1782299959.444853,8320.372136,301.0,,99.0,586.9296875,,0
1782299959.544844,8320.472129,300.0,,99.0,586.9296875,,0
1782299959.644855,8320.572138,310.0,,100.0,586.9296875,,0
1782299959.744855,8320.672138,288.0,,99.0,586.9296875,,0
1782299959.844722,8320.772005,300.0,,99.0,586.9296875,,0
1782299959.944803,8320.872088,299.0,,100.0,586.9296875,,0
1782299960.044856,8320.972141,303.0,,99.0,586.9296875,,0
1782299960.144842,8321.072125,300.0,,99.0,586.9296875,,0
1782299960.244843,8321.172127,299.0,,99.0,586.9296875,,0
1782299960.344844,8321.272128,300.0,,99.0,586.9296875,,0
1782299960.444837,8321.372122,299.0,,99.0,586.9296875,,0
1782299960.544839,8321.472123,299.0,,99.0,586.9296875,,0
1782299960.644844,8321.572128,300.0,,99.0,586.9296875,,0
1782299960.744843,8321.672127,300.0,,99.0,586.9296875,,0
1782299960.844843,8321.772128,300.0,,99.0,586.9296875,,0
1782299960.944844,8321.872128,299.0,,99.0,586.9296875,,0
1782299961.044850,8321.972135,300.0,,99.0,586.9296875,,0
1782299961.144843,8322.072128,300.0,,99.0,586.9296875,,0
1782299961.244843,8322.172128,299.0,,99.0,586.9296875,,0
1782299961.344855,8322.272140,299.0,,99.0,586.9296875,,0
1782299961.444857,8322.372142,300.0,,99.0,586.9296875,,0
1782299961.544739,8322.472024,300.0,,99.0,586.9296875,,0
1782299961.644858,8322.572143,299.0,,99.0,586.9296875,,0
1782299961.744853,8322.672137,300.0,,99.0,586.9296875,,0
1782299961.844851,8322.772135,300.0,,99.0,586.9296875,,0
1782299961.944838,8322.872123,299.0,,99.0,586.9296875,,0
1782299962.044837,8322.972120,299.0,,99.0,586.9296875,,0
1782299962.144864,8323.072149,299.0,,99.0,586.9296875,,0
1782299962.244868,8323.172152,300.0,,99.0,586.9296875,,0
1782299962.344841,8323.272124,300.0,,99.0,586.9296875,,0
1782299962.444838,8323.372123,299.0,,99.0,586.9296875,,0
1782299962.544852,8323.472136,300.0,,99.0,586.9296875,,0
1782299962.644850,8323.572135,299.0,,99.0,586.9296875,,0
1782299962.744861,8323.672145,299.0,,99.0,586.9296875,,0
1782299962.844843,8323.772128,299.0,,99.0,586.9296875,,0
1782299962.944855,8323.872138,300.0,,99.0,586.9296875,,0
1782299963.044849,8323.972134,299.0,,99.0,586.9296875,,0
1782299963.144843,8324.072126,300.0,,99.0,586.9296875,,0
1782299963.244833,8324.172116,299.0,,99.0,586.9296875,,0
1782299963.344840,8324.272125,299.0,,99.0,586.9296875,,0
1782299963.444865,8324.372150,300.0,,99.0,586.9296875,,0
1782299963.544852,8324.472136,299.0,,99.0,586.9296875,,0
1782299963.644839,8324.572122,299.0,,99.0,586.9296875,,0
1782299963.744852,8324.672135,300.0,,99.0,586.9296875,,0
1782299963.844833,8324.772118,299.0,,99.0,586.9296875,,0
1782299963.944851,8324.872136,300.0,,99.0,586.9296875,,0
1782299964.044834,8324.972119,300.0,,99.0,586.9296875,,0
1782299964.144841,8325.072124,300.0,,99.0,586.9296875,,0
1782299964.244851,8325.172134,299.0,,99.0,586.9296875,,0
1782299964.344847,8325.272131,299.0,,99.0,586.9296875,,0
1782299964.444848,8325.372131,300.0,,99.0,586.9296875,,0
1782299964.544839,8325.472123,299.0,,99.0,586.9296875,,0
1782299964.644852,8325.572136,300.0,,99.0,586.9296875,,0
1782299964.744795,8325.672080,299.0,,99.0,586.9296875,,0
1782299964.844721,8325.772005,300.0,,99.0,586.9296875,,0
1782299964.944804,8325.872088,300.0,,99.0,586.9296875,,0
1782299965.044850,8325.972135,299.0,,99.0,586.9296875,,0
1782299965.144851,8326.072136,300.0,,99.0,586.9296875,,0
1782299965.244722,8326.172005,300.0,,99.0,586.9296875,,0
1782299965.345125,8326.272419,299.0,,99.0,586.9296875,,0
1782299965.444798,8326.372083,299.0,,99.0,586.9296875,,0
1782299965.544855,8326.472140,299.0,,99.0,586.9296875,,0
1782299965.644834,8326.572119,300.0,,99.0,586.9296875,,0
1782299965.744859,8326.672144,300.0,,99.0,586.9296875,,0
1782299965.844840,8326.772124,299.0,,99.0,586.9296875,,0
1782299965.944844,8326.872128,300.0,,99.0,586.9296875,,0
1782299966.044839,8326.972124,300.0,,99.0,586.9296875,,0
1782299966.144735,8327.072018,299.0,,99.0,586.9296875,,0
1782299966.244797,8327.172082,299.0,,99.0,586.9296875,,0
1782299966.344838,8327.272123,300.0,,99.0,586.9296875,,0
1782299966.444842,8327.372125,299.0,,99.0,586.9296875,,0
1782299966.544848,8327.472133,300.0,,99.0,586.9296875,,0
1782299966.644851,8327.572134,300.0,,99.0,586.9296875,,0
1782299966.744832,8327.672116,299.0,,99.0,586.9296875,,0
1782299966.844847,8327.772131,299.0,,99.0,586.9296875,,0
1782299966.944849,8327.872133,300.0,,99.0,586.9296875,,0
1782299967.044853,8327.972137,300.0,,99.0,586.9296875,,0
1782299967.144840,8328.072124,299.0,,99.0,586.9296875,,0
1782299967.244850,8328.172136,300.0,,99.0,586.9296875,,0
1782299967.344743,8328.272028,300.0,,99.0,586.9296875,,0
1782299967.444798,8328.372083,299.0,,99.0,586.9296875,,0
1782299967.544830,8328.472115,299.0,,99.0,586.9296875,,0
1782299967.644835,8328.572120,300.0,,99.0,586.9296875,,0
1782299967.744844,8328.672127,299.0,,99.0,586.9296875,,0
1782299967.844849,8328.772133,299.0,,99.0,586.9296875,,0
1782299967.944845,8328.872130,299.0,,99.0,586.9296875,,0
1782299968.044835,8328.972119,300.0,,99.0,586.9296875,,0
1782299968.144722,8329.072006,300.0,,99.0,586.9296875,,0
1782299968.244845,8329.172130,300.0,,99.0,586.9296875,,0
1782299968.344852,8329.272137,300.0,,99.0,586.9296875,,0
1782299968.444849,8329.372132,299.0,,99.0,586.9296875,,0
1782299968.544847,8329.472132,299.0,,99.0,586.9296875,,0
1782299968.644841,8329.572126,300.0,,99.0,586.9296875,,0
1782299968.744844,8329.672129,299.0,,99.0,586.9296875,,0
1782299968.844859,8329.772143,300.0,,99.0,586.9296875,,0
1782299968.944860,8329.872143,299.0,,99.0,586.9296875,,0
1782299969.044849,8329.972134,299.0,,99.0,586.9296875,,0
1782299969.144839,8330.072124,300.0,,99.0,586.9296875,,0
1782299969.244833,8330.172118,299.0,,99.0,586.9296875,,0
1782299969.344852,8330.272136,300.0,,99.0,586.9296875,,0
1782299969.444854,8330.372138,299.0,,99.0,586.9296875,,0
1782299969.544801,8330.472085,299.0,,99.0,586.9296875,,0
1782299969.644722,8330.572005,299.0,,99.0,586.9296875,,0
1782299969.744721,8330.672005,299.0,,99.0,586.9296875,,0
1782299969.844739,8330.772024,300.0,,99.0,586.9296875,,0
1782299969.944850,8330.872135,300.0,,99.0,586.9296875,,0
1782299970.044847,8330.972132,300.0,,99.0,586.9296875,,0
1782299970.144851,8331.072135,299.0,,99.0,586.9296875,,0
1782299970.244838,8331.172124,300.0,,99.0,586.9296875,,0
1782299970.344835,8331.272120,299.0,,99.0,586.9296875,,0
1782299970.444844,8331.372127,300.0,,99.0,586.9296875,,0
1782299970.544849,8331.472134,299.0,,99.0,586.9296875,,0
1782299970.644837,8331.572123,300.0,,99.0,586.9296875,,0
1782299970.744831,8331.672115,300.0,,99.0,586.9296875,,0
1782299970.844835,8331.772120,299.0,,99.0,586.9296875,,0
1782299970.944838,8331.872123,300.0,,99.0,586.9296875,,0
1782299971.044842,8331.972126,300.0,,99.0,586.9296875,,0
1782299971.144850,8332.072136,299.0,,99.0,586.9296875,,0
1782299971.244837,8332.172122,299.0,,99.0,586.9296875,,0
1782299971.344853,8332.272136,300.0,,99.0,586.9296875,,0
1782299971.444848,8332.372134,300.0,,99.0,586.9296875,,0
1782299971.544834,8332.472119,299.0,,99.0,586.9296875,,0
1782299971.644853,8332.572137,300.0,,99.0,586.9296875,,0
1782299971.744848,8332.672131,299.0,,99.0,586.9296875,,0
1782299971.844835,8332.772119,299.0,,99.0,586.9296875,,0
1782299971.944853,8332.872137,299.0,,99.0,586.9296875,,0
1782299972.044845,8332.972129,299.0,,99.0,586.9296875,,0
1782299972.144722,8333.072005,300.0,,99.0,586.9296875,,0
1782299972.244847,8333.172133,300.0,,99.0,586.9296875,,0
1782299972.344843,8333.272128,299.0,,99.0,586.9296875,,0
1782299972.444845,8333.372130,300.0,,99.0,586.9296875,,0
1782299972.544853,8333.472137,300.0,,99.0,586.9296875,,0
1782299972.644835,8333.572119,300.0,,99.0,586.9296875,,0
1782299972.744835,8333.672119,299.0,,99.0,586.9296875,,0
1782299972.844836,8333.772121,300.0,,99.0,586.9296875,,0
1782299972.944842,8333.872127,300.0,,99.0,586.9296875,,0
1782299973.044848,8333.972133,299.0,,99.0,586.9296875,,0
1782299973.144841,8334.072125,299.0,,99.0,586.9296875,,0
1782299973.244739,8334.172023,291.0,,99.0,586.9296875,,0
1782299973.344799,8334.272083,300.0,,99.0,586.9296875,,0
1782299973.444846,8334.372130,300.0,,99.0,586.9296875,,0
1782299973.544844,8334.472128,299.0,,99.0,586.9296875,,0
1782299973.644831,8334.572116,299.0,,99.0,586.9296875,,0
1782299973.744841,8334.672126,299.0,,99.0,586.9296875,,0
1782299973.844846,8334.772130,300.0,,99.0,586.9296875,,0
1782299973.944849,8334.872132,299.0,,99.0,586.9296875,,0
1782299974.044855,8334.972138,299.0,,99.0,586.9296875,,0
1782299974.144722,8335.072005,309.0,,99.0,586.9296875,,0
1782299974.244836,8335.172119,299.0,,99.0,586.9296875,,0
1782299974.344832,8335.272117,299.0,,99.0,586.9296875,,0
1782299974.444833,8335.372117,307.0,,98.0,586.9296875,,0
1782299974.544847,8335.472130,299.0,,99.0,586.9296875,,0
1782299974.644851,8335.572136,300.0,,99.0,586.9296875,,0
1782299974.744854,8335.672138,299.0,,99.0,586.9296875,,0
1782299974.844831,8335.772116,304.0,,99.0,586.9296875,,0
1782299974.944839,8335.872123,303.0,,99.0,586.9296875,,0
1782299975.044845,8335.972128,287.0,,99.0,586.9296875,,0
1782299975.144845,8336.072131,306.0,,99.0,586.9296875,,0
1782299975.244846,8336.172129,297.0,,99.0,586.9296875,,0
1782299975.344738,8336.272022,300.0,,99.0,586.9296875,,0
1782299975.444800,8336.372084,299.0,,99.0,586.9296875,,0
1782299975.545120,8336.472403,299.0,,99.0,586.9296875,,0
1782299975.644720,8336.572003,300.0,,99.0,586.9296875,,0
1782299975.744801,8336.672085,300.0,,99.0,586.9296875,,0
1782299975.844849,8336.772133,299.0,,99.0,586.9296875,,0
1782299975.944757,8336.872041,300.0,,99.0,586.9296875,,0
1782299976.044833,8336.972117,302.0,,99.0,586.9296875,,0
1782299976.144805,8337.072088,299.0,,99.0,586.9296875,,0
1782299976.244723,8337.172006,300.0,,99.0,586.9296875,,0
1782299976.344848,8337.272131,302.0,,99.0,586.9296875,,0
1782299976.444844,8337.372127,300.0,,99.0,586.9296875,,0
1782299976.544840,8337.472125,299.0,,99.0,586.9296875,,0
1782299976.644844,8337.572128,300.0,,99.0,586.9296875,,0
1782299976.744894,8337.672180,51.0,,3.0,354.71484375,,0
1782299976.844847,8337.772132,44.0,,2.0,354.71484375,,0
1782299976.944836,8337.872121,33.0,,,354.71484375,,0
1782299977.044836,8337.972121,33.0,,,354.71484375,,0
1782299977.144831,8338.072116,30.0,,,354.71484375,,0
