sample_epoch,mono_s,power_w,energy_uj,gfx_busy_pct,vram_used_mb,sclk_mhz,device_id
1782301253.484311,9614.411594,11.0,,,354.71484375,,0
1782301253.584472,9614.511757,11.0,,2.0,354.71484375,,0
1782301253.684460,9614.611745,12.0,,2.0,354.71484375,,0
1782301253.784459,9614.711743,10.0,,,354.71484375,,0
1782301253.884458,9614.811743,11.0,,,354.71484375,,0
1782301253.985724,9614.913008,10.0,,,354.71484375,,0
1782301254.086723,9615.014007,12.0,,,354.71484375,,0
1782301254.184480,9615.111764,11.0,,,354.71484375,,0
1782301254.284465,9615.211749,11.0,,,354.71484375,,0
1782301254.384464,9615.311748,12.0,,,354.71484375,,0
1782301254.484462,9615.411746,12.0,,,354.71484375,,0
1782301254.584461,9615.511745,10.0,,,354.71484375,,0
1782301254.684464,9615.611748,10.0,,,354.71484375,,0
1782301254.784462,9615.711746,13.0,,,354.71484375,,0
1782301254.884452,9615.811736,12.0,,1.0,354.71484375,,0
1782301254.984471,9615.911755,11.0,,,354.71484375,,0
1782301255.084463,9616.011747,10.0,,,354.71484375,,0
1782301255.184463,9616.111747,10.0,,,354.71484375,,0
1782301255.284472,9616.211755,11.0,,,354.71484375,,0
1782301255.384459,9616.311742,10.0,,,354.71484375,,0
1782301255.484461,9616.411745,11.0,,1.0,354.71484375,,0
1782301255.584464,9616.511748,15.0,,,354.71484375,,0
1782301255.684465,9616.611749,10.0,,,354.71484375,,0
1782301255.784464,9616.711748,14.0,,,354.71484375,,0
1782301255.884465,9616.811749,10.0,,,354.71484375,,0
1782301255.984462,9616.911746,10.0,,,354.71484375,,0
1782301256.084402,9617.011686,11.0,,1.0,354.71484375,,0
1782301256.184460,9617.111744,12.0,,,354.71484375,,0
1782301256.284462,9617.211746,10.0,,,354.71484375,,0
1782301256.384461,9617.311745,11.0,,,354.71484375,,0
1782301256.484463,9617.411747,11.0,,,354.71484375,,0
1782301256.584462,9617.511746,11.0,,,354.71484375,,0
1782301256.684402,9617.611686,17.0,,25.0,354.71484375,,0
1782301256.784465,9617.711749,11.0,,,354.71484375,,0
1782301256.884462,9617.811746,12.0,,,354.71484375,,0
1782301256.984458,9617.911742,10.0,,,354.71484375,,0
1782301257.084460,9618.011744,9.0,,,354.71484375,,0
1782301257.184462,9618.111746,10.0,,,354.71484375,,0
1782301257.284403,9618.211688,16.0,,2.0,354.71484375,,0
1782301257.384470,9618.311754,10.0,,,354.71484375,,0
1782301257.484467,9618.411751,10.0,,,354.71484375,,0
1782301257.584473,9618.511758,11.0,,,354.71484375,,0
1782301257.684463,9618.611748,10.0,,,354.71484375,,0
1782301257.784461,9618.711746,10.0,,,354.71484375,,0
1782301257.884402,9618.811686,12.0,,1.0,354.71484375,,0
1782301257.984458,9618.911742,14.0,,2.0,354.71484375,,0
1782301258.084460,9619.011744,11.0,,,354.71484375,,0
1782301258.184457,9619.111741,11.0,,,354.71484375,,0
1782301258.284472,9619.211756,11.0,,,354.71484375,,0
1782301258.384468,9619.311752,11.0,,,354.71484375,,0
1782301258.484451,9619.411735,17.0,,29.0,354.75,,0
1782301258.584390,9619.511674,16.0,,2.0,354.75,,0
1782301258.684391,9619.611676,10.0,,1.0,354.75,,0
1782301258.784380,9619.711664,10.0,,,354.75,,0
1782301258.884395,9619.811680,13.0,,,354.75,,0
1782301258.984454,9619.911738,12.0,,,354.75,,0
1782301259.084450,9620.011734,17.0,,7.0,584.9140625,,0
1782301259.184451,9620.111735,29.0,,54.0,584.8984375,,0
1782301259.284455,9620.211740,59.0,,77.0,584.9140625,,0
1782301259.384485,9620.311771,89.0,,100.0,584.9140625,,0
1782301259.484449,9620.411732,123.0,,99.0,584.9140625,,0
1782301259.584455,9620.511739,199.0,,99.0,584.9140625,,0
1782301259.684451,9620.611736,214.0,,99.0,584.9140625,,0
1782301259.784451,9620.711736,212.0,,99.0,584.9140625,,0
1782301259.884454,9620.811739,212.0,,99.0,584.9140625,,0
1782301259.984457,9620.911741,217.0,,99.0,584.9140625,,0
1782301260.084383,9621.011668,227.0,,99.0,584.9140625,,0
1782301260.184446,9621.111730,216.0,,99.0,584.9140625,,0
1782301260.284455,9621.211739,218.0,,99.0,584.9140625,,0
1782301260.384467,9621.311750,218.0,,99.0,584.9140625,,0
1782301260.484455,9621.411739,221.0,,99.0,584.9140625,,0
1782301260.584456,9621.511740,223.0,,99.0,584.9140625,,0
1782301260.684449,9621.611734,231.0,,99.0,584.9140625,,0
1782301260.784440,9621.711724,233.0,,100.0,584.9140625,,0
1782301260.884440,9621.811724,235.0,,100.0,584.9140625,,0
1782301260.984447,9621.911730,231.0,,99.0,584.9140625,,0
1782301261.084393,9622.011677,235.0,,99.0,584.9140625,,0
1782301261.184453,9622.111737,243.0,,100.0,584.9140625,,0
1782301261.284454,9622.211739,227.0,,100.0,584.9140625,,0
1782301261.384448,9622.311732,242.0,,99.0,584.9140625,,0
1782301261.484454,9622.411738,241.0,,99.0,584.9140625,,0
1782301261.584447,9622.511730,243.0,,99.0,584.9140625,,0
1782301261.684446,9622.611730,246.0,,100.0,584.9140625,,0
1782301261.784450,9622.711735,234.0,,99.0,584.9140625,,0
1782301261.884449,9622.811734,227.0,,99.0,584.9140625,,0
1782301261.984454,9622.911739,229.0,,99.0,584.9140625,,0
1782301262.084452,9623.011736,244.0,,99.0,584.9140625,,0
1782301262.184447,9623.111730,243.0,,99.0,584.9140625,,0
1782301262.284454,9623.211737,242.0,,99.0,584.9140625,,0
1782301262.384446,9623.311730,241.0,,99.0,584.9140625,,0
1782301262.484448,9623.411731,243.0,,99.0,584.9140625,,0
1782301262.584452,9623.511737,243.0,,99.0,584.9140625,,0
1782301262.684448,9623.611732,242.0,,99.0,584.9140625,,0
1782301262.784451,9623.711735,242.0,,99.0,584.9140625,,0
1782301262.884452,9623.811735,243.0,,99.0,584.9140625,,0
1782301262.984387,9623.911672,243.0,,99.0,584.9140625,,0
1782301263.084375,9624.011659,243.0,,99.0,584.9140625,,0
1782301263.184448,9624.111731,244.0,,99.0,584.9140625,,0
1782301263.284454,9624.211737,244.0,,99.0,584.9140625,,0
1782301263.384454,9624.311739,244.0,,99.0,584.9140625,,0
1782301263.484462,9624.411746,243.0,,99.0,584.9140625,,0
1782301263.584447,9624.511730,246.0,,99.0,584.9140625,,0
1782301263.684449,9624.611733,249.0,,99.0,584.9140625,,0
1782301263.784456,9624.711741,248.0,,99.0,584.9140625,,0
1782301263.884447,9624.811730,246.0,,99.0,584.9140625,,0
1782301263.984448,9624.911731,246.0,,99.0,584.9140625,,0
1782301264.084451,9625.011735,247.0,,99.0,584.9140625,,0
1782301264.184451,9625.111735,248.0,,99.0,584.9140625,,0
1782301264.284446,9625.211731,248.0,,99.0,584.9140625,,0
1782301264.384450,9625.311733,246.0,,99.0,584.9140625,,0
1782301264.484451,9625.411736,244.0,,99.0,584.9140625,,0
1782301264.584448,9625.511732,244.0,,99.0,584.9140625,,0
1782301264.684458,9625.611742,245.0,,99.0,584.9140625,,0
1782301264.784456,9625.711740,246.0,,99.0,584.9140625,,0
1782301264.884381,9625.811666,248.0,,99.0,584.9140625,,0
1782301264.984441,9625.911725,249.0,,99.0,584.9140625,,0
1782301265.084394,9626.011678,250.0,,99.0,584.9140625,,0
1782301265.184382,9626.111667,249.0,,99.0,584.9140625,,0
1782301265.284464,9626.211748,248.0,,99.0,584.9140625,,0
1782301265.384456,9626.311740,247.0,,99.0,584.9140625,,0
1782301265.484759,9626.412043,250.0,,99.0,584.9140625,,0
1782301265.584457,9626.511742,250.0,,99.0,584.9140625,,0
1782301265.684455,9626.611740,249.0,,99.0,584.9140625,,0
1782301265.784449,9626.711734,246.0,,99.0,584.9140625,,0
1782301265.884454,9626.811738,246.0,,99.0,584.9140625,,0
1782301265.984474,9626.911759,245.0,,99.0,584.9140625,,0
1782301266.084459,9627.011742,247.0,,99.0,584.9140625,,0
1782301266.184384,9627.111668,244.0,,99.0,584.9140625,,0
1782301266.284451,9627.211736,247.0,,99.0,584.9140625,,0
1782301266.384453,9627.311737,245.0,,99.0,584.9140625,,0
1782301266.484457,9627.411741,253.0,,99.0,584.9140625,,0
1782301266.584462,9627.511745,245.0,,99.0,584.9140625,,0
1782301266.684451,9627.611735,246.0,,99.0,584.9140625,,0
1782301266.784451,9627.711734,245.0,,99.0,584.9140625,,0
1782301266.884453,9627.811738,247.0,,99.0,584.9140625,,0
1782301266.984451,9627.911735,246.0,,99.0,584.9140625,,0
1782301267.084464,9628.011747,245.0,,99.0,584.9140625,,0
1782301267.184451,9628.111736,247.0,,99.0,584.9140625,,0
1782301267.284457,9628.211740,248.0,,99.0,584.9140625,,0
1782301267.384450,9628.311735,247.0,,99.0,584.9140625,,0
1782301267.484462,9628.411746,248.0,,99.0,584.9140625,,0
1782301267.584451,9628.511734,251.0,,99.0,584.9140625,,0
1782301267.684479,9628.611763,249.0,,99.0,584.9140625,,0
1782301267.784457,9628.711740,247.0,,99.0,584.9140625,,0
1782301267.884452,9628.811738,247.0,,99.0,584.9140625,,0
1782301267.984451,9628.911736,249.0,,99.0,584.9140625,,0
1782301268.084454,9629.011739,250.0,,99.0,584.9140625,,0
1782301268.184454,9629.111739,251.0,,99.0,584.9140625,,0
1782301268.284457,9629.211741,250.0,,99.0,584.9140625,,0
1782301268.384457,9629.311742,251.0,,99.0,584.9140625,,0
1782301268.484458,9629.411742,251.0,,99.0,584.9140625,,0
1782301268.584452,9629.511736,250.0,,99.0,584.9140625,,0
1782301268.684459,9629.611743,252.0,,99.0,584.9140625,,0
1782301268.784458,9629.711743,250.0,,99.0,584.9140625,,0
1782301268.884462,9629.811746,250.0,,99.0,584.9140625,,0
1782301268.984457,9629.911742,250.0,,99.0,584.9140625,,0
1782301269.084454,9630.011737,253.0,,99.0,584.9140625,,0
1782301269.184453,9630.111737,251.0,,99.0,584.9140625,,0
1782301269.284462,9630.211747,251.0,,99.0,584.9140625,,0
1782301269.384453,9630.311737,251.0,,99.0,584.9140625,,0
1782301269.484451,9630.411735,251.0,,99.0,584.9140625,,0
1782301269.584460,9630.511743,252.0,,99.0,584.9140625,,0
1782301269.684454,9630.611739,250.0,,99.0,584.9140625,,0
1782301269.784449,9630.711734,249.0,,99.0,584.9140625,,0
1782301269.884450,9630.811734,249.0,,99.0,584.9140625,,0
1782301269.984446,9630.911730,250.0,,99.0,584.9140625,,0
1782301270.084446,9631.011730,250.0,,99.0,584.9140625,,0
1782301270.184451,9631.111736,249.0,,99.0,584.9140625,,0
1782301270.284454,9631.211738,249.0,,99.0,584.9140625,,0
1782301270.384450,9631.311734,248.0,,99.0,584.9140625,,0
1782301270.484475,9631.411759,251.0,,99.0,584.9140625,,0
1782301270.584453,9631.511737,251.0,,99.0,584.9140625,,0
1782301270.684451,9631.611735,251.0,,99.0,584.9140625,,0
1782301270.784450,9631.711734,253.0,,99.0,584.9140625,,0
1782301270.884457,9631.811740,253.0,,99.0,584.9140625,,0
1782301270.984454,9631.911738,251.0,,99.0,584.9140625,,0
1782301271.084455,9632.011740,250.0,,99.0,584.9140625,,0
1782301271.184454,9632.111740,248.0,,99.0,584.9140625,,0
1782301271.284456,9632.211741,249.0,,99.0,584.9140625,,0
1782301271.384452,9632.311736,249.0,,99.0,584.9140625,,0
1782301271.484457,9632.411741,251.0,,99.0,584.9140625,,0
1782301271.584449,9632.511733,251.0,,99.0,584.9140625,,0
1782301271.684450,9632.611734,250.0,,99.0,584.9140625,,0
1782301271.784451,9632.711736,253.0,,99.0,584.9140625,,0
1782301271.884448,9632.811732,250.0,,99.0,584.9140625,,0
1782301271.984452,9632.911737,250.0,,99.0,584.9140625,,0
1782301272.084449,9633.011734,252.0,,99.0,584.9140625,,0
1782301272.184464,9633.111748,251.0,,99.0,584.9140625,,0
1782301272.284449,9633.211733,253.0,,99.0,584.9140625,,0
1782301272.384450,9633.311735,251.0,,99.0,584.9140625,,0
1782301272.484445,9633.411730,252.0,,99.0,584.9140625,,0
1782301272.584452,9633.511736,249.0,,99.0,584.9140625,,0
1782301272.684451,9633.611735,248.0,,99.0,584.9140625,,0
1782301272.784455,9633.711740,251.0,,99.0,584.9140625,,0
1782301272.884452,9633.811736,249.0,,99.0,584.9140625,,0
1782301272.984453,9633.911737,252.0,,99.0,584.9140625,,0
1782301273.084450,9634.011735,250.0,,99.0,584.9140625,,0
1782301273.184462,9634.111746,250.0,,99.0,584.9140625,,0
1782301273.284451,9634.211736,249.0,,99.0,584.9140625,,0
1782301273.384460,9634.311745,254.0,,99.0,584.9140625,,0
1782301273.484449,9634.411733,251.0,,99.0,584.9140625,,0
1782301273.584460,9634.511745,254.0,,99.0,584.9140625,,0
1782301273.684451,9634.611735,252.0,,99.0,584.9140625,,0
1782301273.784447,9634.711732,251.0,,99.0,584.9140625,,0
1782301273.884450,9634.811734,252.0,,99.0,584.9140625,,0
1782301273.984446,9634.911730,250.0,,99.0,584.9140625,,0
1782301274.084456,9635.011740,252.0,,99.0,584.9140625,,0
1782301274.184451,9635.111735,251.0,,99.0,584.9140625,,0
1782301274.284451,9635.211735,252.0,,99.0,584.9140625,,0
1782301274.384450,9635.311735,252.0,,99.0,584.9140625,,0
1782301274.484449,9635.411734,250.0,,99.0,584.9140625,,0
1782301274.584457,9635.511741,251.0,,99.0,584.9140625,,0
1782301274.684451,9635.611736,252.0,,99.0,584.9140625,,0
1782301274.784454,9635.711739,251.0,,99.0,584.9140625,,0
1782301274.884461,9635.811746,252.0,,99.0,584.9140625,,0
1782301274.984457,9635.911742,254.0,,99.0,584.9140625,,0
1782301275.084465,9636.011750,253.0,,99.0,584.9140625,,0
1782301275.184459,9636.111744,255.0,,99.0,584.9140625,,0
1782301275.284453,9636.211737,255.0,,99.0,584.9140625,,0
1782301275.384451,9636.311736,254.0,,99.0,584.9140625,,0
1782301275.484454,9636.411738,254.0,,99.0,584.9140625,,0
1782301275.584450,9636.511734,254.0,,99.0,584.9140625,,0
1782301275.684463,9636.611746,254.0,,99.0,584.9140625,,0
1782301275.784453,9636.711737,253.0,,99.0,584.9140625,,0
1782301275.884454,9636.811739,255.0,,99.0,584.9140625,,0
1782301275.984453,9636.911737,254.0,,99.0,584.9140625,,0
1782301276.084448,9637.011733,255.0,,99.0,584.9140625,,0
1782301276.184453,9637.111737,251.0,,99.0,584.9140625,,0
1782301276.284475,9637.211760,251.0,,99.0,584.9140625,,0
1782301276.384453,9637.311736,252.0,,99.0,584.9140625,,0
1782301276.484448,9637.411733,252.0,,99.0,584.9140625,,0
1782301276.584453,9637.511737,253.0,,99.0,584.9140625,,0
1782301276.684453,9637.611738,254.0,,99.0,584.9140625,,0
1782301276.784477,9637.711761,252.0,,99.0,584.9140625,,0
1782301276.884461,9637.811746,256.0,,99.0,584.9140625,,0
1782301276.984452,9637.911736,255.0,,99.0,584.9140625,,0
1782301277.084451,9638.011735,252.0,,99.0,584.9140625,,0
1782301277.184451,9638.111736,255.0,,99.0,584.9140625,,0
1782301277.284446,9638.211731,254.0,,99.0,584.9140625,,0
1782301277.384459,9638.311743,254.0,,99.0,584.9140625,,0
1782301277.484452,9638.411737,250.0,,99.0,584.9140625,,0
1782301277.584454,9638.511739,258.0,,99.0,584.9140625,,0
1782301277.684450,9638.611735,234.0,,99.0,584.9140625,,0
1782301277.784453,9638.711738,262.0,,99.0,584.9140625,,0
1782301277.884448,9638.811731,259.0,,99.0,584.9140625,,0
1782301277.984452,9638.911737,261.0,,99.0,584.9140625,,0
1782301278.084450,9639.011734,264.0,,99.0,584.9140625,,0
1782301278.184452,9639.111737,238.0,,99.0,584.9140625,,0
1782301278.284450,9639.211734,252.0,,99.0,584.9140625,,0
1782301278.384452,9639.311736,257.0,,100.0,584.9140625,,0
1782301278.484459,9639.411743,257.0,,100.0,584.9140625,,0
1782301278.584449,9639.511733,263.0,,99.0,584.9140625,,0
1782301278.684453,9639.611738,258.0,,100.0,584.9140625,,0
1782301278.784452,9639.711737,262.0,,99.0,584.9140625,,0
1782301278.884452,9639.811736,251.0,,100.0,584.9140625,,0
1782301278.984457,9639.911741,251.0,,100.0,584.9140625,,0
1782301279.084451,9640.011736,251.0,,99.0,584.9140625,,0
1782301279.184456,9640.111740,252.0,,99.0,584.9140625,,0
1782301279.284454,9640.211739,253.0,,99.0,584.9140625,,0
1782301279.384458,9640.311741,254.0,,99.0,584.9140625,,0
1782301279.484451,9640.411736,256.0,,99.0,584.9140625,,0
1782301279.584452,9640.511737,253.0,,99.0,584.9140625,,0
1782301279.684452,9640.611736,256.0,,99.0,584.9140625,,0
1782301279.784446,9640.711730,253.0,,99.0,584.9140625,,0
1782301279.884451,9640.811735,257.0,,99.0,584.9140625,,0
1782301279.984453,9640.911737,254.0,,99.0,584.9140625,,0
1782301280.084458,9641.011743,255.0,,99.0,584.9140625,,0
1782301280.184451,9641.111736,254.0,,99.0,584.9140625,,0
1782301280.284451,9641.211735,253.0,,99.0,584.9140625,,0
1782301280.384465,9641.311749,255.0,,99.0,584.9140625,,0
1782301280.484452,9641.411736,253.0,,99.0,584.9140625,,0
1782301280.584459,9641.511743,255.0,,99.0,584.9140625,,0
1782301280.684450,9641.611734,255.0,,99.0,584.9140625,,0
1782301280.784459,9641.711744,255.0,,99.0,584.9140625,,0
1782301280.884452,9641.811736,254.0,,99.0,584.9140625,,0
1782301280.984450,9641.911735,255.0,,99.0,584.9140625,,0
1782301281.084454,9642.011739,253.0,,99.0,584.9140625,,0
1782301281.184460,9642.111743,252.0,,99.0,584.9140625,,0
1782301281.284451,9642.211736,257.0,,99.0,584.9140625,,0
1782301281.384452,9642.311736,256.0,,99.0,584.9140625,,0
1782301281.484450,9642.411735,253.0,,99.0,584.9140625,,0
1782301281.584446,9642.511731,255.0,,99.0,584.9140625,,0
1782301281.684448,9642.611732,255.0,,99.0,584.9140625,,0
1782301281.784452,9642.711736,255.0,,99.0,584.9140625,,0
1782301281.884452,9642.811736,254.0,,99.0,584.9140625,,0
1782301281.984456,9642.911739,254.0,,99.0,584.9140625,,0
1782301282.084447,9643.011732,257.0,,99.0,584.9140625,,0
1782301282.184453,9643.111738,258.0,,99.0,584.9140625,,0
1782301282.284447,9643.211731,255.0,,99.0,584.9140625,,0
1782301282.384449,9643.311734,253.0,,99.0,584.9140625,,0
1782301282.484454,9643.411739,255.0,,99.0,584.9140625,,0
1782301282.584451,9643.511735,256.0,,99.0,584.9140625,,0
1782301282.684461,9643.611745,257.0,,99.0,584.9140625,,0
1782301282.784452,9643.711737,254.0,,99.0,584.9140625,,0
1782301282.884457,9643.811742,255.0,,99.0,584.9140625,,0
1782301282.984455,9643.911739,255.0,,99.0,584.9140625,,0
1782301283.084452,9644.011736,254.0,,99.0,584.9140625,,0
1782301283.184459,9644.111743,256.0,,99.0,584.9140625,,0
1782301283.284453,9644.211738,255.0,,99.0,584.9140625,,0
1782301283.384457,9644.311741,254.0,,99.0,584.9140625,,0
1782301283.484478,9644.411763,254.0,,99.0,584.9140625,,0
1782301283.584446,9644.511730,257.0,,99.0,584.9140625,,0
1782301283.684458,9644.611742,255.0,,99.0,584.9140625,,0
1782301283.784452,9644.711737,256.0,,99.0,584.9140625,,0
1782301283.884452,9644.811737,257.0,,99.0,584.9140625,,0
1782301283.984451,9644.911735,257.0,,99.0,584.9140625,,0
1782301284.084450,9645.011735,257.0,,99.0,584.9140625,,0
1782301284.184453,9645.111738,257.0,,99.0,584.9140625,,0
1782301284.284460,9645.211745,256.0,,99.0,584.9140625,,0
1782301284.384478,9645.311762,258.0,,99.0,584.9140625,,0
1782301284.484457,9645.411740,258.0,,99.0,584.9140625,,0
1782301284.584451,9645.511735,257.0,,99.0,584.9140625,,0
1782301284.684446,9645.611729,258.0,,99.0,584.9140625,,0
1782301284.784453,9645.711737,258.0,,99.0,584.9140625,,0
1782301284.884447,9645.811732,258.0,,99.0,584.9140625,,0
1782301284.984451,9645.911735,257.0,,99.0,584.9140625,,0
1782301285.084450,9646.011735,255.0,,99.0,584.9140625,,0
1782301285.184451,9646.111736,256.0,,99.0,584.9140625,,0
1782301285.284447,9646.211731,255.0,,99.0,584.9140625,,0
1782301285.384446,9646.311731,257.0,,99.0,584.9140625,,0
1782301285.484452,9646.411736,257.0,,99.0,584.9140625,,0
1782301285.584456,9646.511740,257.0,,99.0,584.9140625,,0
1782301285.684449,9646.611732,255.0,,99.0,584.9140625,,0
1782301285.784461,9646.711745,253.0,,99.0,584.9140625,,0
1782301285.884450,9646.811734,254.0,,99.0,584.9140625,,0
1782301285.984453,9646.911736,256.0,,99.0,584.9140625,,0
1782301286.084450,9647.011735,255.0,,99.0,584.9140625,,0
1782301286.184452,9647.111736,255.0,,99.0,584.9140625,,0
1782301286.284451,9647.211737,255.0,,99.0,584.9140625,,0
1782301286.384456,9647.311740,254.0,,99.0,584.9140625,,0
1782301286.484455,9647.411740,255.0,,99.0,584.9140625,,0
1782301286.584456,9647.511740,254.0,,99.0,584.9140625,,0
1782301286.684457,9647.611741,255.0,,99.0,584.9140625,,0
1782301286.784452,9647.711736,256.0,,99.0,584.9140625,,0
1782301286.884451,9647.811734,257.0,,99.0,584.9140625,,0
1782301286.984457,9647.911743,255.0,,99.0,584.9140625,,0
1782301287.084451,9648.011736,254.0,,99.0,584.9140625,,0
1782301287.184453,9648.111738,256.0,,99.0,584.9140625,,0
1782301287.284453,9648.211738,255.0,,99.0,584.9140625,,0
1782301287.384394,9648.311678,257.0,,99.0,584.9140625,,0
1782301287.484452,9648.411736,256.0,,99.0,584.9140625,,0
1782301287.584452,9648.511736,256.0,,99.0,584.9140625,,0
1782301287.684451,9648.611735,255.0,,99.0,584.9140625,,0
1782301287.784452,9648.711735,254.0,,99.0,584.9140625,,0
1782301287.884383,9648.811667,255.0,,99.0,584.9140625,,0
1782301287.984781,9648.912064,256.0,,99.0,584.9140625,,0
1782301288.084391,9649.011675,257.0,,99.0,584.9140625,,0
1782301288.184390,9649.111675,256.0,,99.0,584.9140625,,0
1782301288.284393,9649.211677,257.0,,99.0,584.9140625,,0
1782301288.384393,9649.311677,258.0,,99.0,584.9140625,,0
1782301288.484393,9649.411677,256.0,,99.0,584.9140625,,0
1782301288.584389,9649.511674,256.0,,99.0,584.9140625,,0
1782301288.684378,9649.611662,255.0,,99.0,584.9140625,,0
1782301288.784375,9649.711659,255.0,,99.0,584.9140625,,0
1782301288.884375,9649.811658,254.0,,99.0,584.9140625,,0
1782301288.984374,9649.911657,254.0,,99.0,584.9140625,,0
1782301289.084374,9650.011658,253.0,,99.0,584.9140625,,0
1782301289.184376,9650.111659,255.0,,99.0,584.9140625,,0
1782301289.284374,9650.211658,254.0,,99.0,584.9140625,,0
1782301289.384374,9650.311657,256.0,,99.0,584.9140625,,0
1782301289.484376,9650.411659,255.0,,99.0,584.9140625,,0
1782301289.584374,9650.511658,255.0,,99.0,584.9140625,,0
1782301289.684374,9650.611657,254.0,,99.0,584.9140625,,0
1782301289.784374,9650.711657,256.0,,99.0,584.9140625,,0
1782301289.884373,9650.811657,255.0,,99.0,584.9140625,,0
1782301289.984374,9650.911657,256.0,,99.0,584.9140625,,0
1782301290.084375,9651.011658,255.0,,99.0,584.9140625,,0
1782301290.184374,9651.111657,255.0,,99.0,584.9140625,,0
1782301290.284374,9651.211657,255.0,,99.0,584.9140625,,0
1782301290.384374,9651.311658,256.0,,99.0,584.9140625,,0
1782301290.484373,9651.411657,255.0,,99.0,584.9140625,,0
1782301290.584373,9651.511657,254.0,,99.0,584.9140625,,0
1782301290.684374,9651.611657,254.0,,99.0,584.9140625,,0
1782301290.784374,9651.711657,256.0,,99.0,584.9140625,,0
1782301290.884374,9651.811657,255.0,,99.0,584.9140625,,0
1782301290.984373,9651.911657,255.0,,99.0,584.9140625,,0
1782301291.084374,9652.011658,256.0,,99.0,584.9140625,,0
1782301291.184373,9652.111657,255.0,,99.0,584.9140625,,0
1782301291.284374,9652.211657,254.0,,99.0,584.9140625,,0
1782301291.384375,9652.311658,253.0,,99.0,584.9140625,,0
1782301291.484374,9652.411658,255.0,,99.0,584.9140625,,0
1782301291.584374,9652.511657,254.0,,99.0,584.9140625,,0
1782301291.684375,9652.611658,255.0,,99.0,584.9140625,,0
1782301291.784373,9652.711657,255.0,,99.0,584.9140625,,0
1782301291.884374,9652.811657,257.0,,99.0,584.9140625,,0
1782301291.984373,9652.911657,258.0,,99.0,584.9140625,,0
1782301292.084374,9653.011657,258.0,,99.0,584.9140625,,0
1782301292.184374,9653.111658,257.0,,99.0,584.9140625,,0
1782301292.284375,9653.211659,257.0,,99.0,584.9140625,,0
1782301292.384374,9653.311657,255.0,,99.0,584.9140625,,0
1782301292.484374,9653.411657,255.0,,99.0,584.9140625,,0
1782301292.584373,9653.511657,258.0,,99.0,584.9140625,,0
1782301292.684374,9653.611657,256.0,,99.0,584.9140625,,0
1782301292.784374,9653.711657,260.0,,99.0,584.9140625,,0
1782301292.884373,9653.811657,254.0,,99.0,584.9140625,,0
1782301292.984373,9653.911656,266.0,,100.0,584.9140625,,0
1782301293.084374,9654.011658,250.0,,99.0,584.9140625,,0
1782301293.184374,9654.111657,244.0,,99.0,584.9140625,,0
1782301293.284374,9654.211658,246.0,,99.0,584.9140625,,0
1782301293.384373,9654.311657,246.0,,99.0,584.9140625,,0
1782301293.484373,9654.411657,241.0,,99.0,584.9140625,,0
1782301293.584373,9654.511657,228.0,,99.0,584.9140625,,0
1782301293.684373,9654.611657,255.0,,99.0,584.9140625,,0
1782301293.784373,9654.711657,253.0,,99.0,584.9140625,,0
1782301293.884375,9654.811658,252.0,,100.0,584.9140625,,0
1782301293.984374,9654.911657,255.0,,99.0,584.9140625,,0
1782301294.084375,9655.011658,254.0,,99.0,584.9140625,,0
1782301294.184374,9655.111658,254.0,,99.0,584.9140625,,0
1782301294.284452,9655.211736,85.0,,27.0,584.9140625,,0
1782301294.384454,9655.311737,23.0,,3.0,584.9140625,,0
1782301294.484455,9655.411739,23.0,,3.0,584.9140625,,0
1782301294.584464,9655.511747,23.0,,3.0,584.9140625,,0
1782301294.684453,9655.611737,27.0,,3.0,584.9140625,,0
1782301294.784456,9655.711740,23.0,,3.0,584.9140625,,0
1782301294.884453,9655.811737,26.0,,3.0,584.9140625,,0
1782301294.984453,9655.911737,23.0,,2.0,584.9140625,,0
1782301295.084452,9656.011735,27.0,,3.0,584.9140625,,0
1782301295.184458,9656.111741,22.0,,3.0,584.9140625,,0
1782301295.284452,9656.211735,25.0,,4.0,584.9140625,,0
1782301295.384455,9656.311739,23.0,,3.0,584.9140625,,0
1782301295.484452,9656.411736,23.0,,3.0,584.9140625,,0
1782301295.584456,9656.511739,23.0,,3.0,584.9140625,,0
1782301295.684460,9656.611745,23.0,,3.0,584.9140625,,0
1782301295.784452,9656.711735,23.0,,2.0,584.9140625,,0
1782301295.884458,9656.811741,23.0,,3.0,584.9140625,,0
1782301295.984455,9656.911738,23.0,,3.0,584.9140625,,0
1782301296.084452,9657.011736,22.0,,3.0,584.9140625,,0
1782301296.184458,9657.111742,23.0,,3.0,584.9140625,,0
1782301296.284455,9657.211738,21.0,,3.0,584.9140625,,0
1782301296.384456,9657.311741,21.0,,3.0,584.9140625,,0
1782301296.484464,9657.411748,21.0,,3.0,584.9140625,,0
1782301296.584455,9657.511738,22.0,,3.0,584.9140625,,0
1782301296.684453,9657.611736,23.0,,3.0,584.9140625,,0
1782301296.784455,9657.711738,23.0,,3.0,584.9140625,,0
1782301296.884454,9657.811738,26.0,,3.0,584.9140625,,0
1782301296.984457,9657.911740,22.0,,3.0,584.9140625,,0
1782301297.084457,9658.011742,22.0,,3.0,584.9140625,,0
1782301297.184456,9658.111739,22.0,,2.0,584.9140625,,0
1782301297.284455,9658.211739,23.0,,3.0,584.9140625,,0
1782301297.384454,9658.311738,22.0,,3.0,584.9140625,,0
1782301297.484452,9658.411736,24.0,,3.0,584.9140625,,0
1782301297.584458,9658.511741,24.0,,3.0,584.9140625,,0
1782301297.684458,9658.611741,24.0,,3.0,584.9140625,,0
1782301297.784459,9658.711742,28.0,,3.0,584.9140625,,0
1782301297.884453,9658.811737,21.0,,3.0,584.9140625,,0
1782301297.984456,9658.911739,22.0,,3.0,584.9140625,,0
1782301298.084453,9659.011736,22.0,,3.0,584.9140625,,0
1782301298.184452,9659.111735,22.0,,3.0,584.9140625,,0
1782301298.284453,9659.211736,23.0,,3.0,584.9140625,,0
1782301298.384451,9659.311735,22.0,,3.0,584.9140625,,0
1782301298.484452,9659.411735,23.0,,3.0,584.9140625,,0
1782301298.584452,9659.511736,22.0,,3.0,584.9140625,,0
1782301298.684452,9659.611736,21.0,,3.0,584.9140625,,0
1782301298.784455,9659.711740,25.0,,3.0,584.9140625,,0
1782301298.884455,9659.811739,21.0,,3.0,584.9140625,,0
1782301298.984454,9659.911738,21.0,,3.0,584.9140625,,0
1782301299.084452,9660.011735,21.0,,3.0,584.9140625,,0
1782301299.184454,9660.111738,20.0,,3.0,584.9140625,,0
1782301299.284449,9660.211734,207.0,,99.0,584.9140625,,0
1782301299.384455,9660.311740,206.0,,99.0,584.9140625,,0
1782301299.484452,9660.411735,213.0,,99.0,584.9140625,,0
1782301299.584451,9660.511736,209.0,,99.0,584.9140625,,0
1782301299.684454,9660.611738,217.0,,99.0,584.9140625,,0
1782301299.784453,9660.711736,220.0,,99.0,584.9140625,,0
1782301299.884452,9660.811735,232.0,,99.0,584.9140625,,0
1782301299.984450,9660.911734,222.0,,99.0,584.9140625,,0
1782301300.084446,9661.011730,213.0,,99.0,584.9140625,,0
1782301300.184454,9661.111738,226.0,,99.0,584.9140625,,0
1782301300.284451,9661.211735,220.0,,99.0,584.9140625,,0
1782301300.384454,9661.311739,224.0,,99.0,584.9140625,,0
1782301300.484464,9661.411748,231.0,,99.0,584.9140625,,0
1782301300.584460,9661.511745,227.0,,99.0,584.9140625,,0
1782301300.684453,9661.611736,229.0,,99.0,584.9140625,,0
1782301300.784453,9661.711738,224.0,,99.0,584.9140625,,0
1782301300.884454,9661.811737,245.0,,99.0,584.9140625,,0
1782301300.984454,9661.911739,238.0,,99.0,584.9140625,,0
1782301301.084455,9662.011739,239.0,,99.0,584.9140625,,0
1782301301.184452,9662.111737,241.0,,99.0,584.9140625,,0
1782301301.284459,9662.211744,243.0,,99.0,584.9140625,,0
1782301301.384453,9662.311738,246.0,,99.0,584.9140625,,0
1782301301.484455,9662.411740,247.0,,99.0,584.9140625,,0
1782301301.584452,9662.511736,263.0,,99.0,584.9140625,,0
1782301301.684450,9662.611735,265.0,,99.0,584.9140625,,0
1782301301.784454,9662.711737,254.0,,99.0,584.9140625,,0
1782301301.884456,9662.811740,252.0,,99.0,584.9140625,,0
1782301301.984454,9662.911737,252.0,,99.0,584.9140625,,0
1782301302.084448,9663.011733,255.0,,99.0,584.9140625,,0
1782301302.184452,9663.111735,256.0,,99.0,584.9140625,,0
1782301302.284456,9663.211739,272.0,,99.0,584.9140625,,0
1782301302.384455,9663.311739,266.0,,99.0,584.9140625,,0
1782301302.484457,9663.411742,258.0,,99.0,584.9140625,,0
1782301302.584460,9663.511745,257.0,,99.0,584.9140625,,0
1782301302.684453,9663.611737,251.0,,99.0,584.9140625,,0
1782301302.784454,9663.711739,252.0,,99.0,584.9140625,,0
1782301302.884452,9663.811737,250.0,,99.0,584.9140625,,0
1782301302.984450,9663.911734,259.0,,100.0,584.9140625,,0
1782301303.084457,9664.011742,253.0,,99.0,584.9140625,,0
1782301303.184457,9664.111740,253.0,,99.0,584.9140625,,0
1782301303.284452,9664.211737,249.0,,100.0,584.9140625,,0
1782301303.384453,9664.311737,250.0,,99.0,584.9140625,,0
1782301303.484449,9664.411732,253.0,,99.0,584.9140625,,0
1782301303.584446,9664.511730,257.0,,99.0,584.9140625,,0
1782301303.684453,9664.611737,250.0,,99.0,584.9140625,,0
1782301303.784459,9664.711743,255.0,,99.0,584.9140625,,0
1782301303.884454,9664.811739,248.0,,99.0,584.9140625,,0
1782301303.984452,9664.911737,264.0,,99.0,584.9140625,,0
1782301304.084454,9665.011739,254.0,,99.0,584.9140625,,0
1782301304.184454,9665.111738,244.0,,99.0,584.9140625,,0
1782301304.284452,9665.211738,234.0,,99.0,584.9140625,,0
1782301304.384454,9665.311739,253.0,,99.0,584.9140625,,0
1782301304.484447,9665.411731,255.0,,99.0,584.9140625,,0
1782301304.584452,9665.511736,255.0,,99.0,584.9140625,,0
1782301304.684451,9665.611736,244.0,,99.0,584.9140625,,0
1782301304.784454,9665.711739,247.0,,99.0,584.9140625,,0
1782301304.884452,9665.811737,253.0,,99.0,584.9140625,,0
1782301304.984453,9665.911737,246.0,,99.0,584.9140625,,0
1782301305.084447,9666.011732,266.0,,100.0,584.9140625,,0
1782301305.184447,9666.111731,248.0,,99.0,584.9140625,,0
1782301305.284451,9666.211736,243.0,,99.0,584.9140625,,0
1782301305.384446,9666.311730,253.0,,99.0,584.9140625,,0
1782301305.484447,9666.411731,248.0,,99.0,584.9140625,,0
1782301305.584447,9666.511732,254.0,,99.0,584.9140625,,0
1782301305.684458,9666.611741,267.0,,99.0,584.9140625,,0
1782301305.784447,9666.711731,238.0,,99.0,584.9140625,,0
1782301305.884448,9666.811732,251.0,,99.0,584.9140625,,0
1782301305.984445,9666.911730,251.0,,99.0,584.9140625,,0
1782301306.084449,9667.011733,243.0,,99.0,584.9140625,,0
1782301306.184447,9667.111731,245.0,,100.0,584.9140625,,0
1782301306.284457,9667.211742,260.0,,100.0,584.9140625,,0
1782301306.384451,9667.311735,252.0,,99.0,584.9140625,,0
1782301306.484454,9667.411737,258.0,,99.0,584.9140625,,0
1782301306.584449,9667.511734,257.0,,99.0,584.9140625,,0
1782301306.684448,9667.611733,251.0,,99.0,584.9140625,,0
1782301306.784452,9667.711737,253.0,,99.0,584.9140625,,0
1782301306.884451,9667.811735,255.0,,99.0,584.9140625,,0
1782301306.984453,9667.911736,261.0,,100.0,584.9140625,,0
1782301307.084445,9668.011730,259.0,,99.0,584.9140625,,0
1782301307.184449,9668.111733,254.0,,99.0,584.9140625,,0
1782301307.284393,9668.211678,264.0,,99.0,584.9140625,,0
1782301307.384455,9668.311740,252.0,,99.0,584.9140625,,0
1782301307.484446,9668.411730,251.0,,99.0,584.9140625,,0
1782301307.584450,9668.511735,259.0,,99.0,584.9140625,,0
1782301307.684464,9668.611749,238.0,,99.0,584.9140625,,0
1782301307.784455,9668.711739,251.0,,99.0,584.9140625,,0
1782301307.884463,9668.811747,233.0,,99.0,584.9140625,,0
1782301307.984452,9668.911737,238.0,,99.0,584.9140625,,0
1782301308.084452,9669.011736,253.0,,99.0,584.9140625,,0
1782301308.184453,9669.111738,253.0,,99.0,584.9140625,,0
1782301308.284452,9669.211737,268.0,,99.0,584.9140625,,0
1782301308.384466,9669.311750,256.0,,99.0,584.9140625,,0
1782301308.484451,9669.411736,252.0,,99.0,584.9140625,,0
1782301308.584452,9669.511737,243.0,,99.0,584.9140625,,0
1782301308.684455,9669.611739,250.0,,99.0,584.9140625,,0
1782301308.784451,9669.711735,257.0,,99.0,584.9140625,,0
1782301308.884458,9669.811741,255.0,,99.0,584.9140625,,0
1782301308.984451,9669.911735,253.0,,99.0,584.9140625,,0
1782301309.084475,9670.011758,254.0,,99.0,584.9140625,,0
1782301309.184457,9670.111740,251.0,,100.0,584.9140625,,0
1782301309.284452,9670.211736,240.0,,99.0,584.9140625,,0
1782301309.384473,9670.311756,255.0,,99.0,584.9140625,,0
1782301309.484381,9670.411666,253.0,,99.0,584.9140625,,0
1782301309.584457,9670.511742,261.0,,99.0,584.9140625,,0
1782301309.684455,9670.611738,254.0,,99.0,584.9140625,,0
1782301309.784456,9670.711739,254.0,,99.0,584.9140625,,0
1782301309.884451,9670.811736,243.0,,99.0,584.9140625,,0
1782301309.984365,9670.911648,259.0,,99.0,584.9140625,,0
1782301310.084367,9671.011650,253.0,,99.0,584.9140625,,0
1782301310.184369,9671.111652,257.0,,99.0,584.9140625,,0
1782301310.284369,9671.211653,255.0,,99.0,584.9140625,,0
1782301310.384369,9671.311653,253.0,,98.0,584.9140625,,0
1782301310.484401,9671.411685,252.0,,99.0,584.9140625,,0
1782301310.584407,9671.511691,258.0,,99.0,584.9140625,,0
1782301310.684438,9671.611721,266.0,,99.0,584.9140625,,0
1782301310.784400,9671.711683,262.0,,99.0,584.9140625,,0
1782301310.884403,9671.811686,252.0,,99.0,584.9140625,,0
1782301310.984402,9671.911685,253.0,,99.0,584.9140625,,0
1782301311.084438,9672.011721,250.0,,99.0,584.9140625,,0
1782301311.184403,9672.111686,262.0,,99.0,584.9140625,,0
1782301311.284437,9672.211721,248.0,,99.0,584.9140625,,0
1782301311.384446,9672.311731,268.0,,99.0,584.9140625,,0
1782301311.484423,9672.411706,247.0,,99.0,584.9140625,,0
1782301311.584440,9672.511723,255.0,,99.0,584.9140625,,0
1782301311.684436,9672.611719,250.0,,99.0,584.9140625,,0
1782301311.784407,9672.711691,263.0,,99.0,584.9140625,,0
1782301311.884438,9672.811722,271.0,,99.0,584.9140625,,0
1782301311.984439,9672.911723,256.0,,99.0,584.9140625,,0
1782301312.084448,9673.011731,258.0,,99.0,584.9140625,,0
1782301312.184401,9673.111684,255.0,,99.0,584.9140625,,0
1782301312.284401,9673.211685,254.0,,100.0,584.9140625,,0
1782301312.384442,9673.311726,252.0,,99.0,584.9140625,,0
1782301312.484426,9673.411709,267.0,,99.0,584.9140625,,0
1782301312.584446,9673.511730,257.0,,99.0,584.9140625,,0
1782301312.684443,9673.611727,259.0,,99.0,584.9140625,,0
1782301312.784440,9673.711724,254.0,,99.0,584.9140625,,0
1782301312.884421,9673.811704,255.0,,99.0,584.9140625,,0
1782301312.984441,9673.911724,254.0,,99.0,584.9140625,,0
1782301313.084446,9674.011730,255.0,,99.0,584.9140625,,0
1782301313.184444,9674.111727,255.0,,99.0,584.9140625,,0
1782301313.284438,9674.211721,255.0,,99.0,584.9140625,,0
1782301313.384446,9674.311731,255.0,,99.0,584.9140625,,0
1782301313.484437,9674.411720,255.0,,99.0,584.9140625,,0
1782301313.584406,9674.511689,256.0,,99.0,584.9140625,,0
1782301313.684444,9674.611728,257.0,,99.0,584.9140625,,0
1782301313.784430,9674.711714,257.0,,99.0,584.9140625,,0
1782301313.884452,9674.811735,256.0,,99.0,584.9140625,,0
1782301313.984436,9674.911720,254.0,,99.0,584.9140625,,0
1782301314.084420,9675.011704,253.0,,99.0,584.9140625,,0
1782301314.184440,9675.111723,256.0,,99.0,584.9140625,,0
1782301314.284446,9675.211730,256.0,,99.0,584.9140625,,0
1782301314.384451,9675.311735,255.0,,99.0,584.9140625,,0
1782301314.484426,9675.411709,254.0,,99.0,584.9140625,,0
1782301314.584444,9675.511728,256.0,,99.0,584.9140625,,0
1782301314.684440,9675.611724,254.0,,99.0,584.9140625,,0
1782301314.784444,9675.711728,255.0,,99.0,584.9140625,,0
1782301314.884403,9675.811686,257.0,,99.0,584.9140625,,0
1782301314.984447,9675.911730,255.0,,99.0,584.9140625,,0
1782301315.084446,9676.011730,256.0,,99.0,584.9140625,,0
1782301315.184436,9676.111720,254.0,,99.0,584.9140625,,0
1782301315.284401,9676.211684,256.0,,99.0,584.9140625,,0
1782301315.384402,9676.311685,257.0,,99.0,584.9140625,,0
1782301315.484442,9676.411725,254.0,,99.0,584.9140625,,0
1782301315.584421,9676.511706,256.0,,99.0,584.9140625,,0
1782301315.684400,9676.611683,253.0,,99.0,584.9140625,,0
1782301315.784448,9676.711732,255.0,,99.0,584.9140625,,0
1782301315.884417,9676.811701,256.0,,99.0,584.9140625,,0
1782301315.984442,9676.911726,254.0,,99.0,584.9140625,,0
1782301316.084404,9677.011688,254.0,,99.0,584.9140625,,0
1782301316.184438,9677.111721,256.0,,99.0,584.9140625,,0
1782301316.284425,9677.211709,256.0,,99.0,584.9140625,,0
1782301316.384441,9677.311724,258.0,,99.0,584.9140625,,0
1782301316.484446,9677.411729,256.0,,99.0,584.9140625,,0
1782301316.584423,9677.511707,256.0,,99.0,584.9140625,,0
1782301316.684402,9677.611686,256.0,,99.0,584.9140625,,0
1782301316.784439,9677.711722,256.0,,99.0,584.9140625,,0
1782301316.884417,9677.811700,256.0,,99.0,584.9140625,,0
1782301316.984438,9677.911722,257.0,,99.0,584.9140625,,0
1782301317.084442,9678.011727,256.0,,99.0,584.9140625,,0
1782301317.184444,9678.111728,255.0,,99.0,584.9140625,,0
1782301317.284441,9678.211725,256.0,,99.0,584.9140625,,0
1782301317.384442,9678.311725,256.0,,99.0,584.9140625,,0
1782301317.484403,9678.411687,256.0,,99.0,584.9140625,,0
1782301317.584440,9678.511724,254.0,,99.0,584.9140625,,0
1782301317.684437,9678.611721,256.0,,99.0,584.9140625,,0
1782301317.784412,9678.711696,256.0,,99.0,584.9140625,,0
1782301317.884457,9678.811741,255.0,,99.0,584.9140625,,0
1782301317.984401,9678.911685,256.0,,99.0,584.9140625,,0
1782301318.084424,9679.011707,255.0,,99.0,584.9140625,,0
1782301318.184418,9679.111702,256.0,,99.0,584.9140625,,0
1782301318.284444,9679.211727,256.0,,99.0,584.9140625,,0
1782301318.384404,9679.311687,256.0,,99.0,584.9140625,,0
1782301318.484417,9679.411701,256.0,,99.0,584.9140625,,0
1782301318.584446,9679.511729,255.0,,99.0,584.9140625,,0
1782301318.684412,9679.611696,254.0,,99.0,584.9140625,,0
1782301318.784442,9679.711726,254.0,,99.0,584.9140625,,0
1782301318.884417,9679.811700,256.0,,99.0,584.9140625,,0
1782301318.984401,9679.911684,257.0,,99.0,584.9140625,,0
1782301319.084444,9680.011727,258.0,,99.0,584.9140625,,0
1782301319.184416,9680.111699,257.0,,99.0,584.9140625,,0
1782301319.284440,9680.211724,255.0,,99.0,584.9140625,,0
1782301319.384436,9680.311720,255.0,,99.0,584.9140625,,0
1782301319.484440,9680.411724,255.0,,99.0,584.9140625,,0
1782301319.584404,9680.511687,255.0,,99.0,584.9140625,,0
1782301319.684453,9680.611737,254.0,,99.0,584.9140625,,0
1782301319.784438,9680.711721,255.0,,99.0,584.9140625,,0
1782301319.884406,9680.811689,257.0,,99.0,584.9140625,,0
1782301319.984443,9680.911727,257.0,,99.0,584.9140625,,0
1782301320.084446,9681.011730,254.0,,99.0,584.9140625,,0
1782301320.184441,9681.111725,250.0,,99.0,584.9140625,,0
1782301320.284438,9681.211722,253.0,,99.0,584.9140625,,0
1782301320.384402,9681.311685,251.0,,99.0,584.9140625,,0
1782301320.484452,9681.411735,249.0,,99.0,584.9140625,,0
1782301320.584423,9681.511708,250.0,,99.0,584.9140625,,0
1782301320.684448,9681.611732,250.0,,99.0,584.9140625,,0
1782301320.784402,9681.711685,251.0,,99.0,584.9140625,,0
1782301320.884439,9681.811723,253.0,,99.0,584.9140625,,0
1782301320.984403,9681.911687,252.0,,99.0,584.9140625,,0
1782301321.084442,9682.011726,249.0,,99.0,584.9140625,,0
1782301321.184442,9682.111726,250.0,,99.0,584.9140625,,0
1782301321.284436,9682.211719,250.0,,99.0,584.9140625,,0
1782301321.384438,9682.311721,252.0,,99.0,584.9140625,,0
1782301321.484409,9682.411692,252.0,,99.0,584.9140625,,0
1782301321.584439,9682.511722,252.0,,99.0,584.9140625,,0
1782301321.684405,9682.611689,251.0,,99.0,584.9140625,,0
1782301321.784438,9682.711722,250.0,,99.0,584.9140625,,0
1782301321.884404,9682.811688,250.0,,99.0,584.9140625,,0
1782301321.984405,9682.911688,256.0,,99.0,584.9140625,,0
1782301322.084393,9683.011678,251.0,,99.0,584.9140625,,0
1782301322.184451,9683.111734,251.0,,99.0,584.9140625,,0
1782301322.284456,9683.211740,251.0,,99.0,584.9140625,,0
1782301322.384453,9683.311737,251.0,,99.0,584.9140625,,0
1782301322.484455,9683.411738,252.0,,99.0,584.9140625,,0
1782301322.584446,9683.511730,251.0,,99.0,584.9140625,,0
1782301322.684452,9683.611735,251.0,,99.0,584.9140625,,0
1782301322.784450,9683.711733,250.0,,99.0,584.9140625,,0
1782301322.884455,9683.811739,251.0,,99.0,584.9140625,,0
1782301322.984450,9683.911734,249.0,,99.0,584.9140625,,0
1782301323.084454,9684.011738,249.0,,99.0,584.9140625,,0
1782301323.184448,9684.111731,251.0,,99.0,584.9140625,,0
1782301323.284460,9684.211744,251.0,,99.0,584.9140625,,0
1782301323.384454,9684.311738,253.0,,99.0,584.9140625,,0
1782301323.484460,9684.411744,252.0,,99.0,584.9140625,,0
1782301323.584460,9684.511743,251.0,,99.0,584.9140625,,0
1782301323.684450,9684.611733,250.0,,99.0,584.9140625,,0
1782301323.784456,9684.711741,250.0,,99.0,584.9140625,,0
1782301323.884449,9684.811733,252.0,,99.0,584.9140625,,0
1782301323.984454,9684.911738,251.0,,99.0,584.9140625,,0
1782301324.084451,9685.011734,251.0,,99.0,584.9140625,,0
1782301324.184449,9685.111732,249.0,,99.0,584.9140625,,0
1782301324.284451,9685.211734,248.0,,99.0,584.9140625,,0
1782301324.384459,9685.311742,250.0,,99.0,584.9140625,,0
1782301324.484454,9685.411737,249.0,,99.0,584.9140625,,0
1782301324.584450,9685.511734,250.0,,99.0,584.9140625,,0
1782301324.684464,9685.611747,251.0,,99.0,584.9140625,,0
1782301324.784462,9685.711745,251.0,,99.0,584.9140625,,0
1782301324.884449,9685.811732,252.0,,99.0,584.9140625,,0
1782301324.984447,9685.911732,251.0,,99.0,584.9140625,,0
1782301325.084450,9686.011734,251.0,,99.0,584.9140625,,0
1782301325.184454,9686.111738,249.0,,99.0,584.9140625,,0
1782301325.284453,9686.211737,250.0,,99.0,584.9140625,,0
1782301325.384459,9686.311744,251.0,,99.0,584.9140625,,0
1782301325.484454,9686.411739,249.0,,99.0,584.9140625,,0
1782301325.584450,9686.511734,251.0,,99.0,584.9140625,,0
1782301325.684452,9686.611735,252.0,,99.0,584.9140625,,0
1782301325.784452,9686.711736,251.0,,99.0,584.9140625,,0
1782301325.884453,9686.811736,250.0,,99.0,584.9140625,,0
1782301325.984453,9686.911736,250.0,,99.0,584.9140625,,0
1782301326.084394,9687.011678,251.0,,99.0,584.9140625,,0
1782301326.184454,9687.111737,252.0,,99.0,584.9140625,,0
1782301326.284382,9687.211666,251.0,,99.0,584.9140625,,0
1782301326.384457,9687.311740,252.0,,99.0,584.9140625,,0
1782301326.484381,9687.411666,249.0,,99.0,584.9140625,,0
1782301326.584456,9687.511739,250.0,,99.0,584.9140625,,0
1782301326.684450,9687.611734,250.0,,99.0,584.9140625,,0
1782301326.784382,9687.711666,252.0,,99.0,584.9140625,,0
1782301326.884455,9687.811739,251.0,,99.0,584.9140625,,0
1782301326.984448,9687.911732,252.0,,99.0,584.9140625,,0
1782301327.084450,9688.011733,252.0,,99.0,584.9140625,,0
1782301327.184451,9688.111734,252.0,,99.0,584.9140625,,0
1782301327.284453,9688.211737,250.0,,99.0,584.9140625,,0
1782301327.384452,9688.311735,250.0,,99.0,584.9140625,,0
1782301327.484449,9688.411732,252.0,,99.0,584.9140625,,0
1782301327.584453,9688.511737,252.0,,99.0,584.9140625,,0
1782301327.684453,9688.611736,251.0,,99.0,584.9140625,,0
1782301327.784453,9688.711737,250.0,,99.0,584.9140625,,0
1782301327.884449,9688.811732,250.0,,99.0,584.9140625,,0
1782301327.984454,9688.911737,254.0,,100.0,584.9140625,,0
1782301328.084450,9689.011735,244.0,,100.0,584.9140625,,0
1782301328.184471,9689.111754,251.0,,99.0,584.9140625,,0
1782301328.284449,9689.211732,240.0,,99.0,584.9140625,,0
1782301328.384462,9689.311747,252.0,,99.0,584.9140625,,0
1782301328.484454,9689.411739,238.0,,99.0,584.9140625,,0
1782301328.584463,9689.511748,245.0,,100.0,584.9140625,,0
1782301328.684454,9689.611737,258.0,,99.0,584.9140625,,0
1782301328.784455,9689.711738,249.0,,100.0,584.9140625,,0
1782301328.884450,9689.811734,265.0,,99.0,584.9140625,,0
1782301328.984451,9689.911734,245.0,,99.0,584.9140625,,0
1782301329.084449,9690.011733,253.0,,99.0,584.9140625,,0
1782301329.184394,9690.111679,249.0,,99.0,584.9140625,,0
1782301329.284451,9690.211735,249.0,,99.0,584.9140625,,0
1782301329.384456,9690.311740,244.0,,99.0,584.9140625,,0
1782301329.484381,9690.411666,252.0,,99.0,584.9140625,,0
1782301329.584451,9690.511734,252.0,,99.0,584.9140625,,0
1782301329.684455,9690.611738,251.0,,99.0,584.9140625,,0
1782301329.784473,9690.711758,250.0,,99.0,584.9140625,,0
1782301329.884458,9690.811741,249.0,,99.0,584.9140625,,0
1782301329.984460,9690.911744,250.0,,99.0,584.9140625,,0
1782301330.084394,9691.011678,249.0,,99.0,584.9140625,,0
1782301330.184452,9691.111736,250.0,,99.0,584.9140625,,0
1782301330.284457,9691.211742,253.0,,99.0,584.9140625,,0
1782301330.384454,9691.311737,252.0,,99.0,584.9140625,,0
1782301330.484457,9691.411741,244.0,,99.0,584.9140625,,0
1782301330.584450,9691.511734,252.0,,99.0,584.9140625,,0
1782301330.684456,9691.611739,250.0,,99.0,584.9140625,,0
1782301330.784452,9691.711735,249.0,,99.0,584.9140625,,0
1782301330.884450,9691.811733,250.0,,99.0,584.9140625,,0
1782301330.984450,9691.911733,249.0,,99.0,584.9140625,,0
1782301331.084456,9692.011740,249.0,,99.0,584.9140625,,0
1782301331.184453,9692.111737,251.0,,99.0,584.9140625,,0
1782301331.284394,9692.211678,251.0,,99.0,584.9140625,,0
1782301331.384454,9692.311737,252.0,,99.0,584.9140625,,0
1782301331.484457,9692.411741,251.0,,99.0,584.9140625,,0
1782301331.584457,9692.511740,252.0,,99.0,584.9140625,,0
1782301331.684457,9692.611740,249.0,,99.0,584.9140625,,0
1782301331.784456,9692.711739,249.0,,99.0,584.9140625,,0
1782301331.884452,9692.811736,250.0,,99.0,584.9140625,,0
1782301331.984450,9692.911735,250.0,,99.0,584.9140625,,0
1782301332.084457,9693.011743,251.0,,99.0,584.9140625,,0
1782301332.184460,9693.111745,252.0,,99.0,584.9140625,,0
1782301332.284456,9693.211740,253.0,,99.0,584.9140625,,0
1782301332.384452,9693.311736,253.0,,99.0,584.9140625,,0
1782301332.484454,9693.411738,251.0,,99.0,584.9140625,,0
1782301332.584456,9693.511741,251.0,,99.0,584.9140625,,0
1782301332.684461,9693.611744,251.0,,99.0,584.9140625,,0
1782301332.784453,9693.711737,251.0,,99.0,584.9140625,,0
1782301332.884457,9693.811740,248.0,,99.0,584.9140625,,0
1782301332.984455,9693.911739,251.0,,99.0,584.9140625,,0
1782301333.084458,9694.011742,251.0,,99.0,584.9140625,,0
1782301333.184463,9694.111746,252.0,,99.0,584.9140625,,0
1782301333.284454,9694.211738,252.0,,99.0,584.9140625,,0
1782301333.384451,9694.311735,251.0,,99.0,584.9140625,,0
1782301333.484456,9694.411740,250.0,,99.0,584.9140625,,0
1782301333.584460,9694.511744,251.0,,99.0,584.9140625,,0
1782301333.684457,9694.611740,250.0,,99.0,584.9140625,,0
1782301333.784449,9694.711734,250.0,,99.0,584.9140625,,0
1782301333.884451,9694.811736,250.0,,99.0,584.9140625,,0
1782301333.984454,9694.911738,252.0,,99.0,584.9140625,,0
1782301334.084393,9695.011677,250.0,,99.0,584.9140625,,0
1782301334.184448,9695.111732,251.0,,99.0,584.9140625,,0
1782301334.284461,9695.211745,21.0,,3.0,584.9140625,,0
1782301334.384453,9695.311736,22.0,,3.0,584.9140625,,0
1782301334.484457,9695.411741,23.0,,2.0,584.9140625,,0
1782301334.584456,9695.511740,21.0,,2.0,584.9140625,,0
1782301334.684458,9695.611741,21.0,,3.0,584.9140625,,0
1782301334.784457,9695.711741,22.0,,3.0,584.9140625,,0
1782301334.884456,9695.811741,22.0,,3.0,584.9140625,,0
1782301334.984461,9695.911745,21.0,,3.0,584.9140625,,0
1782301335.084459,9696.011742,22.0,,2.0,584.9140625,,0
1782301335.184458,9696.111742,25.0,,3.0,584.9140625,,0
1782301335.284460,9696.211743,20.0,,3.0,584.9140625,,0
1782301335.384453,9696.311737,21.0,,3.0,584.9140625,,0
1782301335.484459,9696.411743,22.0,,3.0,584.9140625,,0
1782301335.584456,9696.511740,22.0,,3.0,584.9140625,,0
1782301335.684461,9696.611744,21.0,,3.0,584.9140625,,0
1782301335.784460,9696.711743,21.0,,2.0,584.9140625,,0
1782301335.884456,9696.811739,22.0,,3.0,584.9140625,,0
1782301335.984460,9696.911743,23.0,,3.0,584.9140625,,0
1782301336.084455,9697.011739,21.0,,3.0,584.9140625,,0
1782301336.184457,9697.111740,24.0,,3.0,584.9140625,,0
1782301336.284456,9697.211740,22.0,,3.0,584.9140625,,0
1782301336.384452,9697.311736,21.0,,3.0,584.9140625,,0
1782301336.484451,9697.411734,21.0,,2.0,584.9140625,,0
1782301336.584457,9697.511742,24.0,,2.0,584.9140625,,0
1782301336.684459,9697.611743,21.0,,3.0,584.9140625,,0
1782301336.784455,9697.711738,23.0,,3.0,584.9140625,,0
1782301336.884457,9697.811741,19.0,,3.0,584.9140625,,0
1782301336.984366,9697.911649,19.0,,3.0,584.9140625,,0
1782301337.084457,9698.011740,20.0,,3.0,584.9140625,,0
1782301337.184461,9698.111745,21.0,,3.0,584.9140625,,0
1782301337.284457,9698.211741,20.0,,3.0,584.9140625,,0
1782301337.384459,9698.311742,21.0,,3.0,584.9140625,,0
1782301337.484455,9698.411738,23.0,,3.0,584.9140625,,0
1782301337.584454,9698.511738,20.0,,3.0,584.9140625,,0
1782301337.684458,9698.611742,21.0,,3.0,584.9140625,,0
1782301337.784457,9698.711740,21.0,,3.0,584.9140625,,0
1782301337.884457,9698.811741,20.0,,3.0,584.9140625,,0
1782301337.984461,9698.911744,21.0,,3.0,584.9140625,,0
1782301338.084455,9699.011738,21.0,,3.0,584.9140625,,0
1782301338.184458,9699.111742,24.0,,3.0,584.9140625,,0
1782301338.284457,9699.211741,20.0,,3.0,584.9140625,,0
1782301338.384456,9699.311739,23.0,,3.0,584.9140625,,0
1782301338.484452,9699.411736,21.0,,3.0,584.9140625,,0
1782301338.584459,9699.511742,19.0,,3.0,584.9140625,,0
1782301338.684460,9699.611744,19.0,,3.0,584.9140625,,0
1782301338.784456,9699.711739,21.0,,3.0,584.9140625,,0
1782301338.884460,9699.811743,24.0,,3.0,584.9140625,,0
1782301338.984459,9699.911742,20.0,,3.0,584.9140625,,0
1782301339.084460,9700.011746,19.0,,3.0,584.9140625,,0
1782301339.184460,9700.111743,18.0,,3.0,584.9140625,,0
1782301339.284447,9700.211731,143.0,,78.0,584.9140625,,0
1782301339.384449,9700.311734,207.0,,99.0,584.9140625,,0
1782301339.484455,9700.411740,211.0,,99.0,584.9140625,,0
1782301339.584450,9700.511735,213.0,,99.0,584.9140625,,0
1782301339.684370,9700.611653,214.0,,99.0,584.9140625,,0
1782301339.784457,9700.711742,215.0,,99.0,584.9140625,,0
1782301339.884456,9700.811740,219.0,,99.0,584.9140625,,0
1782301339.984450,9700.911736,220.0,,99.0,584.9140625,,0
1782301340.084458,9701.011741,221.0,,99.0,584.9140625,,0
1782301340.184458,9701.111743,220.0,,99.0,584.9140625,,0
1782301340.284457,9701.211742,221.0,,99.0,584.9140625,,0
1782301340.384453,9701.311738,223.0,,99.0,584.9140625,,0
1782301340.484449,9701.411734,223.0,,99.0,584.9140625,,0
1782301340.584463,9701.511747,225.0,,99.0,584.9140625,,0
1782301340.684454,9701.611738,228.0,,99.0,584.9140625,,0
1782301340.784467,9701.711750,229.0,,99.0,584.9140625,,0
1782301340.884451,9701.811735,229.0,,99.0,584.9140625,,0
1782301340.984457,9701.911741,234.0,,99.0,584.9140625,,0
1782301341.084464,9702.011747,236.0,,99.0,584.9140625,,0
1782301341.184453,9702.111738,238.0,,99.0,584.9140625,,0
1782301341.284475,9702.211760,242.0,,99.0,584.9140625,,0
1782301341.384455,9702.311738,245.0,,99.0,584.9140625,,0
1782301341.484457,9702.411741,247.0,,99.0,584.9140625,,0
1782301341.584457,9702.511740,248.0,,99.0,584.9140625,,0
1782301341.684456,9702.611740,251.0,,99.0,584.9140625,,0
1782301341.784450,9702.711734,250.0,,99.0,584.9140625,,0
1782301341.884459,9702.811742,250.0,,99.0,584.9140625,,0
1782301341.984458,9702.911741,250.0,,99.0,584.9140625,,0
1782301342.084459,9703.011744,250.0,,99.0,584.9140625,,0
1782301342.184456,9703.111741,251.0,,99.0,584.9140625,,0
1782301342.284451,9703.211735,251.0,,99.0,584.9140625,,0
1782301342.384455,9703.311739,252.0,,99.0,584.9140625,,0
1782301342.484458,9703.411742,251.0,,99.0,584.9140625,,0
1782301342.584453,9703.511737,252.0,,99.0,584.9140625,,0
1782301342.684453,9703.611738,252.0,,99.0,584.9140625,,0
1782301342.784464,9703.711747,252.0,,99.0,584.9140625,,0
1782301342.884455,9703.811738,253.0,,99.0,584.9140625,,0
1782301342.984452,9703.911736,253.0,,99.0,584.9140625,,0
1782301343.084457,9704.011741,253.0,,99.0,584.9140625,,0
1782301343.184450,9704.111733,255.0,,99.0,584.9140625,,0
1782301343.284454,9704.211737,255.0,,99.0,584.9140625,,0
1782301343.384454,9704.311737,256.0,,99.0,584.9140625,,0
1782301343.484456,9704.411739,254.0,,99.0,584.9140625,,0
1782301343.584455,9704.511738,256.0,,99.0,584.9140625,,0
1782301343.684459,9704.611742,254.0,,99.0,584.9140625,,0
1782301343.784454,9704.711737,253.0,,99.0,584.9140625,,0
1782301343.884453,9704.811736,254.0,,99.0,584.9140625,,0
1782301343.984455,9704.911738,254.0,,99.0,584.9140625,,0
1782301344.084455,9705.011738,255.0,,99.0,584.9140625,,0
1782301344.184455,9705.111739,255.0,,99.0,584.9140625,,0
1782301344.284455,9705.211738,256.0,,99.0,584.9140625,,0
1782301344.384454,9705.311738,253.0,,99.0,584.9140625,,0
1782301344.484453,9705.411736,252.0,,99.0,584.9140625,,0
1782301344.584450,9705.511735,252.0,,99.0,584.9140625,,0
1782301344.684455,9705.611739,253.0,,99.0,584.9140625,,0
1782301344.784460,9705.711744,253.0,,99.0,584.9140625,,0
1782301344.884456,9705.811740,252.0,,99.0,584.9140625,,0
1782301344.984456,9705.911741,252.0,,99.0,584.9140625,,0
1782301345.084453,9706.011736,228.0,,99.0,584.9140625,,0
1782301345.184449,9706.111734,238.0,,99.0,584.9140625,,0
1782301345.284454,9706.211737,248.0,,100.0,584.9140625,,0
1782301345.384452,9706.311737,258.0,,99.0,584.9140625,,0
1782301345.484460,9706.411744,249.0,,99.0,584.9140625,,0
1782301345.584457,9706.511740,266.0,,99.0,584.9140625,,0
1782301345.684451,9706.611734,259.0,,99.0,584.9140625,,0
1782301345.784451,9706.711736,252.0,,99.0,584.9140625,,0
1782301345.884455,9706.811739,260.0,,99.0,584.9140625,,0
1782301345.984451,9706.911735,247.0,,99.0,584.9140625,,0
1782301346.084394,9707.011678,251.0,,99.0,584.9140625,,0
1782301346.184458,9707.111742,248.0,,99.0,584.9140625,,0
1782301346.284476,9707.211759,257.0,,100.0,584.9140625,,0
1782301346.384451,9707.311734,251.0,,99.0,584.9140625,,0
1782301346.484453,9707.411736,253.0,,99.0,584.9140625,,0
1782301346.584451,9707.511734,255.0,,99.0,584.9140625,,0
1782301346.684458,9707.611743,254.0,,99.0,584.9140625,,0
1782301346.784454,9707.711737,254.0,,99.0,584.9140625,,0
1782301346.884451,9707.811734,255.0,,99.0,584.9140625,,0
1782301346.984444,9707.911728,255.0,,99.0,584.9140625,,0
1782301347.084446,9708.011730,253.0,,99.0,584.9140625,,0
1782301347.184451,9708.111734,258.0,,99.0,584.9140625,,0
1782301347.284455,9708.211738,245.0,,99.0,584.9140625,,0
1782301347.384453,9708.311736,254.0,,99.0,584.9140625,,0
1782301347.484457,9708.411741,255.0,,99.0,584.9140625,,0
1782301347.584449,9708.511732,255.0,,99.0,584.9140625,,0
1782301347.684450,9708.611733,255.0,,99.0,584.9140625,,0
1782301347.784451,9708.711734,254.0,,99.0,584.9140625,,0
1782301347.884452,9708.811736,253.0,,99.0,584.9140625,,0
1782301347.984452,9708.911736,254.0,,99.0,584.9140625,,0
1782301348.084453,9709.011737,253.0,,99.0,584.9140625,,0
1782301348.184453,9709.111737,254.0,,99.0,584.9140625,,0
1782301348.284456,9709.211739,250.0,,99.0,584.9140625,,0
1782301348.384454,9709.311737,254.0,,99.0,584.9140625,,0
1782301348.484450,9709.411733,254.0,,99.0,584.9140625,,0
1782301348.584450,9709.511734,252.0,,99.0,584.9140625,,0
1782301348.684458,9709.611742,253.0,,99.0,584.9140625,,0
1782301348.784456,9709.711739,254.0,,99.0,584.9140625,,0
1782301348.884459,9709.811742,253.0,,99.0,584.9140625,,0
1782301348.984462,9709.911745,254.0,,99.0,584.9140625,,0
1782301349.084454,9710.011739,255.0,,99.0,584.9140625,,0
1782301349.184447,9710.111730,256.0,,99.0,584.9140625,,0
1782301349.284448,9710.211732,255.0,,99.0,584.9140625,,0
1782301349.384455,9710.311738,255.0,,99.0,584.9140625,,0
1782301349.484445,9710.411729,256.0,,99.0,584.9140625,,0
1782301349.584452,9710.511735,254.0,,99.0,584.9140625,,0
1782301349.684455,9710.611738,255.0,,99.0,584.9140625,,0
1782301349.784450,9710.711734,255.0,,99.0,584.9140625,,0
1782301349.884456,9710.811741,256.0,,99.0,584.9140625,,0
1782301349.984456,9710.911739,256.0,,99.0,584.9140625,,0
1782301350.084393,9711.011677,252.0,,99.0,584.9140625,,0
1782301350.184455,9711.111738,250.0,,99.0,584.9140625,,0
1782301350.284456,9711.211739,251.0,,99.0,584.9140625,,0
1782301350.384450,9711.311733,251.0,,99.0,584.9140625,,0
1782301350.484456,9711.411739,251.0,,99.0,584.9140625,,0
1782301350.584453,9711.511737,253.0,,99.0,584.9140625,,0
1782301350.684455,9711.611738,253.0,,99.0,584.9140625,,0
1782301350.784451,9711.711735,253.0,,99.0,584.9140625,,0
1782301350.884452,9711.811735,252.0,,99.0,584.9140625,,0
1782301350.984451,9711.911734,252.0,,99.0,584.9140625,,0
1782301351.084450,9712.011733,252.0,,99.0,584.9140625,,0
1782301351.184453,9712.111736,251.0,,99.0,584.9140625,,0
1782301351.284456,9712.211740,252.0,,99.0,584.9140625,,0
1782301351.384458,9712.311742,251.0,,99.0,584.9140625,,0
1782301351.484455,9712.411740,252.0,,99.0,584.9140625,,0
1782301351.584448,9712.511732,252.0,,99.0,584.9140625,,0
1782301351.684455,9712.611739,253.0,,99.0,584.9140625,,0
1782301351.784448,9712.711731,252.0,,99.0,584.9140625,,0
1782301351.884454,9712.811739,253.0,,99.0,584.9140625,,0
1782301351.984457,9712.911740,253.0,,99.0,584.9140625,,0
1782301352.084452,9713.011735,252.0,,99.0,584.9140625,,0
1782301352.184452,9713.111737,251.0,,99.0,584.9140625,,0
1782301352.284458,9713.211741,253.0,,99.0,584.9140625,,0
1782301352.384451,9713.311734,252.0,,99.0,584.9140625,,0
1782301352.484451,9713.411734,253.0,,99.0,584.9140625,,0
1782301352.584452,9713.511736,253.0,,99.0,584.9140625,,0
1782301352.684454,9713.611738,252.0,,99.0,584.9140625,,0
1782301352.784452,9713.711736,253.0,,99.0,584.9140625,,0
1782301352.884452,9713.811736,252.0,,99.0,584.9140625,,0
1782301352.984454,9713.911738,252.0,,99.0,584.9140625,,0
1782301353.084450,9714.011733,253.0,,99.0,584.9140625,,0
1782301353.184454,9714.111737,252.0,,99.0,584.9140625,,0
1782301353.284452,9714.211735,253.0,,99.0,584.9140625,,0
1782301353.384452,9714.311737,253.0,,99.0,584.9140625,,0
1782301353.484467,9714.411751,252.0,,99.0,584.9140625,,0
1782301353.584452,9714.511736,253.0,,99.0,584.9140625,,0
1782301353.684453,9714.611736,253.0,,99.0,584.9140625,,0
1782301353.784444,9714.711728,251.0,,99.0,584.9140625,,0
1782301353.884449,9714.811732,253.0,,99.0,584.9140625,,0
1782301353.984451,9714.911734,252.0,,99.0,584.9140625,,0
1782301354.084394,9715.011678,253.0,,99.0,584.9140625,,0
1782301354.184454,9715.111737,252.0,,99.0,584.9140625,,0
1782301354.284457,9715.211741,254.0,,99.0,584.9140625,,0
1782301354.384451,9715.311736,253.0,,99.0,584.9140625,,0
1782301354.484452,9715.411735,253.0,,99.0,584.9140625,,0
1782301354.584451,9715.511734,251.0,,99.0,584.9140625,,0
1782301354.684452,9715.611735,253.0,,99.0,584.9140625,,0
1782301354.784452,9715.711736,254.0,,99.0,584.9140625,,0
1782301354.884452,9715.811737,253.0,,99.0,584.9140625,,0
1782301354.984451,9715.911735,253.0,,99.0,584.9140625,,0
1782301355.084456,9716.011739,251.0,,99.0,584.9140625,,0
1782301355.184455,9716.111738,253.0,,99.0,584.9140625,,0
1782301355.284453,9716.211738,251.0,,99.0,584.9140625,,0
1782301355.384456,9716.311739,254.0,,99.0,584.9140625,,0
1782301355.484454,9716.411738,252.0,,99.0,584.9140625,,0
1782301355.584454,9716.511739,253.0,,99.0,584.9140625,,0
1782301355.684450,9716.611734,252.0,,99.0,584.9140625,,0
1782301355.784451,9716.711734,253.0,,99.0,584.9140625,,0
1782301355.884452,9716.811735,254.0,,99.0,584.9140625,,0
1782301355.984452,9716.911736,255.0,,99.0,584.9140625,,0
1782301356.084451,9717.011735,254.0,,99.0,584.9140625,,0
1782301356.184451,9717.111734,254.0,,99.0,584.9140625,,0
1782301356.284447,9717.211731,252.0,,99.0,584.9140625,,0
1782301356.384452,9717.311736,252.0,,99.0,584.9140625,,0
1782301356.484458,9717.411743,252.0,,99.0,584.9140625,,0
1782301356.584449,9717.511734,252.0,,99.0,584.9140625,,0
1782301356.684449,9717.611732,251.0,,99.0,584.9140625,,0
1782301356.784453,9717.711737,252.0,,99.0,584.9140625,,0
1782301356.884446,9717.811731,254.0,,99.0,584.9140625,,0
1782301356.984452,9717.911736,253.0,,99.0,584.9140625,,0
1782301357.084456,9718.011739,253.0,,99.0,584.9140625,,0
1782301357.184452,9718.111735,252.0,,99.0,584.9140625,,0
1782301357.284459,9718.211742,252.0,,99.0,584.9140625,,0
1782301357.384454,9718.311737,252.0,,99.0,584.9140625,,0
1782301357.484450,9718.411733,254.0,,99.0,584.9140625,,0
1782301357.584455,9718.511739,253.0,,99.0,584.9140625,,0
1782301357.684453,9718.611737,251.0,,99.0,584.9140625,,0
1782301357.784451,9718.711736,251.0,,99.0,584.9140625,,0
1782301357.884456,9718.811739,254.0,,99.0,584.9140625,,0
1782301357.984454,9718.911738,255.0,,99.0,584.9140625,,0
1782301358.084392,9719.011676,254.0,,99.0,584.9140625,,0
1782301358.184448,9719.111732,254.0,,99.0,584.9140625,,0
1782301358.284457,9719.211740,253.0,,99.0,584.9140625,,0
1782301358.384453,9719.311737,253.0,,99.0,584.9140625,,0
1782301358.484450,9719.411733,255.0,,99.0,584.9140625,,0
1782301358.584450,9719.511734,255.0,,99.0,584.9140625,,0
1782301358.684448,9719.611731,253.0,,99.0,584.9140625,,0
1782301358.784452,9719.711737,254.0,,99.0,584.9140625,,0
1782301358.884454,9719.811737,252.0,,99.0,584.9140625,,0
1782301358.984453,9719.911736,253.0,,99.0,584.9140625,,0
1782301359.084451,9720.011734,253.0,,99.0,584.9140625,,0
1782301359.184446,9720.111731,253.0,,99.0,584.9140625,,0
1782301359.284462,9720.211746,252.0,,99.0,584.9140625,,0
1782301359.384466,9720.311750,254.0,,99.0,584.9140625,,0
1782301359.484464,9720.411749,254.0,,99.0,584.9140625,,0
1782301359.584452,9720.511735,253.0,,99.0,584.9140625,,0
1782301359.684452,9720.611736,252.0,,99.0,584.9140625,,0
1782301359.784458,9720.711743,253.0,,99.0,584.9140625,,0
1782301359.884451,9720.811735,254.0,,99.0,584.9140625,,0
1782301359.984446,9720.911729,256.0,,99.0,584.9140625,,0
1782301360.084450,9721.011733,254.0,,99.0,584.9140625,,0
1782301360.184445,9721.111729,254.0,,99.0,584.9140625,,0
1782301360.284447,9721.211731,256.0,,99.0,584.9140625,,0
1782301360.384454,9721.311740,256.0,,99.0,584.9140625,,0
1782301360.484451,9721.411735,256.0,,99.0,584.9140625,,0
1782301360.584453,9721.511736,256.0,,99.0,584.9140625,,0
1782301360.684451,9721.611734,255.0,,99.0,584.9140625,,0
1782301360.784449,9721.711732,255.0,,99.0,584.9140625,,0
1782301360.884451,9721.811734,257.0,,99.0,584.9140625,,0
1782301360.984450,9721.911733,256.0,,99.0,584.9140625,,0
1782301361.084452,9722.011736,256.0,,99.0,584.9140625,,0
1782301361.184449,9722.111732,256.0,,99.0,584.9140625,,0
1782301361.284453,9722.211737,258.0,,99.0,584.9140625,,0
1782301361.384453,9722.311737,258.0,,99.0,584.9140625,,0
1782301361.484453,9722.411736,257.0,,99.0,584.9140625,,0
1782301361.584452,9722.511738,255.0,,99.0,584.9140625,,0
1782301361.684452,9722.611736,256.0,,99.0,584.9140625,,0
1782301361.784451,9722.711734,254.0,,99.0,584.9140625,,0
1782301361.884452,9722.811736,255.0,,99.0,584.9140625,,0
1782301361.984453,9722.911736,263.0,,99.0,584.9140625,,0
1782301362.084393,9723.011677,245.0,,99.0,584.9140625,,0
1782301362.184455,9723.111739,251.0,,100.0,584.9140625,,0
1782301362.284452,9723.211735,265.0,,99.0,584.9140625,,0
1782301362.384455,9723.311740,254.0,,99.0,584.9140625,,0
1782301362.484452,9723.411735,253.0,,99.0,584.9140625,,0
1782301362.584459,9723.511742,256.0,,99.0,584.9140625,,0
1782301362.684451,9723.611734,248.0,,99.0,584.9140625,,0
1782301362.784454,9723.711737,248.0,,100.0,584.9140625,,0
1782301362.884457,9723.811740,247.0,,99.0,584.9140625,,0
1782301362.984453,9723.911738,250.0,,99.0,584.9140625,,0
1782301363.084450,9724.011733,266.0,,99.0,584.9140625,,0
1782301363.184453,9724.111736,257.0,,99.0,584.9140625,,0
1782301363.284446,9724.211729,257.0,,99.0,584.9140625,,0
1782301363.384446,9724.311729,257.0,,99.0,584.9140625,,0
1782301363.484450,9724.411734,257.0,,99.0,584.9140625,,0
1782301363.584451,9724.511735,256.0,,99.0,584.9140625,,0
1782301363.684447,9724.611731,255.0,,99.0,584.9140625,,0
1782301363.784451,9724.711734,255.0,,99.0,584.9140625,,0
1782301363.884452,9724.811735,258.0,,99.0,584.9140625,,0
1782301363.984452,9724.911735,262.0,,99.0,584.9140625,,0
1782301364.084446,9725.011730,269.0,,99.0,584.9140625,,0
1782301364.184452,9725.111736,257.0,,99.0,584.9140625,,0
1782301364.284451,9725.211735,256.0,,99.0,584.9140625,,0
1782301364.384453,9725.311738,256.0,,99.0,584.9140625,,0
1782301364.484458,9725.411742,256.0,,99.0,584.9140625,,0
1782301364.584453,9725.511737,257.0,,99.0,584.9140625,,0
1782301364.684452,9725.611737,254.0,,99.0,584.9140625,,0
1782301364.784451,9725.711735,257.0,,99.0,584.9140625,,0
1782301364.884455,9725.811738,256.0,,99.0,584.9140625,,0
1782301364.984451,9725.911735,257.0,,99.0,584.9140625,,0
1782301365.084453,9726.011736,256.0,,99.0,584.9140625,,0
1782301365.184452,9726.111735,255.0,,99.0,584.9140625,,0
1782301365.284450,9726.211733,256.0,,99.0,584.9140625,,0
1782301365.384449,9726.311733,256.0,,99.0,584.9140625,,0
1782301365.484451,9726.411734,256.0,,99.0,584.9140625,,0
1782301365.584450,9726.511733,256.0,,99.0,584.9140625,,0
1782301365.684455,9726.611740,257.0,,99.0,584.9140625,,0
1782301365.784450,9726.711734,256.0,,99.0,584.9140625,,0
1782301365.884456,9726.811739,256.0,,99.0,584.9140625,,0
1782301365.984449,9726.911733,256.0,,99.0,584.9140625,,0
1782301366.084394,9727.011678,255.0,,99.0,584.9140625,,0
1782301366.184452,9727.111737,256.0,,99.0,584.9140625,,0
1782301366.284455,9727.211738,254.0,,99.0,584.9140625,,0
1782301366.384454,9727.311739,257.0,,99.0,584.9140625,,0
1782301366.484451,9727.411734,259.0,,99.0,584.9140625,,0
1782301366.584452,9727.511735,257.0,,99.0,584.9140625,,0
1782301366.684460,9727.611743,255.0,,99.0,584.9140625,,0
1782301366.784454,9727.711737,257.0,,99.0,584.9140625,,0
1782301366.884462,9727.811745,255.0,,99.0,584.9140625,,0
1782301366.984452,9727.911735,255.0,,99.0,584.9140625,,0
1782301367.084452,9728.011735,256.0,,99.0,584.9140625,,0
1782301367.184451,9728.111734,256.0,,99.0,584.9140625,,0
1782301367.284451,9728.211734,256.0,,99.0,584.9140625,,0
1782301367.384454,9728.311739,256.0,,99.0,584.9140625,,0
1782301367.484452,9728.411735,256.0,,99.0,584.9140625,,0
1782301367.584450,9728.511733,255.0,,99.0,584.9140625,,0
1782301367.684455,9728.611738,257.0,,99.0,584.9140625,,0
1782301367.784450,9728.711733,256.0,,99.0,584.9140625,,0
1782301367.884452,9728.811736,256.0,,99.0,584.9140625,,0
1782301367.984451,9728.911734,252.0,,99.0,584.9140625,,0
1782301368.084450,9729.011733,254.0,,99.0,584.9140625,,0
1782301368.184392,9729.111676,253.0,,99.0,584.9140625,,0
1782301368.284452,9729.211735,254.0,,99.0,584.9140625,,0
1782301368.384449,9729.311732,255.0,,99.0,584.9140625,,0
1782301368.484451,9729.411734,253.0,,99.0,584.9140625,,0
1782301368.584456,9729.511739,253.0,,99.0,584.9140625,,0
1782301368.684452,9729.611735,253.0,,99.0,584.9140625,,0
1782301368.784449,9729.711732,254.0,,99.0,584.9140625,,0
1782301368.884467,9729.811751,253.0,,99.0,584.9140625,,0
1782301368.984453,9729.911737,254.0,,99.0,584.9140625,,0
1782301369.084451,9730.011736,255.0,,99.0,584.9140625,,0
1782301369.184456,9730.111741,254.0,,99.0,584.9140625,,0
1782301369.284447,9730.211730,251.0,,99.0,584.9140625,,0
1782301369.384450,9730.311733,253.0,,99.0,584.9140625,,0
1782301369.484451,9730.411734,254.0,,99.0,584.9140625,,0
1782301369.584451,9730.511735,254.0,,99.0,584.9140625,,0
1782301369.684453,9730.611737,255.0,,99.0,584.9140625,,0
1782301369.784449,9730.711732,253.0,,99.0,584.9140625,,0
1782301369.884456,9730.811741,252.0,,99.0,584.9140625,,0
1782301369.984453,9730.911736,254.0,,99.0,584.9140625,,0
1782301370.084393,9731.011677,253.0,,99.0,584.9140625,,0
1782301370.184451,9731.111734,253.0,,99.0,584.9140625,,0
1782301370.284450,9731.211733,251.0,,99.0,584.9140625,,0
1782301370.384450,9731.311734,252.0,,99.0,584.9140625,,0
1782301370.484454,9731.411739,253.0,,99.0,584.9140625,,0
1782301370.584452,9731.511735,255.0,,99.0,584.9140625,,0
1782301370.684447,9731.611730,254.0,,99.0,584.9140625,,0
1782301370.784453,9731.711737,252.0,,99.0,584.9140625,,0
1782301370.884452,9731.811737,252.0,,99.0,584.9140625,,0
1782301370.984451,9731.911734,254.0,,99.0,584.9140625,,0
1782301371.084471,9732.011754,254.0,,99.0,584.9140625,,0
1782301371.184450,9732.111735,254.0,,99.0,584.9140625,,0
1782301371.284446,9732.211730,253.0,,99.0,584.9140625,,0
1782301371.384393,9732.311677,253.0,,99.0,584.9140625,,0
1782301371.484457,9732.411741,256.0,,99.0,584.9140625,,0
1782301371.584454,9732.511739,258.0,,99.0,584.9140625,,0
1782301371.684445,9732.611730,256.0,,99.0,584.9140625,,0
1782301371.784454,9732.711738,256.0,,99.0,584.9140625,,0
1782301371.884451,9732.811734,256.0,,99.0,584.9140625,,0
1782301371.984450,9732.911733,256.0,,99.0,584.9140625,,0
1782301372.084464,9733.011747,257.0,,99.0,584.9140625,,0
1782301372.184449,9733.111733,256.0,,99.0,584.9140625,,0
1782301372.284450,9733.211733,256.0,,99.0,584.9140625,,0
1782301372.384452,9733.311735,255.0,,99.0,584.9140625,,0
1782301372.484446,9733.411729,257.0,,99.0,584.9140625,,0
1782301372.584452,9733.511735,258.0,,99.0,584.9140625,,0
1782301372.684450,9733.611735,257.0,,99.0,584.9140625,,0
1782301372.784452,9733.711736,256.0,,99.0,584.9140625,,0
1782301372.884451,9733.811736,257.0,,99.0,584.9140625,,0
1782301372.984457,9733.911741,256.0,,99.0,584.9140625,,0
1782301373.084456,9734.011741,258.0,,99.0,584.9140625,,0
1782301373.184450,9734.111733,257.0,,99.0,584.9140625,,0
1782301373.284451,9734.211734,256.0,,99.0,584.9140625,,0
1782301373.384451,9734.311736,255.0,,99.0,584.9140625,,0
1782301373.484453,9734.411737,258.0,,99.0,584.9140625,,0
1782301373.584453,9734.511736,259.0,,99.0,584.9140625,,0
1782301373.684447,9734.611731,258.0,,99.0,584.9140625,,0
1782301373.784453,9734.711736,256.0,,99.0,584.9140625,,0
1782301373.884450,9734.811734,256.0,,99.0,584.9140625,,0
1782301373.984447,9734.911730,256.0,,99.0,584.9140625,,0
1782301374.084394,9735.011678,257.0,,99.0,584.9140625,,0
1782301374.184455,9735.111738,257.0,,99.0,584.9140625,,0
1782301374.284452,9735.211736,99.0,,29.0,584.9140625,,0
1782301374.384456,9735.311740,23.0,,3.0,584.9140625,,0
1782301374.484453,9735.411736,20.0,,3.0,584.9140625,,0
1782301374.584457,9735.511740,20.0,,3.0,584.9140625,,0
1782301374.684455,9735.611739,23.0,,2.0,584.9140625,,0
1782301374.784454,9735.711737,21.0,,3.0,584.9140625,,0
1782301374.884455,9735.811739,22.0,,2.0,584.9140625,,0
1782301374.984454,9735.911737,21.0,,3.0,584.9140625,,0
1782301375.084456,9736.011741,22.0,,3.0,584.9140625,,0
1782301375.184453,9736.111736,23.0,,2.0,584.9140625,,0
1782301375.284456,9736.211739,22.0,,3.0,584.9140625,,0
1782301375.384454,9736.311737,22.0,,3.0,584.9140625,,0
1782301375.484451,9736.411734,22.0,,2.0,584.9140625,,0
1782301375.584455,9736.511739,22.0,,3.0,584.9140625,,0
1782301375.684452,9736.611735,21.0,,3.0,584.9140625,,0
1782301375.784456,9736.711740,23.0,,3.0,584.9140625,,0
1782301375.884461,9736.811744,21.0,,3.0,584.9140625,,0
1782301375.984452,9736.911736,20.0,,3.0,584.9140625,,0
1782301376.084453,9737.011736,21.0,,3.0,584.9140625,,0
1782301376.184453,9737.111736,21.0,,3.0,584.9140625,,0
1782301376.284454,9737.211737,21.0,,3.0,584.9140625,,0
1782301376.384454,9737.311737,21.0,,3.0,584.9140625,,0
1782301376.484459,9737.411742,21.0,,3.0,584.9140625,,0
1782301376.584452,9737.511735,21.0,,2.0,584.9140625,,0
1782301376.684452,9737.611735,22.0,,2.0,584.9140625,,0
1782301376.784451,9737.711734,21.0,,3.0,584.9140625,,0
1782301376.884455,9737.811739,22.0,,3.0,584.9140625,,0
1782301376.984454,9737.911738,22.0,,3.0,584.9140625,,0
1782301377.084465,9738.011748,22.0,,2.0,584.9140625,,0
1782301377.184453,9738.111737,21.0,,3.0,584.9140625,,0
1782301377.284451,9738.211735,20.0,,3.0,584.9140625,,0
1782301377.384453,9738.311736,20.0,,3.0,584.9140625,,0
1782301377.484455,9738.411738,21.0,,3.0,584.9140625,,0
1782301377.584453,9738.511736,20.0,,3.0,584.9140625,,0
1782301377.684454,9738.611738,21.0,,3.0,584.9140625,,0
1782301377.784453,9738.711736,22.0,,3.0,584.9140625,,0
1782301377.884452,9738.811735,21.0,,3.0,584.9140625,,0
1782301377.984457,9738.911741,22.0,,3.0,584.9140625,,0
1782301378.084455,9739.011738,21.0,,3.0,584.9140625,,0
1782301378.184453,9739.111736,21.0,,3.0,584.9140625,,0
1782301378.284454,9739.211737,21.0,,3.0,584.9140625,,0
1782301378.384454,9739.311739,21.0,,3.0,584.9140625,,0
1782301378.484457,9739.411740,20.0,,3.0,584.9140625,,0
1782301378.584388,9739.511673,24.0,,3.0,584.9140625,,0
1782301378.684456,9739.611740,21.0,,3.0,584.9140625,,0
1782301378.784451,9739.711735,21.0,,3.0,584.9140625,,0
1782301378.884456,9739.811739,20.0,,3.0,584.9140625,,0
1782301378.984451,9739.911734,22.0,,3.0,584.9140625,,0
1782301379.084454,9740.011737,21.0,,3.0,584.9140625,,0
1782301379.184452,9740.111736,19.0,,3.0,584.9140625,,0
1782301379.284440,9740.211725,145.0,,76.0,584.9140625,,0
1782301379.384459,9740.311745,208.0,,99.0,584.9140625,,0
1782301379.484451,9740.411736,212.0,,99.0,584.9140625,,0
1782301379.584454,9740.511739,207.0,,99.0,584.9140625,,0
1782301379.684455,9740.611739,216.0,,99.0,584.9140625,,0
1782301379.784460,9740.711744,215.0,,99.0,584.9140625,,0
1782301379.884455,9740.811738,226.0,,99.0,584.9140625,,0
1782301379.984447,9740.911731,217.0,,99.0,584.9140625,,0
1782301380.084454,9741.011737,220.0,,99.0,584.9140625,,0
1782301380.184454,9741.111738,219.0,,99.0,584.9140625,,0
1782301380.284458,9741.211742,210.0,,99.0,584.9140625,,0
1782301380.384459,9741.311743,218.0,,99.0,584.9140625,,0
1782301380.484452,9741.411735,213.0,,99.0,584.9140625,,0
1782301380.584457,9741.511742,211.0,,99.0,584.9140625,,0
1782301380.684457,9741.611741,214.0,,99.0,584.9140625,,0
1782301380.784452,9741.711737,224.0,,99.0,584.9140625,,0
1782301380.884456,9741.811740,224.0,,99.0,584.9140625,,0
1782301380.984454,9741.911738,228.0,,99.0,584.9140625,,0
1782301381.084463,9742.011746,235.0,,99.0,584.9140625,,0
1782301381.184453,9742.111738,230.0,,99.0,584.9140625,,0
1782301381.284458,9742.211742,235.0,,99.0,584.9140625,,0
1782301381.384455,9742.311739,236.0,,99.0,584.9140625,,0
1782301381.484452,9742.411737,239.0,,99.0,584.9140625,,0
1782301381.584454,9742.511738,241.0,,99.0,584.9140625,,0
1782301381.684452,9742.611737,246.0,,99.0,584.9140625,,0
1782301381.784458,9742.711741,243.0,,99.0,584.9140625,,0
1782301381.884454,9742.811738,244.0,,99.0,584.9140625,,0
1782301381.984453,9742.911736,241.0,,99.0,584.9140625,,0
1782301382.084449,9743.011733,243.0,,99.0,584.9140625,,0
1782301382.184452,9743.111737,244.0,,99.0,584.9140625,,0
1782301382.284452,9743.211735,247.0,,99.0,584.9140625,,0
1782301382.384453,9743.311737,248.0,,99.0,584.9140625,,0
1782301382.484451,9743.411734,247.0,,99.0,584.9140625,,0
1782301382.584453,9743.511737,246.0,,99.0,584.9140625,,0
1782301382.684458,9743.611741,247.0,,99.0,584.9140625,,0
1782301382.784456,9743.711740,248.0,,99.0,584.9140625,,0
1782301382.884450,9743.811733,248.0,,99.0,584.9140625,,0
1782301382.984458,9743.911741,245.0,,99.0,584.9140625,,0
1782301383.084450,9744.011736,247.0,,99.0,584.9140625,,0
1782301383.184452,9744.111736,246.0,,99.0,584.9140625,,0
1782301383.284447,9744.211731,248.0,,99.0,584.9140625,,0
1782301383.384450,9744.311734,246.0,,99.0,584.9140625,,0
1782301383.484455,9744.411739,247.0,,99.0,584.9140625,,0
1782301383.584457,9744.511741,247.0,,99.0,584.9140625,,0
1782301383.684451,9744.611735,247.0,,99.0,584.9140625,,0
1782301383.784450,9744.711735,248.0,,99.0,584.9140625,,0
1782301383.884451,9744.811735,248.0,,99.0,584.9140625,,0
1782301383.984448,9744.911733,250.0,,99.0,584.9140625,,0
1782301384.084446,9745.011731,249.0,,99.0,584.9140625,,0
1782301384.184451,9745.111735,247.0,,99.0,584.9140625,,0
1782301384.284452,9745.211737,245.0,,99.0,584.9140625,,0
1782301384.384463,9745.311746,246.0,,99.0,584.9140625,,0
1782301384.484453,9745.411737,247.0,,99.0,584.9140625,,0
1782301384.584459,9745.511743,246.0,,99.0,584.9140625,,0
1782301384.684447,9745.611731,248.0,,99.0,584.9140625,,0
1782301384.784451,9745.711736,249.0,,99.0,584.9140625,,0
1782301384.884453,9745.811736,247.0,,99.0,584.9140625,,0
1782301384.984456,9745.911740,247.0,,99.0,584.9140625,,0
1782301385.084448,9746.011733,246.0,,99.0,584.9140625,,0
1782301385.184453,9746.111737,248.0,,99.0,584.9140625,,0
1782301385.284452,9746.211737,246.0,,99.0,584.9140625,,0
1782301385.384452,9746.311736,247.0,,99.0,584.9140625,,0
1782301385.484450,9746.411733,247.0,,99.0,584.9140625,,0
1782301385.584453,9746.511737,246.0,,99.0,584.9140625,,0
1782301385.684453,9746.611737,247.0,,99.0,584.9140625,,0
1782301385.784458,9746.711741,246.0,,99.0,584.9140625,,0
1782301385.884452,9746.811736,245.0,,99.0,584.9140625,,0
1782301385.984447,9746.911732,248.0,,99.0,584.9140625,,0
1782301386.084453,9747.011738,247.0,,99.0,584.9140625,,0
1782301386.184455,9747.111740,248.0,,99.0,584.9140625,,0
1782301386.284457,9747.211742,245.0,,99.0,584.9140625,,0
1782301386.384448,9747.311732,246.0,,99.0,584.9140625,,0
1782301386.484453,9747.411736,247.0,,99.0,584.9140625,,0
1782301386.584459,9747.511742,247.0,,99.0,584.9140625,,0
1782301386.684460,9747.611745,248.0,,99.0,584.9140625,,0
1782301386.784454,9747.711738,248.0,,99.0,584.9140625,,0
1782301386.884452,9747.811736,247.0,,99.0,584.9140625,,0
1782301386.984454,9747.911739,247.0,,99.0,584.9140625,,0
1782301387.084457,9748.011741,247.0,,99.0,584.9140625,,0
1782301387.184445,9748.111729,247.0,,99.0,584.9140625,,0
1782301387.284451,9748.211734,247.0,,99.0,584.9140625,,0
1782301387.384454,9748.311738,247.0,,99.0,584.9140625,,0
1782301387.484450,9748.411734,246.0,,99.0,584.9140625,,0
1782301387.584448,9748.511732,248.0,,99.0,584.9140625,,0
1782301387.684464,9748.611748,247.0,,99.0,584.9140625,,0
1782301387.784454,9748.711738,247.0,,99.0,584.9140625,,0
1782301387.884448,9748.811731,248.0,,99.0,584.9140625,,0
1782301387.984446,9748.911731,247.0,,99.0,584.9140625,,0
1782301388.084447,9749.011731,247.0,,99.0,584.9140625,,0
1782301388.184460,9749.111745,247.0,,99.0,584.9140625,,0
1782301388.284453,9749.211737,247.0,,99.0,584.9140625,,0
1782301388.384455,9749.311738,248.0,,99.0,584.9140625,,0
1782301388.484452,9749.411736,247.0,,99.0,584.9140625,,0
1782301388.584452,9749.511736,246.0,,99.0,584.9140625,,0
1782301388.684454,9749.611739,247.0,,99.0,584.9140625,,0
1782301388.784451,9749.711736,244.0,,99.0,584.9140625,,0
1782301388.884452,9749.811736,249.0,,99.0,584.9140625,,0
1782301388.984452,9749.911736,248.0,,99.0,584.9140625,,0
1782301389.084453,9750.011736,249.0,,99.0,584.9140625,,0
1782301389.184458,9750.111743,248.0,,99.0,584.9140625,,0
1782301389.284452,9750.211735,247.0,,99.0,584.9140625,,0
1782301389.384476,9750.311760,247.0,,99.0,584.9140625,,0
1782301389.484455,9750.411739,248.0,,99.0,584.9140625,,0
1782301389.584455,9750.511739,247.0,,99.0,584.9140625,,0
1782301389.684385,9750.611670,247.0,,99.0,584.9140625,,0
1782301389.784456,9750.711741,249.0,,99.0,584.9140625,,0
1782301389.884451,9750.811736,248.0,,99.0,584.9140625,,0
1782301389.984455,9750.911739,249.0,,99.0,584.9140625,,0
1782301390.084451,9751.011736,249.0,,99.0,584.9140625,,0
1782301390.184454,9751.111738,248.0,,99.0,584.9140625,,0
1782301390.284452,9751.211737,246.0,,99.0,584.9140625,,0
1782301390.384451,9751.311734,247.0,,99.0,584.9140625,,0
1782301390.484453,9751.411737,249.0,,99.0,584.9140625,,0
1782301390.584447,9751.511731,247.0,,99.0,584.9140625,,0
1782301390.684453,9751.611736,248.0,,99.0,584.9140625,,0
1782301390.784451,9751.711735,247.0,,99.0,584.9140625,,0
1782301390.884452,9751.811735,250.0,,99.0,584.9140625,,0
1782301390.984482,9751.911765,245.0,,99.0,584.9140625,,0
1782301391.084457,9752.011741,247.0,,99.0,584.9140625,,0
1782301391.184447,9752.111731,247.0,,99.0,584.9140625,,0
1782301391.284456,9752.211740,250.0,,99.0,584.9140625,,0
1782301391.384447,9752.311730,249.0,,99.0,584.9140625,,0
1782301391.484393,9752.411678,250.0,,99.0,584.9140625,,0
1782301391.584461,9752.511746,247.0,,99.0,584.9140625,,0
1782301391.684458,9752.611743,246.0,,99.0,584.9140625,,0
1782301391.784463,9752.711748,247.0,,99.0,584.9140625,,0
1782301391.884454,9752.811738,249.0,,99.0,584.9140625,,0
1782301391.984453,9752.911737,248.0,,99.0,584.9140625,,0
1782301392.084452,9753.011737,247.0,,99.0,584.9140625,,0
1782301392.184457,9753.111740,248.0,,99.0,584.9140625,,0
1782301392.284458,9753.211741,247.0,,99.0,584.9140625,,0
1782301392.384453,9753.311738,249.0,,99.0,584.9140625,,0
1782301392.484382,9753.411666,248.0,,99.0,584.9140625,,0
1782301392.584455,9753.511739,248.0,,99.0,584.9140625,,0
1782301392.684460,9753.611745,249.0,,99.0,584.9140625,,0
1782301392.784457,9753.711741,247.0,,99.0,584.9140625,,0
1782301392.884453,9753.811738,247.0,,99.0,584.9140625,,0
1782301392.984452,9753.911735,249.0,,99.0,584.9140625,,0
1782301393.084453,9754.011737,249.0,,99.0,584.9140625,,0
1782301393.184453,9754.111738,247.0,,99.0,584.9140625,,0
1782301393.284452,9754.211735,249.0,,99.0,584.9140625,,0
1782301393.384454,9754.311738,249.0,,99.0,584.9140625,,0
1782301393.484365,9754.411648,249.0,,99.0,584.9140625,,0
1782301393.584453,9754.511737,248.0,,99.0,584.9140625,,0
1782301393.684370,9754.611653,249.0,,99.0,584.9140625,,0
1782301393.784451,9754.711736,250.0,,99.0,584.9140625,,0
1782301393.884456,9754.811741,249.0,,99.0,584.9140625,,0
1782301393.984456,9754.911741,250.0,,99.0,584.9140625,,0
1782301394.084454,9755.011739,249.0,,99.0,584.9140625,,0
1782301394.184469,9755.111753,249.0,,99.0,584.9140625,,0
1782301394.284451,9755.211737,249.0,,99.0,584.9140625,,0
1782301394.384455,9755.311738,248.0,,99.0,584.9140625,,0
1782301394.484461,9755.411744,249.0,,99.0,584.9140625,,0
1782301394.584453,9755.511737,247.0,,99.0,584.9140625,,0
1782301394.684455,9755.611740,247.0,,99.0,584.9140625,,0
1782301394.784454,9755.711739,249.0,,99.0,584.9140625,,0
1782301394.884454,9755.811738,249.0,,99.0,584.9140625,,0
1782301394.984460,9755.911744,250.0,,99.0,584.9140625,,0
1782301395.084454,9756.011739,249.0,,99.0,584.9140625,,0
1782301395.184452,9756.111736,249.0,,99.0,584.9140625,,0
1782301395.284453,9756.211737,251.0,,99.0,584.9140625,,0
1782301395.384452,9756.311735,248.0,,99.0,584.9140625,,0
1782301395.484454,9756.411739,249.0,,99.0,584.9140625,,0
1782301395.584458,9756.511743,248.0,,99.0,584.9140625,,0
1782301395.684452,9756.611736,250.0,,99.0,584.9140625,,0
1782301395.784456,9756.711740,249.0,,99.0,584.9140625,,0
1782301395.884472,9756.811757,249.0,,99.0,584.9140625,,0
1782301395.984453,9756.911738,249.0,,99.0,584.9140625,,0
1782301396.084451,9757.011736,251.0,,99.0,584.9140625,,0
1782301396.184454,9757.111738,249.0,,99.0,584.9140625,,0
1782301396.284462,9757.211746,248.0,,99.0,584.9140625,,0
1782301396.384456,9757.311741,251.0,,99.0,584.9140625,,0
1782301396.484459,9757.411744,246.0,,99.0,584.9140625,,0
1782301396.584455,9757.511739,256.0,,99.0,584.9140625,,0
1782301396.684456,9757.611741,248.0,,99.0,584.9140625,,0
1782301396.784460,9757.711744,255.0,,99.0,584.9140625,,0
1782301396.884455,9757.811739,253.0,,99.0,584.9140625,,0
1782301396.984454,9757.911738,256.0,,99.0,584.9140625,,0
1782301397.084456,9758.011739,243.0,,99.0,584.9140625,,0
1782301397.184450,9758.111734,239.0,,99.0,584.9140625,,0
1782301397.284452,9758.211736,257.0,,99.0,584.9140625,,0
1782301397.384452,9758.311737,259.0,,99.0,584.9140625,,0
1782301397.484457,9758.411742,247.0,,99.0,584.9140625,,0
1782301397.584455,9758.511739,240.0,,99.0,584.9140625,,0
1782301397.684458,9758.611741,249.0,,99.0,584.9140625,,0
1782301397.784454,9758.711738,237.0,,99.0,584.9140625,,0
1782301397.884444,9758.811729,246.0,,99.0,584.9140625,,0
1782301397.984462,9758.911747,261.0,,99.0,584.9140625,,0
1782301398.084468,9759.011752,260.0,,99.0,584.9140625,,0
1782301398.184460,9759.111745,248.0,,99.0,584.9140625,,0
1782301398.284464,9759.211748,251.0,,99.0,584.9140625,,0
1782301398.384454,9759.311739,249.0,,99.0,584.9140625,,0
1782301398.484458,9759.411742,250.0,,99.0,584.9140625,,0
1782301398.584458,9759.511743,251.0,,99.0,584.9140625,,0
1782301398.684455,9759.611739,248.0,,99.0,584.9140625,,0
1782301398.784455,9759.711738,250.0,,99.0,584.9140625,,0
1782301398.884459,9759.811744,250.0,,99.0,584.9140625,,0
1782301398.984457,9759.911742,250.0,,99.0,584.9140625,,0
1782301399.084451,9760.011734,250.0,,99.0,584.9140625,,0
1782301399.184458,9760.111742,250.0,,99.0,584.9140625,,0
1782301399.284453,9760.211738,251.0,,99.0,584.9140625,,0
1782301399.384455,9760.311740,249.0,,99.0,584.9140625,,0
1782301399.484454,9760.411739,250.0,,99.0,584.9140625,,0
1782301399.584457,9760.511740,250.0,,99.0,584.9140625,,0
1782301399.684454,9760.611737,248.0,,99.0,584.9140625,,0
1782301399.784455,9760.711740,248.0,,99.0,584.9140625,,0
1782301399.884457,9760.811741,247.0,,99.0,584.9140625,,0
1782301399.984627,9760.911912,250.0,,99.0,584.9140625,,0
1782301400.084459,9761.011744,249.0,,99.0,584.9140625,,0
1782301400.184453,9761.111738,246.0,,99.0,584.9140625,,0
1782301400.284461,9761.211746,250.0,,99.0,584.9140625,,0
1782301400.384452,9761.311736,249.0,,99.0,584.9140625,,0
1782301400.484457,9761.411742,250.0,,99.0,584.9140625,,0
1782301400.584474,9761.511757,248.0,,99.0,584.9140625,,0
1782301400.684460,9761.611744,250.0,,99.0,584.9140625,,0
1782301400.784456,9761.711741,249.0,,99.0,584.9140625,,0
1782301400.884457,9761.811742,252.0,,99.0,584.9140625,,0
1782301400.984461,9761.911746,252.0,,99.0,584.9140625,,0
1782301401.084459,9762.011742,249.0,,99.0,584.9140625,,0
1782301401.184458,9762.111741,251.0,,99.0,584.9140625,,0
1782301401.284456,9762.211739,250.0,,99.0,584.9140625,,0
1782301401.384456,9762.311739,250.0,,99.0,584.9140625,,0
1782301401.484450,9762.411734,251.0,,99.0,584.9140625,,0
1782301401.584461,9762.511745,252.0,,99.0,584.9140625,,0
1782301401.684455,9762.611738,251.0,,99.0,584.9140625,,0
1782301401.784458,9762.711743,249.0,,99.0,584.9140625,,0
1782301401.884457,9762.811741,251.0,,99.0,584.9140625,,0
1782301401.984456,9762.911739,250.0,,99.0,584.9140625,,0
1782301402.084457,9763.011742,248.0,,99.0,584.9140625,,0
1782301402.184451,9763.111734,250.0,,99.0,584.9140625,,0
1782301402.284459,9763.211743,251.0,,99.0,584.9140625,,0
1782301402.384453,9763.311737,251.0,,99.0,584.9140625,,0
1782301402.484466,9763.411750,251.0,,99.0,584.9140625,,0
1782301402.584453,9763.511736,252.0,,99.0,584.9140625,,0
1782301402.684468,9763.611753,250.0,,99.0,584.9140625,,0
1782301402.784451,9763.711735,249.0,,99.0,584.9140625,,0
1782301402.884454,9763.811738,250.0,,99.0,584.9140625,,0
1782301402.984457,9763.911740,251.0,,99.0,584.9140625,,0
1782301403.084456,9764.011741,251.0,,99.0,584.9140625,,0
1782301403.184449,9764.111733,250.0,,99.0,584.9140625,,0
1782301403.284453,9764.211738,251.0,,99.0,584.9140625,,0
1782301403.384466,9764.311750,250.0,,99.0,584.9140625,,0
1782301403.484455,9764.411739,251.0,,99.0,584.9140625,,0
1782301403.584460,9764.511744,251.0,,99.0,584.9140625,,0
1782301403.684470,9764.611754,251.0,,99.0,584.9140625,,0
1782301403.784457,9764.711742,251.0,,99.0,584.9140625,,0
1782301403.884469,9764.811754,250.0,,99.0,584.9140625,,0
1782301403.984457,9764.911741,251.0,,99.0,584.9140625,,0
1782301404.084455,9765.011740,249.0,,99.0,584.9140625,,0
1782301404.184456,9765.111741,251.0,,99.0,584.9140625,,0
1782301404.284477,9765.211761,249.0,,99.0,584.9140625,,0
1782301404.384454,9765.311739,251.0,,99.0,584.9140625,,0
1782301404.484459,9765.411744,251.0,,99.0,584.9140625,,0
1782301404.584453,9765.511737,251.0,,99.0,584.9140625,,0
1782301404.684448,9765.611733,252.0,,99.0,584.9140625,,0
1782301404.784456,9765.711740,250.0,,99.0,584.9140625,,0
1782301404.884464,9765.811748,248.0,,99.0,584.9140625,,0
1782301404.984452,9765.911737,249.0,,99.0,584.9140625,,0
1782301405.084459,9766.011742,252.0,,99.0,584.9140625,,0
1782301405.184458,9766.111743,253.0,,99.0,584.9140625,,0
1782301405.284451,9766.211735,252.0,,99.0,584.9140625,,0
1782301405.384456,9766.311740,252.0,,99.0,584.9140625,,0
1782301405.484462,9766.411747,249.0,,99.0,584.9140625,,0
1782301405.584453,9766.511737,251.0,,99.0,584.9140625,,0
1782301405.684453,9766.611737,251.0,,99.0,584.9140625,,0
1782301405.784458,9766.711742,251.0,,99.0,584.9140625,,0
1782301405.884456,9766.811739,250.0,,99.0,584.9140625,,0
1782301405.984458,9766.911741,250.0,,99.0,584.9140625,,0
1782301406.084456,9767.011741,252.0,,99.0,584.9140625,,0
1782301406.184468,9767.111753,252.0,,99.0,584.9140625,,0
1782301406.284461,9767.211744,252.0,,99.0,584.9140625,,0
1782301406.384453,9767.311738,251.0,,99.0,584.9140625,,0
1782301406.484457,9767.411740,249.0,,99.0,584.9140625,,0
1782301406.584454,9767.511739,251.0,,99.0,584.9140625,,0
1782301406.684457,9767.611741,251.0,,99.0,584.9140625,,0
1782301406.784456,9767.711741,249.0,,99.0,584.9140625,,0
1782301406.884458,9767.811742,250.0,,99.0,584.9140625,,0
1782301406.984452,9767.911737,252.0,,99.0,584.9140625,,0
1782301407.084463,9768.011748,252.0,,99.0,584.9140625,,0
1782301407.184455,9768.111740,252.0,,99.0,584.9140625,,0
1782301407.284454,9768.211738,251.0,,99.0,584.9140625,,0
1782301407.384453,9768.311738,250.0,,99.0,584.9140625,,0
1782301407.484450,9768.411734,250.0,,99.0,584.9140625,,0
1782301407.584459,9768.511742,251.0,,99.0,584.9140625,,0
1782301407.684457,9768.611742,252.0,,99.0,584.9140625,,0
1782301407.784453,9768.711738,250.0,,99.0,584.9140625,,0
1782301407.884454,9768.811739,250.0,,99.0,584.9140625,,0
1782301407.984448,9768.911733,252.0,,99.0,584.9140625,,0
1782301408.084450,9769.011734,251.0,,99.0,584.9140625,,0
1782301408.184457,9769.111740,252.0,,99.0,584.9140625,,0
1782301408.284457,9769.211742,252.0,,99.0,584.9140625,,0
1782301408.384456,9769.311741,251.0,,99.0,584.9140625,,0
1782301408.484453,9769.411738,250.0,,99.0,584.9140625,,0
1782301408.584458,9769.511743,252.0,,99.0,584.9140625,,0
1782301408.684458,9769.611742,252.0,,99.0,584.9140625,,0
1782301408.784451,9769.711735,250.0,,99.0,584.9140625,,0
1782301408.884458,9769.811741,249.0,,99.0,584.9140625,,0
1782301408.984462,9769.911746,251.0,,99.0,584.9140625,,0
1782301409.084452,9770.011736,251.0,,99.0,584.9140625,,0
1782301409.184454,9770.111739,252.0,,99.0,584.9140625,,0
1782301409.284448,9770.211733,252.0,,99.0,584.9140625,,0
1782301409.384456,9770.311741,252.0,,99.0,584.9140625,,0
1782301409.484455,9770.411739,250.0,,99.0,584.9140625,,0
1782301409.584459,9770.511742,252.0,,99.0,584.9140625,,0
1782301409.684455,9770.611740,249.0,,99.0,584.9140625,,0
1782301409.784458,9770.711743,250.0,,99.0,584.9140625,,0
1782301409.884454,9770.811738,252.0,,99.0,584.9140625,,0
1782301409.984458,9770.911742,253.0,,99.0,584.9140625,,0
1782301410.084457,9771.011741,251.0,,99.0,584.9140625,,0
1782301410.184387,9771.111671,250.0,,99.0,584.9140625,,0
1782301410.284456,9771.211740,252.0,,99.0,584.9140625,,0
1782301410.384455,9771.311739,250.0,,99.0,584.9140625,,0
1782301410.484459,9771.411743,250.0,,99.0,584.9140625,,0
1782301410.584460,9771.511745,251.0,,99.0,584.9140625,,0
1782301410.684452,9771.611737,253.0,,99.0,584.9140625,,0
1782301410.784453,9771.711737,249.0,,99.0,584.9140625,,0
1782301410.884452,9771.811737,250.0,,99.0,584.9140625,,0
1782301410.984450,9771.911735,250.0,,99.0,584.9140625,,0
1782301411.084453,9772.011736,252.0,,99.0,584.9140625,,0
1782301411.184458,9772.111742,252.0,,99.0,584.9140625,,0
1782301411.284457,9772.211741,251.0,,99.0,584.9140625,,0
1782301411.384477,9772.311760,251.0,,99.0,584.9140625,,0
1782301411.484475,9772.411759,249.0,,99.0,584.9140625,,0
1782301411.584451,9772.511736,250.0,,99.0,584.9140625,,0
1782301411.684454,9772.611737,253.0,,99.0,584.9140625,,0
1782301411.784457,9772.711742,253.0,,99.0,584.9140625,,0
1782301411.884458,9772.811742,252.0,,99.0,584.9140625,,0
1782301411.984454,9772.911738,251.0,,99.0,584.9140625,,0
1782301412.084448,9773.011732,251.0,,99.0,584.9140625,,0
1782301412.184453,9773.111737,249.0,,99.0,584.9140625,,0
1782301412.284454,9773.211738,250.0,,99.0,584.9140625,,0
1782301412.384453,9773.311737,252.0,,99.0,584.9140625,,0
1782301412.484455,9773.411739,250.0,,99.0,584.9140625,,0
1782301412.584454,9773.511738,251.0,,99.0,584.9140625,,0
1782301412.684455,9773.611739,252.0,,99.0,584.9140625,,0
1782301412.784453,9773.711736,251.0,,99.0,584.9140625,,0
1782301412.884456,9773.811741,252.0,,99.0,584.9140625,,0
1782301412.984447,9773.911733,250.0,,99.0,584.9140625,,0
1782301413.084456,9774.011739,249.0,,99.0,584.9140625,,0
1782301413.184456,9774.111741,250.0,,99.0,584.9140625,,0
1782301413.284454,9774.211739,251.0,,99.0,584.9140625,,0
1782301413.384446,9774.311732,249.0,,99.0,584.9140625,,0
1782301413.484448,9774.411733,251.0,,99.0,584.9140625,,0
1782301413.584452,9774.511737,259.0,,99.0,584.9140625,,0
1782301413.684458,9774.611742,251.0,,99.0,584.9140625,,0
1782301413.784452,9774.711737,246.0,,99.0,584.9140625,,0
1782301413.884452,9774.811736,266.0,,99.0,584.9140625,,0
1782301413.984451,9774.911735,259.0,,99.0,584.9140625,,0
1782301414.084461,9775.011745,249.0,,99.0,584.9140625,,0
1782301414.184460,9775.111745,241.0,,99.0,584.9140625,,0
1782301414.284458,9775.211742,24.0,,3.0,584.9140625,,0
1782301414.384457,9775.311740,23.0,,3.0,584.9140625,,0
1782301414.484453,9775.411736,21.0,,2.0,584.9140625,,0
1782301414.584452,9775.511736,22.0,,3.0,584.9140625,,0
1782301414.684458,9775.611741,22.0,,3.0,584.9140625,,0
1782301414.784460,9775.711744,21.0,,3.0,584.9140625,,0
1782301414.884457,9775.811741,22.0,,3.0,584.9140625,,0
1782301414.984454,9775.911737,24.0,,3.0,584.9140625,,0
1782301415.084451,9776.011734,24.0,,3.0,584.9140625,,0
1782301415.184453,9776.111737,21.0,,3.0,584.9140625,,0
1782301415.284455,9776.211738,21.0,,3.0,584.9140625,,0
1782301415.384459,9776.311742,24.0,,3.0,584.9140625,,0
1782301415.484460,9776.411744,21.0,,3.0,584.9140625,,0
1782301415.584460,9776.511743,21.0,,2.0,584.9140625,,0
1782301415.684454,9776.611737,21.0,,3.0,584.9140625,,0
1782301415.784365,9776.711648,21.0,,3.0,584.9140625,,0
1782301415.884454,9776.811738,22.0,,3.0,584.9140625,,0
1782301415.984454,9776.911737,21.0,,3.0,584.9140625,,0
1782301416.084455,9777.011739,22.0,,3.0,584.9140625,,0
1782301416.184456,9777.111740,21.0,,3.0,584.9140625,,0
1782301416.284459,9777.211743,23.0,,3.0,584.9140625,,0
1782301416.384454,9777.311737,21.0,,2.0,584.9140625,,0
1782301416.484459,9777.411745,21.0,,3.0,584.9140625,,0
1782301416.584460,9777.511743,21.0,,3.0,584.9140625,,0
1782301416.684452,9777.611735,20.0,,3.0,584.9140625,,0
1782301416.784451,9777.711735,24.0,,3.0,584.9140625,,0
1782301416.884459,9777.811742,21.0,,3.0,584.9140625,,0
1782301416.984458,9777.911741,19.0,,3.0,584.9140625,,0
1782301417.084452,9778.011735,19.0,,4.0,584.9140625,,0
1782301417.184453,9778.111736,18.0,,3.0,584.9140625,,0
1782301417.284459,9778.211742,24.0,,3.0,584.9140625,,0
1782301417.384456,9778.311739,18.0,,3.0,584.9140625,,0
1782301417.484457,9778.411742,18.0,,3.0,584.9140625,,0
1782301417.584453,9778.511736,18.0,,3.0,584.9140625,,0
1782301417.684458,9778.611742,18.0,,3.0,584.9140625,,0
1782301417.784460,9778.711744,19.0,,3.0,584.9140625,,0
1782301417.884452,9778.811736,19.0,,3.0,584.9140625,,0
1782301417.984453,9778.911737,18.0,,3.0,584.9140625,,0
1782301418.084458,9779.011743,20.0,,3.0,584.9140625,,0
1782301418.184453,9779.111737,20.0,,3.0,584.9140625,,0
1782301418.284458,9779.211741,18.0,,3.0,584.9140625,,0
1782301418.384459,9779.311743,18.0,,3.0,584.9140625,,0
1782301418.484452,9779.411735,20.0,,3.0,584.9140625,,0
1782301418.584454,9779.511738,19.0,,3.0,584.9140625,,0
1782301418.684458,9779.611744,18.0,,3.0,584.9140625,,0
1782301418.784457,9779.711740,19.0,,3.0,584.9140625,,0
1782301418.884454,9779.811737,19.0,,3.0,584.9140625,,0
1782301418.984458,9779.911741,19.0,,3.0,584.9140625,,0
1782301419.084457,9780.011741,18.0,,3.0,584.9140625,,0
1782301419.184453,9780.111738,20.0,,3.0,584.9140625,,0
1782301419.284368,9780.211652,139.0,,74.0,584.9140625,,0
1782301419.384367,9780.311650,200.0,,99.0,584.9140625,,0
1782301419.484444,9780.411728,213.0,,99.0,584.9140625,,0
1782301419.584446,9780.511730,213.0,,99.0,584.9140625,,0
1782301419.684448,9780.611731,213.0,,99.0,584.9140625,,0
1782301419.784450,9780.711733,213.0,,99.0,584.9140625,,0
1782301419.884452,9780.811735,217.0,,99.0,584.9140625,,0
1782301419.984446,9780.911729,216.0,,99.0,584.9140625,,0
1782301420.084450,9781.011733,221.0,,99.0,584.9140625,,0
1782301420.184449,9781.111732,222.0,,99.0,584.9140625,,0
1782301420.284450,9781.211733,220.0,,99.0,584.9140625,,0
1782301420.384445,9781.311728,220.0,,99.0,584.9140625,,0
1782301420.484453,9781.411736,224.0,,99.0,584.9140625,,0
1782301420.584457,9781.511740,226.0,,99.0,584.9140625,,0
1782301420.684458,9781.611742,227.0,,99.0,584.9140625,,0
1782301420.784452,9781.711736,226.0,,99.0,584.9140625,,0
1782301420.884449,9781.811733,230.0,,99.0,584.9140625,,0
1782301420.984447,9781.911730,230.0,,99.0,584.9140625,,0
1782301421.084445,9782.011729,233.0,,99.0,584.9140625,,0
1782301421.184447,9782.111730,237.0,,99.0,584.9140625,,0
1782301421.284448,9782.211733,238.0,,99.0,584.9140625,,0
1782301421.384451,9782.311735,239.0,,99.0,584.9140625,,0
1782301421.484450,9782.411733,243.0,,99.0,584.9140625,,0
1782301421.584446,9782.511729,246.0,,99.0,584.9140625,,0
1782301421.684449,9782.611733,251.0,,99.0,584.9140625,,0
1782301421.784450,9782.711734,251.0,,99.0,584.9140625,,0
1782301421.884449,9782.811733,251.0,,99.0,584.9140625,,0
1782301421.984458,9782.911742,250.0,,99.0,584.9140625,,0
1782301422.084457,9783.011741,251.0,,99.0,584.9140625,,0
1782301422.184455,9783.111739,251.0,,99.0,584.9140625,,0
1782301422.284446,9783.211730,251.0,,99.0,584.9140625,,0
1782301422.384456,9783.311740,252.0,,99.0,584.9140625,,0
1782301422.484456,9783.411740,250.0,,99.0,584.9140625,,0
1782301422.584450,9783.511736,250.0,,99.0,584.9140625,,0
1782301422.684453,9783.611737,254.0,,99.0,584.9140625,,0
1782301422.784451,9783.711736,251.0,,99.0,584.9140625,,0
1782301422.884454,9783.811738,250.0,,99.0,584.9140625,,0
1782301422.984452,9783.911737,248.0,,99.0,584.9140625,,0
1782301423.084452,9784.011735,248.0,,99.0,584.9140625,,0
1782301423.184454,9784.111737,248.0,,99.0,584.9140625,,0
1782301423.284451,9784.211734,249.0,,99.0,584.9140625,,0
1782301423.384450,9784.311734,249.0,,99.0,584.9140625,,0
1782301423.484455,9784.411738,249.0,,99.0,584.9140625,,0
1782301423.584450,9784.511734,248.0,,99.0,584.9140625,,0
1782301423.684446,9784.611729,250.0,,99.0,584.9140625,,0
1782301423.784451,9784.711735,248.0,,99.0,584.9140625,,0
1782301423.884452,9784.811735,249.0,,99.0,584.9140625,,0
1782301423.984456,9784.911739,250.0,,99.0,584.9140625,,0
1782301424.084451,9785.011735,251.0,,99.0,584.9140625,,0
1782301424.184460,9785.111743,249.0,,99.0,584.9140625,,0
1782301424.284451,9785.211735,251.0,,99.0,584.9140625,,0
1782301424.384453,9785.311738,250.0,,99.0,584.9140625,,0
1782301424.484446,9785.411729,251.0,,99.0,584.9140625,,0
1782301424.584455,9785.511739,252.0,,99.0,584.9140625,,0
1782301424.684451,9785.611734,251.0,,99.0,584.9140625,,0
1782301424.784450,9785.711733,251.0,,99.0,584.9140625,,0
1782301424.884453,9785.811737,251.0,,99.0,584.9140625,,0
1782301424.984451,9785.911734,250.0,,99.0,584.9140625,,0
1782301425.084450,9786.011734,251.0,,99.0,584.9140625,,0
1782301425.184460,9786.111743,250.0,,99.0,584.9140625,,0
1782301425.284455,9786.211738,253.0,,99.0,584.9140625,,0
1782301425.384467,9786.311750,251.0,,99.0,584.9140625,,0
1782301425.484450,9786.411734,251.0,,99.0,584.9140625,,0
1782301425.584452,9786.511735,251.0,,99.0,584.9140625,,0
1782301425.684464,9786.611749,251.0,,99.0,584.9140625,,0
1782301425.784451,9786.711735,252.0,,99.0,584.9140625,,0
1782301425.884459,9786.811742,251.0,,99.0,584.9140625,,0
1782301425.984444,9786.911727,249.0,,99.0,584.9140625,,0
1782301426.084450,9787.011734,248.0,,99.0,584.9140625,,0
1782301426.184459,9787.111743,251.0,,99.0,584.9140625,,0
1782301426.284449,9787.211732,251.0,,99.0,584.9140625,,0
1782301426.384451,9787.311736,250.0,,99.0,584.9140625,,0
1782301426.484451,9787.411734,250.0,,99.0,584.9140625,,0
1782301426.584454,9787.511737,251.0,,99.0,584.9140625,,0
1782301426.684451,9787.611735,251.0,,99.0,584.9140625,,0
1782301426.784446,9787.711729,251.0,,99.0,584.9140625,,0
1782301426.884455,9787.811739,251.0,,99.0,584.9140625,,0
1782301426.984460,9787.911743,252.0,,99.0,584.9140625,,0
1782301427.084452,9788.011736,252.0,,99.0,584.9140625,,0
1782301427.184450,9788.111734,252.0,,99.0,584.9140625,,0
1782301427.284455,9788.211738,252.0,,99.0,584.9140625,,0
1782301427.384451,9788.311735,250.0,,99.0,584.9140625,,0
1782301427.484451,9788.411735,249.0,,99.0,584.9140625,,0
1782301427.584448,9788.511732,250.0,,99.0,584.9140625,,0
1782301427.684453,9788.611736,251.0,,99.0,584.9140625,,0
1782301427.784453,9788.711737,252.0,,99.0,584.9140625,,0
1782301427.884452,9788.811736,250.0,,99.0,584.9140625,,0
1782301427.984454,9788.911737,252.0,,99.0,584.9140625,,0
1782301428.084450,9789.011733,252.0,,99.0,584.9140625,,0
1782301428.184447,9789.111730,251.0,,99.0,584.9140625,,0
1782301428.284451,9789.211736,250.0,,99.0,584.9140625,,0
1782301428.384453,9789.311736,252.0,,99.0,584.9140625,,0
1782301428.484451,9789.411734,253.0,,99.0,584.9140625,,0
1782301428.584450,9789.511735,252.0,,99.0,584.9140625,,0
1782301428.684452,9789.611736,254.0,,99.0,584.9140625,,0
1782301428.784458,9789.711742,252.0,,99.0,584.9140625,,0
1782301428.884452,9789.811736,251.0,,99.0,584.9140625,,0
1782301428.984453,9789.911736,251.0,,99.0,584.9140625,,0
1782301429.084447,9790.011730,252.0,,99.0,584.9140625,,0
1782301429.184449,9790.111733,250.0,,99.0,584.9140625,,0
1782301429.284450,9790.211735,251.0,,99.0,584.9140625,,0
1782301429.384457,9790.311740,252.0,,99.0,584.9140625,,0
1782301429.484456,9790.411739,250.0,,99.0,584.9140625,,0
1782301429.584451,9790.511735,251.0,,99.0,584.9140625,,0
1782301429.684454,9790.611738,252.0,,99.0,584.9140625,,0
1782301429.784449,9790.711733,253.0,,99.0,584.9140625,,0
1782301429.884451,9790.811734,252.0,,99.0,584.9140625,,0
1782301429.984452,9790.911735,250.0,,99.0,584.9140625,,0
1782301430.084451,9791.011734,253.0,,99.0,584.9140625,,0
1782301430.184451,9791.111734,251.0,,99.0,584.9140625,,0
1782301430.284451,9791.211734,251.0,,99.0,584.9140625,,0
1782301430.384452,9791.311735,254.0,,99.0,584.9140625,,0
1782301430.484450,9791.411735,253.0,,99.0,584.9140625,,0
1782301430.584447,9791.511730,252.0,,99.0,584.9140625,,0
1782301430.684448,9791.611733,251.0,,99.0,584.9140625,,0
1782301430.784452,9791.711736,248.0,,99.0,584.9140625,,0
1782301430.884460,9791.811745,250.0,,99.0,584.9140625,,0
1782301430.984457,9791.911740,249.0,,99.0,584.9140625,,0
1782301431.084445,9792.011729,258.0,,99.0,584.9140625,,0
1782301431.184461,9792.111745,249.0,,99.0,584.9140625,,0
1782301431.284455,9792.211738,250.0,,99.0,584.9140625,,0
1782301431.384452,9792.311735,250.0,,99.0,584.9140625,,0
1782301431.484447,9792.411730,243.0,,99.0,584.9140625,,0
1782301431.584453,9792.511736,242.0,,99.0,584.9140625,,0
1782301431.684453,9792.611738,255.0,,100.0,584.9140625,,0
1782301431.784448,9792.711731,232.0,,99.0,584.9140625,,0
1782301431.884452,9792.811736,265.0,,100.0,584.9140625,,0
1782301431.984455,9792.911738,256.0,,100.0,584.9140625,,0
1782301432.084444,9793.011727,252.0,,99.0,584.9140625,,0
1782301432.184449,9793.111734,252.0,,99.0,584.9140625,,0
1782301432.284451,9793.211735,252.0,,99.0,584.9140625,,0
1782301432.384453,9793.311736,253.0,,99.0,584.9140625,,0
1782301432.484456,9793.411740,251.0,,99.0,584.9140625,,0
1782301432.584446,9793.511731,254.0,,100.0,584.9140625,,0
1782301432.684449,9793.611733,253.0,,99.0,584.9140625,,0
1782301432.784451,9793.711734,251.0,,99.0,584.9140625,,0
1782301432.884452,9793.811737,258.0,,99.0,584.9140625,,0
1782301432.984450,9793.911735,252.0,,99.0,584.9140625,,0
1782301433.084449,9794.011732,254.0,,99.0,584.9140625,,0
1782301433.184448,9794.111732,253.0,,99.0,584.9140625,,0
1782301433.284455,9794.211738,251.0,,99.0,584.9140625,,0
1782301433.384449,9794.311732,253.0,,99.0,584.9140625,,0
1782301433.484451,9794.411734,253.0,,99.0,584.9140625,,0
1782301433.584453,9794.511736,252.0,,99.0,584.9140625,,0
1782301433.684448,9794.611732,252.0,,99.0,584.9140625,,0
1782301433.784465,9794.711748,252.0,,99.0,584.9140625,,0
1782301433.884455,9794.811738,253.0,,99.0,584.9140625,,0
1782301433.984453,9794.911736,254.0,,99.0,584.9140625,,0
1782301434.084452,9795.011736,254.0,,99.0,584.9140625,,0
1782301434.184451,9795.111734,254.0,,99.0,584.9140625,,0
1782301434.284458,9795.211742,253.0,,99.0,584.9140625,,0
1782301434.384447,9795.311730,253.0,,99.0,584.9140625,,0
1782301434.484454,9795.411739,252.0,,99.0,584.9140625,,0
1782301434.584453,9795.511736,253.0,,99.0,584.9140625,,0
1782301434.684448,9795.611731,255.0,,99.0,584.9140625,,0
1782301434.784449,9795.711733,253.0,,99.0,584.9140625,,0
1782301434.884451,9795.811736,253.0,,99.0,584.9140625,,0
1782301434.984459,9795.911743,254.0,,99.0,584.9140625,,0
1782301435.084448,9796.011732,255.0,,99.0,584.9140625,,0
1782301435.184413,9796.111696,251.0,,99.0,584.9140625,,0
1782301435.284449,9796.211732,253.0,,99.0,584.9140625,,0
1782301435.384451,9796.311735,253.0,,99.0,584.9140625,,0
1782301435.484450,9796.411734,254.0,,99.0,584.9140625,,0
1782301435.584450,9796.511733,255.0,,99.0,584.9140625,,0
1782301435.684450,9796.611734,253.0,,99.0,584.9140625,,0
1782301435.784453,9796.711737,254.0,,99.0,584.9140625,,0
1782301435.884447,9796.811730,254.0,,99.0,584.9140625,,0
1782301435.984453,9796.911736,254.0,,99.0,584.9140625,,0
1782301436.084451,9797.011735,253.0,,99.0,584.9140625,,0
1782301436.184460,9797.111743,253.0,,99.0,584.9140625,,0
1782301436.284460,9797.211743,254.0,,99.0,584.9140625,,0
1782301436.384455,9797.311738,253.0,,99.0,584.9140625,,0
1782301436.484445,9797.411728,254.0,,99.0,584.9140625,,0
1782301436.584452,9797.511735,255.0,,99.0,584.9140625,,0
1782301436.684459,9797.611742,254.0,,99.0,584.9140625,,0
1782301436.784449,9797.711732,254.0,,99.0,584.9140625,,0
1782301436.884458,9797.811742,254.0,,99.0,584.9140625,,0
1782301436.984456,9797.911739,253.0,,99.0,584.9140625,,0
1782301437.084451,9798.011736,252.0,,99.0,584.9140625,,0
1782301437.184454,9798.111738,253.0,,99.0,584.9140625,,0
1782301437.284449,9798.211733,254.0,,99.0,584.9140625,,0
1782301437.384452,9798.311736,253.0,,99.0,584.9140625,,0
1782301437.484454,9798.411737,254.0,,99.0,584.9140625,,0
1782301437.584455,9798.511739,255.0,,99.0,584.9140625,,0
1782301437.684448,9798.611731,255.0,,99.0,584.9140625,,0
1782301437.784455,9798.711738,255.0,,99.0,584.9140625,,0
1782301437.884445,9798.811730,255.0,,99.0,584.9140625,,0
1782301437.984448,9798.911732,252.0,,99.0,584.9140625,,0
1782301438.084451,9799.011735,253.0,,99.0,584.9140625,,0
1782301438.184448,9799.111731,253.0,,99.0,584.9140625,,0
1782301438.284456,9799.211739,254.0,,99.0,584.9140625,,0
1782301438.384453,9799.311736,256.0,,99.0,584.9140625,,0
1782301438.484448,9799.411732,254.0,,99.0,584.9140625,,0
1782301438.584450,9799.511733,256.0,,99.0,584.9140625,,0
1782301438.684460,9799.611745,254.0,,99.0,584.9140625,,0
1782301438.784455,9799.711739,254.0,,99.0,584.9140625,,0
1782301438.884452,9799.811736,254.0,,99.0,584.9140625,,0
1782301438.984446,9799.911730,255.0,,99.0,584.9140625,,0
1782301439.084456,9800.011739,254.0,,99.0,584.9140625,,0
1782301439.184453,9800.111738,255.0,,99.0,584.9140625,,0
1782301439.284453,9800.211736,255.0,,99.0,584.9140625,,0
1782301439.384452,9800.311735,254.0,,99.0,584.9140625,,0
1782301439.484449,9800.411733,254.0,,99.0,584.9140625,,0
1782301439.584453,9800.511736,252.0,,99.0,584.9140625,,0
1782301439.684451,9800.611735,252.0,,99.0,584.9140625,,0
1782301439.784451,9800.711735,250.0,,99.0,584.9140625,,0
1782301439.884448,9800.811732,250.0,,99.0,584.9140625,,0
1782301439.984453,9800.911738,252.0,,99.0,584.9140625,,0
1782301440.084455,9801.011739,251.0,,99.0,584.9140625,,0
1782301440.184456,9801.111741,248.0,,99.0,584.9140625,,0
1782301440.284453,9801.211736,248.0,,99.0,584.9140625,,0
1782301440.384450,9801.311733,251.0,,99.0,584.9140625,,0
1782301440.484457,9801.411741,249.0,,99.0,584.9140625,,0
1782301440.584450,9801.511734,251.0,,99.0,584.9140625,,0
1782301440.684457,9801.611740,249.0,,99.0,584.9140625,,0
1782301440.784454,9801.711739,250.0,,99.0,584.9140625,,0
1782301440.884455,9801.811738,251.0,,99.0,584.9140625,,0
1782301440.984454,9801.911737,250.0,,99.0,584.9140625,,0
1782301441.084454,9802.011738,250.0,,99.0,584.9140625,,0
1782301441.184450,9802.111734,249.0,,99.0,584.9140625,,0
1782301441.284455,9802.211738,250.0,,99.0,584.9140625,,0
1782301441.384451,9802.311736,250.0,,99.0,584.9140625,,0
1782301441.484453,9802.411736,250.0,,99.0,584.9140625,,0
1782301441.584460,9802.511743,249.0,,99.0,584.9140625,,0
1782301441.684457,9802.611740,249.0,,99.0,584.9140625,,0
1782301441.784451,9802.711736,251.0,,99.0,584.9140625,,0
1782301441.884449,9802.811732,249.0,,99.0,584.9140625,,0
1782301441.984468,9802.911751,246.0,,99.0,584.9140625,,0
1782301442.084448,9803.011731,250.0,,99.0,584.9140625,,0
1782301442.184453,9803.111737,251.0,,99.0,584.9140625,,0
1782301442.284450,9803.211733,250.0,,99.0,584.9140625,,0
1782301442.384452,9803.311735,251.0,,99.0,584.9140625,,0
1782301442.484451,9803.411735,249.0,,99.0,584.9140625,,0
1782301442.584454,9803.511737,247.0,,99.0,584.9140625,,0
1782301442.684450,9803.611733,247.0,,99.0,584.9140625,,0
1782301442.784454,9803.711737,248.0,,99.0,584.9140625,,0
1782301442.884453,9803.811736,248.0,,99.0,584.9140625,,0
1782301442.984453,9803.911737,248.0,,99.0,584.9140625,,0
1782301443.084453,9804.011737,249.0,,99.0,584.9140625,,0
1782301443.184461,9804.111744,250.0,,99.0,584.9140625,,0
1782301443.284447,9804.211731,251.0,,99.0,584.9140625,,0
1782301443.384449,9804.311732,251.0,,99.0,584.9140625,,0
1782301443.484451,9804.411735,251.0,,99.0,584.9140625,,0
1782301443.584451,9804.511736,250.0,,99.0,584.9140625,,0
1782301443.684457,9804.611741,250.0,,99.0,584.9140625,,0
1782301443.784452,9804.711736,252.0,,99.0,584.9140625,,0
1782301443.884452,9804.811735,251.0,,99.0,584.9140625,,0
1782301443.984481,9804.911765,252.0,,99.0,584.9140625,,0
1782301444.084453,9805.011736,251.0,,99.0,584.9140625,,0
1782301444.184452,9805.111736,251.0,,99.0,584.9140625,,0
1782301444.284455,9805.211739,250.0,,99.0,584.9140625,,0
1782301444.384456,9805.311739,251.0,,99.0,584.9140625,,0
1782301444.484450,9805.411734,251.0,,99.0,584.9140625,,0
1782301444.584451,9805.511735,250.0,,99.0,584.9140625,,0
1782301444.684456,9805.611739,252.0,,99.0,584.9140625,,0
1782301444.784455,9805.711739,251.0,,99.0,584.9140625,,0
1782301444.884452,9805.811737,250.0,,99.0,584.9140625,,0
1782301444.984450,9805.911733,249.0,,99.0,584.9140625,,0
1782301445.084454,9806.011737,251.0,,99.0,584.9140625,,0
1782301445.184452,9806.111736,252.0,,99.0,584.9140625,,0
1782301445.284452,9806.211737,251.0,,99.0,584.9140625,,0
1782301445.384451,9806.311734,249.0,,99.0,584.9140625,,0
1782301445.484452,9806.411735,251.0,,99.0,584.9140625,,0
1782301445.584450,9806.511733,252.0,,99.0,584.9140625,,0
1782301445.684450,9806.611733,250.0,,99.0,584.9140625,,0
1782301445.784452,9806.711737,249.0,,99.0,584.9140625,,0
1782301445.884449,9806.811733,252.0,,99.0,584.9140625,,0
1782301445.984455,9806.911739,250.0,,99.0,584.9140625,,0
1782301446.084455,9807.011738,250.0,,99.0,584.9140625,,0
1782301446.184457,9807.111740,251.0,,99.0,584.9140625,,0
1782301446.284456,9807.211739,251.0,,99.0,584.9140625,,0
1782301446.384453,9807.311736,252.0,,99.0,584.9140625,,0
1782301446.484452,9807.411735,250.0,,99.0,584.9140625,,0
1782301446.584453,9807.511736,252.0,,99.0,584.9140625,,0
1782301446.684449,9807.611733,252.0,,99.0,584.9140625,,0
1782301446.784450,9807.711733,251.0,,99.0,584.9140625,,0
1782301446.884451,9807.811736,249.0,,99.0,584.9140625,,0
1782301446.984446,9807.911729,248.0,,99.0,584.9140625,,0
1782301447.084453,9808.011737,250.0,,99.0,584.9140625,,0
1782301447.184451,9808.111734,251.0,,99.0,584.9140625,,0
1782301447.284444,9808.211727,253.0,,99.0,584.9140625,,0
1782301447.384452,9808.311735,251.0,,99.0,584.9140625,,0
1782301447.484456,9808.411740,251.0,,99.0,584.9140625,,0
1782301447.584452,9808.511735,250.0,,99.0,584.9140625,,0
1782301447.684452,9808.611736,251.0,,99.0,584.9140625,,0
1782301447.784453,9808.711736,250.0,,99.0,584.9140625,,0
1782301447.884453,9808.811736,251.0,,99.0,584.9140625,,0
1782301447.984450,9808.911734,249.0,,99.0,584.9140625,,0
1782301448.084447,9809.011731,249.0,,99.0,584.9140625,,0
1782301448.184454,9809.111737,251.0,,99.0,584.9140625,,0
1782301448.284449,9809.211733,252.0,,100.0,584.9140625,,0
1782301448.384452,9809.311736,234.0,,99.0,584.9140625,,0
1782301448.484451,9809.411736,261.0,,100.0,584.9140625,,0
1782301448.584451,9809.511735,262.0,,100.0,584.9140625,,0
1782301448.684453,9809.611736,259.0,,99.0,584.9140625,,0
1782301448.784451,9809.711734,253.0,,100.0,584.9140625,,0
1782301448.884467,9809.811750,266.0,,100.0,584.9140625,,0
1782301448.984449,9809.911732,260.0,,99.0,584.9140625,,0
1782301449.084452,9810.011735,243.0,,100.0,584.9140625,,0
1782301449.184451,9810.111735,249.0,,99.0,584.9140625,,0
1782301449.284449,9810.211733,253.0,,99.0,584.9140625,,0
1782301449.384454,9810.311737,231.0,,99.0,584.9140625,,0
1782301449.484459,9810.411742,265.0,,100.0,584.9140625,,0
1782301449.584454,9810.511738,246.0,,99.0,584.9140625,,0
1782301449.684455,9810.611738,246.0,,99.0,584.9140625,,0
1782301449.784452,9810.711736,259.0,,99.0,584.9140625,,0
1782301449.884457,9810.811740,248.0,,100.0,584.9140625,,0
1782301449.984455,9810.911739,254.0,,99.0,584.9140625,,0
1782301450.084455,9811.011739,238.0,,99.0,584.9140625,,0
1782301450.184450,9811.111734,251.0,,99.0,584.9140625,,0
1782301450.284450,9811.211733,251.0,,99.0,584.9140625,,0
1782301450.384450,9811.311733,251.0,,99.0,584.9140625,,0
1782301450.484455,9811.411740,251.0,,99.0,584.9140625,,0
1782301450.584452,9811.511736,250.0,,99.0,584.9140625,,0
1782301450.684451,9811.611734,249.0,,99.0,584.9140625,,0
1782301450.784449,9811.711732,250.0,,99.0,584.9140625,,0
1782301450.884452,9811.811736,251.0,,99.0,584.9140625,,0
1782301450.984453,9811.911737,250.0,,99.0,584.9140625,,0
1782301451.084451,9812.011735,251.0,,99.0,584.9140625,,0
1782301451.184452,9812.111735,252.0,,99.0,584.9140625,,0
1782301451.284451,9812.211735,252.0,,99.0,584.9140625,,0
1782301451.384452,9812.311735,252.0,,99.0,584.9140625,,0
1782301451.484452,9812.411736,251.0,,99.0,584.9140625,,0
1782301451.584451,9812.511735,250.0,,99.0,584.9140625,,0
1782301451.684454,9812.611737,250.0,,99.0,584.9140625,,0
1782301451.784450,9812.711733,251.0,,99.0,584.9140625,,0
1782301451.884453,9812.811736,253.0,,99.0,584.9140625,,0
1782301451.984451,9812.911734,252.0,,99.0,584.9140625,,0
1782301452.084450,9813.011734,251.0,,99.0,584.9140625,,0
1782301452.184451,9813.111734,250.0,,99.0,584.9140625,,0
1782301452.284451,9813.211735,251.0,,99.0,584.9140625,,0
1782301452.384451,9813.311734,250.0,,99.0,584.9140625,,0
1782301452.484451,9813.411734,249.0,,99.0,584.9140625,,0
1782301452.584459,9813.511743,250.0,,99.0,584.9140625,,0
1782301452.684453,9813.611736,253.0,,99.0,584.9140625,,0
1782301452.784451,9813.711736,252.0,,99.0,584.9140625,,0
1782301452.884456,9813.811740,255.0,,99.0,584.9140625,,0
1782301452.984459,9813.911742,251.0,,99.0,584.9140625,,0
1782301453.084455,9814.011738,251.0,,99.0,584.9140625,,0
1782301453.184453,9814.111738,249.0,,99.0,584.9140625,,0
1782301453.284455,9814.211740,252.0,,99.0,584.9140625,,0
1782301453.384454,9814.311738,252.0,,99.0,584.9140625,,0
1782301453.484457,9814.411740,252.0,,99.0,584.9140625,,0
1782301453.584461,9814.511744,251.0,,99.0,584.9140625,,0
1782301453.684450,9814.611733,251.0,,99.0,584.9140625,,0
1782301453.784456,9814.711740,252.0,,99.0,584.9140625,,0
1782301453.884451,9814.811734,251.0,,99.0,584.9140625,,0
1782301453.984449,9814.911732,252.0,,99.0,584.9140625,,0
1782301454.084457,9815.011742,251.0,,99.0,584.9140625,,0
1782301454.184469,9815.111752,252.0,,99.0,584.9140625,,0
1782301454.284456,9815.211739,102.0,,33.0,584.8984375,,0
1782301454.384458,9815.311742,23.0,,4.0,584.8984375,,0
1782301454.484464,9815.411748,31.0,,11.0,415.5546875,,0
1782301454.584501,9815.511785,38.0,,3.0,354.71484375,,0
1782301454.684461,9815.611746,31.0,,1.0,354.71484375,,0
1782301454.784458,9815.711743,26.0,,,354.71484375,,0
1782301454.884459,9815.811744,30.0,,,354.71484375,,0
1782301454.984455,9815.911740,23.0,,,354.71484375,,0
