sample_epoch,mono_s,power_w,energy_uj,gfx_busy_pct,vram_used_mb,sclk_mhz,device_id
1782297270.482002,5631.409286,10.0,,1.0,338.27734375,,0
1782297270.582159,5631.509444,15.0,,,338.27734375,,0
1782297270.682159,5631.609443,9.0,,,338.27734375,,0
1782297270.782151,5631.709436,9.0,,,338.27734375,,0
1782297270.882150,5631.809434,14.0,,,338.27734375,,0
1782297270.985726,5631.913009,14.0,,,338.27734375,,0
1782297271.082067,5632.009352,8.0,,,338.27734375,,0
1782297271.182166,5632.109450,13.0,,,338.27734375,,0
1782297271.282155,5632.209439,10.0,,,338.27734375,,0
1782297271.382156,5632.309440,15.0,,,338.27734375,,0
1782297271.482070,5632.409354,10.0,,,338.27734375,,0
1782297271.582154,5632.509438,14.0,,,338.27734375,,0
1782297271.682162,5632.609446,10.0,,,338.27734375,,0
1782297271.782159,5632.709443,11.0,,,338.27734375,,0
1782297271.882158,5632.809442,11.0,,,338.27734375,,0
1782297271.982068,5632.909353,13.0,,,338.27734375,,0
1782297272.082157,5633.009440,9.0,,,338.27734375,,0
1782297272.182157,5633.109441,14.0,,,338.27734375,,0
1782297272.282150,5633.209434,10.0,,,338.27734375,,0
1782297272.382152,5633.309436,14.0,,,338.27734375,,0
1782297272.482070,5633.409354,9.0,,,338.27734375,,0
1782297272.582155,5633.509439,10.0,,,338.27734375,,0
1782297272.682161,5633.609445,11.0,,,338.27734375,,0
1782297272.782152,5633.709436,10.0,,,338.27734375,,0
1782297272.882155,5633.809440,10.0,,,338.27734375,,0
1782297272.982157,5633.909442,10.0,,,338.27734375,,0
1782297273.082159,5634.009444,10.0,,1.0,338.27734375,,0
1782297273.182153,5634.109437,14.0,,,338.27734375,,0
1782297273.282152,5634.209436,10.0,,,338.27734375,,0
1782297273.382151,5634.309435,11.0,,,338.27734375,,0
1782297273.482156,5634.409440,10.0,,,338.27734375,,0
1782297273.582161,5634.509446,9.0,,,338.27734375,,0
1782297273.682159,5634.609443,9.0,,,338.27734375,,0
1782297273.782155,5634.709439,10.0,,,338.27734375,,0
1782297273.882162,5634.809446,11.0,,,338.27734375,,0
1782297273.982155,5634.909439,11.0,,,338.27734375,,0
1782297274.082158,5635.009442,10.0,,,338.27734375,,0
1782297274.182151,5635.109435,9.0,,,338.27734375,,0
1782297274.282155,5635.209439,10.0,,1.0,338.27734375,,0
1782297274.382157,5635.309441,10.0,,,338.27734375,,0
1782297274.482156,5635.409439,11.0,,,338.27734375,,0
1782297274.582159,5635.509443,12.0,,,338.27734375,,0
1782297274.682151,5635.609436,10.0,,,338.27734375,,0
1782297274.782154,5635.709438,10.0,,,338.27734375,,0
1782297274.882155,5635.809439,11.0,,1.0,338.27734375,,0
1782297274.982155,5635.909439,13.0,,2.0,338.27734375,,0
1782297275.082145,5636.009429,10.0,,1.0,338.27734375,,0
1782297275.182155,5636.109438,9.0,,,338.27734375,,0
1782297275.282149,5636.209433,9.0,,,338.27734375,,0
1782297275.382155,5636.309439,9.0,,,338.27734375,,0
1782297275.482160,5636.409444,11.0,,1.0,338.27734375,,0
1782297275.582078,5636.509362,12.0,,4.0,338.32421875,,0
1782297275.682076,5636.609360,12.0,,,338.32421875,,0
1782297275.782075,5636.709360,10.0,,,338.32421875,,0
1782297275.882068,5636.809352,12.0,,,338.32421875,,0
1782297275.982113,5636.909398,11.0,,,338.32421875,,0
1782297276.082091,5637.009376,11.0,,1.0,338.32421875,,0
1782297276.182146,5637.109431,13.0,,,338.32421875,,0
1782297276.282144,5637.209427,16.0,,2.0,539.0625,,0
1782297276.382153,5637.309437,31.0,,53.0,572.484375,,0
1782297276.482147,5637.409430,39.0,,56.0,568.46875,,0
1782297276.582148,5637.509431,67.0,,74.0,572.484375,,0
1782297276.682142,5637.609425,90.0,,100.0,572.484375,,0
1782297276.782144,5637.709428,120.0,,100.0,572.484375,,0
1782297276.882143,5637.809428,164.0,,100.0,572.484375,,0
1782297276.982141,5637.909426,229.0,,100.0,572.484375,,0
1782297277.082144,5638.009427,276.0,,100.0,572.484375,,0
1782297277.182144,5638.109427,278.0,,100.0,572.484375,,0
1782297277.282146,5638.209430,278.0,,100.0,572.484375,,0
1782297277.382141,5638.309425,278.0,,100.0,572.484375,,0
1782297277.482143,5638.409427,278.0,,100.0,572.484375,,0
1782297277.582150,5638.509433,279.0,,100.0,572.484375,,0
1782297277.682147,5638.609431,278.0,,100.0,572.484375,,0
1782297277.782144,5638.709427,279.0,,100.0,572.484375,,0
1782297277.882142,5638.809427,279.0,,100.0,572.484375,,0
1782297277.982146,5638.909431,279.0,,100.0,572.484375,,0
1782297278.082140,5639.009424,280.0,,100.0,572.484375,,0
1782297278.182146,5639.109430,280.0,,100.0,572.484375,,0
1782297278.282142,5639.209427,280.0,,100.0,572.484375,,0
1782297278.382141,5639.309424,280.0,,100.0,572.484375,,0
1782297278.482143,5639.409427,281.0,,100.0,572.484375,,0
1782297278.582152,5639.509437,280.0,,100.0,572.484375,,0
1782297278.682145,5639.609430,279.0,,100.0,572.484375,,0
1782297278.782144,5639.709428,280.0,,100.0,572.484375,,0
1782297278.882142,5639.809425,281.0,,100.0,572.484375,,0
1782297278.982146,5639.909429,281.0,,100.0,572.484375,,0
1782297279.082139,5640.009423,280.0,,100.0,572.484375,,0
1782297279.182143,5640.109428,281.0,,100.0,572.484375,,0
1782297279.282147,5640.209430,280.0,,100.0,572.484375,,0
1782297279.382142,5640.309425,281.0,,100.0,572.484375,,0
1782297279.482159,5640.409444,281.0,,100.0,572.484375,,0
1782297279.582145,5640.509430,281.0,,100.0,572.484375,,0
1782297279.682143,5640.609426,287.0,,99.0,572.484375,,0
1782297279.782152,5640.709435,282.0,,99.0,572.484375,,0
1782297279.882143,5640.809426,282.0,,100.0,572.484375,,0
1782297279.982147,5640.909430,285.0,,99.0,572.484375,,0
1782297280.082147,5641.009430,284.0,,100.0,572.484375,,0
1782297280.182152,5641.109436,282.0,,100.0,572.484375,,0
1782297280.282138,5641.209422,281.0,,100.0,572.484375,,0
1782297280.382153,5641.309436,281.0,,100.0,572.484375,,0
1782297280.482145,5641.409428,284.0,,100.0,572.484375,,0
1782297280.582146,5641.509430,281.0,,100.0,572.484375,,0
1782297280.682151,5641.609436,283.0,,99.0,572.484375,,0
1782297280.782149,5641.709433,268.0,,100.0,572.484375,,0
1782297280.882165,5641.809450,283.0,,98.0,572.484375,,0
1782297280.982136,5641.909419,285.0,,100.0,572.484375,,0
1782297281.082140,5642.009424,286.0,,100.0,572.484375,,0
1782297281.182144,5642.109429,286.0,,100.0,572.484375,,0
1782297281.282140,5642.209423,288.0,,100.0,572.484375,,0
1782297281.382144,5642.309428,287.0,,100.0,572.484375,,0
1782297281.482148,5642.409431,286.0,,100.0,572.484375,,0
1782297281.582149,5642.509433,286.0,,100.0,572.484375,,0
1782297281.682145,5642.609428,279.0,,100.0,572.484375,,0
1782297281.782144,5642.709429,294.0,,99.0,572.484375,,0
1782297281.882145,5642.809428,282.0,,100.0,572.484375,,0
1782297281.982145,5642.909428,287.0,,100.0,572.484375,,0
1782297282.082154,5643.009437,286.0,,100.0,572.484375,,0
1782297282.182147,5643.109431,286.0,,100.0,572.484375,,0
1782297282.282145,5643.209428,287.0,,100.0,572.484375,,0
1782297282.382149,5643.309432,287.0,,100.0,572.484375,,0
1782297282.482146,5643.409429,287.0,,100.0,572.484375,,0
1782297282.582144,5643.509427,287.0,,100.0,572.484375,,0
1782297282.682142,5643.609425,286.0,,100.0,572.484375,,0
1782297282.782148,5643.709433,287.0,,100.0,572.484375,,0
1782297282.882143,5643.809427,287.0,,100.0,572.484375,,0
1782297282.982145,5643.909430,288.0,,100.0,572.484375,,0
1782297283.082145,5644.009429,287.0,,100.0,572.484375,,0
1782297283.182144,5644.109428,287.0,,100.0,572.484375,,0
1782297283.282167,5644.209451,288.0,,100.0,572.484375,,0
1782297283.382143,5644.309426,288.0,,100.0,572.484375,,0
1782297283.482140,5644.409424,287.0,,100.0,572.484375,,0
1782297283.582152,5644.509436,288.0,,100.0,572.484375,,0
1782297283.682147,5644.609432,288.0,,100.0,572.484375,,0
1782297283.782146,5644.709430,289.0,,100.0,572.484375,,0
1782297283.882142,5644.809425,288.0,,100.0,572.484375,,0
1782297283.982145,5644.909430,289.0,,100.0,572.484375,,0
1782297284.082142,5645.009425,289.0,,100.0,572.484375,,0
1782297284.182140,5645.109423,288.0,,100.0,572.484375,,0
1782297284.282140,5645.209424,288.0,,100.0,572.484375,,0
1782297284.382149,5645.309432,289.0,,100.0,572.484375,,0
1782297284.482144,5645.409427,289.0,,100.0,572.484375,,0
1782297284.582146,5645.509429,288.0,,100.0,572.484375,,0
1782297284.682146,5645.609430,289.0,,100.0,572.484375,,0
1782297284.782143,5645.709426,289.0,,100.0,572.484375,,0
1782297284.882145,5645.809430,289.0,,100.0,572.484375,,0
1782297284.982138,5645.909421,288.0,,100.0,572.484375,,0
1782297285.082152,5646.009437,289.0,,100.0,572.484375,,0
1782297285.182159,5646.109442,290.0,,100.0,572.484375,,0
1782297285.282139,5646.209423,289.0,,100.0,572.484375,,0
1782297285.382143,5646.309428,288.0,,100.0,572.484375,,0
1782297285.482137,5646.409421,289.0,,100.0,572.484375,,0
1782297285.582139,5646.509423,290.0,,100.0,572.484375,,0
1782297285.682150,5646.609435,290.0,,100.0,572.484375,,0
1782297285.782146,5646.709431,289.0,,100.0,572.484375,,0
1782297285.882149,5646.809433,289.0,,100.0,572.484375,,0
1782297285.982138,5646.909423,290.0,,100.0,572.484375,,0
1782297286.082142,5647.009426,290.0,,100.0,572.484375,,0
1782297286.182143,5647.109426,289.0,,100.0,572.484375,,0
1782297286.282146,5647.209430,291.0,,100.0,572.484375,,0
1782297286.382138,5647.309421,291.0,,100.0,572.484375,,0
1782297286.482144,5647.409427,290.0,,100.0,572.484375,,0
1782297286.582147,5647.509430,290.0,,100.0,572.484375,,0
1782297286.682144,5647.609427,266.0,,100.0,572.484375,,0
1782297286.782143,5647.709427,255.0,,100.0,572.484375,,0
1782297286.882142,5647.809426,255.0,,100.0,572.484375,,0
1782297286.982146,5647.909430,290.0,,100.0,572.484375,,0
1782297287.082142,5648.009425,291.0,,100.0,572.484375,,0
1782297287.182148,5648.109431,268.0,,100.0,572.484375,,0
1782297287.282142,5648.209426,290.0,,100.0,572.484375,,0
1782297287.382143,5648.309426,290.0,,100.0,572.484375,,0
1782297287.482145,5648.409428,294.0,,100.0,572.484375,,0
1782297287.582138,5648.509421,293.0,,100.0,572.484375,,0
1782297287.682144,5648.609429,291.0,,100.0,572.484375,,0
1782297287.782142,5648.709425,290.0,,100.0,572.484375,,0
1782297287.882148,5648.809432,292.0,,100.0,572.484375,,0
1782297287.982144,5648.909428,299.0,,99.0,572.484375,,0
1782297288.082142,5649.009426,294.0,,100.0,572.484375,,0
1782297288.182142,5649.109426,291.0,,100.0,572.484375,,0
1782297288.282142,5649.209427,298.0,,99.0,572.484375,,0
1782297288.382138,5649.309422,257.0,,100.0,572.484375,,0
1782297288.482141,5649.409425,267.0,,100.0,572.484375,,0
1782297288.582143,5649.509426,291.0,,100.0,572.484375,,0
1782297288.682144,5649.609427,293.0,,100.0,572.484375,,0
1782297288.782143,5649.709426,292.0,,100.0,572.484375,,0
1782297288.882137,5649.809422,292.0,,100.0,572.484375,,0
1782297288.982144,5649.909428,291.0,,100.0,572.484375,,0
1782297289.082147,5650.009431,292.0,,100.0,572.484375,,0
1782297289.182144,5650.109428,292.0,,100.0,572.484375,,0
1782297289.282142,5650.209425,291.0,,100.0,572.484375,,0
1782297289.382146,5650.309429,293.0,,100.0,572.484375,,0
1782297289.482144,5650.409427,293.0,,100.0,572.484375,,0
1782297289.582139,5650.509422,293.0,,100.0,572.484375,,0
1782297289.682143,5650.609426,293.0,,100.0,572.484375,,0
1782297289.782147,5650.709431,292.0,,100.0,572.484375,,0
1782297289.882143,5650.809427,294.0,,100.0,572.484375,,0
1782297289.982153,5650.909438,293.0,,100.0,572.484375,,0
1782297290.082140,5651.009425,293.0,,100.0,572.484375,,0
1782297290.182141,5651.109424,292.0,,100.0,572.484375,,0
1782297290.282148,5651.209431,293.0,,100.0,572.484375,,0
1782297290.382141,5651.309425,294.0,,100.0,572.484375,,0
1782297290.482150,5651.409433,294.0,,100.0,572.484375,,0
1782297290.582145,5651.509430,292.0,,100.0,572.484375,,0
1782297290.682144,5651.609429,292.0,,100.0,572.484375,,0
1782297290.782142,5651.709425,293.0,,100.0,572.484375,,0
1782297290.882137,5651.809420,294.0,,100.0,572.484375,,0
1782297290.982145,5651.909430,291.0,,100.0,572.484375,,0
1782297291.082147,5652.009432,293.0,,100.0,572.484375,,0
1782297291.182146,5652.109430,294.0,,100.0,572.484375,,0
1782297291.282136,5652.209420,293.0,,100.0,572.484375,,0
1782297291.382146,5652.309431,294.0,,100.0,572.484375,,0
1782297291.482143,5652.409426,294.0,,100.0,572.484375,,0
1782297291.582149,5652.509434,295.0,,100.0,572.484375,,0
1782297291.682137,5652.609420,295.0,,100.0,572.484375,,0
1782297291.782143,5652.709427,293.0,,100.0,572.484375,,0
1782297291.882137,5652.809421,295.0,,100.0,572.484375,,0
1782297291.982151,5652.909435,295.0,,100.0,572.484375,,0
1782297292.082159,5653.009442,295.0,,100.0,572.484375,,0
1782297292.182144,5653.109427,294.0,,100.0,572.484375,,0
1782297292.282150,5653.209435,295.0,,100.0,572.484375,,0
1782297292.382141,5653.309425,297.0,,100.0,572.484375,,0
1782297292.482146,5653.409429,294.0,,100.0,572.484375,,0
1782297292.582146,5653.509429,296.0,,100.0,572.484375,,0
1782297292.682146,5653.609431,295.0,,100.0,572.484375,,0
1782297292.782141,5653.709424,295.0,,100.0,572.484375,,0
1782297292.882144,5653.809427,293.0,,100.0,572.484375,,0
1782297292.982150,5653.909435,296.0,,100.0,572.484375,,0
1782297293.082138,5654.009421,296.0,,100.0,572.484375,,0
1782297293.182144,5654.109427,295.0,,100.0,572.484375,,0
1782297293.282144,5654.209427,295.0,,100.0,572.484375,,0
1782297293.382143,5654.309426,296.0,,100.0,572.484375,,0
1782297293.482138,5654.409421,296.0,,100.0,572.484375,,0
1782297293.582147,5654.509430,296.0,,100.0,572.484375,,0
1782297293.682146,5654.609429,295.0,,100.0,572.484375,,0
1782297293.782145,5654.709428,298.0,,100.0,572.484375,,0
1782297293.882139,5654.809424,296.0,,100.0,572.484375,,0
1782297293.982146,5654.909429,258.0,,100.0,572.484375,,0
1782297294.082139,5655.009423,297.0,,100.0,572.484375,,0
1782297294.182144,5655.109429,296.0,,100.0,572.484375,,0
1782297294.282140,5655.209423,297.0,,100.0,572.484375,,0
1782297294.382136,5655.309421,295.0,,100.0,572.484375,,0
1782297294.482142,5655.409427,297.0,,100.0,572.484375,,0
1782297294.582147,5655.509431,297.0,,100.0,572.484375,,0
1782297294.682136,5655.609421,296.0,,100.0,572.484375,,0
1782297294.782148,5655.709431,297.0,,100.0,572.484375,,0
1782297294.882143,5655.809429,296.0,,100.0,572.484375,,0
1782297294.982139,5655.909424,297.0,,100.0,572.484375,,0
1782297295.082141,5656.009426,297.0,,100.0,572.484375,,0
1782297295.182146,5656.109430,297.0,,100.0,572.484375,,0
1782297295.282142,5656.209427,297.0,,100.0,572.484375,,0
1782297295.382146,5656.309430,298.0,,100.0,572.484375,,0
1782297295.482136,5656.409421,297.0,,100.0,572.484375,,0
1782297295.582137,5656.509422,296.0,,100.0,572.484375,,0
1782297295.682143,5656.609427,298.0,,100.0,572.484375,,0
1782297295.782145,5656.709428,296.0,,100.0,572.484375,,0
1782297295.882137,5656.809420,299.0,,100.0,572.484375,,0
1782297295.982137,5656.909422,298.0,,100.0,572.484375,,0
1782297296.082146,5657.009430,297.0,,100.0,572.484375,,0
1782297296.182141,5657.109425,297.0,,100.0,572.484375,,0
1782297296.282140,5657.209424,298.0,,100.0,572.484375,,0
1782297296.382141,5657.309425,298.0,,100.0,572.484375,,0
1782297296.482142,5657.409427,298.0,,100.0,572.484375,,0
1782297296.582144,5657.509428,298.0,,100.0,572.484375,,0
1782297296.682146,5657.609429,298.0,,100.0,572.484375,,0
1782297296.782142,5657.709426,299.0,,100.0,572.484375,,0
1782297296.882141,5657.809426,297.0,,100.0,572.484375,,0
1782297296.982148,5657.909433,297.0,,100.0,572.484375,,0
1782297297.082145,5658.009430,298.0,,100.0,572.484375,,0
1782297297.182143,5658.109426,298.0,,100.0,572.484375,,0
1782297297.282142,5658.209426,298.0,,100.0,572.484375,,0
1782297297.382144,5658.309427,298.0,,100.0,572.484375,,0
1782297297.482144,5658.409429,298.0,,100.0,572.484375,,0
1782297297.582139,5658.509424,297.0,,100.0,572.484375,,0
1782297297.682137,5658.609421,299.0,,100.0,572.484375,,0
1782297297.782138,5658.709421,291.0,,100.0,572.484375,,0
1782297297.882140,5658.809423,296.0,,100.0,572.484375,,0
1782297297.982138,5658.909423,281.0,,100.0,572.484375,,0
1782297298.082146,5659.009431,308.0,,99.0,572.484375,,0
1782297298.182141,5659.109425,299.0,,99.0,572.484375,,0
1782297298.282152,5659.209436,297.0,,99.0,572.484375,,0
1782297298.382141,5659.309426,301.0,,100.0,572.484375,,0
1782297298.482141,5659.409425,297.0,,100.0,572.484375,,0
1782297298.582146,5659.509430,301.0,,100.0,572.484375,,0
1782297298.682145,5659.609428,303.0,,99.0,572.484375,,0
1782297298.782144,5659.709429,297.0,,99.0,572.484375,,0
1782297298.882142,5659.809425,299.0,,99.0,572.484375,,0
1782297298.982141,5659.909426,302.0,,100.0,572.484375,,0
1782297299.082142,5660.009426,300.0,,100.0,572.484375,,0
1782297299.182144,5660.109428,290.0,,100.0,572.484375,,0
1782297299.282137,5660.209421,306.0,,99.0,572.484375,,0
1782297299.382163,5660.309446,307.0,,99.0,572.484375,,0
1782297299.482143,5660.409426,300.0,,100.0,572.484375,,0
1782297299.582144,5660.509429,299.0,,100.0,572.484375,,0
1782297299.682142,5660.609427,300.0,,100.0,572.484375,,0
1782297299.782144,5660.709427,300.0,,100.0,572.484375,,0
1782297299.882137,5660.809421,300.0,,100.0,572.484375,,0
1782297299.982148,5660.909431,299.0,,100.0,572.484375,,0
1782297300.082145,5661.009428,298.0,,100.0,572.484375,,0
1782297300.182148,5661.109432,296.0,,100.0,572.484375,,0
1782297300.282142,5661.209427,297.0,,100.0,572.484375,,0
1782297300.382142,5661.309427,297.0,,100.0,572.484375,,0
1782297300.482145,5661.409429,298.0,,99.0,572.484375,,0
1782297300.582145,5661.509429,298.0,,100.0,572.484375,,0
1782297300.682139,5661.609424,297.0,,100.0,572.484375,,0
1782297300.782159,5661.709443,298.0,,100.0,572.484375,,0
1782297300.882152,5661.809437,297.0,,100.0,572.484375,,0
1782297300.982149,5661.909433,298.0,,100.0,572.484375,,0
1782297301.082141,5662.009424,299.0,,100.0,572.484375,,0
1782297301.182142,5662.109425,300.0,,100.0,572.484375,,0
1782297301.282161,5662.209446,301.0,,100.0,572.484375,,0
1782297301.382138,5662.309422,301.0,,100.0,572.484375,,0
1782297301.482150,5662.409434,300.0,,100.0,572.484375,,0
1782297301.582149,5662.509432,299.0,,100.0,572.484375,,0
1782297301.682142,5662.609427,311.0,,100.0,572.484375,,0
1782297301.782146,5662.709429,300.0,,100.0,572.484375,,0
1782297301.882153,5662.809437,299.0,,100.0,572.484375,,0
1782297301.982146,5662.909429,300.0,,100.0,572.484375,,0
1782297302.082137,5663.009422,299.0,,100.0,572.484375,,0
1782297302.182142,5663.109426,300.0,,100.0,572.484375,,0
1782297302.282150,5663.209433,300.0,,100.0,572.484375,,0
1782297302.382147,5663.309431,300.0,,100.0,572.484375,,0
1782297302.482149,5663.409434,299.0,,100.0,572.484375,,0
1782297302.582140,5663.509424,300.0,,100.0,572.484375,,0
1782297302.682136,5663.609420,299.0,,100.0,572.484375,,0
1782297302.782139,5663.709424,300.0,,100.0,572.484375,,0
1782297302.882145,5663.809428,299.0,,100.0,572.484375,,0
1782297302.982143,5663.909428,300.0,,100.0,572.484375,,0
1782297303.082142,5664.009426,299.0,,100.0,572.484375,,0
1782297303.182142,5664.109427,298.0,,100.0,572.484375,,0
1782297303.282139,5664.209422,301.0,,100.0,572.484375,,0
1782297303.382144,5664.309428,300.0,,100.0,572.484375,,0
1782297303.482137,5664.409421,298.0,,100.0,572.484375,,0
1782297303.582144,5664.509428,300.0,,100.0,572.484375,,0
1782297303.682148,5664.609432,300.0,,100.0,572.484375,,0
1782297303.782151,5664.709436,299.0,,100.0,572.484375,,0
1782297303.882150,5664.809434,299.0,,100.0,572.484375,,0
1782297303.982138,5664.909422,300.0,,100.0,572.484375,,0
1782297304.082151,5665.009435,300.0,,100.0,572.484375,,0
1782297304.182145,5665.109429,299.0,,100.0,572.484375,,0
1782297304.282146,5665.209430,299.0,,100.0,572.484375,,0
1782297304.382145,5665.309429,300.0,,100.0,572.484375,,0
1782297304.482139,5665.409422,300.0,,100.0,572.484375,,0
1782297304.582144,5665.509428,300.0,,100.0,572.484375,,0
1782297304.682139,5665.609422,299.0,,100.0,572.484375,,0
1782297304.782138,5665.709422,299.0,,100.0,572.484375,,0
1782297304.882146,5665.809430,298.0,,100.0,572.484375,,0
1782297304.982142,5665.909426,301.0,,100.0,572.484375,,0
1782297305.082143,5666.009426,299.0,,100.0,572.484375,,0
1782297305.182142,5666.109426,300.0,,100.0,572.484375,,0
1782297305.282145,5666.209429,299.0,,100.0,572.484375,,0
1782297305.382148,5666.309431,300.0,,100.0,572.484375,,0
1782297305.482139,5666.409422,299.0,,100.0,572.484375,,0
1782297305.582144,5666.509428,300.0,,100.0,572.484375,,0
1782297305.682137,5666.609421,299.0,,100.0,572.484375,,0
1782297305.782140,5666.709424,299.0,,100.0,572.484375,,0
1782297305.882143,5666.809427,300.0,,100.0,572.484375,,0
1782297305.982146,5666.909430,300.0,,100.0,572.484375,,0
1782297306.082140,5667.009424,241.0,,100.0,572.484375,,0
1782297306.182144,5667.109429,301.0,,100.0,572.484375,,0
1782297306.282139,5667.209424,298.0,,100.0,572.484375,,0
1782297306.382141,5667.309426,300.0,,100.0,572.484375,,0
1782297306.482142,5667.409427,233.0,,100.0,572.484375,,0
1782297306.582147,5667.509432,246.0,,100.0,572.484375,,0
1782297306.682142,5667.609426,300.0,,100.0,572.484375,,0
1782297306.782142,5667.709425,299.0,,100.0,572.484375,,0
1782297306.882142,5667.809425,299.0,,100.0,572.484375,,0
1782297306.982148,5667.909431,300.0,,100.0,572.484375,,0
1782297307.082142,5668.009426,299.0,,100.0,572.484375,,0
1782297307.182147,5668.109431,301.0,,100.0,572.484375,,0
1782297307.282142,5668.209427,284.0,,99.0,572.484375,,0
1782297307.382139,5668.309423,299.0,,100.0,572.484375,,0
1782297307.482144,5668.409429,300.0,,100.0,572.484375,,0
1782297307.582138,5668.509422,299.0,,100.0,572.484375,,0
1782297307.682143,5668.609427,300.0,,100.0,572.484375,,0
1782297307.782143,5668.709427,299.0,,100.0,572.484375,,0
1782297307.882146,5668.809430,285.0,,100.0,572.484375,,0
1782297307.982135,5668.909419,301.0,,100.0,572.484375,,0
1782297308.082137,5669.009422,263.0,,100.0,572.484375,,0
1782297308.182145,5669.109429,243.0,,99.0,572.484375,,0
1782297308.282146,5669.209430,299.0,,100.0,572.484375,,0
1782297308.382163,5669.309448,299.0,,100.0,572.484375,,0
1782297308.482155,5669.409438,300.0,,100.0,572.484375,,0
1782297308.582149,5669.509432,299.0,,100.0,572.484375,,0
1782297308.682146,5669.609429,299.0,,100.0,572.484375,,0
1782297308.782149,5669.709433,300.0,,100.0,572.484375,,0
1782297308.882147,5669.809430,299.0,,100.0,572.484375,,0
1782297308.982150,5669.909433,299.0,,100.0,572.484375,,0
1782297309.082144,5670.009427,301.0,,100.0,572.484375,,0
1782297309.182139,5670.109424,299.0,,100.0,572.484375,,0
1782297309.282139,5670.209422,300.0,,100.0,572.484375,,0
1782297309.382164,5670.309447,300.0,,100.0,572.484375,,0
1782297309.482144,5670.409428,297.0,,100.0,572.484375,,0
1782297309.582145,5670.509428,302.0,,100.0,572.484375,,0
1782297309.682141,5670.609425,299.0,,100.0,572.484375,,0
1782297309.782145,5670.709428,299.0,,100.0,572.484375,,0
1782297309.882151,5670.809436,300.0,,100.0,572.484375,,0
1782297309.982147,5670.909430,299.0,,100.0,572.484375,,0
1782297310.082139,5671.009423,299.0,,100.0,572.484375,,0
1782297310.182138,5671.109421,301.0,,100.0,572.484375,,0
1782297310.282143,5671.209428,299.0,,100.0,572.484375,,0
1782297310.382144,5671.309427,301.0,,100.0,572.484375,,0
1782297310.482142,5671.409425,299.0,,100.0,572.484375,,0
1782297310.582145,5671.509428,300.0,,100.0,572.484375,,0
1782297310.682147,5671.609430,299.0,,100.0,572.484375,,0
1782297310.782146,5671.709431,300.0,,100.0,572.484375,,0
1782297310.882145,5671.809429,299.0,,100.0,572.484375,,0
1782297310.982139,5671.909423,299.0,,100.0,572.484375,,0
1782297311.082149,5672.009433,298.0,,100.0,572.484375,,0
1782297311.182156,5672.109439,299.0,,100.0,572.484375,,0
1782297311.282140,5672.209423,301.0,,100.0,572.484375,,0
1782297311.382141,5672.309425,300.0,,100.0,572.484375,,0
1782297311.482144,5672.409429,299.0,,100.0,572.484375,,0
1782297311.582147,5672.509432,110.0,,33.0,572.484375,,0
1782297311.682144,5672.609428,22.0,,3.0,572.484375,,0
1782297311.782149,5672.709434,23.0,,3.0,572.484375,,0
1782297311.882148,5672.809433,22.0,,3.0,572.484375,,0
1782297311.982152,5672.909435,22.0,,3.0,572.484375,,0
1782297312.082145,5673.009428,23.0,,3.0,572.484375,,0
1782297312.182144,5673.109428,24.0,,3.0,572.484375,,0
1782297312.282143,5673.209427,22.0,,3.0,572.484375,,0
1782297312.382146,5673.309429,21.0,,3.0,572.484375,,0
1782297312.482145,5673.409428,21.0,,3.0,572.484375,,0
1782297312.582145,5673.509428,21.0,,3.0,572.484375,,0
1782297312.682150,5673.609434,20.0,,3.0,572.484375,,0
1782297312.782144,5673.709427,22.0,,1.0,572.484375,,0
1782297312.882148,5673.809431,21.0,,3.0,572.484375,,0
1782297312.982146,5673.909429,23.0,,3.0,572.484375,,0
1782297313.082146,5674.009430,21.0,,3.0,572.484375,,0
1782297313.182146,5674.109429,24.0,,3.0,572.484375,,0
1782297313.282144,5674.209428,22.0,,4.0,572.484375,,0
1782297313.382143,5674.309426,21.0,,3.0,572.484375,,0
1782297313.482149,5674.409433,21.0,,3.0,572.484375,,0
1782297313.582148,5674.509431,21.0,,3.0,572.484375,,0
1782297313.682146,5674.609429,21.0,,3.0,572.484375,,0
1782297313.782145,5674.709428,24.0,,3.0,572.484375,,0
1782297313.882144,5674.809428,22.0,,3.0,572.484375,,0
1782297313.982148,5674.909431,22.0,,3.0,572.484375,,0
1782297314.082144,5675.009427,21.0,,3.0,572.484375,,0
1782297314.182142,5675.109425,21.0,,3.0,572.484375,,0
1782297314.282146,5675.209429,23.0,,3.0,572.484375,,0
1782297314.382148,5675.309431,23.0,,3.0,572.484375,,0
1782297314.482146,5675.409429,20.0,,3.0,572.484375,,0
1782297314.582147,5675.509430,22.0,,3.0,572.484375,,0
1782297314.682148,5675.609431,21.0,,3.0,572.484375,,0
1782297314.782148,5675.709432,21.0,,3.0,572.484375,,0
1782297314.882145,5675.809428,21.0,,3.0,572.484375,,0
1782297314.982059,5675.909342,22.0,,3.0,572.484375,,0
1782297315.082147,5676.009431,22.0,,3.0,572.484375,,0
1782297315.182148,5676.109432,21.0,,3.0,572.484375,,0
1782297315.282148,5676.209431,21.0,,3.0,572.484375,,0
1782297315.382145,5676.309429,22.0,,3.0,572.484375,,0
1782297315.482146,5676.409429,21.0,,2.0,572.484375,,0
1782297315.582150,5676.509433,22.0,,3.0,572.484375,,0
1782297315.682152,5676.609436,19.0,,3.0,572.484375,,0
1782297315.782148,5676.709432,22.0,,3.0,572.484375,,0
1782297315.882145,5676.809428,20.0,,3.0,572.484375,,0
1782297315.982145,5676.909428,24.0,,3.0,572.484375,,0
1782297316.082149,5677.009433,20.0,,3.0,572.484375,,0
1782297316.182148,5677.109432,23.0,,3.0,572.484375,,0
1782297316.282153,5677.209436,20.0,,3.0,572.484375,,0
1782297316.382146,5677.309429,23.0,,3.0,572.484375,,0
1782297316.482143,5677.409426,20.0,,3.0,572.484375,,0
1782297316.582060,5677.509343,128.0,,69.0,572.484375,,0
1782297316.682060,5677.609344,199.0,,100.0,572.484375,,0
1782297316.782058,5677.709341,234.0,,100.0,572.484375,,0
1782297316.882060,5677.809343,265.0,,100.0,572.484375,,0
1782297316.982061,5677.909344,269.0,,100.0,572.484375,,0
1782297317.082081,5678.009366,274.0,,100.0,572.484375,,0
1782297317.182139,5678.109424,270.0,,100.0,572.484375,,0
1782297317.282148,5678.209432,250.0,,100.0,572.484375,,0
1782297317.382139,5678.309423,280.0,,99.0,572.484375,,0
1782297317.482145,5678.409428,279.0,,100.0,572.484375,,0
1782297317.582148,5678.509433,286.0,,100.0,572.484375,,0
1782297317.682139,5678.609424,292.0,,100.0,572.484375,,0
1782297317.782148,5678.709432,281.0,,100.0,572.484375,,0
1782297317.882147,5678.809431,296.0,,100.0,572.484375,,0
1782297317.982142,5678.909425,298.0,,100.0,572.484375,,0
1782297318.082144,5679.009429,297.0,,100.0,572.484375,,0
1782297318.182148,5679.109431,296.0,,100.0,572.484375,,0
1782297318.282142,5679.209425,298.0,,100.0,572.484375,,0
1782297318.382146,5679.309430,298.0,,100.0,572.484375,,0
1782297318.482148,5679.409431,297.0,,100.0,572.484375,,0
1782297318.582146,5679.509430,297.0,,100.0,572.484375,,0
1782297318.682145,5679.609428,298.0,,100.0,572.484375,,0
1782297318.782141,5679.709426,300.0,,100.0,572.484375,,0
1782297318.882145,5679.809430,298.0,,100.0,572.484375,,0
1782297318.982150,5679.909435,298.0,,100.0,572.484375,,0
1782297319.082149,5680.009432,298.0,,100.0,572.484375,,0
1782297319.182156,5680.109439,300.0,,100.0,572.484375,,0
1782297319.282151,5680.209435,300.0,,100.0,572.484375,,0
1782297319.382148,5680.309432,298.0,,100.0,572.484375,,0
1782297319.482146,5680.409431,299.0,,100.0,572.484375,,0
1782297319.582144,5680.509429,299.0,,100.0,572.484375,,0
1782297319.682144,5680.609429,300.0,,100.0,572.484375,,0
1782297319.782148,5680.709433,299.0,,100.0,572.484375,,0
1782297319.882138,5680.809423,299.0,,100.0,572.484375,,0
1782297319.982148,5680.909432,300.0,,100.0,572.484375,,0
1782297320.082148,5681.009431,300.0,,100.0,572.484375,,0
1782297320.182148,5681.109431,299.0,,100.0,572.484375,,0
1782297320.282141,5681.209426,301.0,,100.0,572.484375,,0
1782297320.382140,5681.309424,300.0,,100.0,572.484375,,0
1782297320.482143,5681.409427,300.0,,100.0,572.484375,,0
1782297320.582147,5681.509432,300.0,,100.0,572.484375,,0
1782297320.682149,5681.609432,300.0,,100.0,572.484375,,0
1782297320.782151,5681.709435,300.0,,100.0,572.484375,,0
1782297320.882145,5681.809428,299.0,,100.0,572.484375,,0
1782297320.982144,5681.909428,299.0,,100.0,572.484375,,0
1782297321.082149,5682.009433,301.0,,100.0,572.484375,,0
1782297321.182145,5682.109428,300.0,,100.0,572.484375,,0
1782297321.282147,5682.209430,300.0,,100.0,572.484375,,0
1782297321.382143,5682.309427,299.0,,100.0,572.484375,,0
1782297321.482148,5682.409432,300.0,,100.0,572.484375,,0
1782297321.582152,5682.509436,299.0,,100.0,572.484375,,0
1782297321.682144,5682.609428,300.0,,100.0,572.484375,,0
1782297321.782146,5682.709431,300.0,,100.0,572.484375,,0
1782297321.882143,5682.809426,300.0,,100.0,572.484375,,0
1782297321.982150,5682.909436,300.0,,100.0,572.484375,,0
1782297322.082151,5683.009435,299.0,,100.0,572.484375,,0
1782297322.182142,5683.109425,300.0,,100.0,572.484375,,0
1782297322.282150,5683.209434,300.0,,100.0,572.484375,,0
1782297322.382140,5683.309424,299.0,,100.0,572.484375,,0
1782297322.482145,5683.409430,299.0,,100.0,572.484375,,0
1782297322.582144,5683.509427,301.0,,100.0,572.484375,,0
1782297322.682149,5683.609432,299.0,,100.0,572.484375,,0
1782297322.782149,5683.709433,300.0,,100.0,572.484375,,0
1782297322.882139,5683.809423,299.0,,100.0,572.484375,,0
1782297322.982148,5683.909431,299.0,,100.0,572.484375,,0
1782297323.082147,5684.009430,300.0,,100.0,572.484375,,0
1782297323.182138,5684.109423,299.0,,100.0,572.484375,,0
1782297323.282143,5684.209426,300.0,,100.0,572.484375,,0
1782297323.382146,5684.309429,299.0,,100.0,572.484375,,0
1782297323.482146,5684.409429,301.0,,100.0,572.484375,,0
1782297323.582140,5684.509424,299.0,,100.0,572.484375,,0
1782297323.682149,5684.609432,299.0,,100.0,572.484375,,0
1782297323.782143,5684.709427,300.0,,100.0,572.484375,,0
1782297323.882143,5684.809428,299.0,,100.0,572.484375,,0
1782297323.982145,5684.909428,300.0,,100.0,572.484375,,0
1782297324.082139,5685.009423,299.0,,100.0,572.484375,,0
1782297324.182151,5685.109436,300.0,,100.0,572.484375,,0
1782297324.282141,5685.209425,299.0,,100.0,572.484375,,0
1782297324.382148,5685.309431,300.0,,100.0,572.484375,,0
1782297324.482143,5685.409427,299.0,,100.0,572.484375,,0
1782297324.582148,5685.509432,300.0,,100.0,572.484375,,0
1782297324.682152,5685.609437,300.0,,100.0,572.484375,,0
1782297324.782145,5685.709429,299.0,,100.0,572.484375,,0
1782297324.882141,5685.809424,300.0,,100.0,572.484375,,0
1782297324.982155,5685.909439,300.0,,100.0,572.484375,,0
1782297325.082140,5686.009424,299.0,,100.0,572.484375,,0
1782297325.182141,5686.109426,299.0,,100.0,572.484375,,0
1782297325.282151,5686.209435,299.0,,100.0,572.484375,,0
1782297325.382143,5686.309427,300.0,,100.0,572.484375,,0
1782297325.482147,5686.409431,300.0,,100.0,572.484375,,0
1782297325.582142,5686.509427,299.0,,100.0,572.484375,,0
1782297325.682143,5686.609426,300.0,,100.0,572.484375,,0
1782297325.782145,5686.709428,299.0,,100.0,572.484375,,0
1782297325.882153,5686.809437,299.0,,100.0,572.484375,,0
1782297325.982143,5686.909428,299.0,,100.0,572.484375,,0
1782297326.082151,5687.009434,299.0,,100.0,572.484375,,0
1782297326.182151,5687.109434,229.0,,99.0,572.484375,,0
1782297326.282145,5687.209428,300.0,,100.0,572.484375,,0
1782297326.382150,5687.309435,300.0,,100.0,572.484375,,0
1782297326.482151,5687.409436,300.0,,100.0,572.484375,,0
1782297326.582143,5687.509426,299.0,,100.0,572.484375,,0
1782297326.682145,5687.609429,300.0,,100.0,572.484375,,0
1782297326.782147,5687.709432,300.0,,100.0,572.484375,,0
1782297326.882139,5687.809422,299.0,,100.0,572.484375,,0
1782297326.982142,5687.909425,300.0,,100.0,572.484375,,0
1782297327.082144,5688.009427,300.0,,100.0,572.484375,,0
1782297327.182141,5688.109426,300.0,,100.0,572.484375,,0
1782297327.282148,5688.209431,299.0,,100.0,572.484375,,0
1782297327.382142,5688.309426,263.0,,100.0,572.484375,,0
1782297327.482142,5688.409427,288.0,,100.0,572.484375,,0
1782297327.582142,5688.509428,305.0,,100.0,572.484375,,0
1782297327.682152,5688.609435,276.0,,100.0,572.484375,,0
1782297327.782146,5688.709431,299.0,,100.0,572.484375,,0
1782297327.882145,5688.809430,300.0,,100.0,572.484375,,0
1782297327.982153,5688.909438,299.0,,100.0,572.484375,,0
1782297328.082139,5689.009422,299.0,,100.0,572.484375,,0
1782297328.182149,5689.109434,300.0,,100.0,572.484375,,0
1782297328.282147,5689.209430,300.0,,100.0,572.484375,,0
1782297328.382146,5689.309430,298.0,,100.0,572.484375,,0
1782297328.482148,5689.409431,301.0,,100.0,572.484375,,0
1782297328.582144,5689.509429,300.0,,100.0,572.484375,,0
1782297328.682147,5689.609430,299.0,,100.0,572.484375,,0
1782297328.782142,5689.709426,298.0,,100.0,572.484375,,0
1782297328.882148,5689.809431,301.0,,100.0,572.484375,,0
1782297328.982141,5689.909424,299.0,,100.0,572.484375,,0
1782297329.082145,5690.009428,300.0,,100.0,572.484375,,0
1782297329.182142,5690.109425,300.0,,100.0,572.484375,,0
1782297329.282145,5690.209428,299.0,,100.0,572.484375,,0
1782297329.382152,5690.309436,301.0,,100.0,572.484375,,0
1782297329.482142,5690.409426,300.0,,100.0,572.484375,,0
1782297329.582145,5690.509428,299.0,,100.0,572.484375,,0
1782297329.682145,5690.609428,299.0,,100.0,572.484375,,0
1782297329.782142,5690.709425,300.0,,100.0,572.484375,,0
1782297329.882145,5690.809430,299.0,,100.0,572.484375,,0
1782297329.982153,5690.909438,300.0,,100.0,572.484375,,0
1782297330.082144,5691.009428,300.0,,100.0,572.484375,,0
1782297330.182144,5691.109427,298.0,,100.0,572.484375,,0
1782297330.282147,5691.209431,299.0,,100.0,572.484375,,0
1782297330.382148,5691.309433,301.0,,100.0,572.484375,,0
1782297330.482143,5691.409426,299.0,,100.0,572.484375,,0
1782297330.582152,5691.509435,299.0,,100.0,572.484375,,0
1782297330.682151,5691.609434,300.0,,100.0,572.484375,,0
1782297330.782149,5691.709432,298.0,,100.0,572.484375,,0
1782297330.882143,5691.809426,300.0,,100.0,572.484375,,0
1782297330.982146,5691.909429,300.0,,100.0,572.484375,,0
1782297331.082144,5692.009428,300.0,,100.0,572.484375,,0
1782297331.182151,5692.109435,298.0,,100.0,572.484375,,0
1782297331.282142,5692.209427,300.0,,100.0,572.484375,,0
1782297331.382153,5692.309438,298.0,,100.0,572.484375,,0
1782297331.482138,5692.409421,300.0,,100.0,572.484375,,0
1782297331.582138,5692.509421,300.0,,100.0,572.484375,,0
1782297331.682147,5692.609430,298.0,,100.0,572.484375,,0
1782297331.782142,5692.709426,299.0,,100.0,572.484375,,0
1782297331.882143,5692.809428,299.0,,100.0,572.484375,,0
1782297331.982141,5692.909425,299.0,,100.0,572.484375,,0
1782297332.082139,5693.009422,301.0,,100.0,572.484375,,0
1782297332.182149,5693.109433,300.0,,100.0,572.484375,,0
1782297332.282146,5693.209430,298.0,,100.0,572.484375,,0
1782297332.382148,5693.309431,299.0,,100.0,572.484375,,0
1782297332.482148,5693.409432,300.0,,100.0,572.484375,,0
1782297332.582145,5693.509429,300.0,,100.0,572.484375,,0
1782297332.682162,5693.609445,299.0,,100.0,572.484375,,0
1782297332.782147,5693.709431,299.0,,100.0,572.484375,,0
1782297332.882142,5693.809427,299.0,,100.0,572.484375,,0
1782297332.982148,5693.909432,300.0,,100.0,572.484375,,0
1782297333.082159,5694.009442,300.0,,100.0,572.484375,,0
1782297333.182138,5694.109421,300.0,,100.0,572.484375,,0
1782297333.282138,5694.209422,302.0,,100.0,572.484375,,0
1782297333.382155,5694.309440,311.0,,100.0,572.484375,,0
1782297333.482138,5694.409423,302.0,,99.0,572.484375,,0
1782297333.582145,5694.509430,307.0,,99.0,572.484375,,0
1782297333.682150,5694.609433,298.0,,100.0,572.484375,,0
1782297333.782137,5694.709420,288.0,,100.0,572.484375,,0
1782297333.882143,5694.809427,305.0,,100.0,572.484375,,0
1782297333.982142,5694.909425,314.0,,99.0,572.484375,,0
1782297334.082143,5695.009426,310.0,,99.0,572.484375,,0
1782297334.182148,5695.109433,303.0,,99.0,572.484375,,0
1782297334.282142,5695.209427,294.0,,100.0,572.484375,,0
1782297334.382148,5695.309431,297.0,,100.0,572.484375,,0
1782297334.482143,5695.409427,298.0,,100.0,572.484375,,0
1782297334.582137,5695.509422,301.0,,100.0,572.484375,,0
1782297334.682149,5695.609433,304.0,,99.0,572.484375,,0
1782297334.782142,5695.709427,301.0,,100.0,572.484375,,0
1782297334.882140,5695.809424,299.0,,100.0,572.484375,,0
1782297334.982140,5695.909425,299.0,,100.0,572.484375,,0
1782297335.082141,5696.009426,300.0,,100.0,572.484375,,0
1782297335.182144,5696.109427,299.0,,100.0,572.484375,,0
1782297335.282144,5696.209427,300.0,,100.0,572.484375,,0
1782297335.382169,5696.309454,300.0,,100.0,572.484375,,0
1782297335.482149,5696.409432,299.0,,100.0,572.484375,,0
1782297335.582137,5696.509421,300.0,,100.0,572.484375,,0
1782297335.682147,5696.609431,300.0,,100.0,572.484375,,0
1782297335.782155,5696.709440,299.0,,100.0,572.484375,,0
1782297335.882145,5696.809428,300.0,,100.0,572.484375,,0
1782297335.982147,5696.909430,299.0,,100.0,572.484375,,0
1782297336.082144,5697.009428,300.0,,100.0,572.484375,,0
1782297336.182145,5697.109428,300.0,,100.0,572.484375,,0
1782297336.282147,5697.209431,299.0,,100.0,572.484375,,0
1782297336.382146,5697.309429,300.0,,100.0,572.484375,,0
1782297336.482146,5697.409430,299.0,,100.0,572.484375,,0
1782297336.582145,5697.509428,305.0,,100.0,572.484375,,0
1782297336.682149,5697.609432,299.0,,100.0,572.484375,,0
1782297336.782141,5697.709424,300.0,,100.0,572.484375,,0
1782297336.882143,5697.809427,300.0,,100.0,572.484375,,0
1782297336.982138,5697.909421,299.0,,100.0,572.484375,,0
1782297337.082146,5698.009429,299.0,,100.0,572.484375,,0
1782297337.182149,5698.109434,301.0,,100.0,572.484375,,0
1782297337.282139,5698.209422,300.0,,100.0,572.484375,,0
1782297337.382140,5698.309424,300.0,,100.0,572.484375,,0
1782297337.482147,5698.409431,299.0,,100.0,572.484375,,0
1782297337.582142,5698.509426,299.0,,100.0,572.484375,,0
1782297337.682145,5698.609428,299.0,,100.0,572.484375,,0
1782297337.782140,5698.709423,299.0,,100.0,572.484375,,0
1782297337.882142,5698.809426,300.0,,100.0,572.484375,,0
1782297337.982142,5698.909425,299.0,,100.0,572.484375,,0
1782297338.082160,5699.009445,300.0,,100.0,572.484375,,0
1782297338.182136,5699.109420,299.0,,100.0,572.484375,,0
1782297338.282144,5699.209427,299.0,,100.0,572.484375,,0
1782297338.382137,5699.309420,300.0,,100.0,572.484375,,0
1782297338.482145,5699.409429,300.0,,100.0,572.484375,,0
1782297338.582140,5699.509424,299.0,,100.0,572.484375,,0
1782297338.682138,5699.609423,299.0,,100.0,572.484375,,0
1782297338.782140,5699.709423,299.0,,100.0,572.484375,,0
1782297338.882148,5699.809432,300.0,,100.0,572.484375,,0
1782297338.982137,5699.909422,299.0,,100.0,572.484375,,0
1782297339.082143,5700.009427,300.0,,100.0,572.484375,,0
1782297339.182145,5700.109428,299.0,,100.0,572.484375,,0
1782297339.282149,5700.209434,300.0,,100.0,572.484375,,0
1782297339.382144,5700.309428,300.0,,100.0,572.484375,,0
1782297339.482142,5700.409425,299.0,,100.0,572.484375,,0
1782297339.582141,5700.509425,299.0,,100.0,572.484375,,0
1782297339.682140,5700.609425,300.0,,100.0,572.484375,,0
1782297339.782142,5700.709426,299.0,,100.0,572.484375,,0
1782297339.882146,5700.809429,300.0,,100.0,572.484375,,0
1782297339.982143,5700.909427,299.0,,100.0,572.484375,,0
1782297340.082142,5701.009426,300.0,,100.0,572.484375,,0
1782297340.182145,5701.109429,299.0,,100.0,572.484375,,0
1782297340.282142,5701.209426,299.0,,100.0,572.484375,,0
1782297340.382139,5701.309424,300.0,,100.0,572.484375,,0
1782297340.482139,5701.409423,300.0,,100.0,572.484375,,0
1782297340.582138,5701.509422,299.0,,100.0,572.484375,,0
1782297340.682141,5701.609425,300.0,,100.0,572.484375,,0
1782297340.782153,5701.709437,301.0,,100.0,572.484375,,0
1782297340.882137,5701.809421,299.0,,100.0,572.484375,,0
1782297340.982143,5701.909428,299.0,,100.0,572.484375,,0
1782297341.082144,5702.009428,299.0,,100.0,572.484375,,0
1782297341.182145,5702.109431,301.0,,100.0,572.484375,,0
1782297341.282158,5702.209441,299.0,,100.0,572.484375,,0
1782297341.382142,5702.309426,299.0,,100.0,572.484375,,0
1782297341.482142,5702.409427,299.0,,100.0,572.484375,,0
1782297341.582150,5702.509434,299.0,,100.0,572.484375,,0
1782297341.682140,5702.609424,300.0,,100.0,572.484375,,0
1782297341.782138,5702.709423,299.0,,100.0,572.484375,,0
1782297341.882139,5702.809423,299.0,,100.0,572.484375,,0
1782297341.982158,5702.909441,299.0,,100.0,572.484375,,0
1782297342.082147,5703.009430,299.0,,100.0,572.484375,,0
1782297342.182143,5703.109428,300.0,,100.0,572.484375,,0
1782297342.282145,5703.209428,300.0,,100.0,572.484375,,0
1782297342.382147,5703.309430,299.0,,100.0,572.484375,,0
1782297342.482146,5703.409430,300.0,,100.0,572.484375,,0
1782297342.582144,5703.509428,299.0,,100.0,572.484375,,0
1782297342.682147,5703.609432,300.0,,100.0,572.484375,,0
1782297342.782141,5703.709425,299.0,,100.0,572.484375,,0
1782297342.882139,5703.809423,300.0,,100.0,572.484375,,0
1782297342.982138,5703.909421,300.0,,100.0,572.484375,,0
1782297343.082138,5704.009422,299.0,,100.0,572.484375,,0
1782297343.182138,5704.109422,300.0,,100.0,572.484375,,0
1782297343.282145,5704.209430,300.0,,100.0,572.484375,,0
1782297343.382144,5704.309429,299.0,,100.0,572.484375,,0
1782297343.482146,5704.409430,300.0,,100.0,572.484375,,0
1782297343.582148,5704.509433,299.0,,100.0,572.484375,,0
1782297343.682145,5704.609428,300.0,,100.0,572.484375,,0
1782297343.782144,5704.709428,299.0,,100.0,572.484375,,0
1782297343.882140,5704.809424,300.0,,100.0,572.484375,,0
1782297343.982137,5704.909422,299.0,,100.0,572.484375,,0
1782297344.082141,5705.009424,300.0,,100.0,572.484375,,0
1782297344.182150,5705.109435,300.0,,100.0,572.484375,,0
1782297344.282144,5705.209427,300.0,,100.0,572.484375,,0
1782297344.382147,5705.309431,299.0,,100.0,572.484375,,0
1782297344.482140,5705.409425,300.0,,100.0,572.484375,,0
1782297344.582141,5705.509426,299.0,,100.0,572.484375,,0
1782297344.682140,5705.609425,300.0,,100.0,572.484375,,0
1782297344.782152,5705.709437,290.0,,100.0,572.484375,,0
1782297344.882146,5705.809431,300.0,,100.0,572.484375,,0
1782297344.982149,5705.909433,299.0,,100.0,572.484375,,0
1782297345.082140,5706.009424,300.0,,100.0,572.484375,,0
1782297345.182143,5706.109426,300.0,,100.0,572.484375,,0
1782297345.282139,5706.209425,299.0,,100.0,572.484375,,0
1782297345.382138,5706.309422,300.0,,100.0,572.484375,,0
1782297345.482151,5706.409435,299.0,,100.0,572.484375,,0
1782297345.582143,5706.509428,257.0,,100.0,572.484375,,0
1782297345.682139,5706.609422,299.0,,100.0,572.484375,,0
1782297345.782148,5706.709432,299.0,,100.0,572.484375,,0
1782297345.882147,5706.809432,299.0,,100.0,572.484375,,0
1782297345.982139,5706.909423,300.0,,100.0,572.484375,,0
1782297346.082145,5707.009429,300.0,,100.0,572.484375,,0
1782297346.182140,5707.109425,300.0,,100.0,572.484375,,0
1782297346.282146,5707.209431,282.0,,100.0,572.484375,,0
1782297346.382140,5707.309425,299.0,,100.0,572.484375,,0
1782297346.482144,5707.409429,299.0,,100.0,572.484375,,0
1782297346.582140,5707.509425,300.0,,100.0,572.484375,,0
1782297346.682139,5707.609422,300.0,,100.0,572.484375,,0
1782297346.782138,5707.709422,301.0,,100.0,572.484375,,0
1782297346.882140,5707.809424,299.0,,100.0,572.484375,,0
1782297346.982139,5707.909423,290.0,,99.0,572.484375,,0
1782297347.082146,5708.009430,268.0,,100.0,572.484375,,0
1782297347.182138,5708.109422,300.0,,100.0,572.484375,,0
1782297347.282140,5708.209425,280.0,,100.0,572.484375,,0
1782297347.382139,5708.309424,299.0,,100.0,572.484375,,0
1782297347.482143,5708.409426,300.0,,100.0,572.484375,,0
1782297347.582146,5708.509429,300.0,,100.0,572.484375,,0
1782297347.682139,5708.609423,300.0,,100.0,572.484375,,0
1782297347.782145,5708.709429,299.0,,100.0,572.484375,,0
1782297347.882060,5708.809343,298.0,,100.0,572.484375,,0
1782297347.982462,5708.909745,300.0,,100.0,572.484375,,0
1782297348.082144,5709.009428,299.0,,100.0,572.484375,,0
1782297348.182142,5709.109426,300.0,,100.0,572.484375,,0
1782297348.282147,5709.209432,299.0,,100.0,572.484375,,0
1782297348.382060,5709.309344,300.0,,100.0,572.484375,,0
1782297348.482169,5709.409452,300.0,,100.0,572.484375,,0
1782297348.582148,5709.509432,300.0,,100.0,572.484375,,0
1782297348.682149,5709.609434,299.0,,100.0,572.484375,,0
1782297348.782144,5709.709427,300.0,,100.0,572.484375,,0
1782297348.882143,5709.809427,299.0,,100.0,572.484375,,0
1782297348.982154,5709.909437,279.0,,99.0,572.484375,,0
1782297349.082082,5710.009367,300.0,,100.0,572.484375,,0
1782297349.182149,5710.109432,300.0,,100.0,572.484375,,0
1782297349.282149,5710.209433,299.0,,100.0,572.484375,,0
1782297349.382154,5710.309439,298.0,,100.0,572.484375,,0
1782297349.482153,5710.409437,300.0,,100.0,572.484375,,0
1782297349.582081,5710.509365,300.0,,100.0,572.484375,,0
1782297349.682142,5710.609425,299.0,,100.0,572.484375,,0
1782297349.782138,5710.709423,300.0,,100.0,572.484375,,0
1782297349.882141,5710.809425,300.0,,100.0,572.484375,,0
1782297349.982138,5710.909423,300.0,,100.0,572.484375,,0
1782297350.082060,5711.009343,296.0,,100.0,572.484375,,0
1782297350.182139,5711.109422,298.0,,100.0,572.484375,,0
1782297350.282143,5711.209426,300.0,,100.0,572.484375,,0
1782297350.382143,5711.309427,299.0,,100.0,572.484375,,0
1782297350.482153,5711.409436,300.0,,100.0,572.484375,,0
1782297350.582155,5711.509439,298.0,,100.0,572.484375,,0
1782297350.682144,5711.609428,312.0,,99.0,572.484375,,0
1782297350.782141,5711.709424,297.0,,100.0,572.484375,,0
1782297350.882142,5711.809426,310.0,,100.0,572.484375,,0
1782297350.982141,5711.909424,292.0,,100.0,572.484375,,0
1782297351.082145,5712.009430,300.0,,100.0,572.484375,,0
1782297351.182149,5712.109432,299.0,,100.0,572.484375,,0
1782297351.282141,5712.209424,308.0,,100.0,572.484375,,0
1782297351.382141,5712.309424,298.0,,99.0,572.484375,,0
1782297351.482138,5712.409421,296.0,,99.0,572.484375,,0
1782297351.582148,5712.509432,123.0,,36.0,572.484375,,0
1782297351.682147,5712.609430,25.0,,3.0,572.484375,,0
1782297351.782147,5712.709431,24.0,,3.0,572.484375,,0
1782297351.882144,5712.809428,24.0,,3.0,572.484375,,0
1782297351.982146,5712.909429,24.0,,3.0,572.484375,,0
1782297352.082144,5713.009428,27.0,,3.0,572.484375,,0
1782297352.182147,5713.109430,24.0,,3.0,572.484375,,0
1782297352.282144,5713.209428,26.0,,3.0,572.484375,,0
1782297352.382145,5713.309428,25.0,,3.0,572.484375,,0
1782297352.482146,5713.409429,26.0,,3.0,572.484375,,0
1782297352.582149,5713.509433,26.0,,3.0,572.484375,,0
1782297352.682144,5713.609427,24.0,,2.0,572.484375,,0
1782297352.782148,5713.709432,24.0,,3.0,572.484375,,0
1782297352.882147,5713.809430,24.0,,3.0,572.484375,,0
1782297352.982151,5713.909434,27.0,,3.0,572.484375,,0
1782297353.082149,5714.009432,24.0,,3.0,572.484375,,0
1782297353.182145,5714.109429,24.0,,3.0,572.484375,,0
1782297353.282153,5714.209436,24.0,,3.0,572.484375,,0
1782297353.382148,5714.309431,23.0,,3.0,572.484375,,0
1782297353.482146,5714.409429,27.0,,3.0,572.484375,,0
1782297353.582145,5714.509429,24.0,,3.0,572.484375,,0
1782297353.682152,5714.609435,24.0,,3.0,572.484375,,0
1782297353.782148,5714.709431,24.0,,3.0,572.484375,,0
1782297353.882145,5714.809429,24.0,,3.0,572.484375,,0
1782297353.982143,5714.909426,25.0,,3.0,572.484375,,0
1782297354.082154,5715.009437,23.0,,3.0,572.484375,,0
1782297354.182147,5715.109430,23.0,,3.0,572.484375,,0
1782297354.282151,5715.209434,27.0,,3.0,572.484375,,0
1782297354.382145,5715.309428,23.0,,3.0,572.484375,,0
1782297354.482147,5715.409430,23.0,,3.0,572.484375,,0
1782297354.582145,5715.509429,24.0,,3.0,572.484375,,0
1782297354.682145,5715.609428,23.0,,3.0,572.484375,,0
1782297354.782146,5715.709430,25.0,,3.0,572.484375,,0
1782297354.882146,5715.809431,23.0,,3.0,572.484375,,0
1782297354.982145,5715.909428,23.0,,3.0,572.484375,,0
1782297355.082142,5716.009426,25.0,,3.0,572.484375,,0
1782297355.182145,5716.109428,22.0,,3.0,572.484375,,0
1782297355.282146,5716.209430,20.0,,3.0,572.484375,,0
1782297355.382147,5716.309433,21.0,,3.0,572.484375,,0
1782297355.482146,5716.409429,24.0,,3.0,572.484375,,0
1782297355.582148,5716.509433,22.0,,3.0,572.484375,,0
1782297355.682143,5716.609426,21.0,,3.0,572.484375,,0
1782297355.782146,5716.709429,22.0,,3.0,572.484375,,0
1782297355.882152,5716.809435,21.0,,3.0,572.484375,,0
1782297355.982151,5716.909436,22.0,,3.0,572.484375,,0
1782297356.082145,5717.009429,22.0,,3.0,572.484375,,0
1782297356.182147,5717.109430,21.0,,3.0,572.484375,,0
1782297356.282148,5717.209431,22.0,,3.0,572.484375,,0
1782297356.382146,5717.309430,22.0,,3.0,572.484375,,0
1782297356.482146,5717.409429,23.0,,3.0,572.484375,,0
1782297356.582060,5717.509343,126.0,,66.0,572.484375,,0
1782297356.682060,5717.609344,212.0,,100.0,572.484375,,0
1782297356.782139,5717.709423,251.0,,100.0,572.484375,,0
1782297356.882139,5717.809423,267.0,,100.0,572.484375,,0
1782297356.982139,5717.909425,267.0,,100.0,572.484375,,0
1782297357.082143,5718.009426,269.0,,100.0,572.484375,,0
1782297357.182142,5718.109427,272.0,,100.0,572.484375,,0
1782297357.282139,5718.209422,277.0,,100.0,572.484375,,0
1782297357.382144,5718.309427,281.0,,100.0,572.484375,,0
1782297357.482145,5718.409430,282.0,,100.0,572.484375,,0
1782297357.582143,5718.509428,287.0,,100.0,572.484375,,0
1782297357.682137,5718.609421,291.0,,100.0,572.484375,,0
1782297357.782146,5718.709429,295.0,,100.0,572.484375,,0
1782297357.882142,5718.809426,296.0,,100.0,572.484375,,0
1782297357.982145,5718.909430,296.0,,100.0,572.484375,,0
1782297358.082108,5719.009393,296.0,,100.0,572.484375,,0
1782297358.182144,5719.109429,297.0,,100.0,572.484375,,0
1782297358.282137,5719.209420,297.0,,100.0,572.484375,,0
1782297358.382142,5719.309425,297.0,,100.0,572.484375,,0
1782297358.482140,5719.409425,297.0,,100.0,572.484375,,0
1782297358.582137,5719.509422,297.0,,100.0,572.484375,,0
1782297358.682140,5719.609424,298.0,,100.0,572.484375,,0
1782297358.782137,5719.709421,298.0,,100.0,572.484375,,0
1782297358.882140,5719.809424,298.0,,100.0,572.484375,,0
1782297358.982143,5719.909427,296.0,,100.0,572.484375,,0
1782297359.082138,5720.009421,297.0,,100.0,572.484375,,0
1782297359.182147,5720.109431,297.0,,100.0,572.484375,,0
1782297359.282144,5720.209427,298.0,,100.0,572.484375,,0
1782297359.382143,5720.309426,298.0,,100.0,572.484375,,0
1782297359.482152,5720.409435,298.0,,100.0,572.484375,,0
1782297359.582147,5720.509430,298.0,,100.0,572.484375,,0
1782297359.682140,5720.609423,298.0,,100.0,572.484375,,0
1782297359.782138,5720.709421,298.0,,100.0,572.484375,,0
1782297359.882138,5720.809421,298.0,,100.0,572.484375,,0
1782297359.982148,5720.909431,298.0,,100.0,572.484375,,0
1782297360.082150,5721.009435,295.0,,100.0,572.484375,,0
1782297360.182147,5721.109431,294.0,,100.0,572.484375,,0
1782297360.282141,5721.209425,295.0,,100.0,572.484375,,0
1782297360.382139,5721.309423,295.0,,100.0,572.484375,,0
1782297360.482145,5721.409429,295.0,,100.0,572.484375,,0
1782297360.582139,5721.509422,295.0,,100.0,572.484375,,0
1782297360.682136,5721.609419,296.0,,100.0,572.484375,,0
1782297360.782141,5721.709424,295.0,,100.0,572.484375,,0
1782297360.882149,5721.809432,295.0,,100.0,572.484375,,0
1782297360.982145,5721.909428,295.0,,100.0,572.484375,,0
1782297361.082139,5722.009422,296.0,,100.0,572.484375,,0
1782297361.182140,5722.109424,297.0,,100.0,572.484375,,0
1782297361.282140,5722.209424,296.0,,100.0,572.484375,,0
1782297361.382140,5722.309423,298.0,,100.0,572.484375,,0
1782297361.482143,5722.409428,298.0,,100.0,572.484375,,0
1782297361.582144,5722.509428,298.0,,100.0,572.484375,,0
1782297361.682148,5722.609432,298.0,,100.0,572.484375,,0
1782297361.782060,5722.709343,298.0,,100.0,572.484375,,0
1782297361.882138,5722.809423,298.0,,100.0,572.484375,,0
1782297361.982138,5722.909423,297.0,,100.0,572.484375,,0
1782297362.082104,5723.009388,297.0,,100.0,572.484375,,0
1782297362.182142,5723.109426,299.0,,100.0,572.484375,,0
1782297362.282135,5723.209419,298.0,,100.0,572.484375,,0
1782297362.382146,5723.309429,298.0,,100.0,572.484375,,0
1782297362.482144,5723.409428,297.0,,100.0,572.484375,,0
1782297362.582139,5723.509423,301.0,,100.0,572.484375,,0
1782297362.682143,5723.609426,300.0,,100.0,572.484375,,0
1782297362.782138,5723.709423,298.0,,100.0,572.484375,,0
1782297362.882147,5723.809432,298.0,,100.0,572.484375,,0
1782297362.982139,5723.909423,299.0,,100.0,572.484375,,0
1782297363.082138,5724.009422,299.0,,100.0,572.484375,,0
1782297363.182140,5724.109425,297.0,,100.0,572.484375,,0
1782297363.282136,5724.209419,297.0,,100.0,572.484375,,0
1782297363.382139,5724.309424,298.0,,100.0,572.484375,,0
1782297363.482141,5724.409425,298.0,,100.0,572.484375,,0
1782297363.582144,5724.509427,297.0,,100.0,572.484375,,0
1782297363.682143,5724.609427,297.0,,100.0,572.484375,,0
1782297363.782141,5724.709425,299.0,,100.0,572.484375,,0
1782297363.882147,5724.809431,298.0,,100.0,572.484375,,0
1782297363.982144,5724.909429,298.0,,100.0,572.484375,,0
1782297364.082151,5725.009434,299.0,,100.0,572.484375,,0
1782297364.182142,5725.109426,298.0,,100.0,572.484375,,0
1782297364.282139,5725.209422,297.0,,100.0,572.484375,,0
1782297364.382149,5725.309432,298.0,,100.0,572.484375,,0
1782297364.482164,5725.409447,298.0,,100.0,572.484375,,0
1782297364.582143,5725.509426,298.0,,100.0,572.484375,,0
1782297364.682155,5725.609438,299.0,,100.0,572.484375,,0
1782297364.782143,5725.709426,298.0,,100.0,572.484375,,0
1782297364.882137,5725.809420,297.0,,100.0,572.484375,,0
1782297364.982147,5725.909431,299.0,,100.0,572.484375,,0
1782297365.082139,5726.009422,299.0,,100.0,572.484375,,0
1782297365.182142,5726.109425,298.0,,100.0,572.484375,,0
1782297365.282146,5726.209430,299.0,,100.0,572.484375,,0
1782297365.382147,5726.309431,248.0,,99.0,572.484375,,0
1782297365.482154,5726.409437,299.0,,100.0,572.484375,,0
1782297365.582143,5726.509427,297.0,,100.0,572.484375,,0
1782297365.682142,5726.609426,296.0,,100.0,572.484375,,0
1782297365.782137,5726.709420,298.0,,100.0,572.484375,,0
1782297365.882147,5726.809430,298.0,,100.0,572.484375,,0
1782297365.982157,5726.909440,298.0,,100.0,572.484375,,0
1782297366.082099,5727.009383,299.0,,100.0,572.484375,,0
1782297366.182139,5727.109425,299.0,,100.0,572.484375,,0
1782297366.282141,5727.209424,267.0,,100.0,572.484375,,0
1782297366.382146,5727.309429,297.0,,100.0,572.484375,,0
1782297366.482143,5727.409426,278.0,,100.0,572.484375,,0
1782297366.582138,5727.509421,299.0,,100.0,572.484375,,0
1782297366.682137,5727.609423,294.0,,100.0,572.484375,,0
1782297366.782139,5727.709422,298.0,,100.0,572.484375,,0
1782297366.882137,5727.809421,298.0,,100.0,572.484375,,0
1782297366.982142,5727.909426,299.0,,100.0,572.484375,,0
1782297367.082146,5728.009431,299.0,,100.0,572.484375,,0
1782297367.182158,5728.109442,301.0,,100.0,572.484375,,0
1782297367.282140,5728.209423,297.0,,100.0,572.484375,,0
1782297367.382144,5728.309428,298.0,,100.0,572.484375,,0
1782297367.482140,5728.409423,298.0,,100.0,572.484375,,0
1782297367.582137,5728.509420,298.0,,100.0,572.484375,,0
1782297367.682138,5728.609422,300.0,,100.0,572.484375,,0
1782297367.782140,5728.709423,300.0,,100.0,572.484375,,0
1782297367.882138,5728.809422,298.0,,100.0,572.484375,,0
1782297367.982141,5728.909424,300.0,,100.0,572.484375,,0
1782297368.082139,5729.009422,300.0,,100.0,572.484375,,0
1782297368.182143,5729.109426,300.0,,100.0,572.484375,,0
1782297368.282137,5729.209421,308.0,,100.0,572.484375,,0
1782297368.382139,5729.309422,311.0,,100.0,572.484375,,0
1782297368.482144,5729.409427,305.0,,99.0,572.484375,,0
1782297368.582148,5729.509432,309.0,,100.0,572.484375,,0
1782297368.682153,5729.609438,310.0,,100.0,572.484375,,0
1782297368.782137,5729.709421,311.0,,100.0,572.484375,,0
1782297368.882138,5729.809421,310.0,,100.0,572.484375,,0
1782297368.982145,5729.909428,307.0,,99.0,572.484375,,0
1782297369.082141,5730.009425,306.0,,99.0,572.484375,,0
1782297369.182140,5730.109423,300.0,,99.0,572.484375,,0
1782297369.282141,5730.209424,308.0,,99.0,572.484375,,0
1782297369.382139,5730.309424,310.0,,100.0,572.484375,,0
1782297369.482160,5730.409444,309.0,,100.0,572.484375,,0
1782297369.582145,5730.509429,312.0,,99.0,572.484375,,0
1782297369.682138,5730.609421,306.0,,99.0,572.484375,,0
1782297369.782142,5730.709425,308.0,,99.0,572.484375,,0
1782297369.882139,5730.809422,310.0,,100.0,572.484375,,0
1782297369.982137,5730.909421,307.0,,99.0,572.484375,,0
1782297370.082110,5731.009394,299.0,,100.0,572.484375,,0
1782297370.182136,5731.109420,300.0,,100.0,572.484375,,0
1782297370.282151,5731.209434,298.0,,100.0,572.484375,,0
1782297370.382149,5731.309433,300.0,,100.0,572.484375,,0
1782297370.482138,5731.409421,301.0,,100.0,572.484375,,0
1782297370.582140,5731.509424,299.0,,100.0,572.484375,,0
1782297370.682142,5731.609426,299.0,,100.0,572.484375,,0
1782297370.782137,5731.709420,300.0,,100.0,572.484375,,0
1782297370.882138,5731.809422,299.0,,100.0,572.484375,,0
1782297370.982153,5731.909437,250.0,,99.0,572.484375,,0
1782297371.082142,5732.009425,301.0,,100.0,572.484375,,0
1782297371.182145,5732.109430,300.0,,100.0,572.484375,,0
1782297371.282146,5732.209430,301.0,,100.0,572.484375,,0
1782297371.382139,5732.309424,300.0,,100.0,572.484375,,0
1782297371.482142,5732.409425,298.0,,100.0,572.484375,,0
1782297371.582143,5732.509427,300.0,,100.0,572.484375,,0
1782297371.682137,5732.609421,300.0,,100.0,572.484375,,0
1782297371.782148,5732.709434,299.0,,100.0,572.484375,,0
1782297371.882139,5732.809423,300.0,,100.0,572.484375,,0
1782297371.982141,5732.909425,299.0,,100.0,572.484375,,0
1782297372.082138,5733.009422,300.0,,100.0,572.484375,,0
1782297372.182145,5733.109429,300.0,,100.0,572.484375,,0
1782297372.282151,5733.209434,269.0,,100.0,572.484375,,0
1782297372.382142,5733.309427,300.0,,100.0,572.484375,,0
1782297372.482136,5733.409420,274.0,,100.0,572.484375,,0
1782297372.582143,5733.509427,299.0,,100.0,572.484375,,0
1782297372.682137,5733.609421,298.0,,100.0,572.484375,,0
1782297372.782141,5733.709424,300.0,,100.0,572.484375,,0
1782297372.882060,5733.809343,301.0,,100.0,572.484375,,0
1782297372.982060,5733.909343,301.0,,100.0,572.484375,,0
1782297373.082154,5734.009438,300.0,,100.0,572.484375,,0
1782297373.182151,5734.109435,298.0,,100.0,572.484375,,0
1782297373.282144,5734.209428,299.0,,100.0,572.484375,,0
1782297373.382139,5734.309423,300.0,,100.0,572.484375,,0
1782297373.482157,5734.409441,300.0,,100.0,572.484375,,0
1782297373.582144,5734.509428,299.0,,100.0,572.484375,,0
1782297373.682138,5734.609422,301.0,,100.0,572.484375,,0
1782297373.782143,5734.709428,300.0,,100.0,572.484375,,0
1782297373.882139,5734.809423,299.0,,100.0,572.484375,,0
1782297373.982143,5734.909428,300.0,,100.0,572.484375,,0
1782297374.082145,5735.009430,300.0,,100.0,572.484375,,0
1782297374.182141,5735.109425,298.0,,100.0,572.484375,,0
1782297374.282138,5735.209421,299.0,,100.0,572.484375,,0
1782297374.382138,5735.309423,300.0,,100.0,572.484375,,0
1782297374.482138,5735.409423,300.0,,100.0,572.484375,,0
1782297374.582143,5735.509427,299.0,,100.0,572.484375,,0
1782297374.682139,5735.609424,298.0,,100.0,572.484375,,0
1782297374.782139,5735.709423,299.0,,100.0,572.484375,,0
1782297374.882137,5735.809422,301.0,,100.0,572.484375,,0
1782297374.982149,5735.909434,300.0,,100.0,572.484375,,0
1782297375.082140,5736.009424,299.0,,100.0,572.484375,,0
1782297375.182150,5736.109435,299.0,,100.0,572.484375,,0
1782297375.282145,5736.209428,299.0,,100.0,572.484375,,0
1782297375.382146,5736.309430,300.0,,100.0,572.484375,,0
1782297375.482143,5736.409428,298.0,,100.0,572.484375,,0
1782297375.582140,5736.509425,300.0,,100.0,572.484375,,0
1782297375.682137,5736.609422,300.0,,100.0,572.484375,,0
1782297375.782139,5736.709423,299.0,,100.0,572.484375,,0
1782297375.882140,5736.809425,300.0,,100.0,572.484375,,0
1782297375.982144,5736.909429,300.0,,100.0,572.484375,,0
1782297376.082149,5737.009434,299.0,,100.0,572.484375,,0
1782297376.182143,5737.109427,299.0,,100.0,572.484375,,0
1782297376.282146,5737.209431,299.0,,100.0,572.484375,,0
1782297376.382140,5737.309425,299.0,,100.0,572.484375,,0
1782297376.482141,5737.409426,299.0,,100.0,572.484375,,0
1782297376.582145,5737.509431,299.0,,100.0,572.484375,,0
1782297376.682139,5737.609423,300.0,,100.0,572.484375,,0
1782297376.782144,5737.709428,302.0,,100.0,572.484375,,0
1782297376.882147,5737.809431,299.0,,100.0,572.484375,,0
1782297376.982140,5737.909425,299.0,,100.0,572.484375,,0
1782297377.082145,5738.009429,301.0,,100.0,572.484375,,0
1782297377.182147,5738.109431,299.0,,100.0,572.484375,,0
1782297377.282149,5738.209434,300.0,,100.0,572.484375,,0
1782297377.382147,5738.309431,299.0,,100.0,572.484375,,0
1782297377.482140,5738.409424,300.0,,100.0,572.484375,,0
1782297377.582140,5738.509423,300.0,,100.0,572.484375,,0
1782297377.682060,5738.609343,299.0,,100.0,572.484375,,0
1782297377.782057,5738.709340,300.0,,100.0,572.484375,,0
1782297377.882060,5738.809343,299.0,,100.0,572.484375,,0
1782297377.982059,5738.909343,300.0,,100.0,572.484375,,0
1782297378.082058,5739.009341,299.0,,100.0,572.484375,,0
1782297378.182059,5739.109343,299.0,,100.0,572.484375,,0
1782297378.282060,5739.209343,298.0,,100.0,572.484375,,0
1782297378.382060,5739.309343,301.0,,100.0,572.484375,,0
1782297378.482069,5739.409353,301.0,,100.0,572.484375,,0
1782297378.582068,5739.509352,299.0,,100.0,572.484375,,0
1782297378.682067,5739.609351,300.0,,100.0,572.484375,,0
1782297378.782067,5739.709351,299.0,,100.0,572.484375,,0
1782297378.882066,5739.809350,299.0,,100.0,572.484375,,0
1782297378.982066,5739.909349,298.0,,100.0,572.484375,,0
1782297379.082067,5740.009350,301.0,,100.0,572.484375,,0
1782297379.182055,5740.109338,299.0,,100.0,572.484375,,0
1782297379.282066,5740.209349,299.0,,100.0,572.484375,,0
1782297379.382067,5740.309350,300.0,,100.0,572.484375,,0
1782297379.482066,5740.409350,300.0,,100.0,572.484375,,0
1782297379.582066,5740.509350,299.0,,100.0,572.484375,,0
1782297379.682065,5740.609348,300.0,,100.0,572.484375,,0
1782297379.782065,5740.709348,299.0,,100.0,572.484375,,0
1782297379.882065,5740.809349,300.0,,100.0,572.484375,,0
1782297379.982066,5740.909350,299.0,,100.0,572.484375,,0
1782297380.082066,5741.009350,299.0,,100.0,572.484375,,0
1782297380.182066,5741.109349,297.0,,100.0,572.484375,,0
1782297380.282066,5741.209350,300.0,,100.0,572.484375,,0
1782297380.382067,5741.309350,302.0,,100.0,572.484375,,0
1782297380.482066,5741.409350,300.0,,100.0,572.484375,,0
1782297380.582066,5741.509350,298.0,,100.0,572.484375,,0
1782297380.682065,5741.609349,300.0,,100.0,572.484375,,0
1782297380.782065,5741.709349,299.0,,100.0,572.484375,,0
1782297380.882066,5741.809350,299.0,,100.0,572.484375,,0
1782297380.982065,5741.909349,299.0,,100.0,572.484375,,0
1782297381.082065,5742.009349,300.0,,100.0,572.484375,,0
1782297381.182065,5742.109349,300.0,,100.0,572.484375,,0
1782297381.282065,5742.209349,299.0,,100.0,572.484375,,0
1782297381.382065,5742.309349,300.0,,100.0,572.484375,,0
1782297381.482065,5742.409348,299.0,,100.0,572.484375,,0
1782297381.582067,5742.509350,300.0,,100.0,572.484375,,0
1782297381.682066,5742.609350,299.0,,100.0,572.484375,,0
1782297381.782066,5742.709349,299.0,,100.0,572.484375,,0
1782297381.882065,5742.809349,300.0,,100.0,572.484375,,0
1782297381.982065,5742.909349,300.0,,100.0,572.484375,,0
1782297382.082066,5743.009350,299.0,,100.0,572.484375,,0
1782297382.182066,5743.109349,299.0,,100.0,572.484375,,0
1782297382.282065,5743.209349,300.0,,100.0,572.484375,,0
1782297382.382068,5743.309352,299.0,,100.0,572.484375,,0
1782297382.482066,5743.409349,300.0,,100.0,572.484375,,0
1782297382.582068,5743.509351,299.0,,100.0,572.484375,,0
1782297382.682067,5743.609350,300.0,,100.0,572.484375,,0
1782297382.782065,5743.709348,299.0,,100.0,572.484375,,0
1782297382.882065,5743.809349,300.0,,100.0,572.484375,,0
1782297382.982065,5743.909348,299.0,,100.0,572.484375,,0
1782297383.082065,5744.009349,300.0,,100.0,572.484375,,0
1782297383.182066,5744.109349,300.0,,100.0,572.484375,,0
1782297383.282066,5744.209350,299.0,,100.0,572.484375,,0
1782297383.382065,5744.309349,300.0,,100.0,572.484375,,0
1782297383.482066,5744.409349,300.0,,100.0,572.484375,,0
1782297383.582065,5744.509348,299.0,,100.0,572.484375,,0
1782297383.682065,5744.609349,299.0,,100.0,572.484375,,0
1782297383.782065,5744.709348,300.0,,100.0,572.484375,,0
1782297383.882064,5744.809348,300.0,,100.0,572.484375,,0
1782297383.982065,5744.909348,300.0,,100.0,572.484375,,0
1782297384.082065,5745.009349,299.0,,100.0,572.484375,,0
1782297384.182065,5745.109349,299.0,,100.0,572.484375,,0
1782297384.282066,5745.209350,300.0,,100.0,572.484375,,0
1782297384.382065,5745.309349,300.0,,100.0,572.484375,,0
1782297384.482066,5745.409350,299.0,,100.0,572.484375,,0
1782297384.582066,5745.509349,299.0,,100.0,572.484375,,0
1782297384.682064,5745.609348,300.0,,100.0,572.484375,,0
1782297384.782065,5745.709349,300.0,,100.0,572.484375,,0
1782297384.882065,5745.809349,284.0,,100.0,572.484375,,0
1782297384.982065,5745.909349,309.0,,99.0,572.484375,,0
1782297385.082066,5746.009349,307.0,,100.0,572.484375,,0
1782297385.182066,5746.109350,309.0,,100.0,572.484375,,0
1782297385.282065,5746.209349,308.0,,99.0,572.484375,,0
1782297385.382066,5746.309349,298.0,,100.0,572.484375,,0
1782297385.482066,5746.409349,296.0,,100.0,572.484375,,0
1782297385.582065,5746.509349,298.0,,100.0,572.484375,,0
1782297385.682065,5746.609349,307.0,,99.0,572.484375,,0
1782297385.782065,5746.709349,307.0,,99.0,572.484375,,0
1782297385.882065,5746.809348,299.0,,100.0,572.484375,,0
1782297385.982065,5746.909348,307.0,,100.0,572.484375,,0
1782297386.082066,5747.009349,307.0,,100.0,572.484375,,0
1782297386.182066,5747.109349,310.0,,100.0,572.484375,,0
1782297386.282065,5747.209349,300.0,,100.0,572.484375,,0
1782297386.382066,5747.309350,299.0,,100.0,572.484375,,0
1782297386.482067,5747.409351,299.0,,100.0,572.484375,,0
1782297386.582066,5747.509349,300.0,,100.0,572.484375,,0
1782297386.682066,5747.609349,301.0,,100.0,572.484375,,0
1782297386.782066,5747.709350,290.0,,100.0,572.484375,,0
1782297386.882066,5747.809349,300.0,,100.0,572.484375,,0
1782297386.982066,5747.909349,300.0,,100.0,572.484375,,0
1782297387.082065,5748.009349,299.0,,100.0,572.484375,,0
1782297387.182065,5748.109349,300.0,,100.0,572.484375,,0
1782297387.282065,5748.209349,300.0,,100.0,572.484375,,0
1782297387.382065,5748.309348,298.0,,100.0,572.484375,,0
1782297387.482065,5748.409348,300.0,,100.0,572.484375,,0
1782297387.582065,5748.509349,299.0,,100.0,572.484375,,0
1782297387.682064,5748.609348,299.0,,100.0,572.484375,,0
1782297387.782065,5748.709349,300.0,,100.0,572.484375,,0
1782297387.882065,5748.809349,301.0,,99.0,572.484375,,0
1782297387.982065,5748.909348,299.0,,100.0,572.484375,,0
1782297388.082067,5749.009350,299.0,,100.0,572.484375,,0
1782297388.182065,5749.109349,299.0,,100.0,572.484375,,0
1782297388.282065,5749.209348,300.0,,100.0,572.484375,,0
1782297388.382066,5749.309350,299.0,,100.0,572.484375,,0
1782297388.482065,5749.409349,301.0,,100.0,572.484375,,0
1782297388.582066,5749.509349,299.0,,100.0,572.484375,,0
1782297388.682066,5749.609349,299.0,,100.0,572.484375,,0
1782297388.782066,5749.709349,300.0,,100.0,572.484375,,0
1782297388.882066,5749.809350,298.0,,100.0,572.484375,,0
1782297388.982065,5749.909349,301.0,,100.0,572.484375,,0
1782297389.082065,5750.009349,300.0,,100.0,572.484375,,0
1782297389.182065,5750.109349,299.0,,100.0,572.484375,,0
1782297389.282065,5750.209348,300.0,,100.0,572.484375,,0
1782297389.382065,5750.309348,300.0,,100.0,572.484375,,0
1782297389.482065,5750.409348,299.0,,100.0,572.484375,,0
1782297389.582065,5750.509349,300.0,,100.0,572.484375,,0
1782297389.682065,5750.609348,300.0,,100.0,572.484375,,0
1782297389.782065,5750.709349,298.0,,100.0,572.484375,,0
1782297389.882065,5750.809348,300.0,,100.0,572.484375,,0
1782297389.982065,5750.909348,300.0,,100.0,572.484375,,0
1782297390.082066,5751.009349,299.0,,100.0,572.484375,,0
1782297390.182066,5751.109349,301.0,,100.0,572.484375,,0
1782297390.282065,5751.209349,300.0,,100.0,572.484375,,0
1782297390.382065,5751.309349,299.0,,100.0,572.484375,,0
1782297390.482067,5751.409350,300.0,,100.0,572.484375,,0
1782297390.582067,5751.509350,299.0,,100.0,572.484375,,0
1782297390.682066,5751.609349,300.0,,100.0,572.484375,,0
1782297390.782065,5751.709349,299.0,,100.0,572.484375,,0
1782297390.882065,5751.809348,275.0,,99.0,572.484375,,0
1782297390.982065,5751.909348,300.0,,100.0,572.484375,,0
1782297391.082066,5752.009349,287.0,,100.0,572.484375,,0
1782297391.182065,5752.109348,301.0,,100.0,572.484375,,0
1782297391.282065,5752.209349,300.0,,100.0,572.484375,,0
1782297391.382066,5752.309350,299.0,,100.0,572.484375,,0
1782297391.482065,5752.409349,299.0,,100.0,572.484375,,0
1782297391.582160,5752.509444,25.0,,4.0,572.484375,,0
1782297391.682149,5752.609433,26.0,,3.0,572.484375,,0
1782297391.782146,5752.709430,24.0,,3.0,572.484375,,0
1782297391.882150,5752.809433,24.0,,3.0,572.484375,,0
1782297391.982102,5752.909386,24.0,,3.0,572.484375,,0
1782297392.082149,5753.009432,25.0,,3.0,572.484375,,0
1782297392.182149,5753.109433,24.0,,2.0,572.484375,,0
1782297392.282149,5753.209432,24.0,,3.0,572.484375,,0
1782297392.382150,5753.309435,23.0,,3.0,572.484375,,0
1782297392.482143,5753.409426,23.0,,3.0,572.484375,,0
1782297392.582148,5753.509432,24.0,,3.0,572.484375,,0
1782297392.682149,5753.609432,24.0,,3.0,572.484375,,0
1782297392.782153,5753.709438,27.0,,3.0,572.484375,,0
1782297392.882149,5753.809433,24.0,,3.0,572.484375,,0
1782297392.982150,5753.909434,24.0,,3.0,572.484375,,0
1782297393.082148,5754.009432,24.0,,3.0,572.484375,,0
1782297393.182149,5754.109432,26.0,,2.0,572.484375,,0
1782297393.282147,5754.209430,24.0,,3.0,572.484375,,0
1782297393.382147,5754.309430,24.0,,3.0,572.484375,,0
1782297393.482148,5754.409432,25.0,,3.0,572.484375,,0
1782297393.582154,5754.509437,26.0,,3.0,572.484375,,0
1782297393.682148,5754.609431,24.0,,3.0,572.484375,,0
1782297393.782147,5754.709431,23.0,,3.0,572.484375,,0
1782297393.882153,5754.809436,26.0,,3.0,572.484375,,0
1782297393.982148,5754.909431,25.0,,3.0,572.484375,,0
1782297394.082153,5755.009436,23.0,,3.0,572.484375,,0
1782297394.182151,5755.109434,22.0,,3.0,572.484375,,0
1782297394.282149,5755.209432,22.0,,3.0,572.484375,,0
1782297394.382151,5755.309435,23.0,,3.0,572.484375,,0
1782297394.482143,5755.409427,23.0,,3.0,572.484375,,0
1782297394.582148,5755.509431,22.0,,3.0,572.484375,,0
1782297394.682147,5755.609431,24.0,,3.0,572.484375,,0
1782297394.782150,5755.709433,21.0,,3.0,572.484375,,0
1782297394.882150,5755.809434,24.0,,3.0,572.484375,,0
1782297394.982155,5755.909438,23.0,,3.0,572.484375,,0
1782297395.082149,5756.009434,22.0,,3.0,572.484375,,0
1782297395.182150,5756.109434,23.0,,3.0,572.484375,,0
1782297395.282150,5756.209433,23.0,,3.0,572.484375,,0
1782297395.382154,5756.309437,23.0,,3.0,572.484375,,0
1782297395.482148,5756.409431,22.0,,3.0,572.484375,,0
1782297395.582150,5756.509433,22.0,,3.0,572.484375,,0
1782297395.682151,5756.609434,22.0,,3.0,572.484375,,0
1782297395.782150,5756.709433,22.0,,3.0,572.484375,,0
1782297395.882149,5756.809433,21.0,,3.0,572.484375,,0
1782297395.982150,5756.909434,22.0,,3.0,572.484375,,0
1782297396.082151,5757.009434,23.0,,3.0,572.484375,,0
1782297396.182145,5757.109429,23.0,,3.0,572.484375,,0
1782297396.282147,5757.209430,23.0,,3.0,572.484375,,0
1782297396.382151,5757.309436,23.0,,3.0,572.484375,,0
1782297396.482148,5757.409431,23.0,,3.0,572.484375,,0
1782297396.582147,5757.509431,124.0,,64.0,572.484375,,0
1782297396.682146,5757.609430,214.0,,100.0,572.484375,,0
1782297396.782151,5757.709434,254.0,,100.0,572.484375,,0
1782297396.882147,5757.809430,266.0,,100.0,572.484375,,0
1782297396.982149,5757.909433,269.0,,100.0,572.484375,,0
1782297397.082144,5758.009428,270.0,,100.0,572.484375,,0
1782297397.182165,5758.109450,273.0,,100.0,572.484375,,0
1782297397.282148,5758.209433,276.0,,100.0,572.484375,,0
1782297397.382147,5758.309430,280.0,,100.0,572.484375,,0
1782297397.482139,5758.409423,280.0,,100.0,572.484375,,0
1782297397.582160,5758.509444,287.0,,100.0,572.484375,,0
1782297397.682138,5758.609421,290.0,,100.0,572.484375,,0
1782297397.782139,5758.709423,295.0,,100.0,572.484375,,0
1782297397.882151,5758.809436,295.0,,100.0,572.484375,,0
1782297397.982145,5758.909430,296.0,,100.0,572.484375,,0
1782297398.082149,5759.009434,295.0,,100.0,572.484375,,0
1782297398.182145,5759.109429,297.0,,100.0,572.484375,,0
1782297398.282139,5759.209423,297.0,,100.0,572.484375,,0
1782297398.382141,5759.309425,296.0,,100.0,572.484375,,0
1782297398.482149,5759.409434,296.0,,100.0,572.484375,,0
1782297398.582149,5759.509433,297.0,,100.0,572.484375,,0
1782297398.682142,5759.609427,297.0,,100.0,572.484375,,0
1782297398.782140,5759.709424,296.0,,100.0,572.484375,,0
1782297398.882145,5759.809429,296.0,,100.0,572.484375,,0
1782297398.982142,5759.909426,296.0,,100.0,572.484375,,0
1782297399.082143,5760.009427,296.0,,100.0,572.484375,,0
1782297399.182140,5760.109425,296.0,,100.0,572.484375,,0
1782297399.282141,5760.209426,297.0,,100.0,572.484375,,0
1782297399.382139,5760.309424,298.0,,100.0,572.484375,,0
1782297399.482146,5760.409431,297.0,,100.0,572.484375,,0
1782297399.582149,5760.509434,296.0,,100.0,572.484375,,0
1782297399.682144,5760.609428,297.0,,100.0,572.484375,,0
1782297399.782137,5760.709422,297.0,,100.0,572.484375,,0
1782297399.882140,5760.809424,297.0,,100.0,572.484375,,0
1782297399.982145,5760.909429,297.0,,100.0,572.484375,,0
1782297400.082144,5761.009429,299.0,,100.0,572.484375,,0
1782297400.182144,5761.109428,299.0,,100.0,572.484375,,0
1782297400.282142,5761.209427,297.0,,100.0,572.484375,,0
1782297400.382145,5761.309429,297.0,,100.0,572.484375,,0
1782297400.482142,5761.409426,297.0,,100.0,572.484375,,0
1782297400.582146,5761.509430,298.0,,100.0,572.484375,,0
1782297400.682149,5761.609433,298.0,,100.0,572.484375,,0
1782297400.782148,5761.709431,297.0,,100.0,572.484375,,0
1782297400.882140,5761.809425,298.0,,100.0,572.484375,,0
1782297400.982145,5761.909429,298.0,,100.0,572.484375,,0
1782297401.082142,5762.009426,297.0,,100.0,572.484375,,0
1782297401.182145,5762.109428,296.0,,100.0,572.484375,,0
1782297401.282144,5762.209427,298.0,,100.0,572.484375,,0
1782297401.382143,5762.309428,297.0,,100.0,572.484375,,0
1782297401.482141,5762.409424,297.0,,100.0,572.484375,,0
1782297401.582140,5762.509425,297.0,,100.0,572.484375,,0
1782297401.682153,5762.609438,298.0,,100.0,572.484375,,0
1782297401.782145,5762.709429,299.0,,100.0,572.484375,,0
1782297401.882145,5762.809430,297.0,,100.0,572.484375,,0
1782297401.982138,5762.909422,297.0,,100.0,572.484375,,0
1782297402.082144,5763.009429,298.0,,100.0,572.484375,,0
1782297402.182143,5763.109428,298.0,,100.0,572.484375,,0
1782297402.282152,5763.209435,298.0,,100.0,572.484375,,0
1782297402.382157,5763.309440,297.0,,100.0,572.484375,,0
1782297402.482143,5763.409428,298.0,,100.0,572.484375,,0
1782297402.582149,5763.509434,298.0,,100.0,572.484375,,0
1782297402.682140,5763.609423,297.0,,100.0,572.484375,,0
1782297402.782159,5763.709442,297.0,,100.0,572.484375,,0
1782297402.882154,5763.809439,298.0,,100.0,572.484375,,0
1782297402.982136,5763.909421,298.0,,100.0,572.484375,,0
1782297403.082143,5764.009427,298.0,,100.0,572.484375,,0
1782297403.182146,5764.109430,298.0,,100.0,572.484375,,0
1782297403.282145,5764.209429,298.0,,100.0,572.484375,,0
1782297403.382139,5764.309424,297.0,,100.0,572.484375,,0
1782297403.482147,5764.409431,296.0,,100.0,572.484375,,0
1782297403.582149,5764.509433,297.0,,100.0,572.484375,,0
1782297403.682149,5764.609434,297.0,,100.0,572.484375,,0
1782297403.782138,5764.709422,304.0,,99.0,572.484375,,0
1782297403.882145,5764.809430,308.0,,100.0,572.484375,,0
1782297403.982149,5764.909432,295.0,,100.0,572.484375,,0
1782297404.082141,5765.009426,309.0,,100.0,572.484375,,0
1782297404.182143,5765.109427,302.0,,100.0,572.484375,,0
1782297404.282141,5765.209427,308.0,,100.0,572.484375,,0
1782297404.382149,5765.309434,254.0,,100.0,572.484375,,0
1782297404.482140,5765.409424,298.0,,100.0,572.484375,,0
1782297404.582139,5765.509424,272.0,,100.0,572.484375,,0
1782297404.682142,5765.609426,260.0,,100.0,572.484375,,0
1782297404.782138,5765.709423,288.0,,99.0,572.484375,,0
1782297404.882144,5765.809429,269.0,,99.0,572.484375,,0
1782297404.982142,5765.909426,307.0,,100.0,572.484375,,0
1782297405.082139,5766.009423,297.0,,100.0,572.484375,,0
1782297405.182160,5766.109445,308.0,,99.0,572.484375,,0
1782297405.282139,5766.209424,309.0,,100.0,572.484375,,0
1782297405.382144,5766.309429,298.0,,100.0,572.484375,,0
1782297405.482141,5766.409426,297.0,,100.0,572.484375,,0
1782297405.582142,5766.509426,275.0,,100.0,572.484375,,0
1782297405.682144,5766.609428,298.0,,100.0,572.484375,,0
1782297405.782141,5766.709425,299.0,,100.0,572.484375,,0
1782297405.882150,5766.809434,273.0,,100.0,572.484375,,0
1782297405.982140,5766.909424,265.0,,99.0,572.484375,,0
1782297406.082146,5767.009429,252.0,,99.0,572.484375,,0
1782297406.182140,5767.109424,284.0,,100.0,572.484375,,0
1782297406.282150,5767.209434,299.0,,100.0,572.484375,,0
1782297406.382145,5767.309429,267.0,,99.0,572.484375,,0
1782297406.482143,5767.409426,298.0,,100.0,572.484375,,0
1782297406.582140,5767.509426,298.0,,100.0,572.484375,,0
1782297406.682144,5767.609429,296.0,,100.0,572.484375,,0
1782297406.782148,5767.709432,300.0,,100.0,572.484375,,0
1782297406.882143,5767.809428,300.0,,100.0,572.484375,,0
1782297406.982142,5767.909426,299.0,,100.0,572.484375,,0
1782297407.082145,5768.009429,298.0,,100.0,572.484375,,0
1782297407.182144,5768.109429,299.0,,100.0,572.484375,,0
1782297407.282145,5768.209428,299.0,,100.0,572.484375,,0
1782297407.382141,5768.309425,299.0,,100.0,572.484375,,0
1782297407.482144,5768.409428,296.0,,100.0,572.484375,,0
1782297407.582151,5768.509435,299.0,,100.0,572.484375,,0
1782297407.682140,5768.609424,298.0,,100.0,572.484375,,0
1782297407.782144,5768.709429,299.0,,100.0,572.484375,,0
1782297407.882154,5768.809439,300.0,,100.0,572.484375,,0
1782297407.982140,5768.909424,299.0,,100.0,572.484375,,0
1782297408.082148,5769.009433,299.0,,100.0,572.484375,,0
1782297408.182139,5769.109425,297.0,,100.0,572.484375,,0
1782297408.282156,5769.209441,300.0,,100.0,572.484375,,0
1782297408.382144,5769.309429,300.0,,100.0,572.484375,,0
1782297408.482144,5769.409429,300.0,,100.0,572.484375,,0
1782297408.582144,5769.509429,300.0,,100.0,572.484375,,0
1782297408.682139,5769.609424,298.0,,100.0,572.484375,,0
1782297408.782146,5769.709431,299.0,,100.0,572.484375,,0
1782297408.882141,5769.809425,299.0,,100.0,572.484375,,0
1782297408.982141,5769.909425,300.0,,100.0,572.484375,,0
1782297409.082139,5770.009423,299.0,,100.0,572.484375,,0
1782297409.182145,5770.109429,299.0,,100.0,572.484375,,0
1782297409.282148,5770.209433,300.0,,100.0,572.484375,,0
1782297409.382148,5770.309432,300.0,,100.0,572.484375,,0
1782297409.482144,5770.409429,299.0,,100.0,572.484375,,0
1782297409.582145,5770.509429,300.0,,100.0,572.484375,,0
1782297409.682147,5770.609430,299.0,,100.0,572.484375,,0
1782297409.782145,5770.709430,300.0,,100.0,572.484375,,0
1782297409.882145,5770.809430,299.0,,100.0,572.484375,,0
1782297409.982149,5770.909433,300.0,,100.0,572.484375,,0
1782297410.082143,5771.009427,299.0,,100.0,572.484375,,0
1782297410.182144,5771.109429,299.0,,100.0,572.484375,,0
1782297410.282141,5771.209426,300.0,,100.0,572.484375,,0
1782297410.382139,5771.309423,300.0,,100.0,572.484375,,0
1782297410.482144,5771.409429,299.0,,100.0,572.484375,,0
1782297410.582157,5771.509441,299.0,,100.0,572.484375,,0
1782297410.682144,5771.609429,298.0,,100.0,572.484375,,0
1782297410.782151,5771.709435,299.0,,100.0,572.484375,,0
1782297410.882144,5771.809429,300.0,,100.0,572.484375,,0
1782297410.982146,5771.909431,301.0,,100.0,572.484375,,0
1782297411.082141,5772.009425,301.0,,100.0,572.484375,,0
1782297411.182157,5772.109442,299.0,,100.0,572.484375,,0
1782297411.282148,5772.209432,300.0,,100.0,572.484375,,0
1782297411.382145,5772.309429,298.0,,100.0,572.484375,,0
1782297411.482146,5772.409430,299.0,,100.0,572.484375,,0
1782297411.582139,5772.509423,299.0,,100.0,572.484375,,0
1782297411.682144,5772.609429,300.0,,100.0,572.484375,,0
1782297411.782142,5772.709427,299.0,,100.0,572.484375,,0
1782297411.882141,5772.809424,300.0,,100.0,572.484375,,0
1782297411.982141,5772.909425,301.0,,100.0,572.484375,,0
1782297412.082145,5773.009430,301.0,,100.0,572.484375,,0
1782297412.182140,5773.109424,299.0,,100.0,572.484375,,0
1782297412.282143,5773.209427,299.0,,100.0,572.484375,,0
1782297412.382139,5773.309424,272.0,,100.0,572.484375,,0
1782297412.482143,5773.409427,285.0,,100.0,572.484375,,0
1782297412.582146,5773.509430,300.0,,100.0,572.484375,,0
1782297412.682138,5773.609422,300.0,,99.0,572.484375,,0
1782297412.782146,5773.709431,301.0,,99.0,572.484375,,0
1782297412.882139,5773.809423,292.0,,99.0,572.484375,,0
1782297412.982102,5773.909386,299.0,,100.0,572.484375,,0
1782297413.082140,5774.009425,300.0,,100.0,572.484375,,0
1782297413.182109,5774.109392,299.0,,100.0,572.484375,,0
1782297413.282138,5774.209421,300.0,,100.0,572.484375,,0
1782297413.382140,5774.309425,297.0,,100.0,572.484375,,0
1782297413.482141,5774.409426,299.0,,100.0,572.484375,,0
1782297413.582144,5774.509428,301.0,,100.0,572.484375,,0
1782297413.682144,5774.609429,301.0,,100.0,572.484375,,0
1782297413.782140,5774.709425,299.0,,100.0,572.484375,,0
1782297413.882138,5774.809423,300.0,,100.0,572.484375,,0
1782297413.982143,5774.909428,299.0,,100.0,572.484375,,0
1782297414.082141,5775.009426,300.0,,100.0,572.484375,,0
1782297414.182146,5775.109431,299.0,,100.0,572.484375,,0
1782297414.282138,5775.209423,299.0,,100.0,572.484375,,0
1782297414.382149,5775.309434,299.0,,100.0,572.484375,,0
1782297414.482141,5775.409424,299.0,,100.0,572.484375,,0
1782297414.582144,5775.509428,300.0,,100.0,572.484375,,0
1782297414.682154,5775.609439,299.0,,100.0,572.484375,,0
1782297414.782144,5775.709429,300.0,,100.0,572.484375,,0
1782297414.882144,5775.809429,299.0,,100.0,572.484375,,0
1782297414.982139,5775.909423,298.0,,100.0,572.484375,,0
1782297415.082142,5776.009425,299.0,,100.0,572.484375,,0
1782297415.182142,5776.109428,301.0,,100.0,572.484375,,0
1782297415.282139,5776.209423,299.0,,100.0,572.484375,,0
1782297415.382144,5776.309429,298.0,,100.0,572.484375,,0
1782297415.482140,5776.409423,301.0,,100.0,572.484375,,0
1782297415.582142,5776.509426,301.0,,100.0,572.484375,,0
1782297415.682145,5776.609430,300.0,,100.0,572.484375,,0
1782297415.782145,5776.709430,299.0,,100.0,572.484375,,0
1782297415.882140,5776.809425,299.0,,100.0,572.484375,,0
1782297415.982143,5776.909427,299.0,,100.0,572.484375,,0
1782297416.082146,5777.009431,298.0,,100.0,572.484375,,0
1782297416.182139,5777.109423,299.0,,100.0,572.484375,,0
1782297416.282148,5777.209432,300.0,,100.0,572.484375,,0
1782297416.382151,5777.309436,301.0,,100.0,572.484375,,0
1782297416.482157,5777.409442,299.0,,100.0,572.484375,,0
1782297416.582147,5777.509431,300.0,,100.0,572.484375,,0
1782297416.682149,5777.609433,299.0,,100.0,572.484375,,0
1782297416.782142,5777.709427,300.0,,100.0,572.484375,,0
1782297416.882144,5777.809428,299.0,,100.0,572.484375,,0
1782297416.982140,5777.909425,299.0,,100.0,572.484375,,0
1782297417.082138,5778.009423,298.0,,100.0,572.484375,,0
1782297417.182138,5778.109422,300.0,,100.0,572.484375,,0
1782297417.282140,5778.209425,301.0,,100.0,572.484375,,0
1782297417.382146,5778.309431,301.0,,100.0,572.484375,,0
1782297417.482139,5778.409424,300.0,,100.0,572.484375,,0
1782297417.582138,5778.509423,299.0,,100.0,572.484375,,0
1782297417.682141,5778.609425,298.0,,100.0,572.484375,,0
1782297417.782141,5778.709426,300.0,,100.0,572.484375,,0
1782297417.882141,5778.809425,300.0,,100.0,572.484375,,0
1782297417.982147,5778.909432,300.0,,100.0,572.484375,,0
1782297418.082143,5779.009428,299.0,,100.0,572.484375,,0
1782297418.182140,5779.109424,301.0,,100.0,572.484375,,0
1782297418.282143,5779.209427,300.0,,100.0,572.484375,,0
1782297418.382141,5779.309425,300.0,,100.0,572.484375,,0
1782297418.482140,5779.409424,299.0,,100.0,572.484375,,0
1782297418.582138,5779.509423,299.0,,100.0,572.484375,,0
1782297418.682152,5779.609436,300.0,,100.0,572.484375,,0
1782297418.782139,5779.709424,299.0,,100.0,572.484375,,0
1782297418.882138,5779.809422,299.0,,100.0,572.484375,,0
1782297418.982140,5779.909425,300.0,,100.0,572.484375,,0
1782297419.082139,5780.009423,299.0,,100.0,572.484375,,0
1782297419.182138,5780.109423,300.0,,100.0,572.484375,,0
1782297419.282140,5780.209423,299.0,,100.0,572.484375,,0
1782297419.382142,5780.309427,299.0,,100.0,572.484375,,0
1782297419.482142,5780.409426,300.0,,100.0,572.484375,,0
1782297419.582140,5780.509425,299.0,,100.0,572.484375,,0
1782297419.682142,5780.609426,298.0,,100.0,572.484375,,0
1782297419.782138,5780.709422,300.0,,100.0,572.484375,,0
1782297419.882151,5780.809435,300.0,,100.0,572.484375,,0
1782297419.982139,5780.909424,300.0,,100.0,572.484375,,0
1782297420.082140,5781.009424,300.0,,100.0,572.484375,,0
1782297420.182142,5781.109426,297.0,,100.0,572.484375,,0
1782297420.282143,5781.209426,298.0,,100.0,572.484375,,0
1782297420.382139,5781.309422,298.0,,100.0,572.484375,,0
1782297420.482144,5781.409427,297.0,,100.0,572.484375,,0
1782297420.582140,5781.509426,298.0,,100.0,572.484375,,0
1782297420.682139,5781.609425,297.0,,100.0,572.484375,,0
1782297420.782141,5781.709425,298.0,,100.0,572.484375,,0
1782297420.882142,5781.809427,303.0,,99.0,572.484375,,0
1782297420.982152,5781.909436,298.0,,100.0,572.484375,,0
1782297421.082138,5782.009423,309.0,,99.0,572.484375,,0
1782297421.182146,5782.109429,311.0,,100.0,572.484375,,0
1782297421.282144,5782.209428,299.0,,100.0,572.484375,,0
1782297421.382146,5782.309430,312.0,,100.0,572.484375,,0
1782297421.482142,5782.409427,305.0,,100.0,572.484375,,0
1782297421.582159,5782.509444,311.0,,100.0,572.484375,,0
1782297421.682145,5782.609428,298.0,,100.0,572.484375,,0
1782297421.782139,5782.709424,312.0,,100.0,572.484375,,0
1782297421.882142,5782.809426,307.0,,100.0,572.484375,,0
1782297421.982138,5782.909423,308.0,,99.0,572.484375,,0
1782297422.082148,5783.009431,301.0,,99.0,572.484375,,0
1782297422.182140,5783.109423,283.0,,100.0,572.484375,,0
1782297422.282139,5783.209424,293.0,,99.0,572.484375,,0
1782297422.382143,5783.309428,299.0,,100.0,572.484375,,0
1782297422.482140,5783.409425,298.0,,100.0,572.484375,,0
1782297422.582144,5783.509428,300.0,,100.0,572.484375,,0
1782297422.682138,5783.609423,300.0,,100.0,572.484375,,0
1782297422.782140,5783.709425,300.0,,100.0,572.484375,,0
1782297422.882143,5783.809428,299.0,,100.0,572.484375,,0
1782297422.982152,5783.909436,299.0,,100.0,572.484375,,0
1782297423.082139,5784.009423,300.0,,100.0,572.484375,,0
1782297423.182141,5784.109426,299.0,,100.0,572.484375,,0
1782297423.282139,5784.209423,300.0,,100.0,572.484375,,0
1782297423.382140,5784.309424,299.0,,100.0,572.484375,,0
1782297423.482139,5784.409423,300.0,,100.0,572.484375,,0
1782297423.582140,5784.509425,299.0,,100.0,572.484375,,0
1782297423.682147,5784.609431,262.0,,99.0,572.484375,,0
1782297423.782141,5784.709425,300.0,,100.0,572.484375,,0
1782297423.882142,5784.809425,300.0,,100.0,572.484375,,0
1782297423.982142,5784.909426,300.0,,100.0,572.484375,,0
1782297424.082143,5785.009426,299.0,,100.0,572.484375,,0
1782297424.182141,5785.109425,299.0,,100.0,572.484375,,0
1782297424.282140,5785.209425,300.0,,100.0,572.484375,,0
1782297424.382143,5785.309427,300.0,,100.0,572.484375,,0
1782297424.482141,5785.409425,299.0,,100.0,572.484375,,0
1782297424.582141,5785.509426,299.0,,100.0,572.484375,,0
1782297424.682141,5785.609425,299.0,,100.0,572.484375,,0
1782297424.782141,5785.709426,299.0,,100.0,572.484375,,0
1782297424.882142,5785.809427,301.0,,100.0,572.484375,,0
1782297424.982139,5785.909424,299.0,,100.0,572.484375,,0
1782297425.082139,5786.009422,299.0,,100.0,572.484375,,0
1782297425.182139,5786.109424,299.0,,100.0,572.484375,,0
1782297425.282077,5786.209361,299.0,,100.0,572.484375,,0
1782297425.382138,5786.309423,299.0,,100.0,572.484375,,0
1782297425.482139,5786.409423,299.0,,100.0,572.484375,,0
1782297425.582144,5786.509428,279.0,,100.0,572.484375,,0
1782297425.682143,5786.609428,279.0,,99.0,572.484375,,0
1782297425.782144,5786.709429,295.0,,99.0,572.484375,,0
1782297425.882143,5786.809426,303.0,,99.0,572.484375,,0
1782297425.982138,5786.909423,298.0,,100.0,572.484375,,0
1782297426.082145,5787.009429,301.0,,100.0,572.484375,,0
1782297426.182153,5787.109437,300.0,,100.0,572.484375,,0
1782297426.282145,5787.209430,299.0,,100.0,572.484375,,0
1782297426.382147,5787.309431,299.0,,100.0,572.484375,,0
1782297426.482150,5787.409433,298.0,,100.0,572.484375,,0
1782297426.582143,5787.509427,300.0,,100.0,572.484375,,0
1782297426.682149,5787.609432,300.0,,100.0,572.484375,,0
1782297426.782141,5787.709425,300.0,,100.0,572.484375,,0
1782297426.882138,5787.809423,299.0,,100.0,572.484375,,0
1782297426.982141,5787.909424,299.0,,100.0,572.484375,,0
1782297427.082139,5788.009424,299.0,,100.0,572.484375,,0
1782297427.182145,5788.109430,300.0,,100.0,572.484375,,0
1782297427.282139,5788.209424,298.0,,100.0,572.484375,,0
1782297427.382141,5788.309426,301.0,,100.0,572.484375,,0
1782297427.482155,5788.409439,300.0,,100.0,572.484375,,0
1782297427.582141,5788.509426,300.0,,100.0,572.484375,,0
1782297427.682143,5788.609429,300.0,,100.0,572.484375,,0
1782297427.782142,5788.709426,298.0,,100.0,572.484375,,0
1782297427.882140,5788.809424,300.0,,100.0,572.484375,,0
1782297427.982151,5788.909436,300.0,,100.0,572.484375,,0
1782297428.082148,5789.009433,298.0,,100.0,572.484375,,0
1782297428.182143,5789.109428,299.0,,100.0,572.484375,,0
1782297428.282141,5789.209425,302.0,,100.0,572.484375,,0
1782297428.382141,5789.309425,298.0,,100.0,572.484375,,0
1782297428.482139,5789.409423,300.0,,100.0,572.484375,,0
1782297428.582139,5789.509425,300.0,,100.0,572.484375,,0
1782297428.682155,5789.609439,298.0,,100.0,572.484375,,0
1782297428.782142,5789.709427,301.0,,100.0,572.484375,,0
1782297428.882146,5789.809429,300.0,,100.0,572.484375,,0
1782297428.982148,5789.909433,299.0,,100.0,572.484375,,0
1782297429.082143,5790.009427,300.0,,100.0,572.484375,,0
1782297429.182145,5790.109428,299.0,,100.0,572.484375,,0
1782297429.282135,5790.209419,299.0,,100.0,572.484375,,0
1782297429.382146,5790.309429,299.0,,100.0,572.484375,,0
1782297429.482184,5790.409467,299.0,,100.0,572.484375,,0
1782297429.582144,5790.509428,298.0,,100.0,572.484375,,0
1782297429.682145,5790.609429,301.0,,100.0,572.484375,,0
1782297429.782143,5790.709427,299.0,,100.0,572.484375,,0
1782297429.882138,5790.809421,299.0,,100.0,572.484375,,0
1782297429.982156,5790.909440,299.0,,100.0,572.484375,,0
1782297430.082141,5791.009425,299.0,,100.0,572.484375,,0
1782297430.182148,5791.109432,301.0,,100.0,572.484375,,0
1782297430.282149,5791.209433,299.0,,100.0,572.484375,,0
1782297430.382058,5791.309342,298.0,,100.0,572.484375,,0
1782297430.482156,5791.409441,301.0,,100.0,572.484375,,0
1782297430.582143,5791.509428,300.0,,100.0,572.484375,,0
1782297430.682144,5791.609428,299.0,,100.0,572.484375,,0
1782297430.782145,5791.709430,299.0,,100.0,572.484375,,0
1782297430.882140,5791.809424,300.0,,100.0,572.484375,,0
1782297430.982143,5791.909427,300.0,,100.0,572.484375,,0
1782297431.082141,5792.009425,298.0,,100.0,572.484375,,0
1782297431.182143,5792.109427,300.0,,100.0,572.484375,,0
1782297431.282145,5792.209428,301.0,,100.0,572.484375,,0
1782297431.382176,5792.309461,299.0,,100.0,572.484375,,0
1782297431.482141,5792.409424,299.0,,100.0,572.484375,,0
1782297431.582145,5792.509429,134.0,,43.0,572.484375,,0
1782297431.682149,5792.609432,23.0,,3.0,572.484375,,0
1782297431.782153,5792.709436,23.0,,3.0,572.484375,,0
1782297431.882153,5792.809436,27.0,,3.0,572.484375,,0
1782297431.982146,5792.909429,24.0,,3.0,572.484375,,0
1782297432.082146,5793.009429,27.0,,3.0,572.484375,,0
1782297432.182148,5793.109431,27.0,,3.0,572.484375,,0
1782297432.282147,5793.209431,24.0,,3.0,572.484375,,0
1782297432.382149,5793.309434,24.0,,3.0,572.484375,,0
1782297432.482148,5793.409432,24.0,,3.0,572.484375,,0
1782297432.582144,5793.509428,23.0,,2.0,572.484375,,0
1782297432.682145,5793.609428,24.0,,3.0,572.484375,,0
1782297432.782145,5793.709429,24.0,,3.0,572.484375,,0
1782297432.882143,5793.809427,24.0,,3.0,572.484375,,0
1782297432.982145,5793.909428,23.0,,3.0,572.484375,,0
1782297433.082145,5794.009428,29.0,,3.0,572.484375,,0
1782297433.182147,5794.109431,27.0,,3.0,572.484375,,0
1782297433.282149,5794.209434,26.0,,3.0,572.484375,,0
1782297433.382144,5794.309428,23.0,,3.0,572.484375,,0
1782297433.482150,5794.409434,24.0,,3.0,572.484375,,0
1782297433.582148,5794.509431,24.0,,3.0,572.484375,,0
1782297433.682144,5794.609428,24.0,,3.0,572.484375,,0
1782297433.782151,5794.709434,24.0,,3.0,572.484375,,0
1782297433.882148,5794.809431,24.0,,3.0,572.484375,,0
1782297433.982146,5794.909429,24.0,,3.0,572.484375,,0
1782297434.082147,5795.009430,24.0,,2.0,572.484375,,0
1782297434.182148,5795.109433,24.0,,3.0,572.484375,,0
1782297434.282151,5795.209434,21.0,,3.0,572.484375,,0
1782297434.382148,5795.309431,22.0,,3.0,572.484375,,0
1782297434.482150,5795.409434,23.0,,3.0,572.484375,,0
1782297434.582146,5795.509429,22.0,,3.0,572.484375,,0
1782297434.682146,5795.609429,23.0,,3.0,572.484375,,0
1782297434.782147,5795.709431,23.0,,3.0,572.484375,,0
1782297434.882148,5795.809432,22.0,,3.0,572.484375,,0
1782297434.982146,5795.909429,23.0,,3.0,572.484375,,0
1782297435.082147,5796.009432,21.0,,3.0,572.484375,,0
1782297435.182146,5796.109429,21.0,,3.0,572.484375,,0
1782297435.282150,5796.209433,23.0,,3.0,572.484375,,0
1782297435.382147,5796.309430,22.0,,3.0,572.484375,,0
1782297435.482146,5796.409429,22.0,,3.0,572.484375,,0
1782297435.582153,5796.509437,20.0,,3.0,572.484375,,0
1782297435.682154,5796.609437,23.0,,3.0,572.484375,,0
1782297435.782146,5796.709429,21.0,,3.0,572.484375,,0
1782297435.882145,5796.809430,22.0,,3.0,572.484375,,0
1782297435.982147,5796.909430,23.0,,3.0,572.484375,,0
1782297436.082145,5797.009428,23.0,,3.0,572.484375,,0
1782297436.182145,5797.109430,22.0,,3.0,572.484375,,0
1782297436.282148,5797.209431,22.0,,3.0,572.484375,,0
1782297436.382148,5797.309431,21.0,,3.0,572.484375,,0
1782297436.482147,5797.409431,23.0,,3.0,572.484375,,0
1782297436.582137,5797.509421,116.0,,59.0,572.484375,,0
1782297436.682140,5797.609424,209.0,,100.0,572.484375,,0
1782297436.782151,5797.709437,250.0,,100.0,572.484375,,0
1782297436.882144,5797.809428,270.0,,100.0,572.484375,,0
1782297436.982143,5797.909427,268.0,,100.0,572.484375,,0
1782297437.082470,5798.009753,267.0,,100.0,572.484375,,0
1782297437.182140,5798.109423,273.0,,100.0,572.484375,,0
1782297437.282145,5798.209428,279.0,,100.0,572.484375,,0
1782297437.382145,5798.309430,278.0,,100.0,572.484375,,0
1782297437.482145,5798.409428,282.0,,100.0,572.484375,,0
1782297437.582145,5798.509429,286.0,,100.0,572.484375,,0
1782297437.682141,5798.609424,291.0,,100.0,572.484375,,0
1782297437.782148,5798.709431,294.0,,100.0,572.484375,,0
1782297437.882140,5798.809424,294.0,,100.0,572.484375,,0
1782297437.982144,5798.909428,295.0,,100.0,572.484375,,0
1782297438.082144,5799.009428,296.0,,100.0,572.484375,,0
1782297438.182141,5799.109424,296.0,,100.0,572.484375,,0
1782297438.282142,5799.209426,295.0,,100.0,572.484375,,0
1782297438.382150,5799.309435,297.0,,100.0,572.484375,,0
1782297438.482140,5799.409424,294.0,,99.0,572.484375,,0
1782297438.582143,5799.509426,294.0,,99.0,572.484375,,0
1782297438.682161,5799.609445,296.0,,100.0,572.484375,,0
1782297438.782141,5799.709424,297.0,,100.0,572.484375,,0
1782297438.882135,5799.809420,279.0,,99.0,572.484375,,0
1782297438.982143,5799.909426,297.0,,99.0,572.484375,,0
1782297439.082145,5800.009428,297.0,,100.0,572.484375,,0
1782297439.182144,5800.109429,301.0,,99.0,572.484375,,0
1782297439.282147,5800.209432,289.0,,100.0,572.484375,,0
1782297439.382141,5800.309424,299.0,,99.0,572.484375,,0
1782297439.482191,5800.409474,305.0,,100.0,572.484375,,0
1782297439.582138,5800.509423,297.0,,100.0,572.484375,,0
1782297439.682142,5800.609425,297.0,,100.0,572.484375,,0
1782297439.782142,5800.709425,297.0,,100.0,572.484375,,0
1782297439.882145,5800.809428,297.0,,100.0,572.484375,,0
1782297439.982143,5800.909427,297.0,,100.0,572.484375,,0
1782297440.082143,5801.009426,298.0,,100.0,572.484375,,0
1782297440.182141,5801.109424,298.0,,100.0,572.484375,,0
1782297440.282155,5801.209439,281.0,,100.0,572.484375,,0
1782297440.382143,5801.309427,309.0,,99.0,572.484375,,0
1782297440.482142,5801.409427,297.0,,100.0,572.484375,,0
1782297440.582143,5801.509426,297.0,,100.0,572.484375,,0
1782297440.682161,5801.609444,291.0,,100.0,572.484375,,0
1782297440.782151,5801.709436,298.0,,100.0,572.484375,,0
1782297440.882142,5801.809425,297.0,,100.0,572.484375,,0
1782297440.982147,5801.909430,297.0,,100.0,572.484375,,0
1782297441.082141,5802.009425,297.0,,100.0,572.484375,,0
1782297441.182148,5802.109431,298.0,,100.0,572.484375,,0
1782297441.282142,5802.209426,297.0,,100.0,572.484375,,0
1782297441.382143,5802.309426,296.0,,100.0,572.484375,,0
1782297441.482150,5802.409433,297.0,,100.0,572.484375,,0
1782297441.582145,5802.509429,298.0,,100.0,572.484375,,0
1782297441.682139,5802.609423,297.0,,100.0,572.484375,,0
1782297441.782145,5802.709428,298.0,,100.0,572.484375,,0
1782297441.882143,5802.809426,296.0,,100.0,572.484375,,0
1782297441.982152,5802.909436,298.0,,100.0,572.484375,,0
1782297442.082151,5803.009434,298.0,,100.0,572.484375,,0
1782297442.182151,5803.109436,298.0,,100.0,572.484375,,0
1782297442.282148,5803.209431,296.0,,100.0,572.484375,,0
1782297442.382154,5803.309437,297.0,,100.0,572.484375,,0
1782297442.482146,5803.409430,297.0,,100.0,572.484375,,0
1782297442.582147,5803.509432,297.0,,100.0,572.484375,,0
1782297442.682153,5803.609436,298.0,,100.0,572.484375,,0
1782297442.782138,5803.709421,297.0,,100.0,572.484375,,0
1782297442.882146,5803.809429,298.0,,100.0,572.484375,,0
1782297442.982151,5803.909436,297.0,,100.0,572.484375,,0
1782297443.082141,5804.009425,297.0,,100.0,572.484375,,0
1782297443.182143,5804.109427,298.0,,100.0,572.484375,,0
1782297443.282147,5804.209430,298.0,,100.0,572.484375,,0
1782297443.382150,5804.309435,297.0,,100.0,572.484375,,0
1782297443.482135,5804.409418,297.0,,100.0,572.484375,,0
1782297443.582141,5804.509424,297.0,,100.0,572.484375,,0
1782297443.682149,5804.609432,298.0,,100.0,572.484375,,0
1782297443.782149,5804.709432,297.0,,100.0,572.484375,,0
1782297443.882146,5804.809431,299.0,,100.0,572.484375,,0
1782297443.982145,5804.909428,298.0,,100.0,572.484375,,0
1782297444.082144,5805.009427,298.0,,100.0,572.484375,,0
1782297444.182142,5805.109425,257.0,,100.0,572.484375,,0
1782297444.282140,5805.209424,297.0,,100.0,572.484375,,0
1782297444.382140,5805.309423,298.0,,100.0,572.484375,,0
1782297444.482143,5805.409426,298.0,,100.0,572.484375,,0
1782297444.582162,5805.509447,297.0,,100.0,572.484375,,0
1782297444.682143,5805.609427,283.0,,99.0,572.484375,,0
1782297444.782148,5805.709431,287.0,,99.0,572.484375,,0
1782297444.882148,5805.809432,299.0,,100.0,572.484375,,0
1782297444.982141,5805.909424,297.0,,100.0,572.484375,,0
1782297445.082171,5806.009454,299.0,,100.0,572.484375,,0
1782297445.182147,5806.109430,283.0,,100.0,572.484375,,0
1782297445.282143,5806.209427,268.0,,100.0,572.484375,,0
1782297445.382138,5806.309422,296.0,,100.0,572.484375,,0
1782297445.482143,5806.409427,298.0,,100.0,572.484375,,0
1782297445.582148,5806.509432,297.0,,100.0,572.484375,,0
1782297445.682144,5806.609427,298.0,,100.0,572.484375,,0
1782297445.782155,5806.709439,296.0,,100.0,572.484375,,0
1782297445.882142,5806.809427,309.0,,99.0,572.484375,,0
1782297445.982147,5806.909431,298.0,,100.0,572.484375,,0
1782297446.082144,5807.009429,299.0,,100.0,572.484375,,0
1782297446.182142,5807.109425,298.0,,100.0,572.484375,,0
1782297446.282143,5807.209427,299.0,,100.0,572.484375,,0
1782297446.382150,5807.309433,299.0,,100.0,572.484375,,0
1782297446.482141,5807.409426,299.0,,100.0,572.484375,,0
1782297446.582145,5807.509429,298.0,,100.0,572.484375,,0
1782297446.682137,5807.609420,296.0,,100.0,572.484375,,0
1782297446.782140,5807.709423,298.0,,100.0,572.484375,,0
1782297446.882154,5807.809438,299.0,,100.0,572.484375,,0
1782297446.982136,5807.909419,298.0,,100.0,572.484375,,0
1782297447.082145,5808.009430,301.0,,100.0,572.484375,,0
1782297447.182153,5808.109437,300.0,,100.0,572.484375,,0
1782297447.282139,5808.209422,297.0,,100.0,572.484375,,0
1782297447.382159,5808.309442,299.0,,100.0,572.484375,,0
1782297447.482157,5808.409441,299.0,,100.0,572.484375,,0
1782297447.582141,5808.509424,299.0,,100.0,572.484375,,0
1782297447.682146,5808.609429,298.0,,100.0,572.484375,,0
1782297447.782142,5808.709426,300.0,,100.0,572.484375,,0
1782297447.882141,5808.809425,299.0,,100.0,572.484375,,0
1782297447.982146,5808.909429,299.0,,100.0,572.484375,,0
1782297448.082145,5809.009430,298.0,,100.0,572.484375,,0
1782297448.182149,5809.109433,297.0,,100.0,572.484375,,0
1782297448.282159,5809.209443,300.0,,100.0,572.484375,,0
1782297448.382146,5809.309429,299.0,,100.0,572.484375,,0
1782297448.482146,5809.409429,300.0,,100.0,572.484375,,0
1782297448.582149,5809.509433,299.0,,100.0,572.484375,,0
1782297448.682151,5809.609436,300.0,,100.0,572.484375,,0
1782297448.782151,5809.709436,299.0,,100.0,572.484375,,0
1782297448.882142,5809.809425,299.0,,100.0,572.484375,,0
1782297448.982140,5809.909424,297.0,,100.0,572.484375,,0
1782297449.082147,5810.009432,299.0,,100.0,572.484375,,0
1782297449.182146,5810.109429,300.0,,100.0,572.484375,,0
1782297449.282145,5810.209429,300.0,,100.0,572.484375,,0
1782297449.382142,5810.309426,300.0,,100.0,572.484375,,0
1782297449.482147,5810.409431,300.0,,100.0,572.484375,,0
1782297449.582146,5810.509429,299.0,,100.0,572.484375,,0
1782297449.682154,5810.609439,298.0,,100.0,572.484375,,0
1782297449.782144,5810.709427,299.0,,100.0,572.484375,,0
1782297449.882144,5810.809428,299.0,,100.0,572.484375,,0
1782297449.982141,5810.909425,300.0,,100.0,572.484375,,0
1782297450.082143,5811.009427,299.0,,100.0,572.484375,,0
1782297450.182146,5811.109429,301.0,,100.0,572.484375,,0
1782297450.282150,5811.209434,299.0,,100.0,572.484375,,0
1782297450.382149,5811.309432,300.0,,100.0,572.484375,,0
1782297450.482143,5811.409428,300.0,,100.0,572.484375,,0
1782297450.582142,5811.509427,282.0,,100.0,572.484375,,0
1782297450.682175,5811.609460,276.0,,100.0,572.484375,,0
1782297450.782145,5811.709430,300.0,,100.0,572.484375,,0
1782297450.882146,5811.809429,300.0,,100.0,572.484375,,0
1782297450.982147,5811.909430,300.0,,100.0,572.484375,,0
1782297451.082149,5812.009432,300.0,,100.0,572.484375,,0
1782297451.182166,5812.109450,300.0,,100.0,572.484375,,0
1782297451.282146,5812.209430,298.0,,100.0,572.484375,,0
1782297451.382141,5812.309425,275.0,,100.0,572.484375,,0
1782297451.482150,5812.409435,283.0,,100.0,572.484375,,0
1782297451.582145,5812.509430,290.0,,100.0,572.484375,,0
1782297451.682142,5812.609425,300.0,,100.0,572.484375,,0
1782297451.782141,5812.709424,281.0,,100.0,572.484375,,0
1782297451.882149,5812.809432,261.0,,100.0,572.484375,,0
1782297451.982142,5812.909426,302.0,,100.0,572.484375,,0
1782297452.082149,5813.009432,298.0,,99.0,572.484375,,0
1782297452.182144,5813.109427,300.0,,100.0,572.484375,,0
1782297452.282149,5813.209432,299.0,,100.0,572.484375,,0
1782297452.382142,5813.309425,299.0,,100.0,572.484375,,0
1782297452.482144,5813.409427,298.0,,100.0,572.484375,,0
1782297452.582151,5813.509434,298.0,,100.0,572.484375,,0
1782297452.682148,5813.609432,300.0,,100.0,572.484375,,0
1782297452.782162,5813.709447,300.0,,100.0,572.484375,,0
1782297452.882140,5813.809424,301.0,,100.0,572.484375,,0
1782297452.982148,5813.909432,300.0,,100.0,572.484375,,0
1782297453.082137,5814.009420,299.0,,100.0,572.484375,,0
1782297453.182137,5814.109420,300.0,,100.0,572.484375,,0
1782297453.282147,5814.209430,300.0,,100.0,572.484375,,0
1782297453.382160,5814.309444,299.0,,100.0,572.484375,,0
1782297453.482152,5814.409435,300.0,,100.0,572.484375,,0
1782297453.582156,5814.509440,298.0,,100.0,572.484375,,0
1782297453.682149,5814.609433,300.0,,100.0,572.484375,,0
1782297453.782148,5814.709432,301.0,,100.0,572.484375,,0
1782297453.882172,5814.809456,300.0,,100.0,572.484375,,0
1782297453.982149,5814.909434,300.0,,100.0,572.484375,,0
1782297454.082144,5815.009429,298.0,,100.0,572.484375,,0
1782297454.182154,5815.109439,300.0,,100.0,572.484375,,0
1782297454.282158,5815.209442,300.0,,100.0,572.484375,,0
1782297454.382157,5815.309440,299.0,,100.0,572.484375,,0
1782297454.482145,5815.409430,299.0,,100.0,572.484375,,0
1782297454.582147,5815.509431,300.0,,100.0,572.484375,,0
1782297454.682147,5815.609431,300.0,,100.0,572.484375,,0
1782297454.782149,5815.709432,299.0,,100.0,572.484375,,0
1782297454.882150,5815.809433,300.0,,100.0,572.484375,,0
1782297454.982138,5815.909421,299.0,,100.0,572.484375,,0
1782297455.082145,5816.009428,300.0,,100.0,572.484375,,0
1782297455.182148,5816.109433,300.0,,100.0,572.484375,,0
1782297455.282143,5816.209426,299.0,,100.0,572.484375,,0
1782297455.382149,5816.309434,300.0,,100.0,572.484375,,0
1782297455.482158,5816.409442,299.0,,100.0,572.484375,,0
1782297455.582180,5816.509463,300.0,,100.0,572.484375,,0
1782297455.682149,5816.609432,299.0,,100.0,572.484375,,0
1782297455.782157,5816.709441,301.0,,100.0,572.484375,,0
1782297455.882138,5816.809422,300.0,,99.0,572.484375,,0
1782297455.982148,5816.909433,299.0,,100.0,572.484375,,0
1782297456.082142,5817.009427,297.0,,100.0,572.484375,,0
1782297456.182144,5817.109428,297.0,,100.0,572.484375,,0
1782297456.282143,5817.209428,308.0,,100.0,572.484375,,0
1782297456.382153,5817.309436,282.0,,100.0,572.484375,,0
1782297456.482141,5817.409424,300.0,,100.0,572.484375,,0
1782297456.582140,5817.509423,299.0,,100.0,572.484375,,0
1782297456.682148,5817.609432,311.0,,99.0,572.484375,,0
1782297456.782150,5817.709434,300.0,,100.0,572.484375,,0
1782297456.882143,5817.809429,298.0,,99.0,572.484375,,0
1782297456.982148,5817.909432,309.0,,100.0,572.484375,,0
1782297457.082156,5818.009440,300.0,,100.0,572.484375,,0
1782297457.182146,5818.109431,297.0,,100.0,572.484375,,0
1782297457.282148,5818.209432,303.0,,99.0,572.484375,,0
1782297457.382168,5818.309453,301.0,,100.0,572.484375,,0
1782297457.482142,5818.409426,300.0,,100.0,572.484375,,0
1782297457.582140,5818.509425,300.0,,100.0,572.484375,,0
1782297457.682147,5818.609430,302.0,,100.0,572.484375,,0
1782297457.782148,5818.709433,300.0,,100.0,572.484375,,0
1782297457.882170,5818.809453,299.0,,100.0,572.484375,,0
1782297457.982148,5818.909431,299.0,,100.0,572.484375,,0
1782297458.082147,5819.009431,300.0,,100.0,572.484375,,0
1782297458.182151,5819.109434,301.0,,100.0,572.484375,,0
1782297458.282142,5819.209425,299.0,,100.0,572.484375,,0
1782297458.382144,5819.309429,299.0,,100.0,572.484375,,0
1782297458.482150,5819.409434,299.0,,100.0,572.484375,,0
1782297458.582149,5819.509432,300.0,,100.0,572.484375,,0
1782297458.682142,5819.609425,299.0,,100.0,572.484375,,0
1782297458.782139,5819.709424,300.0,,100.0,572.484375,,0
1782297458.882151,5819.809434,299.0,,100.0,572.484375,,0
1782297458.982143,5819.909427,299.0,,100.0,572.484375,,0
1782297459.082145,5820.009428,300.0,,100.0,572.484375,,0
1782297459.182149,5820.109433,312.0,,100.0,572.484375,,0
1782297459.282509,5820.209792,299.0,,100.0,572.484375,,0
1782297459.382146,5820.309429,300.0,,100.0,572.484375,,0
1782297459.482149,5820.409433,300.0,,100.0,572.484375,,0
1782297459.582148,5820.509432,299.0,,100.0,572.484375,,0
1782297459.682148,5820.609431,300.0,,100.0,572.484375,,0
1782297459.782141,5820.709425,299.0,,100.0,572.484375,,0
1782297459.882141,5820.809424,299.0,,100.0,572.484375,,0
1782297459.982145,5820.909430,299.0,,100.0,572.484375,,0
1782297460.082147,5821.009430,300.0,,100.0,572.484375,,0
1782297460.182144,5821.109428,301.0,,100.0,572.484375,,0
1782297460.282146,5821.209431,299.0,,100.0,572.484375,,0
1782297460.382147,5821.309431,299.0,,100.0,572.484375,,0
1782297460.482145,5821.409428,299.0,,100.0,572.484375,,0
1782297460.582144,5821.509427,300.0,,100.0,572.484375,,0
1782297460.682141,5821.609424,300.0,,100.0,572.484375,,0
1782297460.782146,5821.709431,299.0,,100.0,572.484375,,0
1782297460.882146,5821.809429,299.0,,100.0,572.484375,,0
1782297460.982145,5821.909429,300.0,,100.0,572.484375,,0
1782297461.082180,5822.009465,299.0,,100.0,572.484375,,0
1782297461.182133,5822.109417,300.0,,100.0,572.484375,,0
1782297461.282148,5822.209433,300.0,,100.0,572.484375,,0
1782297461.382149,5822.309433,299.0,,100.0,572.484375,,0
1782297461.482147,5822.409431,299.0,,100.0,572.484375,,0
1782297461.582150,5822.509435,299.0,,100.0,572.484375,,0
1782297461.682145,5822.609428,300.0,,100.0,572.484375,,0
1782297461.782143,5822.709427,300.0,,100.0,572.484375,,0
1782297461.882155,5822.809439,299.0,,100.0,572.484375,,0
1782297461.982147,5822.909431,299.0,,100.0,572.484375,,0
1782297462.082060,5823.009343,300.0,,100.0,572.484375,,0
1782297462.182144,5823.109427,300.0,,100.0,572.484375,,0
1782297462.282149,5823.209433,299.0,,100.0,572.484375,,0
1782297462.382147,5823.309430,299.0,,100.0,572.484375,,0
1782297462.482154,5823.409438,300.0,,100.0,572.484375,,0
1782297462.582142,5823.509427,300.0,,100.0,572.484375,,0
1782297462.682145,5823.609429,298.0,,100.0,572.484375,,0
1782297462.782162,5823.709446,299.0,,100.0,572.484375,,0
1782297462.882137,5823.809420,300.0,,100.0,572.484375,,0
1782297462.982154,5823.909437,299.0,,100.0,572.484375,,0
1782297463.082145,5824.009428,299.0,,100.0,572.484375,,0
1782297463.182153,5824.109437,300.0,,100.0,572.484375,,0
1782297463.282145,5824.209429,299.0,,100.0,572.484375,,0
1782297463.382140,5824.309423,299.0,,100.0,572.484375,,0
1782297463.482152,5824.409436,299.0,,100.0,572.484375,,0
1782297463.582144,5824.509427,300.0,,100.0,572.484375,,0
1782297463.682141,5824.609426,244.0,,100.0,572.484375,,0
1782297463.782141,5824.709425,239.0,,99.0,572.484375,,0
1782297463.882146,5824.809431,264.0,,100.0,572.484375,,0
1782297463.982155,5824.909438,246.0,,100.0,572.484375,,0
1782297464.082142,5825.009425,299.0,,100.0,572.484375,,0
1782297464.182150,5825.109434,299.0,,100.0,572.484375,,0
1782297464.282142,5825.209426,299.0,,100.0,572.484375,,0
1782297464.382149,5825.309432,299.0,,100.0,572.484375,,0
1782297464.482149,5825.409432,301.0,,100.0,572.484375,,0
1782297464.582142,5825.509426,300.0,,100.0,572.484375,,0
1782297464.682143,5825.609426,299.0,,100.0,572.484375,,0
1782297464.782142,5825.709426,299.0,,100.0,572.484375,,0
1782297464.882145,5825.809428,297.0,,99.0,572.484375,,0
1782297464.982134,5825.909419,275.0,,100.0,572.484375,,0
1782297465.082149,5826.009432,299.0,,100.0,572.484375,,0
1782297465.182142,5826.109425,282.0,,100.0,572.484375,,0
1782297465.282143,5826.209428,305.0,,100.0,572.484375,,0
1782297465.382146,5826.309430,298.0,,100.0,572.484375,,0
1782297465.482059,5826.409342,303.0,,100.0,572.484375,,0
1782297465.582154,5826.509439,299.0,,100.0,572.484375,,0
1782297465.682140,5826.609424,300.0,,100.0,572.484375,,0
1782297465.782143,5826.709428,299.0,,100.0,572.484375,,0
1782297465.882145,5826.809429,299.0,,100.0,572.484375,,0
1782297465.982158,5826.909441,301.0,,100.0,572.484375,,0
1782297466.082142,5827.009428,274.0,,100.0,572.484375,,0
1782297466.182141,5827.109424,300.0,,100.0,572.484375,,0
1782297466.282147,5827.209432,298.0,,100.0,572.484375,,0
1782297466.382146,5827.309430,301.0,,100.0,572.484375,,0
1782297466.482147,5827.409430,300.0,,100.0,572.484375,,0
1782297466.582148,5827.509432,300.0,,100.0,572.484375,,0
1782297466.682145,5827.609430,299.0,,100.0,572.484375,,0
1782297466.782140,5827.709425,299.0,,100.0,572.484375,,0
1782297466.882146,5827.809429,299.0,,100.0,572.484375,,0
1782297466.982145,5827.909428,300.0,,100.0,572.484375,,0
1782297467.082148,5828.009432,300.0,,100.0,572.484375,,0
1782297467.182142,5828.109427,298.0,,100.0,572.484375,,0
1782297467.282152,5828.209435,300.0,,100.0,572.484375,,0
1782297467.382145,5828.309430,299.0,,100.0,572.484375,,0
1782297467.482148,5828.409433,300.0,,100.0,572.484375,,0
1782297467.582147,5828.509432,300.0,,100.0,572.484375,,0
1782297467.682146,5828.609429,299.0,,100.0,572.484375,,0
1782297467.782153,5828.709437,299.0,,100.0,572.484375,,0
1782297467.882152,5828.809437,300.0,,100.0,572.484375,,0
1782297467.982149,5828.909434,298.0,,100.0,572.484375,,0
1782297468.082145,5829.009429,299.0,,100.0,572.484375,,0
1782297468.182137,5829.109422,300.0,,100.0,572.484375,,0
1782297468.282145,5829.209428,299.0,,100.0,572.484375,,0
1782297468.382145,5829.309430,302.0,,100.0,572.484375,,0
1782297468.482143,5829.409428,299.0,,100.0,572.484375,,0
1782297468.582145,5829.509429,300.0,,100.0,572.484375,,0
1782297468.682149,5829.609432,299.0,,100.0,572.484375,,0
1782297468.782145,5829.709428,300.0,,100.0,572.484375,,0
1782297468.882146,5829.809431,299.0,,100.0,572.484375,,0
1782297468.982161,5829.909444,298.0,,100.0,572.484375,,0
1782297469.082145,5830.009428,300.0,,100.0,572.484375,,0
1782297469.182153,5830.109436,298.0,,100.0,572.484375,,0
1782297469.282142,5830.209427,301.0,,100.0,572.484375,,0
1782297469.382171,5830.309454,298.0,,100.0,572.484375,,0
1782297469.482141,5830.409424,300.0,,100.0,572.484375,,0
1782297469.582149,5830.509432,299.0,,100.0,572.484375,,0
1782297469.682142,5830.609425,300.0,,100.0,572.484375,,0
1782297469.782151,5830.709434,300.0,,100.0,572.484375,,0
1782297469.882147,5830.809431,298.0,,100.0,572.484375,,0
1782297469.982141,5830.909424,300.0,,100.0,572.484375,,0
1782297470.082149,5831.009432,300.0,,100.0,572.484375,,0
1782297470.182148,5831.109434,299.0,,100.0,572.484375,,0
1782297470.282151,5831.209434,300.0,,100.0,572.484375,,0
1782297470.382146,5831.309429,281.0,,99.0,572.484375,,0
1782297470.482140,5831.409424,300.0,,100.0,572.484375,,0
1782297470.582146,5831.509430,298.0,,100.0,572.484375,,0
1782297470.682142,5831.609427,298.0,,100.0,572.484375,,0
1782297470.782153,5831.709437,302.0,,100.0,572.484375,,0
1782297470.882146,5831.809429,300.0,,100.0,572.484375,,0
1782297470.982151,5831.909434,299.0,,100.0,572.484375,,0
1782297471.082144,5832.009428,300.0,,100.0,572.484375,,0
1782297471.182142,5832.109425,300.0,,100.0,572.484375,,0
1782297471.282140,5832.209423,299.0,,100.0,572.484375,,0
1782297471.382141,5832.309424,300.0,,100.0,572.484375,,0
1782297471.482147,5832.409432,298.0,,100.0,572.484375,,0
1782297471.582151,5832.509435,156.0,,48.0,568.46875,,0
1782297471.682162,5832.609446,36.0,,3.0,568.46875,,0
1782297471.782119,5832.709404,31.0,,11.0,399.125,,0
1782297471.882164,5832.809450,41.0,,3.0,338.27734375,,0
1782297471.982059,5832.909343,32.0,,,338.27734375,,0
1782297472.082146,5833.009430,27.0,,,338.27734375,,0
1782297472.182148,5833.109433,18.0,,1.0,338.27734375,,0
1782297472.282157,5833.209442,17.0,,,338.27734375,,0
