sample_epoch,mono_s,power_w,energy_uj,gfx_busy_pct,vram_used_mb,sclk_mhz,device_id
1782298958.917293,7319.844576,13.0,,,354.71484375,,0
1782298959.017376,7319.944661,14.0,,2.0,354.71484375,,0
1782298959.117440,7320.044725,13.0,,1.0,354.71484375,,0
1782298959.217448,7320.144732,12.0,,,354.71484375,,0
1782298959.317441,7320.244726,14.0,,,354.71484375,,0
1782298959.420725,7320.348009,13.0,,,354.71484375,,0
1782298959.517349,7320.444632,14.0,,,354.71484375,,0
1782298959.617434,7320.544719,14.0,,3.0,354.7578125,,0
1782298959.717438,7320.644722,12.0,,,354.7578125,,0
1782298959.817443,7320.744726,12.0,,,354.7578125,,0
1782298959.917442,7320.844726,12.0,,,354.7578125,,0
1782298960.017442,7320.944726,12.0,,,354.7578125,,0
1782298960.117445,7321.044729,12.0,,1.0,526.1328125,,0
1782298960.217439,7321.144722,23.0,,22.0,584.90234375,,0
1782298960.317437,7321.244721,58.0,,98.0,584.90234375,,0
1782298960.417346,7321.344630,63.0,,99.0,584.90234375,,0
1782298960.517462,7321.444747,73.0,,98.0,584.90234375,,0
1782298960.617435,7321.544718,87.0,,98.0,584.90234375,,0
1782298960.717436,7321.644720,108.0,,98.0,584.90234375,,0
1782298960.817375,7321.744660,129.0,,98.0,584.90234375,,0
1782298960.917435,7321.844718,130.0,,98.0,584.90234375,,0
1782298961.017433,7321.944716,129.0,,98.0,584.90234375,,0
1782298961.117433,7322.044716,129.0,,98.0,584.90234375,,0
1782298961.217431,7322.144715,131.0,,98.0,584.90234375,,0
1782298961.317433,7322.244716,133.0,,98.0,584.90234375,,0
1782298961.417434,7322.344719,134.0,,98.0,584.90234375,,0
1782298961.517427,7322.444710,136.0,,98.0,584.90234375,,0
1782298961.617430,7322.544714,137.0,,98.0,584.90234375,,0
1782298961.717430,7322.644714,138.0,,98.0,584.90234375,,0
1782298961.817433,7322.744716,139.0,,98.0,584.90234375,,0
1782298961.917437,7322.844720,141.0,,98.0,584.90234375,,0
1782298962.017347,7322.944630,143.0,,98.0,584.90234375,,0
1782298962.117442,7323.044725,143.0,,98.0,584.90234375,,0
1782298962.217434,7323.144717,144.0,,98.0,584.90234375,,0
1782298962.317433,7323.244717,146.0,,98.0,584.90234375,,0
1782298962.417432,7323.344717,148.0,,98.0,584.90234375,,0
1782298962.517442,7323.444726,150.0,,98.0,584.90234375,,0
1782298962.617432,7323.544715,149.0,,98.0,584.90234375,,0
1782298962.717435,7323.644720,149.0,,98.0,584.90234375,,0
1782298962.817434,7323.744717,149.0,,98.0,584.90234375,,0
1782298962.917430,7323.844714,151.0,,98.0,584.90234375,,0
1782298963.017434,7323.944719,151.0,,98.0,584.90234375,,0
1782298963.117347,7324.044630,149.0,,98.0,584.90234375,,0
1782298963.217347,7324.144630,146.0,,97.0,584.90234375,,0
1782298963.317436,7324.244720,150.0,,98.0,584.90234375,,0
1782298963.417435,7324.344718,149.0,,98.0,584.90234375,,0
1782298963.517437,7324.444720,151.0,,98.0,584.90234375,,0
1782298963.617435,7324.544718,151.0,,98.0,584.90234375,,0
1782298963.717428,7324.644713,148.0,,99.0,584.90234375,,0
1782298963.817350,7324.744634,151.0,,98.0,584.90234375,,0
1782298963.917459,7324.844743,151.0,,98.0,584.90234375,,0
1782298964.017345,7324.944629,152.0,,98.0,584.90234375,,0
1782298964.117347,7325.044630,152.0,,98.0,584.90234375,,0
1782298964.217432,7325.144716,152.0,,99.0,584.90234375,,0
1782298964.317432,7325.244715,151.0,,98.0,584.90234375,,0
1782298964.417429,7325.344712,151.0,,98.0,584.90234375,,0
1782298964.517436,7325.444720,152.0,,98.0,584.90234375,,0
1782298964.617433,7325.544716,151.0,,98.0,584.90234375,,0
1782298964.717376,7325.644660,152.0,,98.0,584.90234375,,0
1782298964.817441,7325.744724,151.0,,98.0,584.90234375,,0
1782298964.917433,7325.844716,155.0,,98.0,584.90234375,,0
1782298965.017434,7325.944717,158.0,,98.0,584.90234375,,0
1782298965.117435,7326.044718,157.0,,98.0,584.90234375,,0
1782298965.217347,7326.144630,157.0,,98.0,584.90234375,,0
1782298965.317347,7326.244630,158.0,,98.0,584.90234375,,0
1782298965.417439,7326.344722,154.0,,99.0,584.90234375,,0
1782298965.517437,7326.444720,158.0,,98.0,584.90234375,,0
1782298965.617375,7326.544660,158.0,,98.0,584.90234375,,0
1782298965.717436,7326.644719,158.0,,98.0,584.90234375,,0
1782298965.817435,7326.744718,158.0,,98.0,584.90234375,,0
1782298965.917433,7326.844718,158.0,,98.0,584.90234375,,0
1782298966.017439,7326.944724,158.0,,98.0,584.90234375,,0
1782298966.117436,7327.044719,158.0,,98.0,584.90234375,,0
1782298966.217346,7327.144630,159.0,,98.0,584.90234375,,0
1782298966.317435,7327.244718,158.0,,98.0,584.90234375,,0
1782298966.417436,7327.344720,158.0,,98.0,584.90234375,,0
1782298966.517347,7327.444630,157.0,,98.0,584.90234375,,0
1782298966.617437,7327.544721,157.0,,98.0,584.90234375,,0
1782298966.717435,7327.644719,158.0,,98.0,584.90234375,,0
1782298966.817438,7327.744723,158.0,,98.0,584.90234375,,0
1782298966.917435,7327.844719,159.0,,98.0,584.90234375,,0
1782298967.017427,7327.944711,158.0,,98.0,584.90234375,,0
1782298967.117439,7328.044722,155.0,,98.0,584.90234375,,0
1782298967.217437,7328.144722,156.0,,98.0,584.90234375,,0
1782298967.317438,7328.244722,158.0,,98.0,584.90234375,,0
1782298967.417374,7328.344659,159.0,,98.0,584.90234375,,0
1782298967.517438,7328.444721,159.0,,98.0,584.90234375,,0
1782298967.617437,7328.544720,158.0,,98.0,584.90234375,,0
1782298967.717435,7328.644718,157.0,,98.0,584.90234375,,0
1782298967.817441,7328.744724,159.0,,98.0,584.90234375,,0
1782298967.917441,7328.844726,158.0,,98.0,584.90234375,,0
1782298968.017435,7328.944718,159.0,,98.0,584.90234375,,0
1782298968.117347,7329.044630,157.0,,98.0,584.90234375,,0
1782298968.217347,7329.144630,156.0,,98.0,584.90234375,,0
1782298968.317434,7329.244719,157.0,,98.0,584.90234375,,0
1782298968.417428,7329.344713,156.0,,98.0,584.90234375,,0
1782298968.517429,7329.444712,156.0,,98.0,584.90234375,,0
1782298968.617429,7329.544712,156.0,,98.0,584.90234375,,0
1782298968.717430,7329.644714,156.0,,98.0,584.90234375,,0
1782298968.817436,7329.744719,157.0,,98.0,584.90234375,,0
1782298968.917434,7329.844717,157.0,,98.0,584.90234375,,0
1782298969.017434,7329.944718,157.0,,98.0,584.90234375,,0
1782298969.117347,7330.044630,157.0,,98.0,584.90234375,,0
1782298969.217433,7330.144718,157.0,,98.0,584.90234375,,0
1782298969.317439,7330.244722,157.0,,98.0,584.90234375,,0
1782298969.417455,7330.344740,157.0,,98.0,584.90234375,,0
1782298969.517434,7330.444718,157.0,,98.0,584.90234375,,0
1782298969.617433,7330.544717,157.0,,98.0,584.90234375,,0
1782298969.717347,7330.644630,157.0,,98.0,584.90234375,,0
1782298969.817433,7330.744717,157.0,,98.0,584.90234375,,0
1782298969.917445,7330.844729,157.0,,98.0,584.90234375,,0
1782298970.017433,7330.944716,157.0,,98.0,584.90234375,,0
1782298970.117376,7331.044660,157.0,,98.0,584.90234375,,0
1782298970.217440,7331.144724,157.0,,98.0,584.90234375,,0
1782298970.317436,7331.244721,157.0,,98.0,584.90234375,,0
1782298970.417452,7331.344736,157.0,,98.0,584.90234375,,0
1782298970.517436,7331.444721,157.0,,98.0,584.90234375,,0
1782298970.617435,7331.544718,157.0,,98.0,584.90234375,,0
1782298970.717436,7331.644720,157.0,,98.0,584.90234375,,0
1782298970.817434,7331.744718,157.0,,98.0,584.90234375,,0
1782298970.917436,7331.844719,157.0,,98.0,584.90234375,,0
1782298971.017434,7331.944718,157.0,,98.0,584.90234375,,0
1782298971.117435,7332.044719,157.0,,98.0,584.90234375,,0
1782298971.217435,7332.144718,158.0,,98.0,584.90234375,,0
1782298971.317437,7332.244720,158.0,,98.0,584.90234375,,0
1782298971.417434,7332.344719,157.0,,98.0,584.90234375,,0
1782298971.517436,7332.444719,158.0,,98.0,584.90234375,,0
1782298971.617440,7332.544725,157.0,,98.0,584.90234375,,0
1782298971.717435,7332.644720,156.0,,98.0,584.90234375,,0
1782298971.817440,7332.744724,157.0,,98.0,584.90234375,,0
1782298971.917437,7332.844722,157.0,,98.0,584.90234375,,0
1782298972.017437,7332.944722,157.0,,98.0,584.90234375,,0
1782298972.117442,7333.044726,157.0,,98.0,584.90234375,,0
1782298972.217440,7333.144724,157.0,,98.0,584.90234375,,0
1782298972.317434,7333.244718,157.0,,98.0,584.90234375,,0
1782298972.417436,7333.344719,157.0,,98.0,584.90234375,,0
1782298972.517462,7333.444746,157.0,,98.0,584.90234375,,0
1782298972.617437,7333.544721,157.0,,98.0,584.90234375,,0
1782298972.717435,7333.644719,157.0,,98.0,584.90234375,,0
1782298972.817375,7333.744660,159.0,,98.0,584.90234375,,0
1782298972.917440,7333.844725,159.0,,98.0,584.90234375,,0
1782298973.017435,7333.944719,159.0,,98.0,584.90234375,,0
1782298973.117434,7334.044717,159.0,,98.0,584.90234375,,0
1782298973.217433,7334.144718,160.0,,98.0,584.90234375,,0
1782298973.317441,7334.244724,160.0,,98.0,584.90234375,,0
1782298973.417434,7334.344717,160.0,,98.0,584.90234375,,0
1782298973.517435,7334.444719,160.0,,98.0,584.90234375,,0
1782298973.617351,7334.544634,159.0,,98.0,584.90234375,,0
1782298973.717436,7334.644721,159.0,,98.0,584.90234375,,0
1782298973.817436,7334.744721,159.0,,98.0,584.90234375,,0
1782298973.917432,7334.844716,159.0,,98.0,584.90234375,,0
1782298974.017431,7334.944715,159.0,,98.0,584.90234375,,0
1782298974.117347,7335.044630,159.0,,98.0,584.90234375,,0
1782298974.217429,7335.144714,159.0,,98.0,584.90234375,,0
1782298974.317433,7335.244716,159.0,,98.0,584.90234375,,0
1782298974.417441,7335.344724,160.0,,98.0,584.90234375,,0
1782298974.517434,7335.444718,160.0,,98.0,584.90234375,,0
1782298974.617433,7335.544718,160.0,,98.0,584.90234375,,0
1782298974.717434,7335.644717,159.0,,98.0,584.90234375,,0
1782298974.817436,7335.744721,160.0,,98.0,584.90234375,,0
1782298974.917434,7335.844717,160.0,,98.0,584.90234375,,0
1782298975.017434,7335.944717,160.0,,98.0,584.90234375,,0
1782298975.117441,7336.044724,160.0,,98.0,584.90234375,,0
1782298975.217347,7336.144630,159.0,,98.0,584.90234375,,0
1782298975.317436,7336.244720,160.0,,98.0,584.90234375,,0
1782298975.417439,7336.344722,160.0,,98.0,584.90234375,,0
1782298975.517438,7336.444722,160.0,,98.0,584.90234375,,0
1782298975.617436,7336.544720,160.0,,98.0,584.90234375,,0
1782298975.717443,7336.644726,160.0,,98.0,584.90234375,,0
1782298975.817436,7336.744720,159.0,,98.0,584.90234375,,0
1782298975.917444,7336.844727,160.0,,98.0,584.90234375,,0
1782298976.017438,7336.944722,160.0,,98.0,584.90234375,,0
1782298976.117440,7337.044724,160.0,,98.0,584.90234375,,0
1782298976.217441,7337.144724,160.0,,98.0,584.90234375,,0
1782298976.317433,7337.244718,159.0,,98.0,584.90234375,,0
1782298976.417435,7337.344720,160.0,,98.0,584.90234375,,0
1782298976.517437,7337.444720,160.0,,98.0,584.90234375,,0
1782298976.617432,7337.544715,160.0,,98.0,584.90234375,,0
1782298976.717431,7337.644715,160.0,,98.0,584.90234375,,0
1782298976.817436,7337.744719,160.0,,98.0,584.90234375,,0
1782298976.917376,7337.844660,160.0,,98.0,584.90234375,,0
1782298977.017435,7337.944718,159.0,,98.0,584.90234375,,0
1782298977.117436,7338.044719,160.0,,98.0,584.90234375,,0
1782298977.217434,7338.144718,159.0,,98.0,584.90234375,,0
1782298977.317435,7338.244718,158.0,,98.0,584.90234375,,0
1782298977.417437,7338.344720,160.0,,98.0,584.90234375,,0
1782298977.517442,7338.444725,160.0,,98.0,584.90234375,,0
1782298977.617346,7338.544630,158.0,,98.0,584.90234375,,0
1782298977.717441,7338.644726,160.0,,98.0,584.90234375,,0
1782298977.817439,7338.744722,158.0,,98.0,584.90234375,,0
1782298977.917432,7338.844715,158.0,,98.0,584.90234375,,0
1782298978.017430,7338.944715,157.0,,98.0,584.90234375,,0
1782298978.117435,7339.044718,158.0,,98.0,584.90234375,,0
1782298978.217447,7339.144730,158.0,,98.0,584.90234375,,0
1782298978.317437,7339.244720,158.0,,98.0,584.90234375,,0
1782298978.417429,7339.344714,158.0,,98.0,584.90234375,,0
1782298978.517438,7339.444722,158.0,,98.0,584.90234375,,0
1782298978.617436,7339.544720,158.0,,98.0,584.90234375,,0
1782298978.717438,7339.644722,159.0,,98.0,584.90234375,,0
1782298978.817436,7339.744720,159.0,,98.0,584.90234375,,0
1782298978.917346,7339.844630,161.0,,99.0,584.90234375,,0
1782298979.017435,7339.944718,158.0,,98.0,584.90234375,,0
1782298979.117449,7340.044732,158.0,,98.0,584.90234375,,0
1782298979.217347,7340.144630,158.0,,98.0,584.90234375,,0
1782298979.317437,7340.244721,160.0,,98.0,584.90234375,,0
1782298979.417436,7340.344721,160.0,,98.0,584.90234375,,0
1782298979.517441,7340.444724,159.0,,98.0,584.90234375,,0
1782298979.617438,7340.544722,162.0,,98.0,584.90234375,,0
1782298979.717433,7340.644716,157.0,,98.0,584.90234375,,0
1782298979.817444,7340.744727,160.0,,99.0,584.90234375,,0
1782298979.917435,7340.844720,160.0,,99.0,584.90234375,,0
1782298980.017347,7340.944630,158.0,,99.0,584.90234375,,0
1782298980.117435,7341.044718,158.0,,99.0,584.90234375,,0
1782298980.217433,7341.144717,162.0,,99.0,584.90234375,,0
1782298980.317438,7341.244722,156.0,,98.0,584.90234375,,0
1782298980.417434,7341.344717,157.0,,98.0,584.90234375,,0
1782298980.517347,7341.444630,159.0,,98.0,584.90234375,,0
1782298980.617447,7341.544730,158.0,,98.0,584.90234375,,0
1782298980.717435,7341.644719,161.0,,98.0,584.90234375,,0
1782298980.817438,7341.744721,153.0,,99.0,584.90234375,,0
1782298980.917436,7341.844719,156.0,,98.0,584.90234375,,0
1782298981.017440,7341.944723,158.0,,98.0,584.90234375,,0
1782298981.117435,7342.044720,160.0,,98.0,584.90234375,,0
1782298981.217434,7342.144719,160.0,,98.0,584.90234375,,0
1782298981.317346,7342.244630,158.0,,98.0,584.90234375,,0
1782298981.417438,7342.344723,160.0,,98.0,584.90234375,,0
1782298981.517437,7342.444720,160.0,,98.0,584.90234375,,0
1782298981.617434,7342.544719,160.0,,98.0,584.90234375,,0
1782298981.717436,7342.644721,160.0,,98.0,584.90234375,,0
1782298981.817436,7342.744719,160.0,,98.0,584.90234375,,0
1782298981.917346,7342.844630,160.0,,98.0,584.90234375,,0
1782298982.017433,7342.944717,160.0,,98.0,584.90234375,,0
1782298982.117438,7343.044722,162.0,,99.0,584.90234375,,0
1782298982.217437,7343.144721,159.0,,98.0,584.90234375,,0
1782298982.317437,7343.244720,159.0,,98.0,584.90234375,,0
1782298982.417433,7343.344716,159.0,,98.0,584.90234375,,0
1782298982.517434,7343.444717,159.0,,98.0,584.90234375,,0
1782298982.617435,7343.544719,159.0,,98.0,584.90234375,,0
1782298982.717347,7343.644630,160.0,,98.0,584.90234375,,0
1782298982.817434,7343.744719,160.0,,98.0,584.90234375,,0
1782298982.917435,7343.844718,158.0,,98.0,584.90234375,,0
1782298983.017437,7343.944721,158.0,,98.0,584.90234375,,0
1782298983.117347,7344.044630,158.0,,98.0,584.90234375,,0
1782298983.217347,7344.144630,159.0,,98.0,584.90234375,,0
1782298983.317347,7344.244630,160.0,,98.0,584.90234375,,0
1782298983.417441,7344.344726,160.0,,98.0,584.90234375,,0
1782298983.517438,7344.444722,160.0,,98.0,584.90234375,,0
1782298983.617439,7344.544723,160.0,,98.0,584.90234375,,0
1782298983.717439,7344.644723,160.0,,98.0,584.90234375,,0
1782298983.817433,7344.744717,160.0,,98.0,584.90234375,,0
1782298983.917439,7344.844723,160.0,,98.0,584.90234375,,0
1782298984.017459,7344.944743,160.0,,98.0,584.90234375,,0
1782298984.117442,7345.044727,160.0,,98.0,584.90234375,,0
1782298984.217432,7345.144715,160.0,,98.0,584.90234375,,0
1782298984.317375,7345.244660,160.0,,98.0,584.90234375,,0
1782298984.417454,7345.344738,160.0,,98.0,584.90234375,,0
1782298984.517441,7345.444724,160.0,,98.0,584.90234375,,0
1782298984.617434,7345.544717,160.0,,98.0,584.90234375,,0
1782298984.717434,7345.644720,160.0,,98.0,584.90234375,,0
1782298984.817439,7345.744722,160.0,,98.0,584.90234375,,0
1782298984.917437,7345.844721,160.0,,98.0,584.90234375,,0
1782298985.017439,7345.944724,161.0,,98.0,584.90234375,,0
1782298985.117347,7346.044630,160.0,,98.0,584.90234375,,0
1782298985.217435,7346.144718,160.0,,98.0,584.90234375,,0
1782298985.317435,7346.244718,160.0,,98.0,584.90234375,,0
1782298985.417435,7346.344718,160.0,,98.0,584.90234375,,0
1782298985.517426,7346.444711,160.0,,98.0,584.90234375,,0
1782298985.617437,7346.544720,160.0,,98.0,584.90234375,,0
1782298985.717440,7346.644725,161.0,,98.0,584.90234375,,0
1782298985.817440,7346.744723,160.0,,98.0,584.90234375,,0
1782298985.917438,7346.844721,160.0,,98.0,584.90234375,,0
1782298986.017442,7346.944725,160.0,,98.0,584.90234375,,0
1782298986.117439,7347.044723,160.0,,98.0,584.90234375,,0
1782298986.217438,7347.144721,160.0,,98.0,584.90234375,,0
1782298986.317440,7347.244723,160.0,,98.0,584.90234375,,0
1782298986.417438,7347.344722,160.0,,98.0,584.90234375,,0
1782298986.517429,7347.444712,160.0,,98.0,584.90234375,,0
1782298986.617436,7347.544719,161.0,,98.0,584.90234375,,0
1782298986.717429,7347.644714,161.0,,98.0,584.90234375,,0
1782298986.817443,7347.744726,160.0,,98.0,584.90234375,,0
1782298986.917438,7347.844721,160.0,,98.0,584.90234375,,0
1782298987.017434,7347.944719,160.0,,98.0,584.90234375,,0
1782298987.117441,7348.044725,160.0,,98.0,584.90234375,,0
1782298987.217374,7348.144658,160.0,,98.0,584.90234375,,0
1782298987.317439,7348.244723,160.0,,98.0,584.90234375,,0
1782298987.417437,7348.344721,160.0,,98.0,584.90234375,,0
1782298987.517440,7348.444725,160.0,,98.0,584.90234375,,0
1782298987.617435,7348.544720,160.0,,98.0,584.90234375,,0
1782298987.717440,7348.644725,160.0,,98.0,584.90234375,,0
1782298987.817440,7348.744725,161.0,,98.0,584.90234375,,0
1782298987.917443,7348.844727,161.0,,98.0,584.90234375,,0
1782298988.017439,7348.944723,161.0,,98.0,584.90234375,,0
1782298988.117438,7349.044721,160.0,,98.0,584.90234375,,0
1782298988.217442,7349.144727,160.0,,98.0,584.90234375,,0
1782298988.317438,7349.244723,160.0,,98.0,584.90234375,,0
1782298988.417440,7349.344725,160.0,,98.0,584.90234375,,0
1782298988.517437,7349.444722,160.0,,98.0,584.90234375,,0
1782298988.617439,7349.544723,160.0,,98.0,584.90234375,,0
1782298988.717433,7349.644716,160.0,,98.0,584.90234375,,0
1782298988.817437,7349.744721,160.0,,98.0,584.90234375,,0
1782298988.917346,7349.844630,160.0,,98.0,584.90234375,,0
1782298989.017451,7349.944735,160.0,,98.0,584.90234375,,0
1782298989.117442,7350.044726,160.0,,98.0,584.90234375,,0
1782298989.217437,7350.144720,160.0,,98.0,584.90234375,,0
1782298989.317440,7350.244724,160.0,,98.0,584.90234375,,0
1782298989.417439,7350.344724,160.0,,98.0,584.90234375,,0
1782298989.517347,7350.444630,160.0,,98.0,584.90234375,,0
1782298989.617441,7350.544726,160.0,,98.0,584.90234375,,0
1782298989.717347,7350.644630,160.0,,98.0,584.90234375,,0
1782298989.817443,7350.744727,160.0,,98.0,584.90234375,,0
1782298989.917456,7350.844740,160.0,,98.0,584.90234375,,0
1782298990.017436,7350.944719,160.0,,98.0,584.90234375,,0
1782298990.117441,7351.044724,160.0,,98.0,584.90234375,,0
1782298990.217365,7351.144649,160.0,,98.0,584.90234375,,0
1782298990.317435,7351.244719,160.0,,98.0,584.90234375,,0
1782298990.417429,7351.344713,160.0,,98.0,584.90234375,,0
1782298990.517434,7351.444718,160.0,,98.0,584.90234375,,0
1782298990.617436,7351.544721,161.0,,98.0,584.90234375,,0
1782298990.717434,7351.644717,161.0,,98.0,584.90234375,,0
1782298990.817439,7351.744724,160.0,,98.0,584.90234375,,0
1782298990.917438,7351.844722,161.0,,98.0,584.90234375,,0
1782298991.017442,7351.944726,160.0,,98.0,584.90234375,,0
1782298991.117440,7352.044725,160.0,,98.0,584.90234375,,0
1782298991.217441,7352.144726,160.0,,98.0,584.90234375,,0
1782298991.317438,7352.244722,160.0,,98.0,584.90234375,,0
1782298991.417439,7352.344724,160.0,,98.0,584.90234375,,0
1782298991.517440,7352.444724,161.0,,98.0,584.90234375,,0
1782298991.617433,7352.544717,161.0,,98.0,584.90234375,,0
1782298991.717439,7352.644724,160.0,,98.0,584.90234375,,0
1782298991.817438,7352.744723,160.0,,98.0,584.90234375,,0
1782298991.917437,7352.844720,160.0,,98.0,584.90234375,,0
1782298992.017437,7352.944720,160.0,,98.0,584.90234375,,0
1782298992.117439,7353.044722,159.0,,98.0,584.90234375,,0
1782298992.217439,7353.144722,160.0,,98.0,584.90234375,,0
1782298992.317433,7353.244716,160.0,,98.0,584.90234375,,0
1782298992.417441,7353.344725,160.0,,98.0,584.90234375,,0
1782298992.517438,7353.444721,160.0,,98.0,584.90234375,,0
1782298992.617439,7353.544722,160.0,,98.0,584.90234375,,0
1782298992.717436,7353.644720,160.0,,98.0,584.90234375,,0
1782298992.817441,7353.744724,160.0,,98.0,584.90234375,,0
1782298992.917434,7353.844719,160.0,,98.0,584.90234375,,0
1782298993.017445,7353.944729,160.0,,98.0,584.90234375,,0
1782298993.117436,7354.044721,160.0,,98.0,584.90234375,,0
1782298993.217437,7354.144721,160.0,,98.0,584.90234375,,0
1782298993.317436,7354.244721,160.0,,98.0,584.90234375,,0
1782298993.417346,7354.344630,160.0,,98.0,584.90234375,,0
1782298993.517435,7354.444718,160.0,,98.0,584.90234375,,0
1782298993.617439,7354.544722,160.0,,98.0,584.90234375,,0
1782298993.717347,7354.644630,159.0,,98.0,584.90234375,,0
1782298993.817435,7354.744718,160.0,,98.0,584.90234375,,0
1782298993.917347,7354.844630,160.0,,98.0,584.90234375,,0
1782298994.017430,7354.944715,160.0,,98.0,584.90234375,,0
1782298994.117438,7355.044721,160.0,,98.0,584.90234375,,0
1782298994.217433,7355.144717,160.0,,98.0,584.90234375,,0
1782298994.317434,7355.244718,160.0,,98.0,584.90234375,,0
1782298994.417432,7355.344717,161.0,,98.0,584.90234375,,0
1782298994.517434,7355.444719,160.0,,98.0,584.90234375,,0
1782298994.617433,7355.544717,160.0,,98.0,584.90234375,,0
1782298994.717432,7355.644718,160.0,,98.0,584.90234375,,0
1782298994.817347,7355.744630,160.0,,99.0,584.90234375,,0
1782298994.917435,7355.844718,160.0,,98.0,584.90234375,,0
1782298995.017347,7355.944630,162.0,,98.0,584.90234375,,0
1782298995.117347,7356.044630,160.0,,98.0,584.90234375,,0
1782298995.217381,7356.144665,137.0,,81.0,584.90234375,,0
1782298995.317445,7356.244729,37.0,,2.0,584.90234375,,0
1782298995.417446,7356.344730,35.0,,3.0,584.90234375,,0
1782298995.517444,7356.444728,20.0,,3.0,584.90234375,,0
1782298995.617448,7356.544733,16.0,,2.0,584.90234375,,0
1782298995.717447,7356.644732,17.0,,3.0,584.90234375,,0
1782298995.817442,7356.744726,16.0,,3.0,584.90234375,,0
1782298995.917442,7356.844726,16.0,,3.0,584.90234375,,0
1782298996.017444,7356.944728,16.0,,3.0,584.90234375,,0
1782298996.117446,7357.044731,16.0,,3.0,584.90234375,,0
1782298996.217443,7357.144727,16.0,,3.0,584.90234375,,0
1782298996.317445,7357.244729,17.0,,3.0,584.90234375,,0
1782298996.417440,7357.344725,16.0,,3.0,584.90234375,,0
1782298996.517445,7357.444730,16.0,,3.0,584.90234375,,0
1782298996.617450,7357.544734,17.0,,3.0,584.90234375,,0
1782298996.717445,7357.644730,17.0,,3.0,584.90234375,,0
1782298996.817445,7357.744730,17.0,,3.0,584.90234375,,0
1782298996.917445,7357.844730,17.0,,3.0,584.90234375,,0
1782298997.017446,7357.944731,16.0,,2.0,584.90234375,,0
1782298997.117442,7358.044726,17.0,,3.0,584.90234375,,0
1782298997.217446,7358.144731,16.0,,3.0,584.90234375,,0
1782298997.317442,7358.244727,15.0,,3.0,584.90234375,,0
1782298997.417444,7358.344728,15.0,,3.0,584.90234375,,0
1782298997.517445,7358.444730,18.0,,3.0,584.90234375,,0
1782298997.617441,7358.544726,18.0,,3.0,584.90234375,,0
1782298997.717445,7358.644730,16.0,,3.0,584.90234375,,0
1782298997.817441,7358.744725,16.0,,3.0,584.90234375,,0
1782298997.917447,7358.844732,18.0,,3.0,584.90234375,,0
1782298998.017441,7358.944725,20.0,,2.0,584.90234375,,0
1782298998.117446,7359.044731,16.0,,3.0,584.90234375,,0
1782298998.217444,7359.144729,16.0,,3.0,584.90234375,,0
1782298998.317445,7359.244730,16.0,,3.0,584.90234375,,0
1782298998.417444,7359.344729,16.0,,3.0,584.90234375,,0
1782298998.517444,7359.444728,16.0,,3.0,584.90234375,,0
1782298998.617444,7359.544728,16.0,,2.0,584.90234375,,0
1782298998.717447,7359.644731,16.0,,2.0,584.90234375,,0
1782298998.817445,7359.744730,16.0,,2.0,584.90234375,,0
1782298998.917446,7359.844731,15.0,,3.0,584.90234375,,0
1782298999.017444,7359.944729,18.0,,3.0,584.90234375,,0
1782298999.117442,7360.044727,16.0,,3.0,584.90234375,,0
1782298999.217442,7360.144727,16.0,,3.0,584.90234375,,0
1782298999.317476,7360.244761,15.0,,3.0,584.90234375,,0
1782298999.417447,7360.344732,16.0,,3.0,584.90234375,,0
1782298999.517440,7360.444725,17.0,,3.0,584.90234375,,0
1782298999.617440,7360.544725,16.0,,3.0,584.90234375,,0
1782298999.717446,7360.644730,16.0,,3.0,584.90234375,,0
1782298999.817441,7360.744726,16.0,,3.0,584.90234375,,0
1782298999.917446,7360.844731,17.0,,3.0,584.90234375,,0
1782299000.017447,7360.944731,18.0,,3.0,584.90234375,,0
1782299000.117446,7361.044731,16.0,,3.0,584.90234375,,0
1782299000.217347,7361.144630,29.0,,19.0,584.90234375,,0
1782299000.317438,7361.244723,118.0,,98.0,584.90234375,,0
1782299000.417432,7361.344715,127.0,,98.0,584.90234375,,0
1782299000.517435,7361.444720,126.0,,98.0,584.90234375,,0
1782299000.617347,7361.544630,126.0,,98.0,584.90234375,,0
1782299000.717435,7361.644720,128.0,,98.0,584.90234375,,0
1782299000.817434,7361.744717,129.0,,98.0,584.90234375,,0
1782299000.917432,7361.844717,130.0,,98.0,584.90234375,,0
1782299001.017445,7361.944729,131.0,,98.0,584.90234375,,0
1782299001.117347,7362.044630,133.0,,98.0,584.90234375,,0
1782299001.217347,7362.144630,136.0,,98.0,584.90234375,,0
1782299001.317441,7362.244724,135.0,,98.0,584.90234375,,0
1782299001.417425,7362.344709,137.0,,98.0,584.90234375,,0
1782299001.517443,7362.444726,139.0,,98.0,584.90234375,,0
1782299001.617430,7362.544715,141.0,,98.0,584.90234375,,0
1782299001.717434,7362.644717,142.0,,98.0,584.90234375,,0
1782299001.817436,7362.744720,142.0,,98.0,584.90234375,,0
1782299001.917434,7362.844717,145.0,,98.0,584.90234375,,0
1782299002.017431,7362.944716,145.0,,98.0,584.90234375,,0
1782299002.117438,7363.044721,147.0,,98.0,584.90234375,,0
1782299002.217347,7363.144630,149.0,,98.0,584.90234375,,0
1782299002.317436,7363.244719,149.0,,98.0,584.90234375,,0
1782299002.417435,7363.344719,151.0,,98.0,584.90234375,,0
1782299002.517435,7363.444719,153.0,,98.0,584.90234375,,0
1782299002.617428,7363.544711,157.0,,98.0,584.90234375,,0
1782299002.717432,7363.644716,157.0,,98.0,584.90234375,,0
1782299002.817433,7363.744716,156.0,,98.0,584.90234375,,0
1782299002.917438,7363.844721,156.0,,98.0,584.90234375,,0
1782299003.017434,7363.944717,156.0,,98.0,584.90234375,,0
1782299003.117348,7364.044632,155.0,,98.0,584.90234375,,0
1782299003.217375,7364.144660,155.0,,98.0,584.90234375,,0
1782299003.317431,7364.244715,155.0,,98.0,584.90234375,,0
1782299003.417437,7364.344720,155.0,,98.0,584.90234375,,0
1782299003.517441,7364.444725,155.0,,98.0,584.90234375,,0
1782299003.617438,7364.544722,156.0,,98.0,584.90234375,,0
1782299003.717432,7364.644715,156.0,,98.0,584.90234375,,0
1782299003.817436,7364.744721,156.0,,98.0,584.90234375,,0
1782299003.917429,7364.844712,156.0,,98.0,584.90234375,,0
1782299004.017434,7364.944717,156.0,,98.0,584.90234375,,0
1782299004.117427,7365.044711,156.0,,98.0,584.90234375,,0
1782299004.217422,7365.144705,156.0,,98.0,584.90234375,,0
1782299004.317434,7365.244717,156.0,,98.0,584.90234375,,0
1782299004.417430,7365.344714,156.0,,98.0,584.90234375,,0
1782299004.517435,7365.444720,156.0,,98.0,584.90234375,,0
1782299004.617442,7365.544725,156.0,,98.0,584.90234375,,0
1782299004.717435,7365.644719,156.0,,98.0,584.90234375,,0
1782299004.817434,7365.744718,156.0,,98.0,584.90234375,,0
1782299004.917439,7365.844723,156.0,,98.0,584.90234375,,0
1782299005.017435,7365.944719,154.0,,98.0,584.90234375,,0
1782299005.117434,7366.044718,154.0,,98.0,584.90234375,,0
1782299005.217430,7366.144713,155.0,,98.0,584.90234375,,0
1782299005.317434,7366.244719,156.0,,98.0,584.90234375,,0
1782299005.417439,7366.344724,156.0,,98.0,584.90234375,,0
1782299005.517430,7366.444713,156.0,,98.0,584.90234375,,0
1782299005.617433,7366.544718,156.0,,98.0,584.90234375,,0
1782299005.717429,7366.644713,156.0,,98.0,584.90234375,,0
1782299005.817434,7366.744717,156.0,,98.0,584.90234375,,0
1782299005.917439,7366.844722,156.0,,98.0,584.90234375,,0
1782299006.017435,7366.944719,156.0,,98.0,584.90234375,,0
1782299006.117426,7367.044710,156.0,,98.0,584.90234375,,0
1782299006.217427,7367.144711,156.0,,98.0,584.90234375,,0
1782299006.317420,7367.244705,156.0,,98.0,584.90234375,,0
1782299006.417346,7367.344630,156.0,,98.0,584.90234375,,0
1782299006.517438,7367.444722,156.0,,98.0,584.90234375,,0
1782299006.617435,7367.544719,156.0,,98.0,584.90234375,,0
1782299006.717433,7367.644718,156.0,,98.0,584.90234375,,0
1782299006.817435,7367.744719,156.0,,98.0,584.90234375,,0
1782299006.917428,7367.844714,157.0,,98.0,584.90234375,,0
1782299007.017347,7367.944630,157.0,,98.0,584.90234375,,0
1782299007.117441,7368.044724,157.0,,98.0,584.90234375,,0
1782299007.217374,7368.144658,157.0,,98.0,584.90234375,,0
1782299007.317437,7368.244720,156.0,,98.0,584.90234375,,0
1782299007.417467,7368.344751,156.0,,98.0,584.90234375,,0
1782299007.517434,7368.444719,158.0,,98.0,584.90234375,,0
1782299007.617433,7368.544717,159.0,,98.0,584.90234375,,0
1782299007.717434,7368.644717,159.0,,98.0,584.90234375,,0
1782299007.817434,7368.744718,159.0,,98.0,584.90234375,,0
1782299007.917431,7368.844714,159.0,,98.0,584.90234375,,0
1782299008.017440,7368.944723,157.0,,98.0,584.90234375,,0
1782299008.117442,7369.044727,159.0,,98.0,584.90234375,,0
1782299008.217433,7369.144716,157.0,,98.0,584.90234375,,0
1782299008.317435,7369.244720,157.0,,98.0,584.90234375,,0
1782299008.417429,7369.344712,157.0,,98.0,584.90234375,,0
1782299008.517428,7369.444713,157.0,,98.0,584.90234375,,0
1782299008.617432,7369.544716,158.0,,98.0,584.90234375,,0
1782299008.717433,7369.644717,158.0,,98.0,584.90234375,,0
1782299008.817440,7369.744724,158.0,,98.0,584.90234375,,0
1782299008.917434,7369.844719,157.0,,98.0,584.90234375,,0
1782299009.017434,7369.944719,157.0,,98.0,584.90234375,,0
1782299009.117439,7370.044723,157.0,,98.0,584.90234375,,0
1782299009.217437,7370.144720,157.0,,98.0,584.90234375,,0
1782299009.317435,7370.244718,157.0,,98.0,584.90234375,,0
1782299009.417438,7370.344721,157.0,,98.0,584.90234375,,0
1782299009.517437,7370.444722,157.0,,98.0,584.90234375,,0
1782299009.617448,7370.544731,158.0,,98.0,584.90234375,,0
1782299009.717439,7370.644722,158.0,,98.0,584.90234375,,0
1782299009.817436,7370.744720,158.0,,98.0,584.90234375,,0
1782299009.917432,7370.844716,158.0,,98.0,584.90234375,,0
1782299010.017439,7370.944722,158.0,,98.0,584.90234375,,0
1782299010.117436,7371.044720,158.0,,98.0,584.90234375,,0
1782299010.217433,7371.144717,158.0,,98.0,584.90234375,,0
1782299010.317432,7371.244715,158.0,,98.0,584.90234375,,0
1782299010.417432,7371.344716,158.0,,98.0,584.90234375,,0
1782299010.517450,7371.444733,158.0,,98.0,584.90234375,,0
1782299010.617437,7371.544721,161.0,,98.0,584.90234375,,0
1782299010.717429,7371.644713,162.0,,98.0,584.90234375,,0
1782299010.817347,7371.744630,161.0,,98.0,584.90234375,,0
1782299010.917435,7371.844718,161.0,,98.0,584.90234375,,0
1782299011.017434,7371.944717,162.0,,98.0,584.90234375,,0
1782299011.117437,7372.044721,162.0,,98.0,584.90234375,,0
1782299011.217434,7372.144717,162.0,,98.0,584.90234375,,0
1782299011.317347,7372.244630,162.0,,98.0,584.90234375,,0
1782299011.417454,7372.344737,161.0,,98.0,584.90234375,,0
1782299011.517437,7372.444721,161.0,,98.0,584.90234375,,0
1782299011.617427,7372.544712,162.0,,98.0,584.90234375,,0
1782299011.717433,7372.644717,162.0,,98.0,584.90234375,,0
1782299011.817347,7372.744630,162.0,,98.0,584.90234375,,0
1782299011.917346,7372.844630,162.0,,98.0,584.90234375,,0
1782299012.017427,7372.944711,162.0,,98.0,584.90234375,,0
1782299012.117433,7373.044716,162.0,,98.0,584.90234375,,0
1782299012.217347,7373.144630,163.0,,99.0,584.90234375,,0
1782299012.317426,7373.244710,162.0,,98.0,584.90234375,,0
1782299012.417432,7373.344715,163.0,,98.0,584.90234375,,0
1782299012.517430,7373.444713,162.0,,98.0,584.90234375,,0
1782299012.617432,7373.544716,163.0,,98.0,584.90234375,,0
1782299012.717432,7373.644716,162.0,,98.0,584.90234375,,0
1782299012.817434,7373.744717,160.0,,98.0,584.90234375,,0
1782299012.917445,7373.844728,159.0,,98.0,584.90234375,,0
1782299013.017347,7373.944630,159.0,,98.0,584.90234375,,0
1782299013.117363,7374.044648,157.0,,98.0,584.90234375,,0
1782299013.217437,7374.144721,156.0,,99.0,584.90234375,,0
1782299013.317375,7374.244660,160.0,,98.0,584.90234375,,0
1782299013.417433,7374.344718,160.0,,99.0,584.90234375,,0
1782299013.517433,7374.444717,158.0,,98.0,584.90234375,,0
1782299013.617434,7374.544718,161.0,,98.0,584.90234375,,0
1782299013.717434,7374.644718,162.0,,99.0,584.90234375,,0
1782299013.817435,7374.744718,164.0,,98.0,584.90234375,,0
1782299013.917441,7374.844725,159.0,,99.0,584.90234375,,0
1782299014.017435,7374.944720,156.0,,99.0,584.90234375,,0
1782299014.117436,7375.044719,161.0,,98.0,584.90234375,,0
1782299014.217433,7375.144717,158.0,,98.0,584.90234375,,0
1782299014.317440,7375.244724,158.0,,99.0,584.90234375,,0
1782299014.417433,7375.344717,158.0,,98.0,584.90234375,,0
1782299014.517452,7375.444737,159.0,,98.0,584.90234375,,0
1782299014.617433,7375.544716,159.0,,98.0,584.90234375,,0
1782299014.717436,7375.644720,159.0,,98.0,584.90234375,,0
1782299014.817429,7375.744712,162.0,,98.0,584.90234375,,0
1782299014.917432,7375.844716,162.0,,98.0,584.90234375,,0
1782299015.017432,7375.944717,160.0,,98.0,584.90234375,,0
1782299015.117439,7376.044722,159.0,,98.0,584.90234375,,0
1782299015.217373,7376.144658,159.0,,98.0,584.90234375,,0
1782299015.317433,7376.244718,158.0,,98.0,584.90234375,,0
1782299015.417432,7376.344715,160.0,,98.0,584.90234375,,0
1782299015.517434,7376.444718,159.0,,98.0,584.90234375,,0
1782299015.617436,7376.544720,160.0,,98.0,584.90234375,,0
1782299015.717432,7376.644716,159.0,,98.0,584.90234375,,0
1782299015.817430,7376.744713,160.0,,98.0,584.90234375,,0
1782299015.917433,7376.844718,159.0,,98.0,584.90234375,,0
1782299016.017440,7376.944725,160.0,,98.0,584.90234375,,0
1782299016.117433,7377.044717,161.0,,98.0,584.90234375,,0
1782299016.217448,7377.144733,159.0,,98.0,584.90234375,,0
1782299016.317347,7377.244630,159.0,,98.0,584.90234375,,0
1782299016.417455,7377.344738,159.0,,98.0,584.90234375,,0
1782299016.517436,7377.444719,159.0,,98.0,584.90234375,,0
1782299016.617451,7377.544736,159.0,,98.0,584.90234375,,0
1782299016.717435,7377.644718,159.0,,98.0,584.90234375,,0
1782299016.817434,7377.744718,159.0,,98.0,584.90234375,,0
1782299016.917433,7377.844716,159.0,,98.0,584.90234375,,0
1782299017.017432,7377.944717,159.0,,98.0,584.90234375,,0
1782299017.117440,7378.044723,159.0,,98.0,584.90234375,,0
1782299017.217433,7378.144718,159.0,,98.0,584.90234375,,0
1782299017.317428,7378.244711,159.0,,98.0,584.90234375,,0
1782299017.417435,7378.344719,159.0,,98.0,584.90234375,,0
1782299017.517431,7378.444716,159.0,,98.0,584.90234375,,0
1782299017.617366,7378.544651,160.0,,98.0,584.90234375,,0
1782299017.717436,7378.644721,160.0,,98.0,584.90234375,,0
1782299017.817436,7378.744720,160.0,,98.0,584.90234375,,0
1782299017.917436,7378.844721,160.0,,98.0,584.90234375,,0
1782299018.017435,7378.944718,159.0,,98.0,584.90234375,,0
1782299018.117436,7379.044720,159.0,,98.0,584.90234375,,0
1782299018.217436,7379.144721,159.0,,98.0,584.90234375,,0
1782299018.317437,7379.244720,159.0,,98.0,584.90234375,,0
1782299018.417441,7379.344724,160.0,,98.0,584.90234375,,0
1782299018.517434,7379.444719,160.0,,98.0,584.90234375,,0
1782299018.617375,7379.544659,160.0,,98.0,584.90234375,,0
1782299018.717435,7379.644718,159.0,,98.0,584.90234375,,0
1782299018.817434,7379.744719,159.0,,98.0,584.90234375,,0
1782299018.917434,7379.844719,159.0,,98.0,584.90234375,,0
1782299019.017433,7379.944718,159.0,,98.0,584.90234375,,0
1782299019.117454,7380.044739,160.0,,98.0,584.90234375,,0
1782299019.217433,7380.144716,160.0,,98.0,584.90234375,,0
1782299019.317435,7380.244718,159.0,,98.0,584.90234375,,0
1782299019.417432,7380.344716,160.0,,98.0,584.90234375,,0
1782299019.517430,7380.444714,161.0,,98.0,584.90234375,,0
1782299019.617437,7380.544720,160.0,,98.0,584.90234375,,0
1782299019.717434,7380.644718,160.0,,98.0,584.90234375,,0
1782299019.817347,7380.744630,160.0,,98.0,584.90234375,,0
1782299019.917432,7380.844716,160.0,,98.0,584.90234375,,0
1782299020.017435,7380.944719,161.0,,98.0,584.90234375,,0
1782299020.117436,7381.044720,160.0,,98.0,584.90234375,,0
1782299020.217451,7381.144734,161.0,,98.0,584.90234375,,0
1782299020.317434,7381.244719,162.0,,98.0,584.90234375,,0
1782299020.417430,7381.344713,161.0,,98.0,584.90234375,,0
1782299020.517347,7381.444630,160.0,,98.0,584.90234375,,0
1782299020.617429,7381.544713,160.0,,98.0,584.90234375,,0
1782299020.717433,7381.644717,160.0,,98.0,584.90234375,,0
1782299020.817432,7381.744716,160.0,,98.0,584.90234375,,0
1782299020.917440,7381.844724,159.0,,98.0,584.90234375,,0
1782299021.017432,7381.944716,160.0,,98.0,584.90234375,,0
1782299021.117434,7382.044718,160.0,,98.0,584.90234375,,0
1782299021.217346,7382.144630,160.0,,98.0,584.90234375,,0
1782299021.317437,7382.244720,160.0,,98.0,584.90234375,,0
1782299021.417432,7382.344715,161.0,,98.0,584.90234375,,0
1782299021.517436,7382.444719,160.0,,98.0,584.90234375,,0
1782299021.617433,7382.544718,160.0,,98.0,584.90234375,,0
1782299021.717438,7382.644721,160.0,,98.0,584.90234375,,0
1782299021.817434,7382.744718,160.0,,98.0,584.90234375,,0
1782299021.917446,7382.844729,160.0,,98.0,584.90234375,,0
1782299022.017441,7382.944724,160.0,,98.0,584.90234375,,0
1782299022.117347,7383.044630,160.0,,98.0,584.90234375,,0
1782299022.217441,7383.144725,160.0,,98.0,584.90234375,,0
1782299022.317434,7383.244719,160.0,,98.0,584.90234375,,0
1782299022.417347,7383.344630,160.0,,98.0,584.90234375,,0
1782299022.517437,7383.444721,160.0,,98.0,584.90234375,,0
1782299022.617433,7383.544716,160.0,,98.0,584.90234375,,0
1782299022.717442,7383.644727,160.0,,98.0,584.90234375,,0
1782299022.817431,7383.744716,160.0,,98.0,584.90234375,,0
1782299022.917432,7383.844715,160.0,,98.0,584.90234375,,0
1782299023.017347,7383.944630,160.0,,98.0,584.90234375,,0
1782299023.117435,7384.044719,160.0,,98.0,584.90234375,,0
1782299023.217375,7384.144660,160.0,,98.0,584.90234375,,0
1782299023.317436,7384.244720,160.0,,98.0,584.90234375,,0
1782299023.417435,7384.344718,160.0,,98.0,584.90234375,,0
1782299023.517347,7384.444630,160.0,,98.0,584.90234375,,0
1782299023.617435,7384.544719,160.0,,98.0,584.90234375,,0
1782299023.717435,7384.644718,160.0,,98.0,584.90234375,,0
1782299023.817435,7384.744720,160.0,,98.0,584.90234375,,0
1782299023.917433,7384.844716,161.0,,98.0,584.90234375,,0
1782299024.017434,7384.944719,161.0,,98.0,584.90234375,,0
1782299024.117433,7385.044716,160.0,,98.0,584.90234375,,0
1782299024.217347,7385.144630,160.0,,98.0,584.90234375,,0
1782299024.317364,7385.244648,160.0,,98.0,584.90234375,,0
1782299024.417433,7385.344716,160.0,,98.0,584.90234375,,0
1782299024.517437,7385.444720,160.0,,98.0,584.90234375,,0
1782299024.617434,7385.544719,160.0,,98.0,584.90234375,,0
1782299024.717436,7385.644721,160.0,,98.0,584.90234375,,0
1782299024.817429,7385.744713,160.0,,98.0,584.90234375,,0
1782299024.917452,7385.844735,160.0,,98.0,584.90234375,,0
1782299025.017437,7385.944721,160.0,,98.0,584.90234375,,0
1782299025.117439,7386.044723,160.0,,98.0,584.90234375,,0
1782299025.217439,7386.144722,160.0,,98.0,584.90234375,,0
1782299025.317440,7386.244725,160.0,,98.0,584.90234375,,0
1782299025.417434,7386.344718,160.0,,98.0,584.90234375,,0
1782299025.517437,7386.444722,160.0,,98.0,584.90234375,,0
1782299025.617432,7386.544715,160.0,,98.0,584.90234375,,0
1782299025.717347,7386.644630,160.0,,98.0,584.90234375,,0
1782299025.817347,7386.744630,160.0,,98.0,584.90234375,,0
1782299025.917433,7386.844717,160.0,,98.0,584.90234375,,0
1782299026.017437,7386.944721,160.0,,98.0,584.90234375,,0
1782299026.117436,7387.044720,160.0,,98.0,584.90234375,,0
1782299026.217347,7387.144630,160.0,,98.0,584.90234375,,0
1782299026.317431,7387.244715,160.0,,98.0,584.90234375,,0
1782299026.417433,7387.344716,160.0,,98.0,584.90234375,,0
1782299026.517436,7387.444719,160.0,,98.0,584.90234375,,0
1782299026.617433,7387.544716,160.0,,98.0,584.90234375,,0
1782299026.717436,7387.644719,160.0,,98.0,584.90234375,,0
1782299026.817436,7387.744721,160.0,,98.0,584.90234375,,0
1782299026.917439,7387.844722,160.0,,98.0,584.90234375,,0
1782299027.017440,7387.944725,160.0,,98.0,584.90234375,,0
1782299027.117431,7388.044715,160.0,,98.0,584.90234375,,0
1782299027.217374,7388.144659,160.0,,98.0,584.90234375,,0
1782299027.317436,7388.244720,160.0,,98.0,584.90234375,,0
1782299027.417440,7388.344725,161.0,,98.0,584.90234375,,0
1782299027.517435,7388.444720,161.0,,98.0,584.90234375,,0
1782299027.617447,7388.544731,160.0,,98.0,584.90234375,,0
1782299027.717347,7388.644630,160.0,,98.0,584.90234375,,0
1782299027.817434,7388.744719,160.0,,98.0,584.90234375,,0
1782299027.917434,7388.844718,160.0,,98.0,584.90234375,,0
1782299028.017436,7388.944720,160.0,,98.0,584.90234375,,0
1782299028.117432,7389.044715,160.0,,98.0,584.90234375,,0
1782299028.217431,7389.144714,160.0,,98.0,584.90234375,,0
1782299028.317437,7389.244720,160.0,,98.0,584.90234375,,0
1782299028.417441,7389.344724,160.0,,98.0,584.90234375,,0
1782299028.517435,7389.444719,160.0,,98.0,584.90234375,,0
1782299028.617347,7389.544630,160.0,,98.0,584.90234375,,0
1782299028.717438,7389.644722,160.0,,98.0,584.90234375,,0
1782299028.817433,7389.744718,161.0,,98.0,584.90234375,,0
1782299028.917374,7389.844659,160.0,,98.0,584.90234375,,0
1782299029.017428,7389.944711,160.0,,98.0,584.90234375,,0
1782299029.117435,7390.044718,160.0,,98.0,584.90234375,,0
1782299029.217432,7390.144715,161.0,,98.0,584.90234375,,0
1782299029.317434,7390.244718,160.0,,98.0,584.90234375,,0
1782299029.417432,7390.344715,160.0,,98.0,584.90234375,,0
1782299029.517433,7390.444717,163.0,,99.0,584.90234375,,0
1782299029.617445,7390.544730,160.0,,98.0,584.90234375,,0
1782299029.717432,7390.644716,161.0,,99.0,584.90234375,,0
1782299029.817435,7390.744718,157.0,,98.0,584.90234375,,0
1782299029.917434,7390.844717,157.0,,98.0,584.90234375,,0
1782299030.017347,7390.944630,160.0,,99.0,584.90234375,,0
1782299030.117364,7391.044649,159.0,,98.0,584.90234375,,0
1782299030.217436,7391.144721,161.0,,98.0,584.90234375,,0
1782299030.317436,7391.244721,158.0,,98.0,584.90234375,,0
1782299030.417436,7391.344720,159.0,,98.0,584.90234375,,0
1782299030.517433,7391.444718,162.0,,99.0,584.90234375,,0
1782299030.617434,7391.544718,160.0,,98.0,584.90234375,,0
1782299030.717436,7391.644721,158.0,,98.0,584.90234375,,0
1782299030.817435,7391.744718,158.0,,99.0,584.90234375,,0
1782299030.917433,7391.844718,159.0,,98.0,584.90234375,,0
1782299031.017433,7391.944716,160.0,,98.0,584.90234375,,0
1782299031.117432,7392.044716,161.0,,98.0,584.90234375,,0
1782299031.217375,7392.144659,160.0,,98.0,584.90234375,,0
1782299031.317445,7392.244728,160.0,,98.0,584.90234375,,0
1782299031.417346,7392.344630,160.0,,98.0,584.90234375,,0
1782299031.517428,7392.444712,160.0,,98.0,584.90234375,,0
1782299031.617433,7392.544716,160.0,,98.0,584.90234375,,0
1782299031.717433,7392.644716,160.0,,98.0,584.90234375,,0
1782299031.817434,7392.744717,160.0,,98.0,584.90234375,,0
1782299031.917432,7392.844715,160.0,,98.0,584.90234375,,0
1782299032.017435,7392.944719,158.0,,99.0,584.90234375,,0
1782299032.117434,7393.044719,162.0,,98.0,584.90234375,,0
1782299032.217376,7393.144660,160.0,,98.0,584.90234375,,0
1782299032.317436,7393.244719,160.0,,98.0,584.90234375,,0
1782299032.417444,7393.344729,160.0,,98.0,584.90234375,,0
1782299032.517439,7393.444722,160.0,,98.0,584.90234375,,0
1782299032.617432,7393.544715,160.0,,98.0,584.90234375,,0
1782299032.717434,7393.644717,160.0,,98.0,584.90234375,,0
1782299032.817438,7393.744722,160.0,,98.0,584.90234375,,0
1782299032.917363,7393.844648,160.0,,98.0,584.90234375,,0
1782299033.017440,7393.944724,160.0,,98.0,584.90234375,,0
1782299033.117434,7394.044718,160.0,,98.0,584.90234375,,0
1782299033.217450,7394.144735,160.0,,98.0,584.90234375,,0
1782299033.317434,7394.244719,160.0,,98.0,584.90234375,,0
1782299033.417449,7394.344733,160.0,,98.0,584.90234375,,0
1782299033.517434,7394.444718,160.0,,98.0,584.90234375,,0
1782299033.617436,7394.544721,160.0,,98.0,584.90234375,,0
1782299033.717432,7394.644716,160.0,,98.0,584.90234375,,0
1782299033.817434,7394.744718,161.0,,98.0,584.90234375,,0
1782299033.917434,7394.844719,160.0,,98.0,584.90234375,,0
1782299034.017433,7394.944718,160.0,,98.0,584.90234375,,0
1782299034.117433,7395.044718,160.0,,98.0,584.90234375,,0
1782299034.217432,7395.144716,160.0,,98.0,584.90234375,,0
1782299034.317439,7395.244723,160.0,,98.0,584.90234375,,0
1782299034.417436,7395.344719,160.0,,98.0,584.90234375,,0
1782299034.517435,7395.444720,160.0,,98.0,584.90234375,,0
1782299034.617434,7395.544719,160.0,,98.0,584.90234375,,0
1782299034.717435,7395.644718,160.0,,98.0,584.90234375,,0
1782299034.817435,7395.744719,160.0,,98.0,584.90234375,,0
1782299034.917436,7395.844719,160.0,,98.0,584.90234375,,0
1782299035.017373,7395.944658,161.0,,98.0,584.90234375,,0
1782299035.117458,7396.044742,161.0,,98.0,584.90234375,,0
1782299035.217448,7396.144733,141.0,,83.0,584.90234375,,0
1782299035.317442,7396.244727,37.0,,3.0,584.90234375,,0
1782299035.417443,7396.344728,35.0,,3.0,584.90234375,,0
1782299035.517440,7396.444725,26.0,,3.0,584.90234375,,0
1782299035.617440,7396.544725,17.0,,3.0,584.90234375,,0
1782299035.717444,7396.644729,19.0,,2.0,584.90234375,,0
1782299035.817440,7396.744725,17.0,,3.0,584.90234375,,0
1782299035.917439,7396.844724,17.0,,3.0,584.90234375,,0
1782299036.017437,7396.944722,19.0,,2.0,584.90234375,,0
1782299036.117451,7397.044736,19.0,,2.0,584.90234375,,0
1782299036.217439,7397.144724,18.0,,2.0,584.90234375,,0
1782299036.317445,7397.244730,17.0,,3.0,584.90234375,,0
1782299036.417440,7397.344725,17.0,,3.0,584.90234375,,0
1782299036.517439,7397.444724,16.0,,3.0,584.90234375,,0
1782299036.617440,7397.544725,18.0,,3.0,584.90234375,,0
1782299036.717441,7397.644726,16.0,,3.0,584.90234375,,0
1782299036.817443,7397.744728,17.0,,2.0,584.90234375,,0
1782299036.917440,7397.844725,16.0,,3.0,584.90234375,,0
1782299037.017440,7397.944725,19.0,,3.0,584.90234375,,0
1782299037.117441,7398.044725,17.0,,3.0,584.90234375,,0
1782299037.217440,7398.144725,18.0,,3.0,584.90234375,,0
1782299037.317438,7398.244722,19.0,,3.0,584.90234375,,0
1782299037.417453,7398.344737,20.0,,3.0,584.90234375,,0
1782299037.517437,7398.444722,17.0,,3.0,584.90234375,,0
1782299037.617440,7398.544725,17.0,,3.0,584.90234375,,0
1782299037.717437,7398.644721,17.0,,3.0,584.90234375,,0
1782299037.817441,7398.744726,16.0,,3.0,584.90234375,,0
1782299037.917443,7398.844728,16.0,,3.0,584.90234375,,0
1782299038.017438,7398.944723,18.0,,3.0,584.90234375,,0
1782299038.117440,7399.044725,20.0,,3.0,584.90234375,,0
1782299038.217440,7399.144725,15.0,,3.0,584.90234375,,0
1782299038.317440,7399.244725,17.0,,3.0,584.90234375,,0
1782299038.417441,7399.344726,16.0,,3.0,584.90234375,,0
1782299038.517440,7399.444724,16.0,,3.0,584.90234375,,0
1782299038.617447,7399.544732,16.0,,3.0,584.90234375,,0
1782299038.717442,7399.644727,16.0,,3.0,584.90234375,,0
1782299038.817441,7399.744725,21.0,,4.0,584.90234375,,0
1782299038.917440,7399.844724,17.0,,3.0,584.90234375,,0
1782299039.017442,7399.944727,17.0,,3.0,584.90234375,,0
1782299039.117439,7400.044724,17.0,,3.0,584.90234375,,0
1782299039.217443,7400.144728,20.0,,3.0,584.90234375,,0
1782299039.317441,7400.244725,17.0,,3.0,584.90234375,,0
1782299039.417443,7400.344728,17.0,,2.0,584.90234375,,0
1782299039.517441,7400.444726,18.0,,3.0,584.90234375,,0
1782299039.617442,7400.544727,15.0,,3.0,584.90234375,,0
1782299039.717440,7400.644725,16.0,,3.0,584.90234375,,0
1782299039.817441,7400.744726,15.0,,3.0,584.90234375,,0
1782299039.917446,7400.844731,16.0,,3.0,584.90234375,,0
1782299040.017373,7400.944658,16.0,,3.0,584.90234375,,0
1782299040.117433,7401.044718,16.0,,3.0,584.90234375,,0
1782299040.217353,7401.144637,23.0,,19.0,584.90234375,,0
1782299040.317351,7401.244634,57.0,,99.0,584.90234375,,0
1782299040.417352,7401.344635,62.0,,99.0,584.90234375,,0
1782299040.517352,7401.444635,73.0,,99.0,584.90234375,,0
1782299040.617352,7401.544635,88.0,,98.0,584.90234375,,0
1782299040.717350,7401.644634,110.0,,98.0,584.90234375,,0
1782299040.817352,7401.744635,121.0,,98.0,584.90234375,,0
1782299040.917350,7401.844633,121.0,,98.0,584.90234375,,0
1782299041.017351,7401.944635,121.0,,98.0,584.90234375,,0
1782299041.117352,7402.044635,128.0,,98.0,584.90234375,,0
1782299041.217352,7402.144635,130.0,,98.0,584.90234375,,0
1782299041.317352,7402.244635,131.0,,98.0,584.90234375,,0
1782299041.417351,7402.344635,132.0,,98.0,584.90234375,,0
1782299041.517352,7402.444635,133.0,,98.0,584.90234375,,0
1782299041.617352,7402.544635,125.0,,94.0,584.90234375,,0
1782299041.717443,7402.644727,136.0,,98.0,584.90234375,,0
1782299041.817434,7402.744719,138.0,,98.0,584.90234375,,0
1782299041.917437,7402.844721,139.0,,98.0,584.90234375,,0
1782299042.017441,7402.944724,140.0,,98.0,584.90234375,,0
1782299042.117436,7403.044720,141.0,,98.0,584.90234375,,0
1782299042.217432,7403.144717,143.0,,98.0,584.90234375,,0
1782299042.317440,7403.244723,145.0,,98.0,584.90234375,,0
1782299042.417432,7403.344716,147.0,,98.0,584.90234375,,0
1782299042.517434,7403.444717,148.0,,98.0,584.90234375,,0
1782299042.617434,7403.544718,150.0,,98.0,584.90234375,,0
1782299042.717432,7403.644717,150.0,,98.0,584.90234375,,0
1782299042.817447,7403.744730,152.0,,98.0,584.90234375,,0
1782299042.917464,7403.844748,156.0,,98.0,584.90234375,,0
1782299043.017376,7403.944660,158.0,,98.0,584.90234375,,0
1782299043.117434,7404.044717,159.0,,98.0,584.90234375,,0
1782299043.217438,7404.144723,159.0,,98.0,584.90234375,,0
1782299043.317436,7404.244720,160.0,,98.0,584.90234375,,0
1782299043.417439,7404.344723,160.0,,98.0,584.90234375,,0
1782299043.517365,7404.444649,160.0,,98.0,584.90234375,,0
1782299043.617431,7404.544714,157.0,,98.0,584.90234375,,0
1782299043.717432,7404.644715,159.0,,98.0,584.90234375,,0
1782299043.817438,7404.744722,160.0,,98.0,584.90234375,,0
1782299043.917436,7404.844719,158.0,,98.0,584.90234375,,0
1782299044.017346,7404.944629,159.0,,98.0,584.90234375,,0
1782299044.117436,7405.044719,158.0,,98.0,584.90234375,,0
1782299044.217347,7405.144630,158.0,,98.0,584.90234375,,0
1782299044.317436,7405.244720,159.0,,98.0,584.90234375,,0
1782299044.417433,7405.344717,160.0,,98.0,584.90234375,,0
1782299044.517436,7405.444719,159.0,,98.0,584.90234375,,0
1782299044.617431,7405.544715,159.0,,98.0,584.90234375,,0
1782299044.717432,7405.644715,160.0,,98.0,584.90234375,,0
1782299044.817441,7405.744726,160.0,,98.0,584.90234375,,0
1782299044.917375,7405.844659,160.0,,98.0,584.90234375,,0
1782299045.017448,7405.944731,160.0,,98.0,584.90234375,,0
1782299045.117437,7406.044720,160.0,,98.0,584.90234375,,0
1782299045.217438,7406.144722,160.0,,98.0,584.90234375,,0
1782299045.317436,7406.244719,160.0,,98.0,584.90234375,,0
1782299045.417431,7406.344715,160.0,,98.0,584.90234375,,0
1782299045.517434,7406.444718,160.0,,98.0,584.90234375,,0
1782299045.617431,7406.544715,160.0,,98.0,584.90234375,,0
1782299045.717437,7406.644722,160.0,,98.0,584.90234375,,0
1782299045.817436,7406.744720,160.0,,98.0,584.90234375,,0
1782299045.917435,7406.844720,161.0,,98.0,584.90234375,,0
1782299046.017435,7406.944720,160.0,,98.0,584.90234375,,0
1782299046.117439,7407.044722,160.0,,98.0,584.90234375,,0
1782299046.217442,7407.144726,160.0,,98.0,584.90234375,,0
1782299046.317455,7407.244738,160.0,,98.0,584.90234375,,0
1782299046.417436,7407.344721,161.0,,98.0,584.90234375,,0
1782299046.517439,7407.444724,160.0,,99.0,584.90234375,,0
1782299046.617433,7407.544717,160.0,,99.0,584.90234375,,0
1782299046.717435,7407.644720,161.0,,99.0,584.90234375,,0
1782299046.817435,7407.744719,166.0,,98.0,584.90234375,,0
1782299046.917435,7407.844720,160.0,,98.0,584.90234375,,0
1782299047.017435,7407.944719,159.0,,99.0,584.90234375,,0
1782299047.117433,7408.044718,151.0,,98.0,584.90234375,,0
1782299047.217438,7408.144723,159.0,,98.0,584.90234375,,0
1782299047.317438,7408.244722,157.0,,98.0,584.90234375,,0
1782299047.417439,7408.344722,162.0,,99.0,584.90234375,,0
1782299047.517436,7408.444721,159.0,,98.0,584.90234375,,0
1782299047.617436,7408.544721,156.0,,99.0,584.90234375,,0
1782299047.717434,7408.644719,159.0,,98.0,584.90234375,,0
1782299047.817435,7408.744720,159.0,,98.0,584.90234375,,0
1782299047.917435,7408.844719,159.0,,98.0,584.90234375,,0
1782299048.017434,7408.944717,161.0,,98.0,584.90234375,,0
1782299048.117436,7409.044720,160.0,,98.0,584.90234375,,0
1782299048.217435,7409.144720,160.0,,98.0,584.90234375,,0
1782299048.317434,7409.244719,160.0,,98.0,584.90234375,,0
1782299048.417436,7409.344721,159.0,,98.0,584.90234375,,0
1782299048.517452,7409.444736,162.0,,98.0,584.90234375,,0
1782299048.617434,7409.544718,161.0,,98.0,584.90234375,,0
1782299048.717433,7409.644717,160.0,,98.0,584.90234375,,0
1782299048.817439,7409.744723,158.0,,98.0,584.90234375,,0
1782299048.917448,7409.844732,162.0,,98.0,584.90234375,,0
1782299049.017434,7409.944719,159.0,,98.0,584.90234375,,0
1782299049.117441,7410.044725,159.0,,98.0,584.90234375,,0
1782299049.217438,7410.144723,159.0,,98.0,584.90234375,,0
1782299049.317438,7410.244722,159.0,,98.0,584.90234375,,0
1782299049.417434,7410.344719,159.0,,98.0,584.90234375,,0
1782299049.517442,7410.444725,159.0,,98.0,584.90234375,,0
1782299049.617434,7410.544719,159.0,,98.0,584.90234375,,0
1782299049.717441,7410.644726,159.0,,98.0,584.90234375,,0
1782299049.817437,7410.744722,159.0,,98.0,584.90234375,,0
1782299049.917435,7410.844720,159.0,,98.0,584.90234375,,0
1782299050.017437,7410.944722,159.0,,98.0,584.90234375,,0
1782299050.117434,7411.044717,159.0,,98.0,584.90234375,,0
1782299050.217379,7411.144663,159.0,,98.0,584.90234375,,0
1782299050.317454,7411.244738,160.0,,98.0,584.90234375,,0
1782299050.417435,7411.344720,160.0,,98.0,584.90234375,,0
1782299050.517435,7411.444719,160.0,,98.0,584.90234375,,0
1782299050.617441,7411.544726,161.0,,98.0,584.90234375,,0
1782299050.717434,7411.644718,159.0,,98.0,584.90234375,,0
1782299050.817439,7411.744724,160.0,,98.0,584.90234375,,0
1782299050.917439,7411.844723,160.0,,98.0,584.90234375,,0
1782299051.017437,7411.944721,160.0,,98.0,584.90234375,,0
1782299051.117445,7412.044728,161.0,,98.0,584.90234375,,0
1782299051.217346,7412.144630,162.0,,98.0,584.90234375,,0
1782299051.317374,7412.244659,160.0,,98.0,584.90234375,,0
1782299051.417439,7412.344722,160.0,,98.0,584.90234375,,0
1782299051.517427,7412.444711,160.0,,98.0,584.90234375,,0
1782299051.617437,7412.544721,159.0,,98.0,584.90234375,,0
1782299051.717438,7412.644723,160.0,,98.0,584.90234375,,0
1782299051.817435,7412.744719,162.0,,98.0,584.90234375,,0
1782299051.917433,7412.844716,162.0,,98.0,584.90234375,,0
1782299052.017436,7412.944720,162.0,,98.0,584.90234375,,0
1782299052.117438,7413.044723,162.0,,98.0,584.90234375,,0
1782299052.217437,7413.144721,162.0,,98.0,584.90234375,,0
1782299052.317435,7413.244719,162.0,,98.0,584.90234375,,0
1782299052.417650,7413.344934,161.0,,98.0,584.90234375,,0
1782299052.517440,7413.444725,162.0,,98.0,584.90234375,,0
1782299052.617442,7413.544726,162.0,,98.0,584.90234375,,0
1782299052.717439,7413.644722,161.0,,98.0,584.90234375,,0
1782299052.817440,7413.744724,161.0,,98.0,584.90234375,,0
1782299052.917435,7413.844719,162.0,,98.0,584.90234375,,0
1782299053.017438,7413.944721,162.0,,98.0,584.90234375,,0
1782299053.117441,7414.044724,162.0,,98.0,584.90234375,,0
1782299053.217443,7414.144729,162.0,,98.0,584.90234375,,0
1782299053.317347,7414.244630,162.0,,98.0,584.90234375,,0
1782299053.417432,7414.344716,161.0,,98.0,584.90234375,,0
1782299053.517442,7414.444726,161.0,,98.0,584.90234375,,0
1782299053.617438,7414.544723,161.0,,98.0,584.90234375,,0
1782299053.717439,7414.644722,162.0,,98.0,584.90234375,,0
1782299053.817441,7414.744725,162.0,,98.0,584.90234375,,0
1782299053.917438,7414.844722,162.0,,98.0,584.90234375,,0
1782299054.017347,7414.944630,162.0,,98.0,584.90234375,,0
1782299054.117439,7415.044723,162.0,,98.0,584.90234375,,0
1782299054.217436,7415.144720,162.0,,98.0,584.90234375,,0
1782299054.317440,7415.244724,162.0,,98.0,584.90234375,,0
1782299054.417437,7415.344720,162.0,,98.0,584.90234375,,0
1782299054.517437,7415.444722,162.0,,98.0,584.90234375,,0
1782299054.617347,7415.544630,162.0,,98.0,584.90234375,,0
1782299054.717434,7415.644717,162.0,,98.0,584.90234375,,0
1782299054.817347,7415.744630,163.0,,98.0,584.90234375,,0
1782299054.917437,7415.844720,163.0,,98.0,584.90234375,,0
1782299055.017433,7415.944716,162.0,,98.0,584.90234375,,0
1782299055.117439,7416.044723,162.0,,98.0,584.90234375,,0
1782299055.217375,7416.144659,162.0,,98.0,584.90234375,,0
1782299055.317435,7416.244719,162.0,,98.0,584.90234375,,0
1782299055.417436,7416.344719,162.0,,98.0,584.90234375,,0
1782299055.517347,7416.444630,162.0,,98.0,584.90234375,,0
1782299055.617437,7416.544720,162.0,,98.0,584.90234375,,0
1782299055.717440,7416.644723,163.0,,98.0,584.90234375,,0
1782299055.817347,7416.744630,163.0,,98.0,584.90234375,,0
1782299055.917450,7416.844734,162.0,,98.0,584.90234375,,0
1782299056.017439,7416.944722,162.0,,98.0,584.90234375,,0
1782299056.117365,7417.044650,162.0,,98.0,584.90234375,,0
1782299056.217439,7417.144722,162.0,,98.0,584.90234375,,0
1782299056.317438,7417.244722,162.0,,98.0,584.90234375,,0
1782299056.417376,7417.344660,162.0,,98.0,584.90234375,,0
1782299056.517437,7417.444721,163.0,,98.0,584.90234375,,0
1782299056.617347,7417.544630,162.0,,98.0,584.90234375,,0
1782299056.717347,7417.644630,163.0,,98.0,584.90234375,,0
1782299056.817438,7417.744722,163.0,,98.0,584.90234375,,0
1782299056.917438,7417.844722,162.0,,98.0,584.90234375,,0
1782299057.017437,7417.944720,162.0,,98.0,584.90234375,,0
1782299057.117434,7418.044717,162.0,,98.0,584.90234375,,0
1782299057.217366,7418.144650,162.0,,98.0,584.90234375,,0
1782299057.317436,7418.244721,162.0,,98.0,584.90234375,,0
1782299057.417439,7418.344723,163.0,,98.0,584.90234375,,0
1782299057.517347,7418.444630,163.0,,98.0,584.90234375,,0
1782299057.617455,7418.544740,163.0,,98.0,584.90234375,,0
1782299057.717375,7418.644659,163.0,,98.0,584.90234375,,0
1782299057.817439,7418.744723,163.0,,98.0,584.90234375,,0
1782299057.917438,7418.844722,162.0,,98.0,584.90234375,,0
1782299058.017443,7418.944726,163.0,,98.0,584.90234375,,0
1782299058.117440,7419.044724,163.0,,98.0,584.90234375,,0
1782299058.217438,7419.144721,163.0,,98.0,584.90234375,,0
1782299058.317431,7419.244715,163.0,,98.0,584.90234375,,0
1782299058.417346,7419.344630,162.0,,98.0,584.90234375,,0
1782299058.517433,7419.444717,161.0,,98.0,584.90234375,,0
1782299058.617440,7419.544724,161.0,,98.0,584.90234375,,0
1782299058.717438,7419.644722,161.0,,98.0,584.90234375,,0
1782299058.817463,7419.744747,161.0,,98.0,584.90234375,,0
1782299058.917438,7419.844721,161.0,,98.0,584.90234375,,0
1782299059.017436,7419.944720,161.0,,98.0,584.90234375,,0
1782299059.117440,7420.044723,163.0,,98.0,584.90234375,,0
1782299059.217347,7420.144630,162.0,,98.0,584.90234375,,0
1782299059.317438,7420.244721,161.0,,98.0,584.90234375,,0
1782299059.417440,7420.344725,161.0,,98.0,584.90234375,,0
1782299059.517431,7420.444714,161.0,,98.0,584.90234375,,0
1782299059.617441,7420.544724,160.0,,98.0,584.90234375,,0
1782299059.717347,7420.644630,160.0,,98.0,584.90234375,,0
1782299059.817433,7420.744718,161.0,,98.0,584.90234375,,0
1782299059.917435,7420.844718,161.0,,98.0,584.90234375,,0
1782299060.017433,7420.944716,161.0,,98.0,584.90234375,,0
1782299060.117438,7421.044723,162.0,,98.0,584.90234375,,0
1782299060.217433,7421.144716,161.0,,98.0,584.90234375,,0
1782299060.317347,7421.244630,161.0,,98.0,584.90234375,,0
1782299060.417438,7421.344721,161.0,,98.0,584.90234375,,0
1782299060.517438,7421.444721,161.0,,98.0,584.90234375,,0
1782299060.617434,7421.544717,160.0,,98.0,584.90234375,,0
1782299060.717434,7421.644717,161.0,,98.0,584.90234375,,0
1782299060.817432,7421.744715,161.0,,98.0,584.90234375,,0
1782299060.917375,7421.844659,161.0,,98.0,584.90234375,,0
1782299061.017436,7421.944719,161.0,,98.0,584.90234375,,0
1782299061.117439,7422.044723,161.0,,98.0,584.90234375,,0
1782299061.217441,7422.144724,161.0,,98.0,584.90234375,,0
1782299061.317457,7422.244740,161.0,,98.0,584.90234375,,0
1782299061.417440,7422.344723,161.0,,98.0,584.90234375,,0
1782299061.517437,7422.444720,161.0,,98.0,584.90234375,,0
1782299061.617366,7422.544651,161.0,,98.0,584.90234375,,0
1782299061.717432,7422.644717,161.0,,98.0,584.90234375,,0
1782299061.817437,7422.744720,161.0,,98.0,584.90234375,,0
1782299061.917432,7422.844715,161.0,,98.0,584.90234375,,0
1782299062.017436,7422.944720,162.0,,98.0,584.90234375,,0
1782299062.117433,7423.044717,161.0,,98.0,584.90234375,,0
1782299062.217435,7423.144719,161.0,,98.0,584.90234375,,0
1782299062.317435,7423.244718,161.0,,98.0,584.90234375,,0
1782299062.417435,7423.344718,161.0,,98.0,584.90234375,,0
1782299062.517435,7423.444718,161.0,,98.0,584.90234375,,0
1782299062.617437,7423.544720,161.0,,98.0,584.90234375,,0
1782299062.717441,7423.644727,161.0,,98.0,584.90234375,,0
1782299062.817429,7423.744714,161.0,,98.0,584.90234375,,0
1782299062.917436,7423.844721,161.0,,98.0,584.90234375,,0
1782299063.017434,7423.944718,161.0,,98.0,584.90234375,,0
1782299063.117429,7424.044713,162.0,,99.0,584.90234375,,0
1782299063.217440,7424.144723,159.0,,98.0,584.90234375,,0
1782299063.317441,7424.244725,159.0,,99.0,584.90234375,,0
1782299063.417438,7424.344721,157.0,,99.0,584.90234375,,0
1782299063.517433,7424.444718,161.0,,99.0,584.90234375,,0
1782299063.617438,7424.544723,157.0,,98.0,584.90234375,,0
1782299063.717438,7424.644723,160.0,,99.0,584.90234375,,0
1782299063.817439,7424.744724,160.0,,99.0,584.90234375,,0
1782299063.917428,7424.844711,164.0,,98.0,584.90234375,,0
1782299064.017442,7424.944726,163.0,,99.0,584.90234375,,0
1782299064.117440,7425.044726,158.0,,99.0,584.90234375,,0
1782299064.217434,7425.144717,162.0,,98.0,584.90234375,,0
1782299064.317434,7425.244717,160.0,,98.0,584.90234375,,0
1782299064.417435,7425.344718,161.0,,98.0,584.90234375,,0
1782299064.517428,7425.444711,161.0,,98.0,584.90234375,,0
1782299064.617432,7425.544717,161.0,,98.0,584.90234375,,0
1782299064.717434,7425.644718,161.0,,98.0,584.90234375,,0
1782299064.817436,7425.744719,161.0,,98.0,584.90234375,,0
1782299064.917435,7425.844720,161.0,,98.0,584.90234375,,0
1782299065.017436,7425.944720,161.0,,98.0,584.90234375,,0
1782299065.117438,7426.044721,161.0,,98.0,584.90234375,,0
1782299065.217436,7426.144721,161.0,,98.0,584.90234375,,0
1782299065.317439,7426.244724,161.0,,98.0,584.90234375,,0
1782299065.417429,7426.344714,161.0,,98.0,584.90234375,,0
1782299065.517440,7426.444723,161.0,,98.0,584.90234375,,0
1782299065.617436,7426.544719,161.0,,98.0,584.90234375,,0
1782299065.717462,7426.644745,161.0,,98.0,584.90234375,,0
1782299065.817435,7426.744718,161.0,,98.0,584.90234375,,0
1782299065.917462,7426.844747,161.0,,98.0,584.90234375,,0
1782299066.017438,7426.944722,161.0,,98.0,584.90234375,,0
1782299066.117347,7427.044630,161.0,,98.0,584.90234375,,0
1782299066.217432,7427.144717,160.0,,98.0,584.90234375,,0
1782299066.317347,7427.244630,161.0,,98.0,584.90234375,,0
1782299066.417346,7427.344630,161.0,,98.0,584.90234375,,0
1782299066.517428,7427.444711,161.0,,98.0,584.90234375,,0
1782299066.617347,7427.544630,161.0,,98.0,584.90234375,,0
1782299066.717435,7427.644720,161.0,,98.0,584.90234375,,0
1782299066.817427,7427.744711,161.0,,98.0,584.90234375,,0
1782299066.917428,7427.844712,161.0,,98.0,584.90234375,,0
1782299067.017426,7427.944711,161.0,,98.0,584.90234375,,0
1782299067.117435,7428.044719,161.0,,98.0,584.90234375,,0
1782299067.217437,7428.144720,161.0,,98.0,584.90234375,,0
1782299067.317436,7428.244719,161.0,,98.0,584.90234375,,0
1782299067.417437,7428.344720,161.0,,98.0,584.90234375,,0
1782299067.517441,7428.444725,161.0,,98.0,584.90234375,,0
1782299067.617439,7428.544723,161.0,,98.0,584.90234375,,0
1782299067.717442,7428.644727,161.0,,98.0,584.90234375,,0
1782299067.817441,7428.744724,161.0,,98.0,584.90234375,,0
1782299067.917439,7428.844724,161.0,,98.0,584.90234375,,0
1782299068.017452,7428.944735,161.0,,98.0,584.90234375,,0
1782299068.117442,7429.044727,161.0,,98.0,584.90234375,,0
1782299068.217438,7429.144723,161.0,,98.0,584.90234375,,0
1782299068.317436,7429.244720,161.0,,98.0,584.90234375,,0
1782299068.417436,7429.344720,161.0,,98.0,584.90234375,,0
1782299068.517436,7429.444719,161.0,,98.0,584.90234375,,0
1782299068.617448,7429.544731,161.0,,98.0,584.90234375,,0
1782299068.717436,7429.644719,160.0,,98.0,584.90234375,,0
1782299068.817439,7429.744722,161.0,,98.0,584.90234375,,0
1782299068.917433,7429.844717,160.0,,98.0,584.90234375,,0
1782299069.017434,7429.944718,161.0,,98.0,584.90234375,,0
1782299069.117434,7430.044719,161.0,,98.0,584.90234375,,0
1782299069.217438,7430.144723,161.0,,98.0,584.90234375,,0
1782299069.317434,7430.244719,161.0,,98.0,584.90234375,,0
1782299069.417434,7430.344717,161.0,,98.0,584.90234375,,0
1782299069.517442,7430.444726,161.0,,98.0,584.90234375,,0
1782299069.617433,7430.544717,161.0,,98.0,584.90234375,,0
1782299069.717436,7430.644720,160.0,,98.0,584.90234375,,0
1782299069.817433,7430.744718,160.0,,98.0,584.90234375,,0
1782299069.917433,7430.844717,160.0,,98.0,584.90234375,,0
1782299070.017435,7430.944718,160.0,,98.0,584.90234375,,0
1782299070.117443,7431.044726,161.0,,98.0,584.90234375,,0
1782299070.217433,7431.144716,161.0,,98.0,584.90234375,,0
1782299070.317433,7431.244718,161.0,,98.0,584.90234375,,0
1782299070.417434,7431.344719,161.0,,98.0,584.90234375,,0
1782299070.517435,7431.444720,161.0,,98.0,584.90234375,,0
1782299070.617431,7431.544714,161.0,,98.0,584.90234375,,0
1782299070.717441,7431.644725,161.0,,98.0,584.90234375,,0
1782299070.817439,7431.744723,161.0,,98.0,584.90234375,,0
1782299070.917436,7431.844719,161.0,,98.0,584.90234375,,0
1782299071.017347,7431.944630,160.0,,98.0,584.90234375,,0
1782299071.117442,7432.044725,161.0,,98.0,584.90234375,,0
1782299071.217375,7432.144659,161.0,,98.0,584.90234375,,0
1782299071.317436,7432.244719,161.0,,98.0,584.90234375,,0
1782299071.417434,7432.344717,161.0,,98.0,584.90234375,,0
1782299071.517436,7432.444719,160.0,,98.0,584.90234375,,0
1782299071.617432,7432.544715,160.0,,98.0,584.90234375,,0
1782299071.717443,7432.644726,161.0,,98.0,584.90234375,,0
1782299071.817435,7432.744718,161.0,,98.0,584.90234375,,0
1782299071.917346,7432.844630,161.0,,98.0,584.90234375,,0
1782299072.017434,7432.944718,161.0,,98.0,584.90234375,,0
1782299072.117437,7433.044721,161.0,,98.0,584.90234375,,0
1782299072.217438,7433.144721,161.0,,98.0,584.90234375,,0
1782299072.317428,7433.244712,161.0,,98.0,584.90234375,,0
1782299072.417437,7433.344721,160.0,,98.0,584.90234375,,0
1782299072.517434,7433.444719,160.0,,98.0,584.90234375,,0
1782299072.617434,7433.544719,160.0,,98.0,584.90234375,,0
1782299072.717436,7433.644721,160.0,,98.0,584.90234375,,0
1782299072.817435,7433.744718,160.0,,98.0,584.90234375,,0
1782299072.917433,7433.844717,160.0,,98.0,584.90234375,,0
1782299073.017433,7433.944716,160.0,,98.0,584.90234375,,0
1782299073.117437,7434.044720,161.0,,98.0,584.90234375,,0
1782299073.217437,7434.144721,161.0,,98.0,584.90234375,,0
1782299073.317438,7434.244721,161.0,,98.0,584.90234375,,0
1782299073.417434,7434.344719,160.0,,98.0,584.90234375,,0
1782299073.517437,7434.444720,160.0,,98.0,584.90234375,,0
1782299073.617443,7434.544728,160.0,,98.0,584.90234375,,0
1782299073.717439,7434.644724,160.0,,98.0,584.90234375,,0
1782299073.817446,7434.744731,161.0,,98.0,584.90234375,,0
1782299073.917440,7434.844725,161.0,,98.0,584.90234375,,0
1782299074.017440,7434.944723,161.0,,98.0,584.90234375,,0
1782299074.117434,7435.044717,161.0,,98.0,584.90234375,,0
1782299074.217434,7435.144718,160.0,,98.0,584.90234375,,0
1782299074.317433,7435.244716,160.0,,98.0,584.90234375,,0
1782299074.417437,7435.344721,160.0,,98.0,584.90234375,,0
1782299074.517435,7435.444720,160.0,,98.0,584.90234375,,0
1782299074.617436,7435.544719,160.0,,98.0,584.90234375,,0
1782299074.717434,7435.644719,160.0,,98.0,584.90234375,,0
1782299074.817436,7435.744720,160.0,,98.0,584.90234375,,0
1782299074.917435,7435.844719,161.0,,98.0,584.90234375,,0
1782299075.017448,7435.944731,160.0,,98.0,584.90234375,,0
1782299075.117347,7436.044631,159.0,,98.0,584.90234375,,0
1782299075.217361,7436.144645,140.0,,83.0,584.90234375,,0
1782299075.317441,7436.244726,36.0,,3.0,584.90234375,,0
1782299075.417442,7436.344726,37.0,,3.0,584.90234375,,0
1782299075.517441,7436.444725,22.0,,3.0,584.90234375,,0
1782299075.617441,7436.544726,16.0,,3.0,584.90234375,,0
1782299075.717442,7436.644727,23.0,,3.0,584.90234375,,0
1782299075.817446,7436.744731,17.0,,3.0,584.90234375,,0
1782299075.917439,7436.844724,20.0,,3.0,584.90234375,,0
1782299076.017440,7436.944725,18.0,,2.0,584.90234375,,0
1782299076.117441,7437.044726,16.0,,3.0,584.90234375,,0
1782299076.217443,7437.144728,17.0,,3.0,584.90234375,,0
1782299076.317445,7437.244730,16.0,,3.0,584.90234375,,0
1782299076.417451,7437.344736,17.0,,3.0,584.90234375,,0
1782299076.517441,7437.444726,18.0,,3.0,584.90234375,,0
1782299076.617441,7437.544725,17.0,,3.0,584.90234375,,0
1782299076.717442,7437.644727,17.0,,3.0,584.90234375,,0
1782299076.817441,7437.744726,17.0,,3.0,584.90234375,,0
1782299076.917441,7437.844726,19.0,,3.0,584.90234375,,0
1782299077.017441,7437.944725,17.0,,3.0,584.90234375,,0
1782299077.117449,7438.044734,16.0,,3.0,584.90234375,,0
1782299077.217442,7438.144727,22.0,,3.0,584.90234375,,0
1782299077.317441,7438.244726,16.0,,3.0,584.90234375,,0
1782299077.417442,7438.344726,16.0,,3.0,584.90234375,,0
1782299077.517433,7438.444716,16.0,,3.0,584.90234375,,0
1782299077.617444,7438.544729,16.0,,2.0,584.90234375,,0
1782299077.717441,7438.644726,16.0,,3.0,584.90234375,,0
1782299077.817443,7438.744727,17.0,,3.0,584.90234375,,0
1782299077.917449,7438.844733,18.0,,3.0,584.90234375,,0
1782299078.017439,7438.944724,16.0,,3.0,584.90234375,,0
1782299078.117433,7439.044717,16.0,,3.0,584.90234375,,0
1782299078.217440,7439.144725,16.0,,3.0,584.90234375,,0
1782299078.317442,7439.244727,18.0,,3.0,584.90234375,,0
1782299078.417440,7439.344725,17.0,,3.0,584.90234375,,0
1782299078.517442,7439.444726,16.0,,3.0,584.90234375,,0
1782299078.617446,7439.544731,15.0,,3.0,584.90234375,,0
1782299078.717450,7439.644735,16.0,,4.0,584.90234375,,0
1782299078.817441,7439.744726,16.0,,3.0,584.90234375,,0
1782299078.917439,7439.844724,16.0,,3.0,584.90234375,,0
1782299079.017446,7439.944731,15.0,,3.0,584.90234375,,0
1782299079.117440,7440.044725,16.0,,3.0,584.90234375,,0
1782299079.217440,7440.144725,16.0,,3.0,584.90234375,,0
1782299079.317441,7440.244725,16.0,,3.0,584.90234375,,0
1782299079.417443,7440.344728,16.0,,3.0,584.90234375,,0
1782299079.517442,7440.444727,16.0,,3.0,584.90234375,,0
1782299079.617444,7440.544728,16.0,,3.0,584.90234375,,0
1782299079.717441,7440.644725,16.0,,3.0,584.90234375,,0
1782299079.817443,7440.744727,16.0,,3.0,584.90234375,,0
1782299079.917441,7440.844726,16.0,,3.0,584.90234375,,0
1782299080.017443,7440.944728,16.0,,3.0,584.90234375,,0
1782299080.117455,7441.044740,20.0,,3.0,584.90234375,,0
1782299080.217350,7441.144633,95.0,,98.0,584.90234375,,0
1782299080.317348,7441.244631,119.0,,98.0,584.90234375,,0
1782299080.417349,7441.344632,128.0,,98.0,584.90234375,,0
1782299080.517350,7441.444633,127.0,,98.0,584.90234375,,0
1782299080.617348,7441.544631,128.0,,98.0,584.90234375,,0
1782299080.717348,7441.644631,129.0,,98.0,584.90234375,,0
1782299080.817349,7441.744632,131.0,,98.0,584.90234375,,0
1782299080.917347,7441.844630,132.0,,98.0,584.90234375,,0
1782299081.017347,7441.944631,132.0,,98.0,584.90234375,,0
1782299081.117451,7442.044735,135.0,,98.0,584.90234375,,0
1782299081.217436,7442.144719,136.0,,98.0,584.90234375,,0
1782299081.317428,7442.244711,138.0,,98.0,584.90234375,,0
1782299081.417428,7442.344712,139.0,,98.0,584.90234375,,0
1782299081.517439,7442.444722,141.0,,98.0,584.90234375,,0
1782299081.617450,7442.544733,142.0,,98.0,584.90234375,,0
1782299081.717430,7442.644713,144.0,,98.0,584.90234375,,0
1782299081.817430,7442.744713,146.0,,98.0,584.90234375,,0
1782299081.917429,7442.844712,147.0,,98.0,584.90234375,,0
1782299082.017427,7442.944711,149.0,,98.0,584.90234375,,0
1782299082.117434,7443.044718,150.0,,98.0,584.90234375,,0
1782299082.217431,7443.144714,151.0,,98.0,584.90234375,,0
1782299082.317437,7443.244720,153.0,,98.0,584.90234375,,0
1782299082.417426,7443.344710,155.0,,98.0,584.90234375,,0
1782299082.517436,7443.444720,157.0,,98.0,584.90234375,,0
1782299082.617347,7443.544630,161.0,,98.0,584.90234375,,0
1782299082.717348,7443.644632,161.0,,98.0,584.90234375,,0
1782299082.817348,7443.744631,159.0,,98.0,584.90234375,,0
1782299082.917348,7443.844631,158.0,,98.0,584.90234375,,0
1782299083.017347,7443.944630,158.0,,98.0,584.90234375,,0
1782299083.117347,7444.044630,158.0,,98.0,584.90234375,,0
1782299083.217347,7444.144630,158.0,,98.0,584.90234375,,0
1782299083.317348,7444.244631,158.0,,98.0,584.90234375,,0
1782299083.417347,7444.344630,158.0,,98.0,584.90234375,,0
1782299083.517348,7444.444631,158.0,,98.0,584.90234375,,0
1782299083.617347,7444.544631,158.0,,98.0,584.90234375,,0
1782299083.717349,7444.644632,158.0,,98.0,584.90234375,,0
1782299083.817348,7444.744631,158.0,,98.0,584.90234375,,0
1782299083.917346,7444.844630,158.0,,98.0,584.90234375,,0
1782299084.017348,7444.944631,158.0,,98.0,584.90234375,,0
1782299084.117346,7445.044629,158.0,,98.0,584.90234375,,0
1782299084.217347,7445.144630,158.0,,98.0,584.90234375,,0
1782299084.317347,7445.244630,158.0,,98.0,584.90234375,,0
1782299084.417348,7445.344631,159.0,,98.0,584.90234375,,0
1782299084.517348,7445.444631,159.0,,98.0,584.90234375,,0
1782299084.617347,7445.544630,159.0,,98.0,584.90234375,,0
1782299084.717348,7445.644631,159.0,,98.0,584.90234375,,0
1782299084.817349,7445.744632,160.0,,98.0,584.90234375,,0
1782299084.917346,7445.844630,159.0,,98.0,584.90234375,,0
1782299085.017348,7445.944631,159.0,,98.0,584.90234375,,0
1782299085.117346,7446.044629,158.0,,98.0,584.90234375,,0
1782299085.217348,7446.144631,158.0,,98.0,584.90234375,,0
1782299085.317348,7446.244631,159.0,,98.0,584.90234375,,0
1782299085.417348,7446.344631,159.0,,98.0,584.90234375,,0
1782299085.517348,7446.444631,159.0,,98.0,584.90234375,,0
1782299085.617347,7446.544630,159.0,,98.0,584.90234375,,0
1782299085.717347,7446.644630,159.0,,98.0,584.90234375,,0
1782299085.817348,7446.744631,159.0,,98.0,584.90234375,,0
1782299085.917347,7446.844630,159.0,,98.0,584.90234375,,0
1782299086.017347,7446.944631,159.0,,98.0,584.90234375,,0
1782299086.117348,7447.044631,159.0,,98.0,584.90234375,,0
1782299086.217347,7447.144630,159.0,,98.0,584.90234375,,0
1782299086.317348,7447.244632,158.0,,98.0,584.90234375,,0
1782299086.417348,7447.344631,158.0,,98.0,584.90234375,,0
1782299086.517426,7447.444710,158.0,,98.0,584.90234375,,0
1782299086.617433,7447.544716,159.0,,98.0,584.90234375,,0
1782299086.717427,7447.644711,159.0,,98.0,584.90234375,,0
1782299086.817436,7447.744719,159.0,,98.0,584.90234375,,0
1782299086.917437,7447.844720,159.0,,98.0,584.90234375,,0
1782299087.017429,7447.944713,159.0,,98.0,584.90234375,,0
1782299087.117435,7448.044719,160.0,,98.0,584.90234375,,0
1782299087.217435,7448.144718,159.0,,98.0,584.90234375,,0
1782299087.317437,7448.244721,159.0,,98.0,584.90234375,,0
1782299087.417434,7448.344717,159.0,,98.0,584.90234375,,0
1782299087.517434,7448.444717,159.0,,98.0,584.90234375,,0
1782299087.617433,7448.544717,159.0,,98.0,584.90234375,,0
1782299087.717432,7448.644717,160.0,,98.0,584.90234375,,0
1782299087.817440,7448.744724,160.0,,98.0,584.90234375,,0
1782299087.917432,7448.844715,160.0,,98.0,584.90234375,,0
1782299088.017348,7448.944631,160.0,,98.0,584.90234375,,0
1782299088.117347,7449.044630,159.0,,98.0,584.90234375,,0
1782299088.217348,7449.144631,160.0,,98.0,584.90234375,,0
1782299088.317348,7449.244631,163.0,,98.0,584.90234375,,0
1782299088.417348,7449.344631,162.0,,98.0,584.90234375,,0
1782299088.517348,7449.444631,162.0,,98.0,584.90234375,,0
1782299088.617348,7449.544631,160.0,,98.0,584.90234375,,0
1782299088.717349,7449.644632,161.0,,98.0,584.90234375,,0
1782299088.817348,7449.744631,161.0,,98.0,584.90234375,,0
1782299088.917348,7449.844631,162.0,,98.0,584.90234375,,0
1782299089.017347,7449.944630,161.0,,98.0,584.90234375,,0
1782299089.117346,7450.044629,158.0,,98.0,584.90234375,,0
1782299089.217349,7450.144632,158.0,,98.0,584.90234375,,0
1782299089.317348,7450.244631,158.0,,98.0,584.90234375,,0
1782299089.417348,7450.344631,158.0,,98.0,584.90234375,,0
1782299089.517347,7450.444630,158.0,,98.0,584.90234375,,0
1782299089.617347,7450.544630,159.0,,98.0,584.90234375,,0
1782299089.717347,7450.644630,158.0,,98.0,584.90234375,,0
1782299089.817347,7450.744630,158.0,,98.0,584.90234375,,0
1782299089.917346,7450.844630,158.0,,98.0,584.90234375,,0
1782299090.017347,7450.944630,158.0,,98.0,584.90234375,,0
1782299090.117347,7451.044630,158.0,,98.0,584.90234375,,0
1782299090.217347,7451.144630,158.0,,98.0,584.90234375,,0
1782299090.317348,7451.244631,158.0,,98.0,584.90234375,,0
1782299090.417348,7451.344631,158.0,,98.0,584.90234375,,0
1782299090.517348,7451.444632,158.0,,98.0,584.90234375,,0
1782299090.617348,7451.544631,158.0,,98.0,584.90234375,,0
1782299090.717347,7451.644630,158.0,,98.0,584.90234375,,0
1782299090.817348,7451.744631,158.0,,98.0,584.90234375,,0
1782299090.917348,7451.844631,158.0,,98.0,584.90234375,,0
1782299091.017349,7451.944632,159.0,,98.0,584.90234375,,0
1782299091.117346,7452.044630,161.0,,98.0,584.90234375,,0
1782299091.217347,7452.144630,162.0,,98.0,584.90234375,,0
1782299091.317347,7452.244631,163.0,,98.0,584.90234375,,0
1782299091.417348,7452.344631,162.0,,98.0,584.90234375,,0
1782299091.517346,7452.444630,162.0,,98.0,584.90234375,,0
1782299091.617348,7452.544631,162.0,,98.0,584.90234375,,0
1782299091.717347,7452.644630,162.0,,98.0,584.90234375,,0
1782299091.817347,7452.744630,163.0,,98.0,584.90234375,,0
1782299091.917347,7452.844630,163.0,,98.0,584.90234375,,0
1782299092.017348,7452.944631,162.0,,98.0,584.90234375,,0
1782299092.117347,7453.044630,163.0,,98.0,584.90234375,,0
1782299092.217345,7453.144628,163.0,,98.0,584.90234375,,0
1782299092.317348,7453.244631,163.0,,98.0,584.90234375,,0
1782299092.417346,7453.344629,163.0,,98.0,584.90234375,,0
1782299092.517348,7453.444631,163.0,,98.0,584.90234375,,0
1782299092.617347,7453.544630,162.0,,98.0,584.90234375,,0
1782299092.717347,7453.644630,163.0,,98.0,584.90234375,,0
1782299092.817348,7453.744631,163.0,,98.0,584.90234375,,0
1782299092.917345,7453.844628,163.0,,98.0,584.90234375,,0
1782299093.017347,7453.944631,163.0,,98.0,584.90234375,,0
1782299093.117347,7454.044630,163.0,,98.0,584.90234375,,0
1782299093.217349,7454.144632,163.0,,98.0,584.90234375,,0
1782299093.317348,7454.244631,162.0,,98.0,584.90234375,,0
1782299093.417348,7454.344631,162.0,,98.0,584.90234375,,0
1782299093.517347,7454.444630,162.0,,98.0,584.90234375,,0
1782299093.617347,7454.544630,162.0,,98.0,584.90234375,,0
1782299093.717347,7454.644630,161.0,,98.0,584.90234375,,0
1782299093.817348,7454.744631,161.0,,98.0,584.90234375,,0
1782299093.917347,7454.844630,161.0,,98.0,584.90234375,,0
1782299094.017348,7454.944631,161.0,,98.0,584.90234375,,0
1782299094.117346,7455.044629,161.0,,98.0,584.90234375,,0
1782299094.217346,7455.144630,161.0,,98.0,584.90234375,,0
1782299094.317349,7455.244632,162.0,,98.0,584.90234375,,0
1782299094.417348,7455.344631,159.0,,99.0,584.90234375,,0
1782299094.517347,7455.444630,164.0,,99.0,584.90234375,,0
1782299094.617348,7455.544631,163.0,,99.0,584.90234375,,0
1782299094.717348,7455.644632,160.0,,98.0,584.90234375,,0
1782299094.817348,7455.744632,158.0,,98.0,584.90234375,,0
1782299094.917347,7455.844630,160.0,,98.0,584.90234375,,0
1782299095.017348,7455.944631,164.0,,98.0,584.90234375,,0
1782299095.117346,7456.044629,158.0,,98.0,584.90234375,,0
1782299095.217346,7456.144629,157.0,,98.0,584.90234375,,0
1782299095.317347,7456.244630,164.0,,99.0,584.90234375,,0
1782299095.417348,7456.344631,163.0,,98.0,584.90234375,,0
1782299095.517347,7456.444630,163.0,,99.0,584.90234375,,0
1782299095.617348,7456.544631,160.0,,99.0,584.90234375,,0
1782299095.717349,7456.644632,161.0,,99.0,584.90234375,,0
1782299095.817346,7456.744629,162.0,,98.0,584.90234375,,0
1782299095.917348,7456.844631,162.0,,98.0,584.90234375,,0
1782299096.017347,7456.944630,162.0,,98.0,584.90234375,,0
1782299096.117346,7457.044629,162.0,,98.0,584.90234375,,0
1782299096.217348,7457.144631,162.0,,98.0,584.90234375,,0
1782299096.317347,7457.244630,162.0,,98.0,584.90234375,,0
1782299096.417348,7457.344631,162.0,,98.0,584.90234375,,0
1782299096.517347,7457.444630,162.0,,98.0,584.90234375,,0
1782299096.617348,7457.544631,159.0,,98.0,584.90234375,,0
1782299096.717348,7457.644631,162.0,,98.0,584.90234375,,0
1782299096.817348,7457.744631,160.0,,98.0,584.90234375,,0
1782299096.917348,7457.844632,162.0,,98.0,584.90234375,,0
1782299097.017348,7457.944631,162.0,,98.0,584.90234375,,0
1782299097.117347,7458.044630,162.0,,98.0,584.90234375,,0
1782299097.217347,7458.144631,162.0,,98.0,584.90234375,,0
1782299097.317347,7458.244630,162.0,,98.0,584.90234375,,0
1782299097.417347,7458.344630,161.0,,98.0,584.90234375,,0
1782299097.517347,7458.444630,162.0,,98.0,584.90234375,,0
1782299097.617347,7458.544631,162.0,,98.0,584.90234375,,0
1782299097.717348,7458.644631,162.0,,98.0,584.90234375,,0
1782299097.817347,7458.744631,162.0,,98.0,584.90234375,,0
1782299097.917346,7458.844630,162.0,,98.0,584.90234375,,0
1782299098.017345,7458.944628,162.0,,98.0,584.90234375,,0
1782299098.117346,7459.044629,162.0,,98.0,584.90234375,,0
1782299098.217345,7459.144629,162.0,,98.0,584.90234375,,0
1782299098.317347,7459.244630,162.0,,98.0,584.90234375,,0
1782299098.417346,7459.344630,162.0,,98.0,584.90234375,,0
1782299098.517347,7459.444630,162.0,,98.0,584.90234375,,0
1782299098.617347,7459.544630,162.0,,98.0,584.90234375,,0
1782299098.717347,7459.644630,162.0,,98.0,584.90234375,,0
1782299098.817348,7459.744631,162.0,,98.0,584.90234375,,0
1782299098.917348,7459.844631,162.0,,98.0,584.90234375,,0
1782299099.017431,7459.944716,161.0,,98.0,584.90234375,,0
1782299099.117450,7460.044733,162.0,,98.0,584.90234375,,0
1782299099.217438,7460.144721,162.0,,98.0,584.90234375,,0
1782299099.317434,7460.244717,162.0,,98.0,584.90234375,,0
1782299099.417432,7460.344717,162.0,,98.0,584.90234375,,0
1782299099.517431,7460.444715,162.0,,98.0,584.90234375,,0
1782299099.617434,7460.544717,162.0,,98.0,584.90234375,,0
1782299099.717442,7460.644725,162.0,,98.0,584.90234375,,0
1782299099.817436,7460.744720,162.0,,98.0,584.90234375,,0
1782299099.917429,7460.844714,162.0,,98.0,584.90234375,,0
1782299100.017349,7460.944632,162.0,,98.0,584.90234375,,0
1782299100.117435,7461.044720,160.0,,98.0,584.90234375,,0
1782299100.217436,7461.144719,161.0,,98.0,584.90234375,,0
1782299100.317347,7461.244630,161.0,,98.0,584.90234375,,0
1782299100.417348,7461.344631,161.0,,98.0,584.90234375,,0
1782299100.517443,7461.444726,158.0,,98.0,584.90234375,,0
1782299100.617435,7461.544720,158.0,,98.0,584.90234375,,0
1782299100.717435,7461.644718,157.0,,98.0,584.90234375,,0
1782299100.817434,7461.744718,157.0,,98.0,584.90234375,,0
1782299100.917376,7461.844660,159.0,,98.0,584.90234375,,0
1782299101.017347,7461.944630,161.0,,98.0,584.90234375,,0
1782299101.117429,7462.044714,161.0,,98.0,584.90234375,,0
1782299101.217436,7462.144719,161.0,,98.0,584.90234375,,0
1782299101.317439,7462.244723,162.0,,98.0,584.90234375,,0
1782299101.417435,7462.344718,162.0,,98.0,584.90234375,,0
1782299101.517473,7462.444758,162.0,,98.0,584.90234375,,0
1782299101.617434,7462.544717,162.0,,98.0,584.90234375,,0
1782299101.717432,7462.644716,162.0,,98.0,584.90234375,,0
1782299101.817439,7462.744722,162.0,,98.0,584.90234375,,0
1782299101.917347,7462.844630,162.0,,98.0,584.90234375,,0
1782299102.017435,7462.944718,161.0,,98.0,584.90234375,,0
1782299102.117432,7463.044717,162.0,,98.0,584.90234375,,0
1782299102.217346,7463.144630,161.0,,98.0,584.90234375,,0
1782299102.317433,7463.244716,162.0,,98.0,584.90234375,,0
1782299102.417434,7463.344720,162.0,,98.0,584.90234375,,0
1782299102.517436,7463.444720,162.0,,98.0,584.90234375,,0
1782299102.617436,7463.544721,162.0,,98.0,584.90234375,,0
1782299102.717435,7463.644718,162.0,,98.0,584.90234375,,0
1782299102.817431,7463.744715,162.0,,98.0,584.90234375,,0
1782299102.917434,7463.844719,162.0,,98.0,584.90234375,,0
1782299103.017432,7463.944715,162.0,,98.0,584.90234375,,0
1782299103.117433,7464.044718,162.0,,98.0,584.90234375,,0
1782299103.217375,7464.144660,162.0,,98.0,584.90234375,,0
1782299103.317437,7464.244721,163.0,,98.0,584.90234375,,0
1782299103.417440,7464.344723,162.0,,98.0,584.90234375,,0
1782299103.517434,7464.444717,162.0,,98.0,584.90234375,,0
1782299103.617430,7464.544713,162.0,,98.0,584.90234375,,0
1782299103.717438,7464.644722,162.0,,98.0,584.90234375,,0
1782299103.817433,7464.744716,162.0,,98.0,584.90234375,,0
1782299103.917438,7464.844721,162.0,,98.0,584.90234375,,0
1782299104.017435,7464.944719,162.0,,98.0,584.90234375,,0
1782299104.117438,7465.044721,162.0,,98.0,584.90234375,,0
1782299104.217438,7465.144721,162.0,,98.0,584.90234375,,0
1782299104.317437,7465.244721,162.0,,98.0,584.90234375,,0
1782299104.417433,7465.344716,162.0,,98.0,584.90234375,,0
1782299104.517436,7465.444721,162.0,,98.0,584.90234375,,0
1782299104.617435,7465.544718,162.0,,98.0,584.90234375,,0
1782299104.717445,7465.644728,162.0,,98.0,584.90234375,,0
1782299104.817437,7465.744721,162.0,,98.0,584.90234375,,0
1782299104.917434,7465.844717,162.0,,98.0,584.90234375,,0
1782299105.017435,7465.944719,162.0,,98.0,584.90234375,,0
1782299105.117443,7466.044727,162.0,,98.0,584.90234375,,0
1782299105.217436,7466.144719,162.0,,98.0,584.90234375,,0
1782299105.317432,7466.244715,162.0,,98.0,584.90234375,,0
1782299105.417437,7466.344721,162.0,,98.0,584.90234375,,0
1782299105.517429,7466.444712,162.0,,98.0,584.90234375,,0
1782299105.617433,7466.544718,162.0,,98.0,584.90234375,,0
1782299105.717450,7466.644734,162.0,,98.0,584.90234375,,0
1782299105.817436,7466.744720,162.0,,98.0,584.90234375,,0
1782299105.917346,7466.844630,162.0,,98.0,584.90234375,,0
1782299106.017435,7466.944719,162.0,,98.0,584.90234375,,0
1782299106.117436,7467.044720,162.0,,98.0,584.90234375,,0
1782299106.217347,7467.144630,162.0,,98.0,584.90234375,,0
1782299106.317421,7467.244705,162.0,,98.0,584.90234375,,0
1782299106.417455,7467.344740,162.0,,98.0,584.90234375,,0
1782299106.517435,7467.444720,162.0,,98.0,584.90234375,,0
1782299106.617440,7467.544723,162.0,,98.0,584.90234375,,0
1782299106.717432,7467.644716,162.0,,98.0,584.90234375,,0
1782299106.817433,7467.744716,162.0,,98.0,584.90234375,,0
1782299106.917433,7467.844716,161.0,,98.0,584.90234375,,0
1782299107.017425,7467.944711,161.0,,98.0,584.90234375,,0
1782299107.117347,7468.044630,162.0,,98.0,584.90234375,,0
1782299107.217347,7468.144630,162.0,,98.0,584.90234375,,0
1782299107.317436,7468.244719,162.0,,98.0,584.90234375,,0
1782299107.417438,7468.344721,162.0,,98.0,584.90234375,,0
1782299107.517437,7468.444722,162.0,,98.0,584.90234375,,0
1782299107.617347,7468.544630,162.0,,98.0,584.90234375,,0
1782299107.717436,7468.644721,162.0,,98.0,584.90234375,,0
1782299107.817436,7468.744720,161.0,,98.0,584.90234375,,0
1782299107.917434,7468.844717,162.0,,98.0,584.90234375,,0
1782299108.017433,7468.944716,162.0,,98.0,584.90234375,,0
1782299108.117433,7469.044716,162.0,,98.0,584.90234375,,0
1782299108.217431,7469.144714,161.0,,98.0,584.90234375,,0
1782299108.317440,7469.244723,161.0,,98.0,584.90234375,,0
1782299108.417438,7469.344721,162.0,,98.0,584.90234375,,0
1782299108.517436,7469.444721,162.0,,98.0,584.90234375,,0
1782299108.617434,7469.544717,162.0,,98.0,584.90234375,,0
1782299108.717442,7469.644726,162.0,,98.0,584.90234375,,0
1782299108.817433,7469.744716,162.0,,98.0,584.90234375,,0
1782299108.917375,7469.844659,162.0,,98.0,584.90234375,,0
1782299109.017436,7469.944719,162.0,,98.0,584.90234375,,0
1782299109.117441,7470.044725,162.0,,98.0,584.90234375,,0
1782299109.217432,7470.144715,161.0,,98.0,584.90234375,,0
1782299109.317348,7470.244631,162.0,,98.0,584.90234375,,0
1782299109.417346,7470.344630,161.0,,98.0,584.90234375,,0
1782299109.517433,7470.444717,161.0,,98.0,584.90234375,,0
1782299109.617368,7470.544653,162.0,,98.0,584.90234375,,0
1782299109.717432,7470.644717,162.0,,98.0,584.90234375,,0
1782299109.817434,7470.744718,162.0,,98.0,584.90234375,,0
1782299109.917440,7470.844723,162.0,,98.0,584.90234375,,0
1782299110.017439,7470.944723,162.0,,98.0,584.90234375,,0
1782299110.117435,7471.044721,162.0,,98.0,584.90234375,,0
1782299110.217366,7471.144651,163.0,,98.0,584.90234375,,0
1782299110.317431,7471.244715,161.0,,98.0,584.90234375,,0
1782299110.417430,7471.344713,161.0,,98.0,584.90234375,,0
1782299110.517434,7471.444717,162.0,,98.0,584.90234375,,0
1782299110.617433,7471.544716,162.0,,98.0,584.90234375,,0
1782299110.717436,7471.644719,162.0,,98.0,584.90234375,,0
1782299110.817347,7471.744630,162.0,,98.0,584.90234375,,0
1782299110.917345,7471.844628,162.0,,98.0,584.90234375,,0
1782299111.017434,7471.944717,161.0,,98.0,584.90234375,,0
1782299111.117433,7472.044717,161.0,,98.0,584.90234375,,0
1782299111.217346,7472.144630,162.0,,98.0,584.90234375,,0
1782299111.317428,7472.244711,161.0,,98.0,584.90234375,,0
1782299111.417434,7472.344717,162.0,,98.0,584.90234375,,0
1782299111.517452,7472.444735,161.0,,98.0,584.90234375,,0
1782299111.617449,7472.544732,162.0,,98.0,584.90234375,,0
1782299111.717440,7472.644724,161.0,,98.0,584.90234375,,0
1782299111.817438,7472.744722,161.0,,98.0,584.90234375,,0
1782299111.917436,7472.844720,161.0,,98.0,584.90234375,,0
1782299112.017457,7472.944741,162.0,,98.0,584.90234375,,0
1782299112.117435,7473.044718,162.0,,98.0,584.90234375,,0
1782299112.217432,7473.144716,161.0,,98.0,584.90234375,,0
1782299112.317347,7473.244630,164.0,,98.0,584.90234375,,0
1782299112.417437,7473.344721,161.0,,98.0,584.90234375,,0
1782299112.517442,7473.444726,161.0,,98.0,584.90234375,,0
1782299112.617457,7473.544741,161.0,,98.0,584.90234375,,0
1782299112.717442,7473.644725,162.0,,98.0,584.90234375,,0
1782299112.817431,7473.744715,162.0,,98.0,584.90234375,,0
1782299112.917346,7473.844630,161.0,,98.0,584.90234375,,0
1782299113.017434,7473.944717,160.0,,98.0,584.90234375,,0
1782299113.117432,7474.044715,157.0,,98.0,584.90234375,,0
1782299113.217439,7474.144723,160.0,,99.0,584.90234375,,0
1782299113.317433,7474.244717,165.0,,99.0,584.90234375,,0
1782299113.417427,7474.344711,158.0,,99.0,584.90234375,,0
1782299113.517436,7474.444719,162.0,,98.0,584.90234375,,0
1782299113.617434,7474.544718,164.0,,99.0,584.90234375,,0
1782299113.717375,7474.644659,159.0,,99.0,584.90234375,,0
1782299113.817439,7474.744722,162.0,,98.0,584.90234375,,0
1782299113.917440,7474.844723,159.0,,99.0,584.90234375,,0
1782299114.017440,7474.944725,159.0,,98.0,584.90234375,,0
1782299114.117347,7475.044630,161.0,,98.0,584.90234375,,0
1782299114.217439,7475.144722,159.0,,98.0,584.90234375,,0
1782299114.317429,7475.244712,160.0,,98.0,584.90234375,,0
1782299114.417438,7475.344722,160.0,,98.0,584.90234375,,0
1782299114.517437,7475.444721,161.0,,98.0,584.90234375,,0
1782299114.617437,7475.544720,161.0,,98.0,584.90234375,,0
1782299114.717437,7475.644720,161.0,,98.0,584.90234375,,0
1782299114.817347,7475.744630,161.0,,98.0,584.90234375,,0
1782299114.917438,7475.844721,161.0,,98.0,584.90234375,,0
1782299115.017448,7475.944732,162.0,,98.0,584.90234375,,0
1782299115.117435,7476.044720,161.0,,98.0,584.90234375,,0
1782299115.217377,7476.144662,39.0,,2.0,584.90234375,,0
1782299115.317443,7476.244728,38.0,,2.0,584.90234375,,0
1782299115.417444,7476.344729,36.0,,3.0,584.90234375,,0
1782299115.517444,7476.444728,27.0,,3.0,584.90234375,,0
1782299115.617443,7476.544728,19.0,,3.0,584.90234375,,0
1782299115.717443,7476.644728,18.0,,3.0,584.90234375,,0
1782299115.817444,7476.744728,17.0,,3.0,584.90234375,,0
1782299115.917438,7476.844723,18.0,,3.0,584.90234375,,0
1782299116.017447,7476.944732,18.0,,3.0,584.90234375,,0
1782299116.117443,7477.044728,17.0,,3.0,584.90234375,,0
1782299116.217447,7477.144731,17.0,,3.0,584.90234375,,0
1782299116.317444,7477.244729,16.0,,3.0,584.90234375,,0
1782299116.417439,7477.344724,17.0,,4.0,584.90234375,,0
1782299116.517441,7477.444725,17.0,,3.0,584.90234375,,0
1782299116.617446,7477.544731,17.0,,3.0,584.90234375,,0
1782299116.717445,7477.644730,16.0,,3.0,584.90234375,,0
1782299116.817439,7477.744724,18.0,,2.0,584.90234375,,0
1782299116.917371,7477.844655,18.0,,3.0,584.90234375,,0
1782299117.017444,7477.944729,18.0,,3.0,584.90234375,,0
1782299117.117450,7478.044735,17.0,,3.0,584.90234375,,0
1782299117.217445,7478.144729,19.0,,3.0,584.90234375,,0
1782299117.317445,7478.244730,19.0,,2.0,584.90234375,,0
1782299117.417445,7478.344729,17.0,,3.0,584.90234375,,0
1782299117.517450,7478.444734,17.0,,2.0,584.90234375,,0
1782299117.617444,7478.544729,21.0,,2.0,584.90234375,,0
1782299117.717444,7478.644729,16.0,,3.0,584.90234375,,0
1782299117.817439,7478.744724,18.0,,3.0,584.90234375,,0
1782299117.917447,7478.844731,17.0,,3.0,584.90234375,,0
1782299118.017441,7478.944726,17.0,,3.0,584.90234375,,0
1782299118.117440,7479.044725,17.0,,3.0,584.90234375,,0
1782299118.217444,7479.144729,17.0,,3.0,584.90234375,,0
1782299118.317443,7479.244727,17.0,,3.0,584.90234375,,0
1782299118.417444,7479.344729,17.0,,3.0,584.90234375,,0
1782299118.517440,7479.444725,18.0,,3.0,584.90234375,,0
1782299118.617440,7479.544725,17.0,,3.0,584.90234375,,0
1782299118.717442,7479.644727,20.0,,3.0,584.90234375,,0
1782299118.817443,7479.744728,17.0,,3.0,584.90234375,,0
1782299118.917446,7479.844731,19.0,,3.0,584.90234375,,0
1782299119.017441,7479.944726,17.0,,3.0,584.90234375,,0
1782299119.117440,7480.044725,18.0,,3.0,584.90234375,,0
1782299119.217441,7480.144726,16.0,,3.0,584.90234375,,0
1782299119.317454,7480.244739,16.0,,3.0,584.90234375,,0
1782299119.417446,7480.344730,18.0,,3.0,584.90234375,,0
1782299119.517444,7480.444729,16.0,,3.0,584.90234375,,0
1782299119.617446,7480.544731,17.0,,3.0,584.90234375,,0
1782299119.717445,7480.644729,17.0,,3.0,584.90234375,,0
1782299119.817446,7480.744730,18.0,,3.0,584.90234375,,0
1782299119.917440,7480.844725,17.0,,3.0,584.90234375,,0
1782299120.017447,7480.944731,17.0,,3.0,584.90234375,,0
1782299120.117444,7481.044729,17.0,,3.0,584.90234375,,0
1782299120.217347,7481.144630,29.0,,17.0,584.90234375,,0
1782299120.317432,7481.244715,120.0,,98.0,584.90234375,,0
1782299120.417346,7481.344630,128.0,,98.0,584.90234375,,0
1782299120.517434,7481.444718,127.0,,98.0,584.90234375,,0
1782299120.617433,7481.544716,130.0,,98.0,584.90234375,,0
1782299120.717429,7481.644712,130.0,,98.0,584.90234375,,0
1782299120.817434,7481.744717,132.0,,98.0,584.90234375,,0
1782299120.917441,7481.844726,133.0,,98.0,584.90234375,,0
1782299121.017347,7481.944630,133.0,,98.0,584.90234375,,0
1782299121.117440,7482.044724,134.0,,98.0,584.90234375,,0
1782299121.217432,7482.144716,136.0,,98.0,584.90234375,,0
1782299121.317435,7482.244718,138.0,,98.0,584.90234375,,0
1782299121.417436,7482.344719,139.0,,98.0,584.90234375,,0
1782299121.517432,7482.444715,141.0,,98.0,584.90234375,,0
1782299121.617439,7482.544723,143.0,,98.0,584.90234375,,0
1782299121.717374,7482.644658,143.0,,98.0,584.90234375,,0
1782299121.817440,7482.744723,146.0,,98.0,584.90234375,,0
1782299121.917436,7482.844719,148.0,,98.0,584.90234375,,0
1782299122.017440,7482.944724,150.0,,98.0,584.90234375,,0
1782299122.117440,7483.044723,152.0,,98.0,584.90234375,,0
1782299122.217437,7483.144721,152.0,,98.0,584.90234375,,0
1782299122.317438,7483.244721,154.0,,98.0,584.90234375,,0
1782299122.417347,7483.344630,157.0,,98.0,584.90234375,,0
1782299122.517430,7483.444715,158.0,,98.0,584.90234375,,0
1782299122.617437,7483.544720,162.0,,98.0,584.90234375,,0
1782299122.717441,7483.644726,159.0,,98.0,584.90234375,,0
1782299122.817433,7483.744716,158.0,,98.0,584.90234375,,0
1782299122.917436,7483.844719,160.0,,98.0,584.90234375,,0
1782299123.017434,7483.944717,159.0,,98.0,584.90234375,,0
1782299123.117429,7484.044712,159.0,,98.0,584.90234375,,0
1782299123.217373,7484.144658,158.0,,98.0,584.90234375,,0
1782299123.317438,7484.244722,159.0,,98.0,584.90234375,,0
1782299123.417438,7484.344721,160.0,,98.0,584.90234375,,0
1782299123.517432,7484.444716,162.0,,98.0,584.90234375,,0
1782299123.617436,7484.544719,160.0,,98.0,584.90234375,,0
1782299123.717347,7484.644630,159.0,,98.0,584.90234375,,0
1782299123.817436,7484.744720,159.0,,98.0,584.90234375,,0
1782299123.917435,7484.844719,159.0,,98.0,584.90234375,,0
1782299124.017445,7484.944728,159.0,,98.0,584.90234375,,0
1782299124.117433,7485.044717,159.0,,98.0,584.90234375,,0
1782299124.217437,7485.144721,159.0,,98.0,584.90234375,,0
1782299124.317437,7485.244721,159.0,,98.0,584.90234375,,0
1782299124.417438,7485.344721,159.0,,98.0,584.90234375,,0
1782299124.517435,7485.444718,159.0,,98.0,584.90234375,,0
1782299124.617433,7485.544717,159.0,,98.0,584.90234375,,0
1782299124.717432,7485.644715,159.0,,98.0,584.90234375,,0
1782299124.817436,7485.744719,159.0,,98.0,584.90234375,,0
1782299124.917438,7485.844722,159.0,,98.0,584.90234375,,0
1782299125.017435,7485.944718,159.0,,98.0,584.90234375,,0
1782299125.117441,7486.044725,159.0,,98.0,584.90234375,,0
1782299125.217430,7486.144713,160.0,,98.0,584.90234375,,0
1782299125.317440,7486.244723,160.0,,98.0,584.90234375,,0
1782299125.417446,7486.344729,160.0,,98.0,584.90234375,,0
1782299125.517436,7486.444719,159.0,,98.0,584.90234375,,0
1782299125.617367,7486.544651,160.0,,98.0,584.90234375,,0
1782299125.717431,7486.644714,161.0,,98.0,584.90234375,,0
1782299125.817433,7486.744717,161.0,,98.0,584.90234375,,0
1782299125.917440,7486.844723,160.0,,98.0,584.90234375,,0
1782299126.017435,7486.944719,159.0,,98.0,584.90234375,,0
1782299126.117436,7487.044721,159.0,,98.0,584.90234375,,0
1782299126.217433,7487.144716,160.0,,98.0,584.90234375,,0
1782299126.317433,7487.244716,160.0,,98.0,584.90234375,,0
1782299126.417444,7487.344729,160.0,,98.0,584.90234375,,0
1782299126.517437,7487.444720,160.0,,98.0,584.90234375,,0
1782299126.617347,7487.544630,160.0,,98.0,584.90234375,,0
1782299126.717436,7487.644719,160.0,,98.0,584.90234375,,0
1782299126.817439,7487.744723,160.0,,98.0,584.90234375,,0
1782299126.917440,7487.844723,160.0,,98.0,584.90234375,,0
1782299127.017437,7487.944721,160.0,,98.0,584.90234375,,0
1782299127.117440,7488.044723,160.0,,98.0,584.90234375,,0
1782299127.217374,7488.144658,160.0,,98.0,584.90234375,,0
1782299127.317436,7488.244719,160.0,,98.0,584.90234375,,0
1782299127.417440,7488.344723,160.0,,98.0,584.90234375,,0
1782299127.517433,7488.444717,160.0,,98.0,584.90234375,,0
1782299127.617347,7488.544630,160.0,,98.0,584.90234375,,0
1782299127.717347,7488.644630,159.0,,98.0,584.90234375,,0
1782299127.817434,7488.744717,160.0,,98.0,584.90234375,,0
1782299127.917346,7488.844630,160.0,,98.0,584.90234375,,0
1782299128.017436,7488.944719,160.0,,98.0,584.90234375,,0
1782299128.117433,7489.044717,160.0,,98.0,584.90234375,,0
1782299128.217440,7489.144725,160.0,,98.0,584.90234375,,0
1782299128.317434,7489.244718,160.0,,98.0,584.90234375,,0
1782299128.417436,7489.344721,160.0,,98.0,584.90234375,,0
1782299128.517437,7489.444720,160.0,,98.0,584.90234375,,0
1782299128.617437,7489.544722,161.0,,98.0,584.90234375,,0
1782299128.717346,7489.644630,160.0,,98.0,584.90234375,,0
1782299128.817441,7489.744724,160.0,,98.0,584.90234375,,0
1782299128.917445,7489.844730,160.0,,98.0,584.90234375,,0
1782299129.017347,7489.944630,164.0,,98.0,584.90234375,,0
1782299129.117430,7490.044714,160.0,,98.0,584.90234375,,0
1782299129.217438,7490.144721,160.0,,98.0,584.90234375,,0
1782299129.317440,7490.244724,160.0,,98.0,584.90234375,,0
1782299129.417438,7490.344721,162.0,,98.0,584.90234375,,0
1782299129.517441,7490.444726,161.0,,98.0,584.90234375,,0
1782299129.617435,7490.544720,159.0,,98.0,584.90234375,,0
1782299129.717375,7490.644660,159.0,,98.0,584.90234375,,0
1782299129.817347,7490.744630,160.0,,98.0,584.90234375,,0
1782299129.917434,7490.844717,160.0,,99.0,584.90234375,,0
1782299130.017435,7490.944719,162.0,,98.0,584.90234375,,0
1782299130.117440,7491.044723,162.0,,98.0,584.90234375,,0
1782299130.217430,7491.144715,158.0,,98.0,584.90234375,,0
1782299130.317436,7491.244721,162.0,,98.0,584.90234375,,0
1782299130.417435,7491.344720,163.0,,98.0,584.90234375,,0
1782299130.517438,7491.444721,160.0,,98.0,584.90234375,,0
1782299130.617432,7491.544716,163.0,,98.0,584.90234375,,0
1782299130.717439,7491.644724,161.0,,98.0,584.90234375,,0
1782299130.817434,7491.744719,163.0,,98.0,584.90234375,,0
1782299130.917436,7491.844720,160.0,,98.0,584.90234375,,0
1782299131.017438,7491.944721,161.0,,98.0,584.90234375,,0
1782299131.117440,7492.044724,161.0,,98.0,584.90234375,,0
1782299131.217376,7492.144660,161.0,,98.0,584.90234375,,0
1782299131.317435,7492.244718,161.0,,98.0,584.90234375,,0
1782299131.417434,7492.344717,161.0,,98.0,584.90234375,,0
1782299131.517438,7492.444723,161.0,,98.0,584.90234375,,0
1782299131.617435,7492.544718,162.0,,98.0,584.90234375,,0
1782299131.717439,7492.644724,162.0,,98.0,584.90234375,,0
1782299131.817438,7492.744722,161.0,,98.0,584.90234375,,0
1782299131.917438,7492.844721,161.0,,98.0,584.90234375,,0
1782299132.017432,7492.944715,161.0,,98.0,584.90234375,,0
1782299132.117438,7493.044721,162.0,,98.0,584.90234375,,0
1782299132.217434,7493.144718,161.0,,98.0,584.90234375,,0
1782299132.317442,7493.244726,162.0,,98.0,584.90234375,,0
1782299132.417437,7493.344722,162.0,,98.0,584.90234375,,0
1782299132.517430,7493.444713,162.0,,98.0,584.90234375,,0
1782299132.617435,7493.544720,163.0,,98.0,584.90234375,,0
1782299132.717436,7493.644719,163.0,,98.0,584.90234375,,0
1782299132.817347,7493.744630,164.0,,98.0,584.90234375,,0
1782299132.917437,7493.844720,162.0,,98.0,584.90234375,,0
1782299133.017431,7493.944714,164.0,,98.0,584.90234375,,0
1782299133.117365,7494.044650,163.0,,98.0,584.90234375,,0
1782299133.217435,7494.144719,162.0,,98.0,584.90234375,,0
1782299133.317436,7494.244721,161.0,,98.0,584.90234375,,0
1782299133.417429,7494.344712,162.0,,98.0,584.90234375,,0
1782299133.517436,7494.444719,162.0,,98.0,584.90234375,,0
1782299133.617436,7494.544719,162.0,,98.0,584.90234375,,0
1782299133.717434,7494.644718,163.0,,98.0,584.90234375,,0
1782299133.817433,7494.744716,161.0,,98.0,584.90234375,,0
1782299133.917431,7494.844714,161.0,,98.0,584.90234375,,0
1782299134.017436,7494.944720,161.0,,98.0,584.90234375,,0
1782299134.117346,7495.044630,161.0,,98.0,584.90234375,,0
1782299134.217436,7495.144721,161.0,,98.0,584.90234375,,0
1782299134.317434,7495.244719,162.0,,98.0,584.90234375,,0
1782299134.417435,7495.344720,162.0,,98.0,584.90234375,,0
1782299134.517433,7495.444716,162.0,,98.0,584.90234375,,0
1782299134.617347,7495.544630,161.0,,98.0,584.90234375,,0
1782299134.717345,7495.644629,161.0,,98.0,584.90234375,,0
1782299134.817462,7495.744745,161.0,,98.0,584.90234375,,0
1782299134.917432,7495.844716,162.0,,98.0,584.90234375,,0
1782299135.017433,7495.944716,162.0,,98.0,584.90234375,,0
1782299135.117433,7496.044716,162.0,,98.0,584.90234375,,0
1782299135.217346,7496.144630,162.0,,98.0,584.90234375,,0
1782299135.317436,7496.244719,162.0,,98.0,584.90234375,,0
1782299135.417436,7496.344720,162.0,,98.0,584.90234375,,0
1782299135.517434,7496.444717,162.0,,98.0,584.90234375,,0
1782299135.617435,7496.544718,162.0,,98.0,584.90234375,,0
1782299135.717437,7496.644722,162.0,,98.0,584.90234375,,0
1782299135.817441,7496.744724,163.0,,98.0,584.90234375,,0
1782299135.917440,7496.844723,162.0,,98.0,584.90234375,,0
1782299136.017438,7496.944722,162.0,,98.0,584.90234375,,0
1782299136.117432,7497.044716,162.0,,98.0,584.90234375,,0
1782299136.217438,7497.144722,162.0,,98.0,584.90234375,,0
1782299136.317347,7497.244630,163.0,,98.0,584.90234375,,0
1782299136.417439,7497.344722,162.0,,98.0,584.90234375,,0
1782299136.517436,7497.444719,162.0,,98.0,584.90234375,,0
1782299136.617433,7497.544716,163.0,,98.0,584.90234375,,0
1782299136.717434,7497.644717,162.0,,98.0,584.90234375,,0
1782299136.817445,7497.744728,162.0,,98.0,584.90234375,,0
1782299136.917432,7497.844715,162.0,,98.0,584.90234375,,0
1782299137.017436,7497.944721,162.0,,98.0,584.90234375,,0
1782299137.117435,7498.044718,162.0,,98.0,584.90234375,,0
1782299137.217453,7498.144736,162.0,,98.0,584.90234375,,0
1782299137.317347,7498.244630,163.0,,98.0,584.90234375,,0
1782299137.417431,7498.344715,163.0,,98.0,584.90234375,,0
1782299137.517427,7498.444710,162.0,,98.0,584.90234375,,0
1782299137.617347,7498.544630,162.0,,98.0,584.90234375,,0
1782299137.717376,7498.644660,163.0,,98.0,584.90234375,,0
1782299137.817434,7498.744717,163.0,,98.0,584.90234375,,0
1782299137.917440,7498.844723,163.0,,98.0,584.90234375,,0
1782299138.017431,7498.944715,162.0,,98.0,584.90234375,,0
1782299138.117434,7499.044717,162.0,,98.0,584.90234375,,0
1782299138.217433,7499.144718,162.0,,98.0,584.90234375,,0
1782299138.317438,7499.244721,163.0,,98.0,584.90234375,,0
1782299138.417436,7499.344719,163.0,,98.0,584.90234375,,0
1782299138.517432,7499.444715,163.0,,98.0,584.90234375,,0
1782299138.617434,7499.544717,162.0,,98.0,584.90234375,,0
1782299138.717347,7499.644630,162.0,,98.0,584.90234375,,0
1782299138.817433,7499.744716,162.0,,98.0,584.90234375,,0
1782299138.917446,7499.844730,162.0,,98.0,584.90234375,,0
1782299139.017437,7499.944720,163.0,,98.0,584.90234375,,0
1782299139.117434,7500.044719,162.0,,98.0,584.90234375,,0
1782299139.217433,7500.144717,162.0,,98.0,584.90234375,,0
1782299139.317435,7500.244718,163.0,,98.0,584.90234375,,0
1782299139.417438,7500.344721,163.0,,98.0,584.90234375,,0
1782299139.517435,7500.444718,163.0,,98.0,584.90234375,,0
1782299139.617437,7500.544722,163.0,,98.0,584.90234375,,0
1782299139.717436,7500.644719,163.0,,98.0,584.90234375,,0
1782299139.817436,7500.744721,163.0,,98.0,584.90234375,,0
1782299139.917440,7500.844724,162.0,,98.0,584.90234375,,0
1782299140.017435,7500.944719,163.0,,98.0,584.90234375,,0
1782299140.117432,7501.044716,162.0,,98.0,584.90234375,,0
1782299140.217441,7501.144725,163.0,,98.0,584.90234375,,0
1782299140.317437,7501.244720,162.0,,98.0,584.90234375,,0
1782299140.417433,7501.344717,163.0,,98.0,584.90234375,,0
1782299140.517433,7501.444716,163.0,,98.0,584.90234375,,0
1782299140.617436,7501.544720,163.0,,98.0,584.90234375,,0
1782299140.717435,7501.644718,163.0,,98.0,584.90234375,,0
1782299140.817433,7501.744717,163.0,,98.0,584.90234375,,0
1782299140.917453,7501.844736,162.0,,98.0,584.90234375,,0
1782299141.017441,7501.944725,163.0,,98.0,584.90234375,,0
1782299141.117350,7502.044633,162.0,,98.0,584.90234375,,0
1782299141.217349,7502.144633,162.0,,98.0,584.90234375,,0
1782299141.317352,7502.244635,162.0,,98.0,584.90234375,,0
1782299141.417438,7502.344723,163.0,,98.0,584.90234375,,0
1782299141.517437,7502.444720,163.0,,98.0,584.90234375,,0
1782299141.617436,7502.544720,163.0,,98.0,584.90234375,,0
1782299141.717435,7502.644719,162.0,,98.0,584.90234375,,0
1782299141.817434,7502.744718,163.0,,98.0,584.90234375,,0
1782299141.917433,7502.844717,163.0,,98.0,584.90234375,,0
1782299142.017455,7502.944740,163.0,,98.0,584.90234375,,0
1782299142.117437,7503.044721,163.0,,98.0,584.90234375,,0
1782299142.217630,7503.144913,163.0,,98.0,584.90234375,,0
1782299142.317436,7503.244719,162.0,,98.0,584.90234375,,0
1782299142.417441,7503.344725,162.0,,98.0,584.90234375,,0
1782299142.517374,7503.444659,162.0,,98.0,584.90234375,,0
1782299142.617347,7503.544630,162.0,,98.0,584.90234375,,0
1782299142.717445,7503.644728,162.0,,98.0,584.90234375,,0
1782299142.817433,7503.744716,163.0,,98.0,584.90234375,,0
1782299142.917434,7503.844717,162.0,,98.0,584.90234375,,0
1782299143.017433,7503.944717,163.0,,98.0,584.90234375,,0
1782299143.117376,7504.044660,162.0,,98.0,584.90234375,,0
1782299143.217431,7504.144714,162.0,,98.0,584.90234375,,0
1782299143.317431,7504.244715,162.0,,98.0,584.90234375,,0
1782299143.417432,7504.344716,162.0,,98.0,584.90234375,,0
1782299143.517434,7504.444717,162.0,,98.0,584.90234375,,0
1782299143.617435,7504.544720,162.0,,98.0,584.90234375,,0
1782299143.717431,7504.644715,162.0,,98.0,584.90234375,,0
1782299143.817448,7504.744732,163.0,,98.0,584.90234375,,0
1782299143.917435,7504.844718,162.0,,98.0,584.90234375,,0
1782299144.017347,7504.944630,162.0,,98.0,584.90234375,,0
1782299144.117375,7505.044659,162.0,,98.0,584.90234375,,0
1782299144.217431,7505.144714,162.0,,98.0,584.90234375,,0
1782299144.317347,7505.244630,162.0,,98.0,584.90234375,,0
1782299144.417441,7505.344726,162.0,,98.0,584.90234375,,0
1782299144.517442,7505.444725,162.0,,98.0,584.90234375,,0
1782299144.617347,7505.544630,162.0,,98.0,584.90234375,,0
1782299144.717436,7505.644719,163.0,,98.0,584.90234375,,0
1782299144.817441,7505.744726,162.0,,98.0,584.90234375,,0
1782299144.917434,7505.844717,162.0,,98.0,584.90234375,,0
1782299145.017443,7505.944727,163.0,,98.0,584.90234375,,0
1782299145.117347,7506.044630,164.0,,99.0,584.90234375,,0
1782299145.217432,7506.144716,162.0,,98.0,584.90234375,,0
1782299145.317436,7506.244719,162.0,,98.0,584.90234375,,0
1782299145.417433,7506.344717,163.0,,98.0,584.90234375,,0
1782299145.517438,7506.444722,162.0,,98.0,584.90234375,,0
1782299145.617443,7506.544726,163.0,,98.0,584.90234375,,0
1782299145.717375,7506.644659,164.0,,99.0,584.90234375,,0
1782299145.817434,7506.744719,162.0,,98.0,584.90234375,,0
1782299145.917436,7506.844719,163.0,,98.0,584.90234375,,0
1782299146.017433,7506.944717,162.0,,98.0,584.90234375,,0
1782299146.117374,7507.044659,166.0,,99.0,584.90234375,,0
1782299146.217433,7507.144716,164.0,,98.0,584.90234375,,0
1782299146.317433,7507.244716,162.0,,99.0,584.90234375,,0
1782299146.417438,7507.344721,166.0,,98.0,584.90234375,,0
1782299146.517435,7507.444719,163.0,,98.0,584.90234375,,0
1782299146.617432,7507.544717,163.0,,99.0,584.90234375,,0
1782299146.717433,7507.644717,161.0,,99.0,584.90234375,,0
1782299146.817437,7507.744720,164.0,,98.0,584.90234375,,0
1782299146.917438,7507.844721,161.0,,98.0,584.90234375,,0
1782299147.017452,7507.944736,158.0,,98.0,584.90234375,,0
1782299147.117364,7508.044648,162.0,,98.0,584.90234375,,0
1782299147.217434,7508.144717,165.0,,98.0,584.90234375,,0
1782299147.317433,7508.244716,159.0,,98.0,584.90234375,,0
1782299147.417433,7508.344716,161.0,,99.0,584.90234375,,0
1782299147.517454,7508.444738,162.0,,98.0,584.90234375,,0
1782299147.617428,7508.544711,162.0,,98.0,584.90234375,,0
1782299147.717441,7508.644724,162.0,,98.0,584.90234375,,0
1782299147.817435,7508.744718,162.0,,98.0,584.90234375,,0
1782299147.917433,7508.844716,162.0,,98.0,584.90234375,,0
1782299148.017435,7508.944718,162.0,,98.0,584.90234375,,0
1782299148.117347,7509.044630,162.0,,98.0,584.90234375,,0
1782299148.217431,7509.144715,162.0,,98.0,584.90234375,,0
1782299148.317429,7509.244714,162.0,,98.0,584.90234375,,0
1782299148.417428,7509.344711,161.0,,98.0,584.90234375,,0
1782299148.517427,7509.444710,162.0,,98.0,584.90234375,,0
1782299148.617437,7509.544721,162.0,,98.0,584.90234375,,0
1782299148.717429,7509.644713,162.0,,98.0,584.90234375,,0
1782299148.817444,7509.744729,162.0,,98.0,584.90234375,,0
1782299148.917436,7509.844719,162.0,,98.0,584.90234375,,0
1782299149.017429,7509.944712,162.0,,98.0,584.90234375,,0
1782299149.117436,7510.044719,162.0,,98.0,584.90234375,,0
1782299149.217434,7510.144718,162.0,,98.0,584.90234375,,0
1782299149.317433,7510.244716,162.0,,98.0,584.90234375,,0
1782299149.417442,7510.344725,163.0,,98.0,584.90234375,,0
1782299149.517437,7510.444722,162.0,,98.0,584.90234375,,0
1782299149.617439,7510.544722,162.0,,98.0,584.90234375,,0
1782299149.717433,7510.644717,162.0,,98.0,584.90234375,,0
1782299149.817433,7510.744717,162.0,,98.0,584.90234375,,0
1782299149.917429,7510.844712,161.0,,98.0,584.90234375,,0
1782299150.017437,7510.944720,162.0,,98.0,584.90234375,,0
1782299150.117445,7511.044728,162.0,,98.0,584.90234375,,0
1782299150.217436,7511.144719,162.0,,98.0,584.90234375,,0
1782299150.317435,7511.244719,162.0,,98.0,584.90234375,,0
1782299150.417426,7511.344709,162.0,,98.0,584.90234375,,0
1782299150.517431,7511.444715,162.0,,98.0,584.90234375,,0
1782299150.617347,7511.544630,164.0,,98.0,584.90234375,,0
1782299150.717433,7511.644717,164.0,,98.0,584.90234375,,0
1782299150.817434,7511.744717,164.0,,98.0,584.90234375,,0
1782299150.917433,7511.844716,164.0,,98.0,584.90234375,,0
1782299151.017347,7511.944631,163.0,,98.0,584.90234375,,0
1782299151.117434,7512.044718,163.0,,98.0,584.90234375,,0
1782299151.217431,7512.144715,163.0,,98.0,584.90234375,,0
1782299151.317426,7512.244711,163.0,,98.0,584.90234375,,0
1782299151.417435,7512.344718,164.0,,98.0,584.90234375,,0
1782299151.517428,7512.444712,164.0,,98.0,584.90234375,,0
1782299151.617433,7512.544716,164.0,,98.0,584.90234375,,0
1782299151.717445,7512.644728,164.0,,98.0,584.90234375,,0
1782299151.817441,7512.744724,164.0,,98.0,584.90234375,,0
1782299151.917434,7512.844718,164.0,,98.0,584.90234375,,0
1782299152.017431,7512.944716,164.0,,98.0,584.90234375,,0
1782299152.117434,7513.044718,163.0,,98.0,584.90234375,,0
1782299152.217435,7513.144719,163.0,,98.0,584.90234375,,0
1782299152.317445,7513.244730,163.0,,98.0,584.90234375,,0
1782299152.417436,7513.344720,163.0,,98.0,584.90234375,,0
1782299152.517436,7513.444721,163.0,,98.0,584.90234375,,0
1782299152.617441,7513.544725,163.0,,98.0,584.90234375,,0
1782299152.717439,7513.644723,164.0,,98.0,584.90234375,,0
1782299152.817436,7513.744720,161.0,,98.0,584.90234375,,0
1782299152.917434,7513.844717,162.0,,98.0,584.90234375,,0
1782299153.017436,7513.944720,162.0,,98.0,584.90234375,,0
1782299153.117438,7514.044723,162.0,,98.0,584.90234375,,0
1782299153.217436,7514.144720,162.0,,98.0,584.90234375,,0
1782299153.317433,7514.244717,162.0,,98.0,584.90234375,,0
1782299153.417434,7514.344719,162.0,,98.0,584.90234375,,0
1782299153.517437,7514.444721,162.0,,98.0,584.90234375,,0
1782299153.617436,7514.544720,162.0,,98.0,584.90234375,,0
1782299153.717436,7514.644720,161.0,,98.0,584.90234375,,0
1782299153.817436,7514.744719,161.0,,98.0,584.90234375,,0
1782299153.917438,7514.844722,161.0,,98.0,584.90234375,,0
1782299154.017435,7514.944719,162.0,,98.0,584.90234375,,0
1782299154.117458,7515.044741,161.0,,98.0,584.90234375,,0
1782299154.217436,7515.144720,162.0,,98.0,584.90234375,,0
1782299154.317442,7515.244725,162.0,,98.0,584.90234375,,0
1782299154.417438,7515.344722,162.0,,98.0,584.90234375,,0
1782299154.517438,7515.444723,162.0,,98.0,584.90234375,,0
1782299154.617438,7515.544722,162.0,,98.0,584.90234375,,0
1782299154.717439,7515.644723,161.0,,98.0,584.90234375,,0
1782299154.817435,7515.744718,161.0,,98.0,584.90234375,,0
1782299154.917439,7515.844722,161.0,,98.0,584.90234375,,0
1782299155.017434,7515.944719,161.0,,98.0,584.90234375,,0
1782299155.117437,7516.044722,161.0,,98.0,584.90234375,,0
1782299155.217372,7516.144657,147.0,,86.0,584.88671875,,0
1782299155.317453,7516.244739,44.0,,3.0,354.71484375,,0
1782299155.417442,7516.344727,30.0,,,354.71484375,,0
1782299155.517439,7516.444723,29.0,,,354.71484375,,0
1782299155.617440,7516.544724,28.0,,,354.71484375,,0
1782299155.717441,7516.644725,24.0,,,354.71484375,,0
