sample_epoch,mono_s,power_w,energy_uj,gfx_busy_pct,vram_used_mb,sclk_mhz,device_id
1782301047.540217,9408.467500,13.0,,,354.71484375,,0
1782301047.640366,9408.567651,13.0,,2.0,354.71484375,,0
1782301047.740365,9408.667650,11.0,,,354.71484375,,0
1782301047.840365,9408.767649,14.0,,,354.71484375,,0
1782301047.940373,9408.867658,12.0,,,354.71484375,,0
1782301048.043725,9408.971009,12.0,,,354.71484375,,0
1782301048.140282,9409.067566,11.0,,,354.71484375,,0
1782301048.240367,9409.167651,12.0,,,354.71484375,,0
1782301048.340372,9409.267656,11.0,,,354.71484375,,0
1782301048.440370,9409.367654,12.0,,,354.71484375,,0
1782301048.540370,9409.467654,12.0,,,354.71484375,,0
1782301048.640368,9409.567652,12.0,,,354.71484375,,0
1782301048.740369,9409.667653,11.0,,,354.71484375,,0
1782301048.840308,9409.767593,11.0,,,354.71484375,,0
1782301048.940372,9409.867656,12.0,,1.0,354.71484375,,0
1782301049.040368,9409.967652,11.0,,,354.71484375,,0
1782301049.140373,9410.067656,13.0,,,354.71484375,,0
1782301049.240374,9410.167658,11.0,,,354.71484375,,0
1782301049.340368,9410.267653,11.0,,,354.71484375,,0
1782301049.440290,9410.367574,11.0,,,354.71484375,,0
1782301049.540301,9410.467586,12.0,,1.0,354.71484375,,0
1782301049.640369,9410.567654,11.0,,,354.71484375,,0
1782301049.740308,9410.667592,11.0,,,354.71484375,,0
1782301049.840307,9410.767593,11.0,,,354.71484375,,0
1782301049.940367,9410.867651,11.0,,,354.71484375,,0
1782301050.040317,9410.967602,12.0,,,354.71484375,,0
1782301050.140366,9411.067650,13.0,,1.0,354.71484375,,0
1782301050.240371,9411.167654,16.0,,,354.71484375,,0
1782301050.340379,9411.267663,11.0,,,354.71484375,,0
1782301050.440380,9411.367665,11.0,,,354.71484375,,0
1782301050.540386,9411.467670,11.0,,,354.71484375,,0
1782301050.640397,9411.567681,16.0,,,354.71484375,,0
1782301050.740369,9411.667653,12.0,,1.0,354.71484375,,0
1782301050.840371,9411.767655,10.0,,,354.71484375,,0
1782301050.940370,9411.867654,13.0,,,354.71484375,,0
1782301051.040367,9411.967651,11.0,,,354.71484375,,0
1782301051.140370,9412.067654,11.0,,,354.71484375,,0
1782301051.240368,9412.167652,12.0,,,354.71484375,,0
1782301051.340376,9412.267661,13.0,,,354.71484375,,0
1782301051.440373,9412.367657,11.0,,,354.71484375,,0
1782301051.540374,9412.467658,12.0,,,354.71484375,,0
1782301051.640371,9412.567655,16.0,,,354.71484375,,0
1782301051.740366,9412.667650,14.0,,,354.71484375,,0
1782301051.840370,9412.767654,11.0,,,354.71484375,,0
1782301051.940367,9412.867651,13.0,,3.0,354.71484375,,0
1782301052.040355,9412.967639,14.0,,2.0,354.71484375,,0
1782301052.140360,9413.067644,13.0,,,354.71484375,,0
1782301052.240366,9413.167650,13.0,,,354.71484375,,0
1782301052.340369,9413.267653,13.0,,,354.71484375,,0
1782301052.440363,9413.367647,10.0,,,354.71484375,,0
1782301052.540363,9413.467647,12.0,,3.0,354.76171875,,0
1782301052.640369,9413.567653,19.0,,1.0,555.53515625,,0
1782301052.740301,9413.667587,17.0,,8.0,668.91796875,,0
1782301052.840360,9413.767645,50.0,,98.0,668.91796875,,0
1782301052.940360,9413.867643,54.0,,98.0,668.91796875,,0
1782301053.040381,9413.967665,61.0,,98.0,668.91796875,,0
1782301053.140271,9414.067554,72.0,,98.0,668.91796875,,0
1782301053.240357,9414.167640,86.0,,98.0,668.91796875,,0
1782301053.340362,9414.267646,106.0,,98.0,668.91796875,,0
1782301053.440286,9414.367570,108.0,,98.0,668.91796875,,0
1782301053.540271,9414.467554,108.0,,98.0,668.91796875,,0
1782301053.640359,9414.567644,107.0,,98.0,668.91796875,,0
1782301053.740358,9414.667642,109.0,,97.0,668.91796875,,0
1782301053.840366,9414.767649,110.0,,98.0,668.91796875,,0
1782301053.940356,9414.867640,111.0,,97.0,668.91796875,,0
1782301054.040271,9414.967554,113.0,,98.0,668.91796875,,0
1782301054.140357,9415.067640,113.0,,97.0,668.91796875,,0
1782301054.240271,9415.167554,114.0,,98.0,668.91796875,,0
1782301054.340350,9415.267635,115.0,,98.0,668.91796875,,0
1782301054.440371,9415.367656,117.0,,97.0,668.91796875,,0
1782301054.540364,9415.467648,119.0,,97.0,668.91796875,,0
1782301054.640361,9415.567646,121.0,,98.0,668.91796875,,0
1782301054.740360,9415.667644,123.0,,98.0,668.91796875,,0
1782301054.840363,9415.767648,123.0,,98.0,668.91796875,,0
1782301054.940367,9415.867651,124.0,,97.0,668.91796875,,0
1782301055.040362,9415.967646,126.0,,97.0,668.91796875,,0
1782301055.140361,9416.067645,127.0,,98.0,668.91796875,,0
1782301055.240357,9416.167642,128.0,,98.0,668.91796875,,0
1782301055.340353,9416.267636,128.0,,98.0,668.91796875,,0
1782301055.440271,9416.367554,127.0,,97.0,668.91796875,,0
1782301055.540362,9416.467647,127.0,,97.0,668.91796875,,0
1782301055.640360,9416.567643,127.0,,97.0,668.91796875,,0
1782301055.740368,9416.667652,128.0,,97.0,668.91796875,,0
1782301055.840362,9416.767647,128.0,,97.0,668.91796875,,0
1782301055.940271,9416.867554,128.0,,97.0,668.91796875,,0
1782301056.040360,9416.967644,127.0,,97.0,668.91796875,,0
1782301056.140357,9417.067641,127.0,,97.0,668.91796875,,0
1782301056.240273,9417.167556,127.0,,97.0,668.91796875,,0
1782301056.340362,9417.267646,128.0,,97.0,668.91796875,,0
1782301056.440360,9417.367645,127.0,,97.0,668.91796875,,0
1782301056.540358,9417.467641,127.0,,97.0,668.91796875,,0
1782301056.640286,9417.567571,128.0,,97.0,668.91796875,,0
1782301056.740361,9417.667644,128.0,,97.0,668.91796875,,0
1782301056.840364,9417.767649,128.0,,97.0,668.91796875,,0
1782301056.940362,9417.867647,128.0,,97.0,668.91796875,,0
1782301057.040361,9417.967646,128.0,,97.0,668.91796875,,0
1782301057.140358,9418.067643,128.0,,97.0,668.91796875,,0
1782301057.240360,9418.167644,128.0,,97.0,668.91796875,,0
1782301057.340358,9418.267642,128.0,,98.0,668.91796875,,0
1782301057.440352,9418.367636,128.0,,98.0,668.91796875,,0
1782301057.540361,9418.467644,126.0,,97.0,668.91796875,,0
1782301057.640361,9418.567644,127.0,,97.0,668.91796875,,0
1782301057.740360,9418.667645,129.0,,97.0,668.91796875,,0
1782301057.840358,9418.767642,129.0,,97.0,668.91796875,,0
1782301057.940354,9418.867637,128.0,,98.0,668.91796875,,0
1782301058.040364,9418.967648,128.0,,98.0,668.91796875,,0
1782301058.140360,9419.067645,128.0,,98.0,668.91796875,,0
1782301058.240368,9419.167652,128.0,,97.0,668.91796875,,0
1782301058.340360,9419.267644,128.0,,98.0,668.91796875,,0
1782301058.440358,9419.367643,128.0,,98.0,668.91796875,,0
1782301058.540371,9419.467656,128.0,,98.0,668.91796875,,0
1782301058.640379,9419.567664,128.0,,98.0,668.91796875,,0
1782301058.740357,9419.667642,128.0,,98.0,668.91796875,,0
1782301058.840363,9419.767647,128.0,,98.0,668.91796875,,0
1782301058.940359,9419.867642,128.0,,97.0,668.91796875,,0
1782301059.040358,9419.967642,128.0,,98.0,668.91796875,,0
1782301059.140366,9420.067651,128.0,,98.0,668.91796875,,0
1782301059.240361,9420.167644,129.0,,98.0,668.91796875,,0
1782301059.340359,9420.267642,129.0,,98.0,668.91796875,,0
1782301059.440298,9420.367583,129.0,,98.0,668.91796875,,0
1782301059.540356,9420.467640,128.0,,98.0,668.91796875,,0
1782301059.640365,9420.567648,129.0,,97.0,668.91796875,,0
1782301059.740359,9420.667643,128.0,,98.0,668.91796875,,0
1782301059.840368,9420.767652,130.0,,98.0,668.91796875,,0
1782301059.940362,9420.867647,130.0,,98.0,668.91796875,,0
1782301060.040360,9420.967643,130.0,,98.0,668.91796875,,0
1782301060.140365,9421.067649,130.0,,98.0,668.91796875,,0
1782301060.240362,9421.167645,131.0,,98.0,668.91796875,,0
1782301060.340358,9421.267644,131.0,,98.0,668.91796875,,0
1782301060.440373,9421.367657,131.0,,98.0,668.91796875,,0
1782301060.540358,9421.467643,130.0,,98.0,668.91796875,,0
1782301060.640356,9421.567639,130.0,,98.0,668.91796875,,0
1782301060.740389,9421.667672,130.0,,98.0,668.91796875,,0
1782301060.840359,9421.767643,131.0,,98.0,668.91796875,,0
1782301060.940359,9421.867643,130.0,,98.0,668.91796875,,0
1782301061.040273,9421.967556,130.0,,97.0,668.91796875,,0
1782301061.140369,9422.067652,130.0,,97.0,668.91796875,,0
1782301061.240363,9422.167646,131.0,,97.0,668.91796875,,0
1782301061.340354,9422.267638,131.0,,97.0,668.91796875,,0
1782301061.440361,9422.367644,131.0,,98.0,668.91796875,,0
1782301061.540362,9422.467645,130.0,,98.0,668.91796875,,0
1782301061.640361,9422.567645,131.0,,98.0,668.91796875,,0
1782301061.740362,9422.667646,131.0,,98.0,668.91796875,,0
1782301061.840271,9422.767554,130.0,,97.0,668.91796875,,0
1782301061.940298,9422.867583,130.0,,97.0,668.91796875,,0
1782301062.040358,9422.967641,130.0,,97.0,668.91796875,,0
1782301062.140358,9423.067642,130.0,,97.0,668.91796875,,0
1782301062.240358,9423.167642,130.0,,97.0,668.91796875,,0
1782301062.340360,9423.267644,130.0,,98.0,668.91796875,,0
1782301062.440360,9423.367643,131.0,,97.0,668.91796875,,0
1782301062.540364,9423.467649,131.0,,97.0,668.91796875,,0
1782301062.640300,9423.567584,131.0,,97.0,668.91796875,,0
1782301062.740360,9423.667643,131.0,,97.0,668.91796875,,0
1782301062.840358,9423.767642,131.0,,97.0,668.91796875,,0
1782301062.940351,9423.867634,130.0,,97.0,668.91796875,,0
1782301063.040359,9423.967642,130.0,,97.0,668.91796875,,0
1782301063.140353,9424.067637,130.0,,97.0,668.91796875,,0
1782301063.240360,9424.167645,130.0,,97.0,668.91796875,,0
1782301063.340275,9424.267558,129.0,,98.0,668.91796875,,0
1782301063.440274,9424.367557,129.0,,98.0,668.91796875,,0
1782301063.540295,9424.467579,130.0,,98.0,668.91796875,,0
1782301063.640273,9424.567556,131.0,,98.0,668.91796875,,0
1782301063.740292,9424.667575,129.0,,98.0,668.91796875,,0
1782301063.840273,9424.767556,129.0,,98.0,668.91796875,,0
1782301063.940271,9424.867554,129.0,,98.0,668.91796875,,0
1782301064.040288,9424.967571,129.0,,98.0,668.91796875,,0
1782301064.140271,9425.067554,129.0,,98.0,668.91796875,,0
1782301064.240273,9425.167556,129.0,,98.0,668.91796875,,0
1782301064.340273,9425.267556,129.0,,98.0,668.91796875,,0
1782301064.440288,9425.367571,129.0,,98.0,668.91796875,,0
1782301064.540287,9425.467570,129.0,,98.0,668.91796875,,0
1782301064.640290,9425.567573,130.0,,98.0,668.91796875,,0
1782301064.740304,9425.667588,129.0,,97.0,668.91796875,,0
1782301064.840279,9425.767562,129.0,,98.0,668.91796875,,0
1782301064.940273,9425.867556,129.0,,98.0,668.91796875,,0
1782301065.040275,9425.967559,129.0,,98.0,668.91796875,,0
1782301065.140296,9426.067579,130.0,,98.0,668.91796875,,0
1782301065.240275,9426.167558,130.0,,98.0,668.91796875,,0
1782301065.340275,9426.267558,129.0,,98.0,668.91796875,,0
1782301065.440289,9426.367572,129.0,,98.0,668.91796875,,0
1782301065.540275,9426.467558,129.0,,98.0,668.91796875,,0
1782301065.640293,9426.567577,129.0,,98.0,668.91796875,,0
1782301065.740275,9426.667558,134.0,,97.0,668.91796875,,0
1782301065.840294,9426.767578,129.0,,98.0,668.91796875,,0
1782301065.940274,9426.867557,129.0,,98.0,668.91796875,,0
1782301066.040275,9426.967558,130.0,,98.0,668.91796875,,0
1782301066.140273,9427.067556,129.0,,97.0,668.91796875,,0
1782301066.240363,9427.167646,129.0,,97.0,668.91796875,,0
1782301066.340352,9427.267635,130.0,,97.0,668.91796875,,0
1782301066.440360,9427.367645,130.0,,97.0,668.91796875,,0
1782301066.540363,9427.467647,129.0,,97.0,668.91796875,,0
1782301066.640360,9427.567643,130.0,,98.0,668.91796875,,0
1782301066.740361,9427.667645,130.0,,97.0,668.91796875,,0
1782301066.840364,9427.767648,130.0,,97.0,668.91796875,,0
1782301066.940356,9427.867641,130.0,,97.0,668.91796875,,0
1782301067.040362,9427.967646,129.0,,98.0,668.91796875,,0
1782301067.140364,9428.067647,129.0,,98.0,668.91796875,,0
1782301067.240287,9428.167571,130.0,,98.0,668.91796875,,0
1782301067.340371,9428.267655,129.0,,97.0,668.91796875,,0
1782301067.440271,9428.367554,133.0,,98.0,668.91796875,,0
1782301067.540364,9428.467648,130.0,,97.0,668.91796875,,0
1782301067.640271,9428.567554,131.0,,98.0,668.91796875,,0
1782301067.740271,9428.667554,129.0,,98.0,668.91796875,,0
1782301067.840374,9428.767658,130.0,,97.0,668.91796875,,0
1782301067.940271,9428.867554,135.0,,96.0,668.91796875,,0
1782301068.040271,9428.967554,126.0,,96.0,668.91796875,,0
1782301068.140361,9429.067645,129.0,,97.0,668.91796875,,0
1782301068.240361,9429.167646,129.0,,97.0,668.91796875,,0
1782301068.340356,9429.267640,129.0,,99.0,668.91796875,,0
1782301068.440287,9429.367572,131.0,,98.0,668.91796875,,0
1782301068.540271,9429.467554,133.0,,98.0,668.91796875,,0
1782301068.640386,9429.567669,130.0,,97.0,668.91796875,,0
1782301068.740360,9429.667643,129.0,,97.0,668.91796875,,0
1782301068.840369,9429.767653,129.0,,97.0,668.91796875,,0
1782301068.940363,9429.867646,127.0,,98.0,668.91796875,,0
1782301069.040361,9429.967644,127.0,,98.0,668.91796875,,0
1782301069.140375,9430.067660,129.0,,97.0,668.91796875,,0
1782301069.240361,9430.167645,130.0,,96.0,668.91796875,,0
1782301069.340271,9430.267554,130.0,,97.0,668.91796875,,0
1782301069.440271,9430.367554,131.0,,98.0,668.91796875,,0
1782301069.540360,9430.467646,131.0,,99.0,668.91796875,,0
1782301069.640355,9430.567638,131.0,,97.0,668.91796875,,0
1782301069.740357,9430.667640,130.0,,97.0,668.91796875,,0
1782301069.840271,9430.767554,130.0,,98.0,668.91796875,,0
1782301069.940365,9430.867649,128.0,,97.0,668.91796875,,0
1782301070.040271,9430.967554,130.0,,97.0,668.91796875,,0
1782301070.140368,9431.067651,135.0,,97.0,668.91796875,,0
1782301070.240300,9431.167584,129.0,,97.0,668.91796875,,0
1782301070.340299,9431.267583,129.0,,97.0,668.91796875,,0
1782301070.440358,9431.367642,129.0,,97.0,668.91796875,,0
1782301070.540358,9431.467642,129.0,,97.0,668.91796875,,0
1782301070.640367,9431.567652,130.0,,97.0,668.91796875,,0
1782301070.740385,9431.667670,135.0,,99.0,668.91796875,,0
1782301070.840366,9431.767649,130.0,,98.0,668.91796875,,0
1782301070.940361,9431.867646,130.0,,98.0,668.91796875,,0
1782301071.040363,9431.967646,129.0,,97.0,668.91796875,,0
1782301071.140276,9432.067560,130.0,,97.0,668.91796875,,0
1782301071.240271,9432.167554,130.0,,98.0,668.91796875,,0
1782301071.340272,9432.267556,130.0,,98.0,668.91796875,,0
1782301071.440296,9432.367580,131.0,,98.0,668.91796875,,0
1782301071.540273,9432.467556,130.0,,98.0,668.91796875,,0
1782301071.640289,9432.567572,130.0,,98.0,668.91796875,,0
1782301071.740273,9432.667556,130.0,,98.0,668.91796875,,0
1782301071.840272,9432.767556,130.0,,98.0,668.91796875,,0
1782301071.940271,9432.867554,130.0,,98.0,668.91796875,,0
1782301072.040274,9432.967557,130.0,,98.0,668.91796875,,0
1782301072.140271,9433.067554,131.0,,98.0,668.91796875,,0
1782301072.240273,9433.167556,130.0,,98.0,668.91796875,,0
1782301072.340273,9433.267556,130.0,,98.0,668.91796875,,0
1782301072.440273,9433.367556,130.0,,98.0,668.91796875,,0
1782301072.540289,9433.467573,130.0,,98.0,668.91796875,,0
1782301072.640283,9433.567567,130.0,,98.0,668.91796875,,0
1782301072.740287,9433.667570,130.0,,98.0,668.91796875,,0
1782301072.840272,9433.767555,130.0,,98.0,668.91796875,,0
1782301072.940272,9433.867556,130.0,,98.0,668.91796875,,0
1782301073.040273,9433.967556,131.0,,98.0,668.91796875,,0
1782301073.140272,9434.067555,130.0,,98.0,668.91796875,,0
1782301073.240294,9434.167577,130.0,,98.0,668.91796875,,0
1782301073.340291,9434.267575,130.0,,98.0,668.91796875,,0
1782301073.440272,9434.367555,131.0,,98.0,668.91796875,,0
1782301073.540284,9434.467567,130.0,,98.0,668.91796875,,0
1782301073.640272,9434.567555,130.0,,98.0,668.91796875,,0
1782301073.740272,9434.667556,130.0,,98.0,668.91796875,,0
1782301073.840272,9434.767555,130.0,,98.0,668.91796875,,0
1782301073.940362,9434.867647,130.0,,97.0,668.91796875,,0
1782301074.040286,9434.967570,130.0,,98.0,668.91796875,,0
1782301074.140287,9435.067570,130.0,,98.0,668.91796875,,0
1782301074.240273,9435.167556,130.0,,98.0,668.91796875,,0
1782301074.340273,9435.267556,130.0,,98.0,668.91796875,,0
1782301074.440272,9435.367556,130.0,,98.0,668.91796875,,0
1782301074.540273,9435.467556,130.0,,98.0,668.91796875,,0
1782301074.640273,9435.567556,130.0,,98.0,668.91796875,,0
1782301074.740279,9435.667563,130.0,,98.0,668.91796875,,0
1782301074.840286,9435.767570,129.0,,98.0,668.91796875,,0
1782301074.940272,9435.867556,131.0,,98.0,668.91796875,,0
1782301075.040272,9435.967556,130.0,,98.0,668.91796875,,0
1782301075.140272,9436.067556,132.0,,98.0,668.91796875,,0
1782301075.240271,9436.167554,131.0,,98.0,668.91796875,,0
1782301075.340272,9436.267555,132.0,,98.0,668.91796875,,0
1782301075.440292,9436.367576,133.0,,98.0,668.91796875,,0
1782301075.540272,9436.467555,132.0,,98.0,668.91796875,,0
1782301075.640272,9436.567555,132.0,,97.0,668.91796875,,0
1782301075.740286,9436.667570,133.0,,98.0,668.91796875,,0
1782301075.840272,9436.767555,132.0,,98.0,668.91796875,,0
1782301075.940274,9436.867557,132.0,,98.0,668.91796875,,0
1782301076.040272,9436.967555,132.0,,98.0,668.91796875,,0
1782301076.140273,9437.067556,133.0,,98.0,668.91796875,,0
1782301076.240286,9437.167569,133.0,,97.0,668.91796875,,0
1782301076.340271,9437.267554,132.0,,98.0,668.91796875,,0
1782301076.440272,9437.367555,132.0,,98.0,668.91796875,,0
1782301076.540272,9437.467555,132.0,,98.0,668.91796875,,0
1782301076.640272,9437.567556,133.0,,98.0,668.91796875,,0
1782301076.740283,9437.667567,132.0,,98.0,668.91796875,,0
1782301076.840272,9437.767556,131.0,,98.0,668.91796875,,0
1782301076.940274,9437.867557,129.0,,98.0,668.91796875,,0
1782301077.040272,9437.967556,130.0,,98.0,668.91796875,,0
1782301077.140272,9438.067556,131.0,,98.0,668.91796875,,0
1782301077.240293,9438.167577,131.0,,98.0,668.91796875,,0
1782301077.340287,9438.267571,132.0,,98.0,668.91796875,,0
1782301077.440273,9438.367556,131.0,,98.0,668.91796875,,0
1782301077.540272,9438.467556,131.0,,98.0,668.91796875,,0
1782301077.640273,9438.567556,130.0,,98.0,668.91796875,,0
1782301077.740273,9438.667557,131.0,,98.0,668.91796875,,0
1782301077.840286,9438.767570,131.0,,98.0,668.91796875,,0
1782301077.940271,9438.867554,131.0,,98.0,668.91796875,,0
1782301078.040272,9438.967555,131.0,,98.0,668.91796875,,0
1782301078.140290,9439.067573,130.0,,98.0,668.91796875,,0
1782301078.240359,9439.167643,131.0,,98.0,668.91796875,,0
1782301078.340364,9439.267648,131.0,,98.0,668.91796875,,0
1782301078.440376,9439.367659,131.0,,98.0,668.91796875,,0
1782301078.540308,9439.467594,131.0,,97.0,668.91796875,,0
1782301078.640270,9439.567553,131.0,,98.0,668.91796875,,0
1782301078.740273,9439.667556,131.0,,98.0,668.91796875,,0
1782301078.840284,9439.767568,131.0,,98.0,668.91796875,,0
1782301078.940281,9439.867564,131.0,,98.0,668.91796875,,0
1782301079.040293,9439.967577,131.0,,98.0,668.91796875,,0
1782301079.140272,9440.067556,133.0,,98.0,668.91796875,,0
1782301079.240289,9440.167573,131.0,,98.0,668.91796875,,0
1782301079.340273,9440.267556,129.0,,98.0,668.91796875,,0
1782301079.440273,9440.367556,132.0,,98.0,668.91796875,,0
1782301079.540273,9440.467556,133.0,,98.0,668.91796875,,0
1782301079.640274,9440.567557,132.0,,98.0,668.91796875,,0
1782301079.740273,9440.667556,132.0,,98.0,668.91796875,,0
1782301079.840274,9440.767557,132.0,,98.0,668.91796875,,0
1782301079.940273,9440.867556,132.0,,98.0,668.91796875,,0
1782301080.040273,9440.967557,131.0,,98.0,668.91796875,,0
1782301080.140363,9441.067646,130.0,,98.0,668.91796875,,0
1782301080.240365,9441.167648,130.0,,97.0,668.91796875,,0
1782301080.340364,9441.267649,130.0,,97.0,668.91796875,,0
1782301080.440363,9441.367646,131.0,,98.0,668.91796875,,0
1782301080.540276,9441.467559,131.0,,98.0,668.91796875,,0
1782301080.640272,9441.567555,130.0,,98.0,668.91796875,,0
1782301080.740273,9441.667556,131.0,,98.0,668.91796875,,0
1782301080.840285,9441.767569,131.0,,98.0,668.91796875,,0
1782301080.940273,9441.867556,130.0,,98.0,668.91796875,,0
1782301081.040363,9441.967646,130.0,,97.0,668.91796875,,0
1782301081.140276,9442.067560,131.0,,98.0,668.91796875,,0
1782301081.240274,9442.167557,131.0,,98.0,668.91796875,,0
1782301081.340271,9442.267554,131.0,,98.0,668.91796875,,0
1782301081.440273,9442.367556,130.0,,98.0,668.91796875,,0
1782301081.540285,9442.467569,130.0,,98.0,668.91796875,,0
1782301081.640273,9442.567556,131.0,,98.0,668.91796875,,0
1782301081.740292,9442.667576,131.0,,98.0,668.91796875,,0
1782301081.840273,9442.767556,131.0,,98.0,668.91796875,,0
1782301081.940292,9442.867576,131.0,,98.0,668.91796875,,0
1782301082.040287,9442.967571,131.0,,98.0,668.91796875,,0
1782301082.140275,9443.067559,131.0,,98.0,668.91796875,,0
1782301082.240288,9443.167571,131.0,,98.0,668.91796875,,0
1782301082.340273,9443.267556,131.0,,98.0,668.91796875,,0
1782301082.440272,9443.367555,131.0,,98.0,668.91796875,,0
1782301082.540273,9443.467556,131.0,,98.0,668.91796875,,0
1782301082.640273,9443.567556,131.0,,98.0,668.91796875,,0
1782301082.740271,9443.667554,131.0,,98.0,668.91796875,,0
1782301082.840273,9443.767556,131.0,,98.0,668.91796875,,0
1782301082.940287,9443.867570,132.0,,98.0,668.91796875,,0
1782301083.040363,9443.967646,130.0,,97.0,668.91796875,,0
1782301083.140358,9444.067641,131.0,,98.0,668.91796875,,0
1782301083.240361,9444.167645,131.0,,97.0,668.91796875,,0
1782301083.340275,9444.267559,132.0,,98.0,668.91796875,,0
1782301083.440274,9444.367557,131.0,,98.0,668.91796875,,0
1782301083.540287,9444.467570,131.0,,98.0,668.91796875,,0
1782301083.640273,9444.567556,131.0,,98.0,668.91796875,,0
1782301083.740273,9444.667556,130.0,,98.0,668.91796875,,0
1782301083.840287,9444.767571,131.0,,98.0,668.91796875,,0
1782301083.940273,9444.867556,130.0,,98.0,668.91796875,,0
1782301084.040272,9444.967555,130.0,,97.0,668.91796875,,0
1782301084.140364,9445.067649,131.0,,97.0,668.91796875,,0
1782301084.240379,9445.167662,131.0,,97.0,668.91796875,,0
1782301084.340383,9445.267668,130.0,,97.0,668.91796875,,0
1782301084.440371,9445.367654,131.0,,97.0,668.91796875,,0
1782301084.540357,9445.467641,131.0,,98.0,668.91796875,,0
1782301084.640362,9445.567645,131.0,,98.0,668.91796875,,0
1782301084.740370,9445.667653,130.0,,97.0,668.91796875,,0
1782301084.840374,9445.767657,131.0,,97.0,668.91796875,,0
1782301084.940360,9445.867645,131.0,,97.0,668.91796875,,0
1782301085.040273,9445.967556,129.0,,98.0,668.91796875,,0
1782301085.140275,9446.067558,129.0,,97.0,668.91796875,,0
1782301085.240273,9446.167556,132.0,,98.0,668.91796875,,0
1782301085.340273,9446.267556,128.0,,99.0,668.91796875,,0
1782301085.440273,9446.367556,131.0,,98.0,668.91796875,,0
1782301085.540273,9446.467556,135.0,,97.0,668.91796875,,0
1782301085.640286,9446.567569,130.0,,97.0,668.91796875,,0
1782301085.740359,9446.667642,130.0,,97.0,668.91796875,,0
1782301085.840374,9446.767657,131.0,,97.0,668.91796875,,0
1782301085.940276,9446.867560,132.0,,97.0,668.91796875,,0
1782301086.040273,9446.967556,132.0,,98.0,668.91796875,,0
1782301086.140285,9447.067569,131.0,,98.0,668.91796875,,0
1782301086.240273,9447.167556,131.0,,98.0,668.91796875,,0
1782301086.340273,9447.267556,131.0,,98.0,668.91796875,,0
1782301086.440273,9447.367556,131.0,,98.0,668.91796875,,0
1782301086.540273,9447.467556,131.0,,98.0,668.91796875,,0
1782301086.640271,9447.567554,132.0,,98.0,668.91796875,,0
1782301086.740274,9447.667557,131.0,,98.0,668.91796875,,0
1782301086.840272,9447.767555,132.0,,98.0,668.91796875,,0
1782301086.940287,9447.867571,129.0,,98.0,668.91796875,,0
1782301087.040313,9447.967596,135.0,,98.0,668.91796875,,0
1782301087.140353,9448.067636,131.0,,96.0,668.91796875,,0
1782301087.240363,9448.167647,128.0,,98.0,668.91796875,,0
1782301087.340358,9448.267643,131.0,,99.0,668.91796875,,0
1782301087.440363,9448.367646,133.0,,98.0,668.91796875,,0
1782301087.540361,9448.467646,133.0,,97.0,668.91796875,,0
1782301087.640271,9448.567554,131.0,,97.0,668.91796875,,0
1782301087.740366,9448.667651,19.0,,2.0,668.91796875,,0
1782301087.840368,9448.767653,20.0,,4.0,668.91796875,,0
1782301087.940372,9448.867656,16.0,,3.0,668.91796875,,0
1782301088.040367,9448.967652,16.0,,3.0,668.91796875,,0
1782301088.140367,9449.067652,17.0,,3.0,668.91796875,,0
1782301088.240297,9449.167581,17.0,,3.0,668.91796875,,0
1782301088.340366,9449.267650,15.0,,3.0,668.91796875,,0
1782301088.440367,9449.367652,15.0,,3.0,668.91796875,,0
1782301088.540305,9449.467590,15.0,,3.0,668.91796875,,0
1782301088.640369,9449.567654,15.0,,3.0,668.91796875,,0
1782301088.740369,9449.667654,16.0,,3.0,668.91796875,,0
1782301088.840367,9449.767651,15.0,,3.0,668.91796875,,0
1782301088.940370,9449.867655,17.0,,3.0,668.91796875,,0
1782301089.040370,9449.967654,15.0,,3.0,668.91796875,,0
1782301089.140386,9450.067671,16.0,,3.0,668.91796875,,0
1782301089.240366,9450.167650,17.0,,3.0,668.91796875,,0
1782301089.340369,9450.267653,16.0,,3.0,668.91796875,,0
1782301089.440368,9450.367653,19.0,,3.0,668.91796875,,0
1782301089.540369,9450.467654,19.0,,3.0,668.91796875,,0
1782301089.640368,9450.567653,15.0,,3.0,668.91796875,,0
1782301089.740369,9450.667653,16.0,,3.0,668.91796875,,0
1782301089.840371,9450.767656,17.0,,3.0,668.91796875,,0
1782301089.940370,9450.867655,16.0,,3.0,668.91796875,,0
1782301090.040364,9450.967649,16.0,,3.0,668.91796875,,0
1782301090.140372,9451.067656,16.0,,3.0,668.91796875,,0
1782301090.240371,9451.167656,15.0,,3.0,668.91796875,,0
1782301090.340373,9451.267657,15.0,,3.0,668.91796875,,0
1782301090.440367,9451.367651,15.0,,3.0,668.91796875,,0
1782301090.540368,9451.467653,13.0,,3.0,668.91796875,,0
1782301090.640369,9451.567654,15.0,,3.0,668.91796875,,0
1782301090.740369,9451.667654,13.0,,3.0,668.91796875,,0
1782301090.840371,9451.767656,14.0,,3.0,668.91796875,,0
1782301090.940372,9451.867656,13.0,,3.0,668.91796875,,0
1782301091.040367,9451.967651,13.0,,3.0,668.91796875,,0
1782301091.140366,9452.067651,17.0,,3.0,668.91796875,,0
1782301091.240368,9452.167652,13.0,,3.0,668.91796875,,0
1782301091.340367,9452.267652,13.0,,3.0,668.91796875,,0
1782301091.440370,9452.367655,15.0,,3.0,668.91796875,,0
1782301091.540372,9452.467656,14.0,,3.0,668.91796875,,0
1782301091.640365,9452.567650,13.0,,3.0,668.91796875,,0
1782301091.740367,9452.667651,16.0,,3.0,668.91796875,,0
1782301091.840368,9452.767653,13.0,,4.0,668.91796875,,0
1782301091.940368,9452.867653,13.0,,2.0,668.91796875,,0
1782301092.040369,9452.967654,13.0,,3.0,668.91796875,,0
1782301092.140366,9453.067651,14.0,,3.0,668.91796875,,0
1782301092.240365,9453.167650,14.0,,3.0,668.91796875,,0
1782301092.340366,9453.267651,13.0,,3.0,668.91796875,,0
1782301092.440368,9453.367653,13.0,,3.0,668.91796875,,0
1782301092.540371,9453.467656,13.0,,3.0,668.91796875,,0
1782301092.640376,9453.567661,14.0,,3.0,668.91796875,,0
1782301092.740364,9453.667647,92.0,,93.0,668.91796875,,0
1782301092.840366,9453.767651,107.0,,97.0,668.91796875,,0
1782301092.940352,9453.867636,108.0,,98.0,668.91796875,,0
1782301093.040354,9453.967639,107.0,,98.0,668.91796875,,0
1782301093.140383,9454.067666,108.0,,98.0,668.91796875,,0
1782301093.240353,9454.167636,110.0,,98.0,668.91796875,,0
1782301093.340352,9454.267636,111.0,,98.0,668.91796875,,0
1782301093.440356,9454.367641,111.0,,98.0,668.91796875,,0
1782301093.540362,9454.467646,113.0,,98.0,668.91796875,,0
1782301093.640362,9454.567647,114.0,,98.0,668.91796875,,0
1782301093.740355,9454.667639,116.0,,98.0,668.91796875,,0
1782301093.840357,9454.767641,117.0,,97.0,668.91796875,,0
1782301093.940351,9454.867634,118.0,,97.0,668.91796875,,0
1782301094.040360,9454.967643,119.0,,97.0,668.91796875,,0
1782301094.140353,9455.067637,120.0,,98.0,668.91796875,,0
1782301094.240361,9455.167645,121.0,,97.0,668.91796875,,0
1782301094.340367,9455.267650,123.0,,97.0,668.91796875,,0
1782301094.440365,9455.367649,124.0,,97.0,668.91796875,,0
1782301094.540364,9455.467647,127.0,,98.0,668.91796875,,0
1782301094.640363,9455.567647,127.0,,98.0,668.91796875,,0
1782301094.740358,9455.667642,128.0,,98.0,668.91796875,,0
1782301094.840356,9455.767639,131.0,,98.0,668.91796875,,0
1782301094.940354,9455.867637,132.0,,97.0,668.91796875,,0
1782301095.040365,9455.967648,134.0,,98.0,668.91796875,,0
1782301095.140360,9456.067644,135.0,,97.0,668.91796875,,0
1782301095.240357,9456.167640,135.0,,97.0,668.91796875,,0
1782301095.340358,9456.267641,134.0,,98.0,668.91796875,,0
1782301095.440363,9456.367646,134.0,,98.0,668.91796875,,0
1782301095.540358,9456.467641,134.0,,98.0,668.91796875,,0
1782301095.640369,9456.567653,134.0,,98.0,668.91796875,,0
1782301095.740271,9456.667554,134.0,,98.0,668.91796875,,0
1782301095.840356,9456.767640,134.0,,98.0,668.91796875,,0
1782301095.940359,9456.867644,134.0,,97.0,668.91796875,,0
1782301096.040359,9456.967642,133.0,,97.0,668.91796875,,0
1782301096.140352,9457.067636,134.0,,97.0,668.91796875,,0
1782301096.240292,9457.167576,135.0,,97.0,668.91796875,,0
1782301096.340360,9457.267643,135.0,,98.0,668.91796875,,0
1782301096.440361,9457.367645,134.0,,97.0,668.91796875,,0
1782301096.540359,9457.467642,134.0,,97.0,668.91796875,,0
1782301096.640375,9457.567660,134.0,,97.0,668.91796875,,0
1782301096.740360,9457.667644,134.0,,98.0,668.91796875,,0
1782301096.840354,9457.767637,134.0,,97.0,668.91796875,,0
1782301096.940271,9457.867554,134.0,,98.0,668.91796875,,0
1782301097.040272,9457.967555,134.0,,97.0,668.91796875,,0
1782301097.140356,9458.067639,135.0,,98.0,668.91796875,,0
1782301097.240354,9458.167639,134.0,,98.0,668.91796875,,0
1782301097.340544,9458.267828,134.0,,97.0,668.91796875,,0
1782301097.440357,9458.367641,134.0,,97.0,668.91796875,,0
1782301097.540354,9458.467638,135.0,,98.0,668.91796875,,0
1782301097.640366,9458.567650,135.0,,97.0,668.91796875,,0
1782301097.740358,9458.667641,133.0,,98.0,668.91796875,,0
1782301097.840364,9458.767647,133.0,,98.0,668.91796875,,0
1782301097.940352,9458.867637,133.0,,97.0,668.91796875,,0
1782301098.040385,9458.967668,133.0,,97.0,668.91796875,,0
1782301098.140378,9459.067661,132.0,,97.0,668.91796875,,0
1782301098.240357,9459.167641,132.0,,97.0,668.91796875,,0
1782301098.340358,9459.267642,133.0,,97.0,668.91796875,,0
1782301098.440364,9459.367648,133.0,,98.0,668.91796875,,0
1782301098.540355,9459.467640,132.0,,97.0,668.91796875,,0
1782301098.640362,9459.567646,133.0,,97.0,668.91796875,,0
1782301098.740360,9459.667644,133.0,,97.0,668.91796875,,0
1782301098.840360,9459.767643,133.0,,97.0,668.91796875,,0
1782301098.940361,9459.867646,133.0,,97.0,668.91796875,,0
1782301099.040271,9459.967555,133.0,,97.0,668.91796875,,0
1782301099.140365,9460.067649,132.0,,97.0,668.91796875,,0
1782301099.240352,9460.167635,133.0,,98.0,668.91796875,,0
1782301099.340271,9460.267554,133.0,,98.0,668.91796875,,0
1782301099.440365,9460.367649,133.0,,98.0,668.91796875,,0
1782301099.540356,9460.467640,132.0,,97.0,668.91796875,,0
1782301099.640359,9460.567644,133.0,,97.0,668.91796875,,0
1782301099.740355,9460.667641,133.0,,97.0,668.91796875,,0
1782301099.840356,9460.767639,133.0,,97.0,668.91796875,,0
1782301099.940351,9460.867635,133.0,,97.0,668.91796875,,0
1782301100.040363,9460.967647,133.0,,98.0,668.91796875,,0
1782301100.140359,9461.067644,133.0,,98.0,668.91796875,,0
1782301100.240358,9461.167643,134.0,,98.0,668.91796875,,0
1782301100.340362,9461.267646,134.0,,98.0,668.91796875,,0
1782301100.440368,9461.367653,133.0,,98.0,668.91796875,,0
1782301100.540287,9461.467571,133.0,,97.0,668.91796875,,0
1782301100.640271,9461.567554,133.0,,98.0,668.91796875,,0
1782301100.740353,9461.667638,134.0,,97.0,668.91796875,,0
1782301100.840356,9461.767640,133.0,,98.0,668.91796875,,0
1782301100.940377,9461.867661,134.0,,97.0,668.91796875,,0
1782301101.040357,9461.967641,134.0,,98.0,668.91796875,,0
1782301101.140389,9462.067672,134.0,,97.0,668.91796875,,0
1782301101.240368,9462.167653,134.0,,97.0,668.91796875,,0
1782301101.340365,9462.267650,134.0,,98.0,668.91796875,,0
1782301101.440360,9462.367644,134.0,,98.0,668.91796875,,0
1782301101.540358,9462.467643,133.0,,98.0,668.91796875,,0
1782301101.640364,9462.567649,134.0,,98.0,668.91796875,,0
1782301101.740364,9462.667648,134.0,,98.0,668.91796875,,0
1782301101.840374,9462.767659,133.0,,98.0,668.91796875,,0
1782301101.940299,9462.867583,134.0,,97.0,668.91796875,,0
1782301102.040354,9462.967639,133.0,,98.0,668.91796875,,0
1782301102.140359,9463.067644,134.0,,98.0,668.91796875,,0
1782301102.240361,9463.167645,133.0,,98.0,668.91796875,,0
1782301102.340356,9463.267641,134.0,,98.0,668.91796875,,0
1782301102.440366,9463.367650,134.0,,98.0,668.91796875,,0
1782301102.540354,9463.467637,134.0,,98.0,668.91796875,,0
1782301102.640356,9463.567641,134.0,,98.0,668.91796875,,0
1782301102.740358,9463.667643,134.0,,98.0,668.91796875,,0
1782301102.840299,9463.767583,135.0,,97.0,668.91796875,,0
1782301102.940359,9463.867644,133.0,,98.0,668.91796875,,0
1782301103.040359,9463.967645,134.0,,98.0,668.91796875,,0
1782301103.140376,9464.067660,134.0,,98.0,668.91796875,,0
1782301103.240357,9464.167642,134.0,,98.0,668.91796875,,0
1782301103.340365,9464.267650,135.0,,98.0,668.91796875,,0
1782301103.440357,9464.367641,135.0,,98.0,668.91796875,,0
1782301103.540367,9464.467652,134.0,,98.0,668.91796875,,0
1782301103.640359,9464.567643,135.0,,98.0,668.91796875,,0
1782301103.740357,9464.667641,136.0,,97.0,668.91796875,,0
1782301103.840363,9464.767647,135.0,,97.0,668.91796875,,0
1782301103.940361,9464.867646,135.0,,98.0,668.91796875,,0
1782301104.040361,9464.967644,135.0,,97.0,668.91796875,,0
1782301104.140357,9465.067640,135.0,,97.0,668.91796875,,0
1782301104.240271,9465.167554,135.0,,97.0,668.91796875,,0
1782301104.340378,9465.267661,135.0,,95.0,668.91796875,,0
1782301104.440370,9465.367653,134.0,,97.0,668.91796875,,0
1782301104.540358,9465.467644,136.0,,98.0,668.91796875,,0
1782301104.640358,9465.567641,136.0,,96.0,668.91796875,,0
1782301104.740362,9465.667645,136.0,,97.0,668.91796875,,0
1782301104.840358,9465.767641,136.0,,98.0,668.91796875,,0
1782301104.940366,9465.867650,136.0,,97.0,668.91796875,,0
1782301105.040360,9465.967645,135.0,,97.0,668.91796875,,0
1782301105.140360,9466.067645,136.0,,97.0,668.91796875,,0
1782301105.240359,9466.167643,136.0,,98.0,668.91796875,,0
1782301105.340293,9466.267577,136.0,,97.0,668.91796875,,0
1782301105.440358,9466.367642,135.0,,99.0,668.91796875,,0
1782301105.540270,9466.467553,136.0,,98.0,668.91796875,,0
1782301105.640362,9466.567647,139.0,,99.0,668.91796875,,0
1782301105.740365,9466.667649,133.0,,96.0,668.91796875,,0
1782301105.840358,9466.767643,136.0,,97.0,668.91796875,,0
1782301105.940361,9466.867644,136.0,,97.0,668.91796875,,0
1782301106.040356,9466.967641,136.0,,98.0,668.91796875,,0
1782301106.140373,9467.067657,135.0,,97.0,668.91796875,,0
1782301106.240369,9467.167654,136.0,,98.0,668.91796875,,0
1782301106.340356,9467.267640,136.0,,98.0,668.91796875,,0
1782301106.440360,9467.367645,137.0,,98.0,668.91796875,,0
1782301106.540375,9467.467659,136.0,,98.0,668.91796875,,0
1782301106.640359,9467.567644,136.0,,98.0,668.91796875,,0
1782301106.740357,9467.667641,136.0,,98.0,668.91796875,,0
1782301106.840362,9467.767646,136.0,,98.0,668.91796875,,0
1782301106.940390,9467.867675,136.0,,98.0,668.91796875,,0
1782301107.040356,9467.967641,136.0,,98.0,668.91796875,,0
1782301107.140353,9468.067636,136.0,,98.0,668.91796875,,0
1782301107.240357,9468.167641,136.0,,98.0,668.91796875,,0
1782301107.340361,9468.267646,136.0,,98.0,668.91796875,,0
1782301107.440366,9468.367651,136.0,,98.0,668.91796875,,0
1782301107.540365,9468.467650,136.0,,98.0,668.91796875,,0
1782301107.640356,9468.567641,136.0,,98.0,668.91796875,,0
1782301107.740358,9468.667641,136.0,,98.0,668.91796875,,0
1782301107.840352,9468.767637,136.0,,98.0,668.91796875,,0
1782301107.940355,9468.867639,136.0,,98.0,668.91796875,,0
1782301108.040363,9468.967647,136.0,,98.0,668.91796875,,0
1782301108.140372,9469.067657,137.0,,98.0,668.91796875,,0
1782301108.240375,9469.167659,136.0,,98.0,668.91796875,,0
1782301108.340358,9469.267643,136.0,,98.0,668.91796875,,0
1782301108.440361,9469.367646,136.0,,98.0,668.91796875,,0
1782301108.540361,9469.467646,136.0,,98.0,668.91796875,,0
1782301108.640362,9469.567646,136.0,,98.0,668.91796875,,0
1782301108.740358,9469.667642,136.0,,98.0,668.91796875,,0
1782301108.840374,9469.767657,136.0,,98.0,668.91796875,,0
1782301108.940361,9469.867645,137.0,,98.0,668.91796875,,0
1782301109.040356,9469.967641,136.0,,98.0,668.91796875,,0
1782301109.140360,9470.067645,136.0,,98.0,668.91796875,,0
1782301109.240356,9470.167640,137.0,,98.0,668.91796875,,0
1782301109.340683,9470.267967,136.0,,97.0,668.91796875,,0
1782301109.440272,9470.367555,136.0,,97.0,668.91796875,,0
1782301109.540360,9470.467644,136.0,,97.0,668.91796875,,0
1782301109.640366,9470.567649,137.0,,97.0,668.91796875,,0
1782301109.740359,9470.667644,136.0,,98.0,668.91796875,,0
1782301109.840358,9470.767641,137.0,,97.0,668.91796875,,0
1782301109.940362,9470.867647,136.0,,97.0,668.91796875,,0
1782301110.040358,9470.967643,136.0,,97.0,668.91796875,,0
1782301110.140271,9471.067554,137.0,,98.0,668.91796875,,0
1782301110.240364,9471.167647,137.0,,97.0,668.91796875,,0
1782301110.340360,9471.267644,136.0,,97.0,668.91796875,,0
1782301110.440373,9471.367658,136.0,,97.0,668.91796875,,0
1782301110.540361,9471.467645,137.0,,98.0,668.91796875,,0
1782301110.640389,9471.567674,137.0,,97.0,668.91796875,,0
1782301110.740356,9471.667640,136.0,,97.0,668.91796875,,0
1782301110.840365,9471.767648,136.0,,97.0,668.91796875,,0
1782301110.940358,9471.867642,136.0,,98.0,668.91796875,,0
1782301111.040287,9471.967571,137.0,,97.0,668.91796875,,0
1782301111.140365,9472.067648,136.0,,98.0,668.91796875,,0
1782301111.240354,9472.167638,136.0,,97.0,668.91796875,,0
1782301111.340300,9472.267584,137.0,,98.0,668.91796875,,0
1782301111.440271,9472.367554,137.0,,98.0,668.91796875,,0
1782301111.540361,9472.467646,137.0,,98.0,668.91796875,,0
1782301111.640361,9472.567646,136.0,,97.0,668.91796875,,0
1782301111.740356,9472.667640,136.0,,97.0,668.91796875,,0
1782301111.840354,9472.767637,137.0,,98.0,668.91796875,,0
1782301111.940359,9472.867643,137.0,,97.0,668.91796875,,0
1782301112.040354,9472.967637,136.0,,97.0,668.91796875,,0
1782301112.140364,9473.067647,136.0,,97.0,668.91796875,,0
1782301112.240356,9473.167641,136.0,,97.0,668.91796875,,0
1782301112.340366,9473.267650,136.0,,97.0,668.91796875,,0
1782301112.440358,9473.367642,137.0,,98.0,668.91796875,,0
1782301112.540359,9473.467644,137.0,,97.0,668.91796875,,0
1782301112.640368,9473.567653,137.0,,97.0,668.91796875,,0
1782301112.740371,9473.667655,137.0,,97.0,668.91796875,,0
1782301112.840356,9473.767639,137.0,,97.0,668.91796875,,0
1782301112.940359,9473.867644,137.0,,98.0,668.91796875,,0
1782301113.040350,9473.967634,137.0,,97.0,668.91796875,,0
1782301113.140360,9474.067645,137.0,,97.0,668.91796875,,0
1782301113.240357,9474.167642,137.0,,98.0,668.91796875,,0
1782301113.340364,9474.267648,137.0,,98.0,668.91796875,,0
1782301113.440357,9474.367642,137.0,,98.0,668.91796875,,0
1782301113.540363,9474.467648,137.0,,98.0,668.91796875,,0
1782301113.640352,9474.567637,137.0,,98.0,668.91796875,,0
1782301113.740371,9474.667655,137.0,,97.0,668.91796875,,0
1782301113.840359,9474.767643,137.0,,98.0,668.91796875,,0
1782301113.940271,9474.867554,136.0,,98.0,668.91796875,,0
1782301114.040361,9474.967645,137.0,,98.0,668.91796875,,0
1782301114.140353,9475.067637,137.0,,98.0,668.91796875,,0
1782301114.240367,9475.167650,137.0,,98.0,668.91796875,,0
1782301114.340364,9475.267647,137.0,,98.0,668.91796875,,0
1782301114.440359,9475.367644,136.0,,98.0,668.91796875,,0
1782301114.540363,9475.467647,137.0,,98.0,668.91796875,,0
1782301114.640357,9475.567642,137.0,,98.0,668.91796875,,0
1782301114.740354,9475.667638,137.0,,98.0,668.91796875,,0
1782301114.840355,9475.767640,137.0,,98.0,668.91796875,,0
1782301114.940358,9475.867642,137.0,,98.0,668.91796875,,0
1782301115.040363,9475.967648,137.0,,98.0,668.91796875,,0
1782301115.140353,9476.067637,137.0,,98.0,668.91796875,,0
1782301115.240358,9476.167643,137.0,,98.0,668.91796875,,0
1782301115.340356,9476.267641,137.0,,98.0,668.91796875,,0
1782301115.440358,9476.367641,137.0,,98.0,668.91796875,,0
1782301115.540355,9476.467640,137.0,,98.0,668.91796875,,0
1782301115.640353,9476.567638,137.0,,98.0,668.91796875,,0
1782301115.740355,9476.667639,136.0,,98.0,668.91796875,,0
1782301115.840361,9476.767644,137.0,,98.0,668.91796875,,0
1782301115.940365,9476.867649,137.0,,98.0,668.91796875,,0
1782301116.040271,9476.967554,137.0,,98.0,668.91796875,,0
1782301116.140356,9477.067641,137.0,,98.0,668.91796875,,0
1782301116.240357,9477.167641,137.0,,98.0,668.91796875,,0
1782301116.340354,9477.267639,137.0,,98.0,668.91796875,,0
1782301116.440356,9477.367640,137.0,,98.0,668.91796875,,0
1782301116.540365,9477.467649,137.0,,98.0,668.91796875,,0
1782301116.640353,9477.567638,137.0,,98.0,668.91796875,,0
1782301116.740363,9477.667647,137.0,,98.0,668.91796875,,0
1782301116.840371,9477.767656,137.0,,98.0,668.91796875,,0
1782301116.940365,9477.867649,137.0,,98.0,668.91796875,,0
1782301117.040361,9477.967646,137.0,,98.0,668.91796875,,0
1782301117.140361,9478.067644,137.0,,98.0,668.91796875,,0
1782301117.240290,9478.167575,137.0,,98.0,668.91796875,,0
1782301117.340359,9478.267643,137.0,,98.0,668.91796875,,0
1782301117.440373,9478.367658,137.0,,98.0,668.91796875,,0
1782301117.540364,9478.467647,137.0,,98.0,668.91796875,,0
1782301117.640359,9478.567645,137.0,,98.0,668.91796875,,0
1782301117.740359,9478.667643,137.0,,98.0,668.91796875,,0
1782301117.840356,9478.767641,137.0,,98.0,668.91796875,,0
1782301117.940299,9478.867584,137.0,,98.0,668.91796875,,0
1782301118.040354,9478.967637,137.0,,98.0,668.91796875,,0
1782301118.140354,9479.067638,137.0,,98.0,668.91796875,,0
1782301118.240375,9479.167658,137.0,,98.0,668.91796875,,0
1782301118.340361,9479.267645,137.0,,98.0,668.91796875,,0
1782301118.440353,9479.367638,137.0,,98.0,668.91796875,,0
1782301118.540359,9479.467644,137.0,,98.0,668.91796875,,0
1782301118.640365,9479.567648,138.0,,98.0,668.91796875,,0
1782301118.740359,9479.667642,137.0,,98.0,668.91796875,,0
1782301118.840353,9479.767638,137.0,,98.0,668.91796875,,0
1782301118.940360,9479.867643,137.0,,98.0,668.91796875,,0
1782301119.040287,9479.967571,137.0,,98.0,668.91796875,,0
1782301119.140286,9480.067571,137.0,,97.0,668.91796875,,0
1782301119.240271,9480.167554,137.0,,98.0,668.91796875,,0
1782301119.340364,9480.267647,137.0,,98.0,668.91796875,,0
1782301119.440271,9480.367554,135.0,,98.0,668.91796875,,0
1782301119.540271,9480.467554,136.0,,98.0,668.91796875,,0
1782301119.640360,9480.567643,137.0,,98.0,668.91796875,,0
1782301119.740356,9480.667640,137.0,,97.0,668.91796875,,0
1782301119.840361,9480.767646,137.0,,97.0,668.91796875,,0
1782301119.940271,9480.867554,134.0,,97.0,668.91796875,,0
1782301120.040362,9480.967645,137.0,,98.0,668.91796875,,0
1782301120.140363,9481.067646,137.0,,97.0,668.91796875,,0
1782301120.240354,9481.167638,137.0,,97.0,668.91796875,,0
1782301120.340271,9481.267554,140.0,,96.0,668.91796875,,0
1782301120.440352,9481.367635,137.0,,98.0,668.91796875,,0
1782301120.540357,9481.467640,137.0,,98.0,668.91796875,,0
1782301120.640366,9481.567649,137.0,,97.0,668.91796875,,0
1782301120.740361,9481.667645,137.0,,98.0,668.91796875,,0
1782301120.840271,9481.767554,135.0,,98.0,668.91796875,,0
1782301120.940361,9481.867645,137.0,,98.0,668.91796875,,0
1782301121.040300,9481.967585,137.0,,97.0,668.91796875,,0
1782301121.140287,9482.067572,136.0,,98.0,668.91796875,,0
1782301121.240360,9482.167645,138.0,,97.0,668.91796875,,0
1782301121.340359,9482.267643,136.0,,97.0,668.91796875,,0
1782301121.440361,9482.367646,135.0,,98.0,668.91796875,,0
1782301121.540271,9482.467554,138.0,,97.0,668.91796875,,0
1782301121.640358,9482.567643,137.0,,96.0,668.91796875,,0
1782301121.740364,9482.667648,136.0,,96.0,668.91796875,,0
1782301121.840286,9482.767571,137.0,,97.0,668.91796875,,0
1782301121.940271,9482.867554,137.0,,97.0,668.91796875,,0
1782301122.040351,9482.967634,140.0,,97.0,668.91796875,,0
1782301122.140368,9483.067653,136.0,,99.0,668.91796875,,0
1782301122.240271,9483.167554,138.0,,98.0,668.91796875,,0
1782301122.340354,9483.267637,140.0,,97.0,668.91796875,,0
1782301122.440357,9483.367642,136.0,,97.0,668.91796875,,0
1782301122.540357,9483.467641,141.0,,97.0,668.91796875,,0
1782301122.640353,9483.567637,137.0,,98.0,668.91796875,,0
1782301122.740357,9483.667641,138.0,,98.0,668.91796875,,0
1782301122.840365,9483.767648,137.0,,98.0,668.91796875,,0
1782301122.940363,9483.867646,136.0,,97.0,668.91796875,,0
1782301123.040293,9483.967578,137.0,,97.0,668.91796875,,0
1782301123.140290,9484.067574,137.0,,97.0,668.91796875,,0
1782301123.240368,9484.167651,137.0,,97.0,668.91796875,,0
1782301123.340361,9484.267646,137.0,,98.0,668.91796875,,0
1782301123.440354,9484.367638,137.0,,98.0,668.91796875,,0
1782301123.540383,9484.467666,137.0,,98.0,668.91796875,,0
1782301123.640353,9484.567637,137.0,,98.0,668.91796875,,0
1782301123.740368,9484.667651,137.0,,98.0,668.91796875,,0
1782301123.840357,9484.767641,139.0,,98.0,668.91796875,,0
1782301123.940362,9484.867647,138.0,,98.0,668.91796875,,0
1782301124.040357,9484.967641,136.0,,98.0,668.91796875,,0
1782301124.140372,9485.067657,135.0,,98.0,668.91796875,,0
1782301124.240351,9485.167635,136.0,,98.0,668.91796875,,0
1782301124.340367,9485.267651,135.0,,97.0,668.91796875,,0
1782301124.440361,9485.367645,136.0,,97.0,668.91796875,,0
1782301124.540351,9485.467636,136.0,,98.0,668.91796875,,0
1782301124.640363,9485.567646,136.0,,98.0,668.91796875,,0
1782301124.740362,9485.667646,135.0,,97.0,668.91796875,,0
1782301124.840359,9485.767644,136.0,,97.0,668.91796875,,0
1782301124.940282,9485.867566,136.0,,97.0,668.91796875,,0
1782301125.040356,9485.967641,136.0,,97.0,668.91796875,,0
1782301125.140367,9486.067650,135.0,,97.0,668.91796875,,0
1782301125.240362,9486.167647,136.0,,97.0,668.91796875,,0
1782301125.340360,9486.267644,135.0,,97.0,668.91796875,,0
1782301125.440364,9486.367647,136.0,,97.0,668.91796875,,0
1782301125.540364,9486.467648,135.0,,97.0,668.91796875,,0
1782301125.640286,9486.567570,135.0,,97.0,668.91796875,,0
1782301125.740282,9486.667566,136.0,,98.0,668.91796875,,0
1782301125.840271,9486.767554,136.0,,97.0,668.91796875,,0
1782301125.940372,9486.867655,136.0,,98.0,668.91796875,,0
1782301126.040357,9486.967641,136.0,,97.0,668.91796875,,0
1782301126.140360,9487.067644,136.0,,98.0,668.91796875,,0
1782301126.240285,9487.167570,136.0,,98.0,668.91796875,,0
1782301126.340364,9487.267649,136.0,,97.0,668.91796875,,0
1782301126.440354,9487.367638,136.0,,97.0,668.91796875,,0
1782301126.540354,9487.467638,136.0,,97.0,668.91796875,,0
1782301126.640358,9487.567643,136.0,,97.0,668.91796875,,0
1782301126.740356,9487.667639,136.0,,98.0,668.91796875,,0
1782301126.840360,9487.767645,135.0,,97.0,668.91796875,,0
1782301126.940356,9487.867640,135.0,,98.0,668.91796875,,0
1782301127.040361,9487.967645,136.0,,98.0,668.91796875,,0
1782301127.140358,9488.067641,136.0,,97.0,668.91796875,,0
1782301127.240271,9488.167555,136.0,,98.0,668.91796875,,0
1782301127.340360,9488.267644,136.0,,97.0,668.91796875,,0
1782301127.440365,9488.367648,136.0,,98.0,668.91796875,,0
1782301127.540374,9488.467657,136.0,,98.0,668.91796875,,0
1782301127.640363,9488.567647,136.0,,98.0,668.91796875,,0
1782301127.740372,9488.667657,41.0,,9.0,668.91796875,,0
1782301127.840371,9488.767656,24.0,,3.0,668.91796875,,0
1782301127.940368,9488.867653,16.0,,3.0,668.91796875,,0
1782301128.040372,9488.967657,16.0,,3.0,668.91796875,,0
1782301128.140369,9489.067653,16.0,,3.0,668.91796875,,0
1782301128.240368,9489.167652,16.0,,3.0,668.91796875,,0
1782301128.340366,9489.267651,17.0,,3.0,668.91796875,,0
1782301128.440369,9489.367653,16.0,,3.0,668.91796875,,0
1782301128.540367,9489.467652,17.0,,3.0,668.91796875,,0
1782301128.640370,9489.567654,17.0,,3.0,668.91796875,,0
1782301128.740366,9489.667651,16.0,,3.0,668.91796875,,0
1782301128.840367,9489.767652,17.0,,3.0,668.91796875,,0
1782301128.940373,9489.867658,17.0,,3.0,668.91796875,,0
1782301129.040365,9489.967650,16.0,,3.0,668.91796875,,0
1782301129.140365,9490.067650,17.0,,4.0,668.91796875,,0
1782301129.240368,9490.167653,16.0,,4.0,668.91796875,,0
1782301129.340369,9490.267654,16.0,,3.0,668.91796875,,0
1782301129.440368,9490.367652,16.0,,3.0,668.91796875,,0
1782301129.540365,9490.467650,17.0,,2.0,668.91796875,,0
1782301129.640367,9490.567652,16.0,,3.0,668.91796875,,0
1782301129.740365,9490.667650,16.0,,3.0,668.91796875,,0
1782301129.840372,9490.767657,17.0,,2.0,668.91796875,,0
1782301129.940364,9490.867649,16.0,,3.0,668.91796875,,0
1782301130.040361,9490.967646,14.0,,3.0,668.91796875,,0
1782301130.140365,9491.067649,16.0,,3.0,668.91796875,,0
1782301130.240368,9491.167653,16.0,,3.0,668.91796875,,0
1782301130.340366,9491.267651,15.0,,3.0,668.91796875,,0
1782301130.440367,9491.367651,15.0,,3.0,668.91796875,,0
1782301130.540365,9491.467650,14.0,,3.0,668.91796875,,0
1782301130.640365,9491.567650,14.0,,2.0,668.91796875,,0
1782301130.740368,9491.667653,14.0,,3.0,668.91796875,,0
1782301130.840367,9491.767652,16.0,,2.0,668.91796875,,0
1782301130.940367,9491.867651,16.0,,3.0,668.91796875,,0
1782301131.040366,9491.967651,16.0,,2.0,668.91796875,,0
1782301131.140372,9492.067656,14.0,,3.0,668.91796875,,0
1782301131.240365,9492.167650,16.0,,3.0,668.91796875,,0
1782301131.340365,9492.267649,16.0,,3.0,668.91796875,,0
1782301131.440368,9492.367653,15.0,,3.0,668.91796875,,0
1782301131.540364,9492.467649,16.0,,3.0,668.91796875,,0
1782301131.640367,9492.567651,16.0,,3.0,668.91796875,,0
1782301131.740369,9492.667654,14.0,,3.0,668.91796875,,0
1782301131.840366,9492.767651,15.0,,3.0,668.91796875,,0
1782301131.940364,9492.867649,14.0,,3.0,668.91796875,,0
1782301132.040367,9492.967651,15.0,,3.0,668.91796875,,0
1782301132.140365,9493.067649,15.0,,3.0,668.91796875,,0
1782301132.240367,9493.167652,15.0,,3.0,668.91796875,,0
1782301132.340370,9493.267655,15.0,,3.0,668.91796875,,0
1782301132.440367,9493.367651,14.0,,3.0,668.91796875,,0
1782301132.540367,9493.467652,14.0,,2.0,668.91796875,,0
1782301132.640368,9493.567652,16.0,,3.0,668.91796875,,0
1782301132.740361,9493.667644,92.0,,91.0,668.91796875,,0
1782301132.840360,9493.767643,108.0,,98.0,668.91796875,,0
1782301132.940271,9493.867554,108.0,,97.0,668.91796875,,0
1782301133.040365,9493.967648,108.0,,98.0,668.91796875,,0
1782301133.140366,9494.067650,109.0,,98.0,668.91796875,,0
1782301133.240377,9494.167661,111.0,,98.0,668.91796875,,0
1782301133.340371,9494.267656,112.0,,98.0,668.91796875,,0
1782301133.440366,9494.367651,113.0,,98.0,668.91796875,,0
1782301133.540358,9494.467643,114.0,,98.0,668.91796875,,0
1782301133.640356,9494.567641,115.0,,98.0,668.91796875,,0
1782301133.740377,9494.667661,117.0,,98.0,668.91796875,,0
1782301133.840366,9494.767649,117.0,,98.0,668.91796875,,0
1782301133.940379,9494.867663,119.0,,98.0,668.91796875,,0
1782301134.040361,9494.967646,119.0,,98.0,668.91796875,,0
1782301134.140271,9495.067554,121.0,,97.0,668.91796875,,0
1782301134.240358,9495.167641,122.0,,97.0,668.91796875,,0
1782301134.340372,9495.267657,125.0,,98.0,668.91796875,,0
1782301134.440361,9495.367645,125.0,,97.0,668.91796875,,0
1782301134.540352,9495.467637,126.0,,98.0,668.91796875,,0
1782301134.640357,9495.567641,128.0,,97.0,668.91796875,,0
1782301134.740365,9495.667650,130.0,,97.0,668.91796875,,0
1782301134.840356,9495.767641,132.0,,97.0,668.91796875,,0
1782301134.940367,9495.867650,132.0,,98.0,668.91796875,,0
1782301135.040358,9495.967642,133.0,,97.0,668.91796875,,0
1782301135.140364,9496.067648,134.0,,97.0,668.91796875,,0
1782301135.240361,9496.167644,135.0,,98.0,668.91796875,,0
1782301135.340364,9496.267649,135.0,,98.0,668.91796875,,0
1782301135.440271,9496.367554,135.0,,97.0,668.91796875,,0
1782301135.540388,9496.467673,136.0,,97.0,668.91796875,,0
1782301135.640357,9496.567640,136.0,,97.0,668.91796875,,0
1782301135.740358,9496.667642,136.0,,97.0,668.91796875,,0
1782301135.840363,9496.767646,136.0,,98.0,668.91796875,,0
1782301135.940365,9496.867650,136.0,,97.0,668.91796875,,0
1782301136.040363,9496.967647,136.0,,98.0,668.91796875,,0
1782301136.140363,9497.067649,136.0,,97.0,668.91796875,,0
1782301136.240360,9497.167645,137.0,,97.0,668.91796875,,0
1782301136.340367,9497.267651,136.0,,98.0,668.91796875,,0
1782301136.440357,9497.367642,136.0,,98.0,668.91796875,,0
1782301136.540357,9497.467642,136.0,,98.0,668.91796875,,0
1782301136.640361,9497.567645,136.0,,97.0,668.91796875,,0
1782301136.740356,9497.667641,137.0,,97.0,668.91796875,,0
1782301136.840357,9497.767642,137.0,,98.0,668.91796875,,0
1782301136.940367,9497.867651,137.0,,98.0,668.91796875,,0
1782301137.040362,9497.967647,137.0,,98.0,668.91796875,,0
1782301137.140369,9498.067653,136.0,,97.0,668.91796875,,0
1782301137.240300,9498.167584,136.0,,98.0,668.91796875,,0
1782301137.340363,9498.267647,136.0,,98.0,668.91796875,,0
1782301137.440361,9498.367645,136.0,,98.0,668.91796875,,0
1782301137.540379,9498.467663,137.0,,98.0,668.91796875,,0
1782301137.640365,9498.567648,137.0,,98.0,668.91796875,,0
1782301137.740357,9498.667642,134.0,,98.0,668.91796875,,0
1782301137.840362,9498.767646,132.0,,97.0,668.91796875,,0
1782301137.940359,9498.867643,133.0,,97.0,668.91796875,,0
1782301138.040366,9498.967650,132.0,,98.0,668.91796875,,0
1782301138.140296,9499.067580,134.0,,98.0,668.91796875,,0
1782301138.240359,9499.167644,131.0,,98.0,668.91796875,,0
1782301138.340361,9499.267646,131.0,,98.0,668.91796875,,0
1782301138.440291,9499.367576,130.0,,98.0,668.91796875,,0
1782301138.540363,9499.467648,130.0,,98.0,668.91796875,,0
1782301138.640359,9499.567644,131.0,,98.0,668.91796875,,0
1782301138.740271,9499.667554,132.0,,96.0,668.91796875,,0
1782301138.840357,9499.767640,132.0,,98.0,668.91796875,,0
1782301138.940360,9499.867644,129.0,,98.0,668.91796875,,0
1782301139.040358,9499.967643,131.0,,97.0,668.91796875,,0
1782301139.140362,9500.067646,130.0,,98.0,668.91796875,,0
1782301139.240362,9500.167647,132.0,,98.0,668.91796875,,0
1782301139.340368,9500.267652,129.0,,98.0,668.91796875,,0
1782301139.440367,9500.367652,130.0,,98.0,668.91796875,,0
1782301139.540271,9500.467554,131.0,,98.0,668.91796875,,0
1782301139.640366,9500.567651,131.0,,98.0,668.91796875,,0
1782301139.740366,9500.667650,130.0,,98.0,668.91796875,,0
1782301139.840362,9500.767646,133.0,,97.0,668.91796875,,0
1782301139.940365,9500.867648,131.0,,98.0,668.91796875,,0
1782301140.040361,9500.967644,137.0,,97.0,668.91796875,,0
1782301140.140275,9501.067558,131.0,,98.0,668.91796875,,0
1782301140.240354,9501.167638,132.0,,97.0,668.91796875,,0
1782301140.340364,9501.267648,132.0,,97.0,668.91796875,,0
1782301140.440358,9501.367642,133.0,,98.0,668.91796875,,0
1782301140.540372,9501.467655,133.0,,97.0,668.91796875,,0
1782301140.640299,9501.567584,133.0,,98.0,668.91796875,,0
1782301140.740358,9501.667643,132.0,,97.0,668.91796875,,0
1782301140.840359,9501.767642,133.0,,97.0,668.91796875,,0
1782301140.940386,9501.867670,131.0,,97.0,668.91796875,,0
1782301141.040360,9501.967643,133.0,,97.0,668.91796875,,0
1782301141.140362,9502.067646,133.0,,98.0,668.91796875,,0
1782301141.240365,9502.167648,133.0,,98.0,668.91796875,,0
1782301141.340362,9502.267647,133.0,,98.0,668.91796875,,0
1782301141.440363,9502.367646,132.0,,98.0,668.91796875,,0
1782301141.540369,9502.467652,133.0,,98.0,668.91796875,,0
1782301141.640374,9502.567659,134.0,,98.0,668.91796875,,0
1782301141.740357,9502.667642,133.0,,98.0,668.91796875,,0
1782301141.840360,9502.767644,133.0,,98.0,668.91796875,,0
1782301141.940353,9502.867638,133.0,,98.0,668.91796875,,0
1782301142.040273,9502.967556,133.0,,98.0,668.91796875,,0
1782301142.140363,9503.067648,133.0,,98.0,668.91796875,,0
1782301142.240352,9503.167637,133.0,,98.0,668.91796875,,0
1782301142.340359,9503.267644,133.0,,98.0,668.91796875,,0
1782301142.440378,9503.367662,133.0,,98.0,668.91796875,,0
1782301142.540358,9503.467643,133.0,,98.0,668.91796875,,0
1782301142.640395,9503.567680,134.0,,97.0,668.91796875,,0
1782301142.740358,9503.667642,134.0,,98.0,668.91796875,,0
1782301142.840379,9503.767663,133.0,,98.0,668.91796875,,0
1782301142.940358,9503.867642,133.0,,98.0,668.91796875,,0
1782301143.040363,9503.967648,133.0,,98.0,668.91796875,,0
1782301143.140354,9504.067639,133.0,,97.0,668.91796875,,0
1782301143.240365,9504.167650,133.0,,97.0,668.91796875,,0
1782301143.340358,9504.267641,134.0,,98.0,668.91796875,,0
1782301143.440356,9504.367640,133.0,,98.0,668.91796875,,0
1782301143.540358,9504.467641,133.0,,98.0,668.91796875,,0
1782301143.640354,9504.567637,133.0,,98.0,668.91796875,,0
1782301143.740362,9504.667648,133.0,,98.0,668.91796875,,0
1782301143.840271,9504.767554,134.0,,98.0,668.91796875,,0
1782301143.940362,9504.867647,134.0,,97.0,668.91796875,,0
1782301144.040271,9504.967554,134.0,,97.0,668.91796875,,0
1782301144.140271,9505.067554,134.0,,98.0,668.91796875,,0
1782301144.240386,9505.167669,133.0,,97.0,668.91796875,,0
1782301144.340361,9505.267644,133.0,,97.0,668.91796875,,0
1782301144.440298,9505.367583,133.0,,97.0,668.91796875,,0
1782301144.540364,9505.467648,133.0,,97.0,668.91796875,,0
1782301144.640358,9505.567642,133.0,,97.0,668.91796875,,0
1782301144.740362,9505.667646,133.0,,97.0,668.91796875,,0
1782301144.840367,9505.767651,133.0,,97.0,668.91796875,,0
1782301144.940359,9505.867642,133.0,,97.0,668.91796875,,0
1782301145.040373,9505.967657,133.0,,97.0,668.91796875,,0
1782301145.140363,9506.067647,134.0,,98.0,668.91796875,,0
1782301145.240358,9506.167642,134.0,,97.0,668.91796875,,0
1782301145.340359,9506.267643,132.0,,97.0,668.91796875,,0
1782301145.440361,9506.367645,134.0,,97.0,668.91796875,,0
1782301145.540359,9506.467642,134.0,,98.0,668.91796875,,0
1782301145.640357,9506.567640,134.0,,97.0,668.91796875,,0
1782301145.740359,9506.667644,134.0,,98.0,668.91796875,,0
1782301145.840363,9506.767648,133.0,,97.0,668.91796875,,0
1782301145.940287,9506.867571,133.0,,97.0,668.91796875,,0
1782301146.040361,9506.967645,134.0,,97.0,668.91796875,,0
1782301146.140362,9507.067646,133.0,,97.0,668.91796875,,0
1782301146.240363,9507.167647,134.0,,97.0,668.91796875,,0
1782301146.340364,9507.267648,134.0,,97.0,668.91796875,,0
1782301146.440356,9507.367640,134.0,,97.0,668.91796875,,0
1782301146.540364,9507.467648,134.0,,97.0,668.91796875,,0
1782301146.640271,9507.567554,134.0,,97.0,668.91796875,,0
1782301146.740369,9507.667653,134.0,,97.0,668.91796875,,0
1782301146.840361,9507.767644,133.0,,97.0,668.91796875,,0
1782301146.940359,9507.867643,133.0,,97.0,668.91796875,,0
1782301147.040353,9507.967638,134.0,,97.0,668.91796875,,0
1782301147.140365,9508.067648,134.0,,98.0,668.91796875,,0
1782301147.240271,9508.167554,134.0,,98.0,668.91796875,,0
1782301147.340271,9508.267554,134.0,,98.0,668.91796875,,0
1782301147.440352,9508.367636,134.0,,97.0,668.91796875,,0
1782301147.540271,9508.467554,134.0,,97.0,668.91796875,,0
1782301147.640358,9508.567642,134.0,,97.0,668.91796875,,0
1782301147.740361,9508.667646,134.0,,97.0,668.91796875,,0
1782301147.840366,9508.767649,134.0,,97.0,668.91796875,,0
1782301147.940362,9508.867647,134.0,,97.0,668.91796875,,0
1782301148.040372,9508.967657,134.0,,97.0,668.91796875,,0
1782301148.140271,9509.067554,133.0,,97.0,668.91796875,,0
1782301148.240363,9509.167647,134.0,,97.0,668.91796875,,0
1782301148.340369,9509.267653,134.0,,97.0,668.91796875,,0
1782301148.440365,9509.367648,134.0,,97.0,668.91796875,,0
1782301148.540384,9509.467667,134.0,,97.0,668.91796875,,0
1782301148.640378,9509.567663,134.0,,97.0,668.91796875,,0
1782301148.740364,9509.667648,134.0,,97.0,668.91796875,,0
1782301148.840357,9509.767641,134.0,,97.0,668.91796875,,0
1782301148.940365,9509.867648,134.0,,98.0,668.91796875,,0
1782301149.040365,9509.967648,134.0,,97.0,668.91796875,,0
1782301149.140358,9510.067641,134.0,,98.0,668.91796875,,0
1782301149.240359,9510.167644,134.0,,98.0,668.91796875,,0
1782301149.340358,9510.267642,134.0,,97.0,668.91796875,,0
1782301149.440271,9510.367555,134.0,,97.0,668.91796875,,0
1782301149.540357,9510.467640,134.0,,98.0,668.91796875,,0
1782301149.640362,9510.567645,134.0,,97.0,668.91796875,,0
1782301149.740362,9510.667646,134.0,,98.0,668.91796875,,0
1782301149.840271,9510.767554,134.0,,98.0,668.91796875,,0
1782301149.940359,9510.867644,134.0,,97.0,668.91796875,,0
1782301150.040371,9510.967655,134.0,,97.0,668.91796875,,0
1782301150.140356,9511.067640,134.0,,97.0,668.91796875,,0
1782301150.240273,9511.167557,134.0,,97.0,668.91796875,,0
1782301150.340270,9511.267553,134.0,,98.0,668.91796875,,0
1782301150.440361,9511.367645,134.0,,97.0,668.91796875,,0
1782301150.540364,9511.467648,134.0,,98.0,668.91796875,,0
1782301150.640363,9511.567647,134.0,,97.0,668.91796875,,0
1782301150.740366,9511.667650,134.0,,97.0,668.91796875,,0
1782301150.840358,9511.767641,134.0,,97.0,668.91796875,,0
1782301150.940271,9511.867554,134.0,,98.0,668.91796875,,0
1782301151.040357,9511.967640,134.0,,97.0,668.91796875,,0
1782301151.140360,9512.067643,134.0,,97.0,668.91796875,,0
1782301151.240358,9512.167641,134.0,,97.0,668.91796875,,0
1782301151.340358,9512.267642,135.0,,98.0,668.91796875,,0
1782301151.440347,9512.367630,135.0,,98.0,668.91796875,,0
1782301151.540271,9512.467554,134.0,,97.0,668.91796875,,0
1782301151.640372,9512.567655,134.0,,97.0,668.91796875,,0
1782301151.740355,9512.667638,134.0,,98.0,668.91796875,,0
1782301151.840385,9512.767669,134.0,,98.0,668.91796875,,0
1782301151.940359,9512.867644,134.0,,98.0,668.91796875,,0
1782301152.040360,9512.967644,134.0,,98.0,668.91796875,,0
1782301152.140362,9513.067646,134.0,,98.0,668.91796875,,0
1782301152.240362,9513.167647,133.0,,98.0,668.91796875,,0
1782301152.340364,9513.267648,134.0,,98.0,668.91796875,,0
1782301152.440362,9513.367645,135.0,,98.0,668.91796875,,0
1782301152.540359,9513.467643,134.0,,98.0,668.91796875,,0
1782301152.640361,9513.567644,135.0,,98.0,668.91796875,,0
1782301152.740376,9513.667661,134.0,,98.0,668.91796875,,0
1782301152.840361,9513.767646,134.0,,98.0,668.91796875,,0
1782301152.940383,9513.867667,135.0,,98.0,668.91796875,,0
1782301153.040362,9513.967646,134.0,,98.0,668.91796875,,0
1782301153.140363,9514.067648,135.0,,98.0,668.91796875,,0
1782301153.240364,9514.167648,134.0,,98.0,668.91796875,,0
1782301153.340363,9514.267647,134.0,,98.0,668.91796875,,0
1782301153.440366,9514.367650,134.0,,98.0,668.91796875,,0
1782301153.540364,9514.467648,134.0,,98.0,668.91796875,,0
1782301153.640367,9514.567651,134.0,,98.0,668.91796875,,0
1782301153.740357,9514.667641,134.0,,98.0,668.91796875,,0
1782301153.840354,9514.767639,135.0,,98.0,668.91796875,,0
1782301153.940271,9514.867554,135.0,,98.0,668.91796875,,0
1782301154.040352,9514.967636,134.0,,98.0,668.91796875,,0
1782301154.140553,9515.067836,134.0,,98.0,668.91796875,,0
1782301154.240271,9515.167554,134.0,,97.0,668.91796875,,0
1782301154.340357,9515.267641,135.0,,98.0,668.91796875,,0
1782301154.440363,9515.367647,135.0,,98.0,668.91796875,,0
1782301154.540364,9515.467647,135.0,,97.0,668.91796875,,0
1782301154.640386,9515.567670,134.0,,98.0,668.91796875,,0
1782301154.740370,9515.667655,134.0,,97.0,668.91796875,,0
1782301154.840364,9515.767649,135.0,,98.0,668.91796875,,0
1782301154.940362,9515.867646,135.0,,98.0,668.91796875,,0
1782301155.040271,9515.967555,134.0,,98.0,668.91796875,,0
1782301155.140359,9516.067643,135.0,,98.0,668.91796875,,0
1782301155.240359,9516.167644,136.0,,98.0,668.91796875,,0
1782301155.340367,9516.267651,136.0,,98.0,668.91796875,,0
1782301155.440366,9516.367650,135.0,,98.0,668.91796875,,0
1782301155.540361,9516.467646,135.0,,98.0,668.91796875,,0
1782301155.640363,9516.567648,135.0,,98.0,668.91796875,,0
1782301155.740355,9516.667639,141.0,,98.0,668.91796875,,0
1782301155.840363,9516.767647,135.0,,98.0,668.91796875,,0
1782301155.940360,9516.867645,133.0,,98.0,668.91796875,,0
1782301156.040358,9516.967642,134.0,,98.0,668.91796875,,0
1782301156.140358,9517.067643,135.0,,98.0,668.91796875,,0
1782301156.240360,9517.167643,134.0,,98.0,668.91796875,,0
1782301156.340361,9517.267646,134.0,,98.0,668.91796875,,0
1782301156.440360,9517.367645,136.0,,98.0,668.91796875,,0
1782301156.540359,9517.467642,133.0,,97.0,668.91796875,,0
1782301156.640361,9517.567645,135.0,,98.0,668.91796875,,0
1782301156.740360,9517.667643,138.0,,98.0,668.91796875,,0
1782301156.840358,9517.767643,135.0,,98.0,668.91796875,,0
1782301156.940359,9517.867644,135.0,,98.0,668.91796875,,0
1782301157.040361,9517.967644,135.0,,98.0,668.91796875,,0
1782301157.140358,9518.067643,135.0,,97.0,668.91796875,,0
1782301157.240298,9518.167582,135.0,,98.0,668.91796875,,0
1782301157.340357,9518.267641,135.0,,98.0,668.91796875,,0
1782301157.440366,9518.367650,135.0,,98.0,668.91796875,,0
1782301157.540362,9518.467647,135.0,,97.0,668.91796875,,0
1782301157.640356,9518.567641,133.0,,98.0,668.91796875,,0
1782301157.740357,9518.667641,135.0,,98.0,668.91796875,,0
1782301157.840364,9518.767648,136.0,,98.0,668.91796875,,0
1782301157.940357,9518.867641,137.0,,98.0,668.91796875,,0
1782301158.040370,9518.967654,136.0,,98.0,668.91796875,,0
1782301158.140373,9519.067658,133.0,,98.0,668.91796875,,0
1782301158.240362,9519.167647,135.0,,98.0,668.91796875,,0
1782301158.340358,9519.267642,135.0,,98.0,668.91796875,,0
1782301158.440372,9519.367655,135.0,,98.0,668.91796875,,0
1782301158.540374,9519.467658,133.0,,98.0,668.91796875,,0
1782301158.640365,9519.567648,133.0,,98.0,668.91796875,,0
1782301158.740361,9519.667647,133.0,,98.0,668.91796875,,0
1782301158.840359,9519.767642,133.0,,98.0,668.91796875,,0
1782301158.940364,9519.867648,133.0,,98.0,668.91796875,,0
1782301159.040354,9519.967638,134.0,,98.0,668.91796875,,0
1782301159.140352,9520.067637,133.0,,98.0,668.91796875,,0
1782301159.240359,9520.167644,133.0,,98.0,668.91796875,,0
1782301159.340362,9520.267646,134.0,,98.0,668.91796875,,0
1782301159.440360,9520.367644,133.0,,98.0,668.91796875,,0
1782301159.540361,9520.467646,133.0,,98.0,668.91796875,,0
1782301159.640358,9520.567642,133.0,,98.0,668.91796875,,0
1782301159.740359,9520.667644,133.0,,98.0,668.91796875,,0
1782301159.840377,9520.767662,133.0,,98.0,668.91796875,,0
1782301159.940360,9520.867644,133.0,,98.0,668.91796875,,0
1782301160.040360,9520.967644,133.0,,98.0,668.91796875,,0
1782301160.140362,9521.067647,133.0,,98.0,668.91796875,,0
1782301160.240359,9521.167642,133.0,,98.0,668.91796875,,0
1782301160.340271,9521.267554,133.0,,98.0,668.91796875,,0
1782301160.440367,9521.367652,133.0,,97.0,668.91796875,,0
1782301160.540360,9521.467644,133.0,,97.0,668.91796875,,0
1782301160.640368,9521.567652,134.0,,97.0,668.91796875,,0
1782301160.740359,9521.667644,132.0,,97.0,668.91796875,,0
1782301160.840358,9521.767643,133.0,,98.0,668.91796875,,0
1782301160.940359,9521.867642,133.0,,98.0,668.91796875,,0
1782301161.040366,9521.967650,133.0,,98.0,668.91796875,,0
1782301161.140367,9522.067650,133.0,,98.0,668.91796875,,0
1782301161.240358,9522.167641,133.0,,98.0,668.91796875,,0
1782301161.340371,9522.267655,133.0,,98.0,668.91796875,,0
1782301161.440368,9522.367651,133.0,,98.0,668.91796875,,0
1782301161.540357,9522.467642,133.0,,98.0,668.91796875,,0
1782301161.640357,9522.567642,134.0,,98.0,668.91796875,,0
1782301161.740359,9522.667644,133.0,,98.0,668.91796875,,0
1782301161.840359,9522.767643,133.0,,97.0,668.91796875,,0
1782301161.940299,9522.867583,133.0,,98.0,668.91796875,,0
1782301162.040357,9522.967642,134.0,,98.0,668.91796875,,0
1782301162.140357,9523.067641,134.0,,98.0,668.91796875,,0
1782301162.240362,9523.167646,133.0,,98.0,668.91796875,,0
1782301162.340359,9523.267642,134.0,,98.0,668.91796875,,0
1782301162.440361,9523.367646,134.0,,98.0,668.91796875,,0
1782301162.540361,9523.467646,134.0,,98.0,668.91796875,,0
1782301162.640361,9523.567645,134.0,,98.0,668.91796875,,0
1782301162.740358,9523.667641,133.0,,98.0,668.91796875,,0
1782301162.840354,9523.767638,133.0,,98.0,668.91796875,,0
1782301162.940357,9523.867640,133.0,,98.0,668.91796875,,0
1782301163.040365,9523.967650,133.0,,98.0,668.91796875,,0
1782301163.140357,9524.067641,133.0,,98.0,668.91796875,,0
1782301163.240359,9524.167643,134.0,,98.0,668.91796875,,0
1782301163.340353,9524.267638,134.0,,98.0,668.91796875,,0
1782301163.440271,9524.367554,134.0,,97.0,668.91796875,,0
1782301163.540358,9524.467643,133.0,,97.0,668.91796875,,0
1782301163.640363,9524.567648,133.0,,97.0,668.91796875,,0
1782301163.740356,9524.667641,134.0,,98.0,668.91796875,,0
1782301163.840359,9524.767644,133.0,,97.0,668.91796875,,0
1782301163.940378,9524.867661,133.0,,98.0,668.91796875,,0
1782301164.040360,9524.967644,133.0,,97.0,668.91796875,,0
1782301164.140363,9525.067647,133.0,,97.0,668.91796875,,0
1782301164.240356,9525.167641,133.0,,98.0,668.91796875,,0
1782301164.340359,9525.267642,134.0,,98.0,668.91796875,,0
1782301164.440376,9525.367659,134.0,,98.0,668.91796875,,0
1782301164.540271,9525.467554,134.0,,98.0,668.91796875,,0
1782301164.640360,9525.567644,134.0,,98.0,668.91796875,,0
1782301164.740358,9525.667643,134.0,,98.0,668.91796875,,0
1782301164.840353,9525.767637,134.0,,98.0,668.91796875,,0
1782301164.940360,9525.867644,133.0,,98.0,668.91796875,,0
1782301165.040361,9525.967644,133.0,,98.0,668.91796875,,0
1782301165.140271,9526.067554,133.0,,97.0,668.91796875,,0
1782301165.240353,9526.167638,133.0,,97.0,668.91796875,,0
1782301165.340353,9526.267637,134.0,,98.0,668.91796875,,0
1782301165.440379,9526.367663,134.0,,97.0,668.91796875,,0
1782301165.540372,9526.467657,134.0,,98.0,668.91796875,,0
1782301165.640351,9526.567636,133.0,,97.0,668.91796875,,0
1782301165.740358,9526.667643,134.0,,98.0,668.91796875,,0
1782301165.840359,9526.767643,134.0,,98.0,668.91796875,,0
1782301165.940358,9526.867643,133.0,,98.0,668.91796875,,0
1782301166.040358,9526.967642,134.0,,98.0,668.91796875,,0
1782301166.140358,9527.067641,133.0,,97.0,668.91796875,,0
1782301166.240358,9527.167642,133.0,,98.0,668.91796875,,0
1782301166.340360,9527.267645,134.0,,98.0,668.91796875,,0
1782301166.440386,9527.367669,134.0,,98.0,668.91796875,,0
1782301166.540360,9527.467644,134.0,,98.0,668.91796875,,0
1782301166.640364,9527.567648,134.0,,98.0,668.91796875,,0
1782301166.740362,9527.667647,134.0,,98.0,668.91796875,,0
1782301166.840362,9527.767646,134.0,,98.0,668.91796875,,0
1782301166.940358,9527.867643,134.0,,98.0,668.91796875,,0
1782301167.040391,9527.967676,134.0,,98.0,668.91796875,,0
1782301167.140360,9528.067643,134.0,,98.0,668.91796875,,0
1782301167.240355,9528.167639,134.0,,98.0,668.91796875,,0
1782301167.340362,9528.267647,134.0,,98.0,668.91796875,,0
1782301167.440358,9528.367643,134.0,,98.0,668.91796875,,0
1782301167.540271,9528.467554,134.0,,98.0,668.91796875,,0
1782301167.640355,9528.567639,134.0,,98.0,668.91796875,,0
1782301167.740365,9528.667650,29.0,,9.0,668.91796875,,0
1782301167.840368,9528.767652,17.0,,3.0,668.91796875,,0
1782301167.940369,9528.867654,17.0,,3.0,668.91796875,,0
1782301168.040364,9528.967649,16.0,,3.0,668.91796875,,0
1782301168.140366,9529.067650,15.0,,3.0,668.91796875,,0
1782301168.240367,9529.167652,16.0,,3.0,668.91796875,,0
1782301168.340365,9529.267650,16.0,,3.0,668.91796875,,0
1782301168.440365,9529.367650,17.0,,3.0,668.91796875,,0
1782301168.540365,9529.467650,18.0,,3.0,668.91796875,,0
1782301168.640368,9529.567653,16.0,,3.0,668.91796875,,0
1782301168.740362,9529.667647,19.0,,3.0,668.91796875,,0
1782301168.840368,9529.767653,18.0,,3.0,668.91796875,,0
1782301168.940364,9529.867649,17.0,,3.0,668.91796875,,0
1782301169.040366,9529.967651,17.0,,3.0,668.91796875,,0
1782301169.140367,9530.067652,17.0,,3.0,668.91796875,,0
1782301169.240365,9530.167649,16.0,,3.0,668.91796875,,0
1782301169.340363,9530.267648,16.0,,3.0,668.91796875,,0
1782301169.440364,9530.367649,16.0,,3.0,668.91796875,,0
1782301169.540367,9530.467652,16.0,,3.0,668.91796875,,0
1782301169.640376,9530.567661,15.0,,3.0,668.91796875,,0
1782301169.740366,9530.667651,16.0,,3.0,668.91796875,,0
1782301169.840365,9530.767650,14.0,,3.0,668.91796875,,0
1782301169.940368,9530.867652,16.0,,3.0,668.91796875,,0
1782301170.040365,9530.967650,14.0,,3.0,668.91796875,,0
1782301170.140370,9531.067655,16.0,,3.0,668.91796875,,0
1782301170.240364,9531.167648,16.0,,3.0,668.91796875,,0
1782301170.340296,9531.267580,16.0,,3.0,668.91796875,,0
1782301170.440365,9531.367650,16.0,,3.0,668.91796875,,0
1782301170.540374,9531.467659,15.0,,3.0,668.91796875,,0
1782301170.640367,9531.567652,16.0,,3.0,668.91796875,,0
1782301170.740305,9531.667589,15.0,,3.0,668.91796875,,0
1782301170.840368,9531.767653,15.0,,3.0,668.91796875,,0
1782301170.940365,9531.867650,16.0,,2.0,668.91796875,,0
1782301171.040365,9531.967650,15.0,,3.0,668.91796875,,0
1782301171.140364,9532.067649,14.0,,3.0,668.91796875,,0
1782301171.240364,9532.167648,15.0,,3.0,668.91796875,,0
1782301171.340365,9532.267650,14.0,,3.0,668.91796875,,0
1782301171.440367,9532.367651,15.0,,3.0,668.91796875,,0
1782301171.540386,9532.467671,15.0,,3.0,668.91796875,,0
1782301171.640370,9532.567654,14.0,,3.0,668.91796875,,0
1782301171.740366,9532.667650,14.0,,3.0,668.91796875,,0
1782301171.840364,9532.767649,15.0,,3.0,668.91796875,,0
1782301171.940376,9532.867661,16.0,,3.0,668.91796875,,0
1782301172.040365,9532.967650,17.0,,2.0,668.91796875,,0
1782301172.140366,9533.067651,15.0,,3.0,668.91796875,,0
1782301172.240365,9533.167649,14.0,,3.0,668.91796875,,0
1782301172.340366,9533.267650,16.0,,3.0,668.91796875,,0
1782301172.440367,9533.367651,14.0,,3.0,668.91796875,,0
1782301172.540391,9533.467677,16.0,,3.0,668.91796875,,0
1782301172.640369,9533.567654,15.0,,3.0,668.91796875,,0
1782301172.740271,9533.667554,106.0,,97.0,668.91796875,,0
1782301172.840357,9533.767640,107.0,,98.0,668.91796875,,0
1782301172.940357,9533.867642,107.0,,98.0,668.91796875,,0
1782301173.040385,9533.967670,110.0,,98.0,668.91796875,,0
1782301173.140358,9534.067643,110.0,,98.0,668.91796875,,0
1782301173.240358,9534.167642,115.0,,98.0,668.91796875,,0
1782301173.340360,9534.267644,111.0,,97.0,668.91796875,,0
1782301173.440300,9534.367585,113.0,,98.0,668.91796875,,0
1782301173.540357,9534.467641,117.0,,96.0,668.91796875,,0
1782301173.640353,9534.567637,113.0,,98.0,668.91796875,,0
1782301173.740354,9534.667637,118.0,,98.0,668.91796875,,0
1782301173.840358,9534.767642,118.0,,99.0,668.91796875,,0
1782301173.940299,9534.867583,120.0,,97.0,668.91796875,,0
1782301174.040359,9534.967642,122.0,,98.0,668.91796875,,0
1782301174.140357,9535.067641,121.0,,97.0,668.91796875,,0
1782301174.240362,9535.167647,121.0,,98.0,668.91796875,,0
1782301174.340355,9535.267638,128.0,,98.0,668.91796875,,0
1782301174.440353,9535.367638,126.0,,98.0,668.91796875,,0
1782301174.540355,9535.467640,128.0,,99.0,668.91796875,,0
1782301174.640299,9535.567583,130.0,,98.0,668.91796875,,0
1782301174.740357,9535.667642,131.0,,98.0,668.91796875,,0
1782301174.840353,9535.767637,134.0,,98.0,668.91796875,,0
1782301174.940356,9535.867642,132.0,,98.0,668.91796875,,0
1782301175.040270,9535.967553,136.0,,98.0,668.91796875,,0
1782301175.140361,9536.067644,137.0,,97.0,668.91796875,,0
1782301175.240360,9536.167643,139.0,,98.0,668.91796875,,0
1782301175.340271,9536.267554,139.0,,98.0,668.91796875,,0
1782301175.440280,9536.367564,138.0,,98.0,668.91796875,,0
1782301175.540277,9536.467560,137.0,,97.0,668.91796875,,0
1782301175.640276,9536.567559,138.0,,97.0,668.91796875,,0
1782301175.740276,9536.667559,137.0,,98.0,668.91796875,,0
1782301175.840277,9536.767560,137.0,,98.0,668.91796875,,0
1782301175.940274,9536.867558,137.0,,98.0,668.91796875,,0
1782301176.040277,9536.967560,138.0,,97.0,668.91796875,,0
1782301176.140277,9537.067560,138.0,,97.0,668.91796875,,0
1782301176.240276,9537.167559,137.0,,97.0,668.91796875,,0
1782301176.340276,9537.267560,137.0,,98.0,668.91796875,,0
1782301176.440274,9537.367558,138.0,,98.0,668.91796875,,0
1782301176.540277,9537.467560,138.0,,98.0,668.91796875,,0
1782301176.640276,9537.567559,138.0,,98.0,668.91796875,,0
1782301176.740359,9537.667643,138.0,,97.0,668.91796875,,0
1782301176.840356,9537.767640,138.0,,97.0,668.91796875,,0
1782301176.940361,9537.867644,138.0,,97.0,668.91796875,,0
1782301177.040379,9537.967664,138.0,,97.0,668.91796875,,0
1782301177.140358,9538.067641,138.0,,97.0,668.91796875,,0
1782301177.240361,9538.167645,137.0,,97.0,668.91796875,,0
1782301177.340271,9538.267554,138.0,,98.0,668.91796875,,0
1782301177.440358,9538.367643,138.0,,98.0,668.91796875,,0
1782301177.540361,9538.467645,139.0,,97.0,668.91796875,,0
1782301177.640271,9538.567554,138.0,,98.0,668.91796875,,0
1782301177.740286,9538.667571,138.0,,97.0,668.91796875,,0
1782301177.840359,9538.767642,138.0,,97.0,668.91796875,,0
1782301177.940354,9538.867637,137.0,,97.0,668.91796875,,0
1782301178.040361,9538.967644,138.0,,97.0,668.91796875,,0
1782301178.140354,9539.067638,138.0,,98.0,668.91796875,,0
1782301178.240357,9539.167641,137.0,,97.0,668.91796875,,0
1782301178.340271,9539.267554,139.0,,98.0,668.91796875,,0
1782301178.440284,9539.367569,138.0,,97.0,668.91796875,,0
1782301178.540359,9539.467643,138.0,,97.0,668.91796875,,0
1782301178.640271,9539.567554,138.0,,97.0,668.91796875,,0
1782301178.740358,9539.667641,138.0,,98.0,668.91796875,,0
1782301178.840352,9539.767635,138.0,,97.0,668.91796875,,0
1782301178.940364,9539.867647,138.0,,98.0,668.91796875,,0
1782301179.040355,9539.967638,138.0,,97.0,668.91796875,,0
1782301179.140361,9540.067644,138.0,,97.0,668.91796875,,0
1782301179.240271,9540.167554,138.0,,98.0,668.91796875,,0
1782301179.340362,9540.267645,138.0,,98.0,668.91796875,,0
1782301179.440366,9540.367649,138.0,,98.0,668.91796875,,0
1782301179.540365,9540.467648,138.0,,97.0,668.91796875,,0
1782301179.640359,9540.567644,138.0,,97.0,668.91796875,,0
1782301179.740354,9540.667639,138.0,,98.0,668.91796875,,0
1782301179.840361,9540.767646,138.0,,98.0,668.91796875,,0
1782301179.940361,9540.867644,139.0,,97.0,668.91796875,,0
1782301180.040362,9540.967647,139.0,,97.0,668.91796875,,0
1782301180.140293,9541.067578,139.0,,97.0,668.91796875,,0
1782301180.240346,9541.167631,138.0,,97.0,668.91796875,,0
1782301180.340360,9541.267643,138.0,,97.0,668.91796875,,0
1782301180.440383,9541.367667,138.0,,98.0,668.91796875,,0
1782301180.540356,9541.467641,139.0,,97.0,668.91796875,,0
1782301180.640348,9541.567632,138.0,,97.0,668.91796875,,0
1782301180.740357,9541.667640,139.0,,97.0,668.91796875,,0
1782301180.840358,9541.767643,139.0,,98.0,668.91796875,,0
1782301180.940368,9541.867652,139.0,,97.0,668.91796875,,0
1782301181.040361,9541.967644,139.0,,98.0,668.91796875,,0
1782301181.140368,9542.067652,139.0,,97.0,668.91796875,,0
1782301181.240380,9542.167664,139.0,,97.0,668.91796875,,0
1782301181.340271,9542.267554,139.0,,98.0,668.91796875,,0
1782301181.440286,9542.367571,139.0,,98.0,668.91796875,,0
1782301181.540359,9542.467643,139.0,,98.0,668.91796875,,0
1782301181.640353,9542.567638,138.0,,97.0,668.91796875,,0
1782301181.740357,9542.667642,137.0,,97.0,668.91796875,,0
1782301181.840356,9542.767641,138.0,,98.0,668.91796875,,0
1782301181.940287,9542.867571,140.0,,97.0,668.91796875,,0
1782301182.040358,9542.967643,140.0,,98.0,668.91796875,,0
1782301182.140355,9543.067639,139.0,,98.0,668.91796875,,0
1782301182.240378,9543.167663,138.0,,98.0,668.91796875,,0
1782301182.340368,9543.267652,138.0,,98.0,668.91796875,,0
1782301182.440362,9543.367647,138.0,,98.0,668.91796875,,0
1782301182.540364,9543.467648,138.0,,98.0,668.91796875,,0
1782301182.640362,9543.567645,137.0,,98.0,668.91796875,,0
1782301182.740356,9543.667639,137.0,,97.0,668.91796875,,0
1782301182.840359,9543.767643,137.0,,97.0,668.91796875,,0
1782301182.940352,9543.867637,137.0,,97.0,668.91796875,,0
1782301183.040353,9543.967637,137.0,,98.0,668.91796875,,0
1782301183.140366,9544.067651,137.0,,97.0,668.91796875,,0
1782301183.240358,9544.167642,138.0,,98.0,668.91796875,,0
1782301183.340362,9544.267646,138.0,,98.0,668.91796875,,0
1782301183.440362,9544.367645,138.0,,98.0,668.91796875,,0
1782301183.540358,9544.467643,138.0,,98.0,668.91796875,,0
1782301183.640383,9544.567667,138.0,,98.0,668.91796875,,0
1782301183.740359,9544.667643,137.0,,98.0,668.91796875,,0
1782301183.840363,9544.767647,138.0,,98.0,668.91796875,,0
1782301183.940360,9544.867644,138.0,,98.0,668.91796875,,0
1782301184.040352,9544.967637,137.0,,97.0,668.91796875,,0
1782301184.140358,9545.067643,137.0,,97.0,668.91796875,,0
1782301184.240359,9545.167642,137.0,,98.0,668.91796875,,0
1782301184.340360,9545.267643,137.0,,98.0,668.91796875,,0
1782301184.440358,9545.367642,137.0,,98.0,668.91796875,,0
1782301184.540362,9545.467647,138.0,,98.0,668.91796875,,0
1782301184.640361,9545.567645,138.0,,98.0,668.91796875,,0
1782301184.740360,9545.667645,138.0,,98.0,668.91796875,,0
1782301184.840360,9545.767643,138.0,,98.0,668.91796875,,0
1782301184.940363,9545.867648,138.0,,98.0,668.91796875,,0
1782301185.040363,9545.967648,138.0,,98.0,668.91796875,,0
1782301185.140360,9546.067643,138.0,,98.0,668.91796875,,0
1782301185.240360,9546.167643,138.0,,98.0,668.91796875,,0
1782301185.340360,9546.267644,139.0,,98.0,668.91796875,,0
1782301185.440367,9546.367651,139.0,,98.0,668.91796875,,0
1782301185.540366,9546.467650,138.0,,98.0,668.91796875,,0
1782301185.640362,9546.567645,138.0,,98.0,668.91796875,,0
1782301185.740381,9546.667666,138.0,,98.0,668.91796875,,0
1782301185.840360,9546.767645,139.0,,98.0,668.91796875,,0
1782301185.940363,9546.867646,138.0,,98.0,668.91796875,,0
1782301186.040358,9546.967642,138.0,,98.0,668.91796875,,0
1782301186.140357,9547.067642,138.0,,98.0,668.91796875,,0
1782301186.240365,9547.167650,138.0,,98.0,668.91796875,,0
1782301186.340358,9547.267642,137.0,,98.0,668.91796875,,0
1782301186.440363,9547.367648,139.0,,98.0,668.91796875,,0
1782301186.540365,9547.467650,141.0,,98.0,668.91796875,,0
1782301186.640360,9547.567645,142.0,,98.0,668.91796875,,0
1782301186.740359,9547.667642,142.0,,98.0,668.91796875,,0
1782301186.840361,9547.767646,140.0,,98.0,668.91796875,,0
1782301186.940359,9547.867642,138.0,,98.0,668.91796875,,0
1782301187.040364,9547.967647,140.0,,98.0,668.91796875,,0
1782301187.140359,9548.067643,140.0,,98.0,668.91796875,,0
1782301187.240358,9548.167642,140.0,,98.0,668.91796875,,0
1782301187.340361,9548.267645,140.0,,98.0,668.91796875,,0
1782301187.440359,9548.367643,140.0,,98.0,668.91796875,,0
1782301187.540364,9548.467647,140.0,,98.0,668.91796875,,0
1782301187.640375,9548.567658,140.0,,98.0,668.91796875,,0
1782301187.740360,9548.667644,140.0,,98.0,668.91796875,,0
1782301187.840359,9548.767644,139.0,,97.0,668.91796875,,0
1782301187.940364,9548.867649,138.0,,97.0,668.91796875,,0
1782301188.040365,9548.967648,139.0,,98.0,668.91796875,,0
1782301188.140360,9549.067645,138.0,,97.0,668.91796875,,0
1782301188.240357,9549.167641,140.0,,97.0,668.91796875,,0
1782301188.340358,9549.267641,140.0,,98.0,668.91796875,,0
1782301188.440356,9549.367640,140.0,,98.0,668.91796875,,0
1782301188.540359,9549.467642,140.0,,98.0,668.91796875,,0
1782301188.640370,9549.567655,140.0,,98.0,668.91796875,,0
1782301188.740366,9549.667651,140.0,,98.0,668.91796875,,0
1782301188.840365,9549.767650,139.0,,98.0,668.91796875,,0
1782301188.940354,9549.867639,138.0,,98.0,668.91796875,,0
1782301189.040360,9549.967644,138.0,,97.0,668.91796875,,0
1782301189.140362,9550.067645,139.0,,98.0,668.91796875,,0
1782301189.240375,9550.167659,138.0,,97.0,668.91796875,,0
1782301189.340271,9550.267554,137.0,,98.0,668.91796875,,0
1782301189.440359,9550.367642,138.0,,97.0,668.91796875,,0
1782301189.540381,9550.467666,139.0,,98.0,668.91796875,,0
1782301189.640353,9550.567637,138.0,,97.0,668.91796875,,0
1782301189.740354,9550.667638,138.0,,98.0,668.91796875,,0
1782301189.840354,9550.767639,139.0,,98.0,668.91796875,,0
1782301189.940363,9550.867648,138.0,,97.0,668.91796875,,0
1782301190.040355,9550.967639,138.0,,98.0,668.91796875,,0
1782301190.140359,9551.067642,139.0,,98.0,668.91796875,,0
1782301190.240357,9551.167642,137.0,,97.0,668.91796875,,0
1782301190.340361,9551.267646,136.0,,98.0,668.91796875,,0
1782301190.440363,9551.367647,140.0,,98.0,668.91796875,,0
1782301190.540364,9551.467649,135.0,,98.0,668.91796875,,0
1782301190.640359,9551.567644,134.0,,98.0,668.91796875,,0
1782301190.740360,9551.667644,136.0,,98.0,668.91796875,,0
1782301190.840367,9551.767651,138.0,,98.0,668.91796875,,0
1782301190.940368,9551.867652,134.0,,97.0,668.91796875,,0
1782301191.040367,9551.967652,138.0,,98.0,668.91796875,,0
1782301191.140370,9552.067655,143.0,,98.0,668.91796875,,0
1782301191.240366,9552.167650,139.0,,96.0,668.91796875,,0
1782301191.340360,9552.267644,140.0,,98.0,668.91796875,,0
1782301191.440359,9552.367643,137.0,,98.0,668.91796875,,0
1782301191.540359,9552.467643,136.0,,97.0,668.91796875,,0
1782301191.640290,9552.567575,139.0,,98.0,668.91796875,,0
1782301191.740391,9552.667676,135.0,,98.0,668.91796875,,0
1782301191.840362,9552.767647,141.0,,97.0,668.91796875,,0
1782301191.940354,9552.867638,139.0,,98.0,668.91796875,,0
1782301192.040359,9552.967644,138.0,,98.0,668.91796875,,0
1782301192.140271,9553.067554,138.0,,97.0,668.91796875,,0
1782301192.240365,9553.167650,138.0,,98.0,668.91796875,,0
1782301192.340354,9553.267639,138.0,,98.0,668.91796875,,0
1782301192.440364,9553.367648,138.0,,98.0,668.91796875,,0
1782301192.540362,9553.467647,139.0,,98.0,668.91796875,,0
1782301192.640379,9553.567662,139.0,,98.0,668.91796875,,0
1782301192.740362,9553.667646,139.0,,98.0,668.91796875,,0
1782301192.840367,9553.767651,139.0,,97.0,668.91796875,,0
1782301192.940355,9553.867638,139.0,,98.0,668.91796875,,0
1782301193.040354,9553.967639,139.0,,98.0,668.91796875,,0
1782301193.140356,9554.067640,139.0,,98.0,668.91796875,,0
1782301193.240362,9554.167647,139.0,,98.0,668.91796875,,0
1782301193.340353,9554.267637,138.0,,98.0,668.91796875,,0
1782301193.440360,9554.367644,139.0,,98.0,668.91796875,,0
1782301193.540354,9554.467638,139.0,,98.0,668.91796875,,0
1782301193.640358,9554.567643,138.0,,98.0,668.91796875,,0
1782301193.740354,9554.667638,138.0,,98.0,668.91796875,,0
1782301193.840352,9554.767637,139.0,,98.0,668.91796875,,0
1782301193.940366,9554.867651,139.0,,98.0,668.91796875,,0
1782301194.040358,9554.967643,139.0,,98.0,668.91796875,,0
1782301194.140356,9555.067640,139.0,,98.0,668.91796875,,0
1782301194.240386,9555.167670,139.0,,98.0,668.91796875,,0
1782301194.340290,9555.267574,139.0,,98.0,668.91796875,,0
1782301194.440366,9555.367651,138.0,,98.0,668.91796875,,0
1782301194.540368,9555.467652,139.0,,98.0,668.91796875,,0
1782301194.640362,9555.567647,139.0,,98.0,668.91796875,,0
1782301194.740362,9555.667646,139.0,,98.0,668.91796875,,0
1782301194.840358,9555.767642,138.0,,98.0,668.91796875,,0
1782301194.940363,9555.867647,138.0,,98.0,668.91796875,,0
1782301195.040362,9555.967646,139.0,,98.0,668.91796875,,0
1782301195.140362,9556.067646,138.0,,98.0,668.91796875,,0
1782301195.240361,9556.167646,139.0,,98.0,668.91796875,,0
1782301195.340359,9556.267644,138.0,,98.0,668.91796875,,0
1782301195.440365,9556.367650,138.0,,98.0,668.91796875,,0
1782301195.540365,9556.467649,139.0,,98.0,668.91796875,,0
1782301195.640359,9556.567643,139.0,,98.0,668.91796875,,0
1782301195.740292,9556.667577,138.0,,98.0,668.91796875,,0
1782301195.840361,9556.767645,139.0,,98.0,668.91796875,,0
1782301195.940360,9556.867644,140.0,,98.0,668.91796875,,0
1782301196.040360,9556.967645,139.0,,98.0,668.91796875,,0
1782301196.140286,9557.067571,139.0,,98.0,668.91796875,,0
1782301196.240358,9557.167642,138.0,,97.0,668.91796875,,0
1782301196.340358,9557.267643,138.0,,98.0,668.91796875,,0
1782301196.440361,9557.367645,139.0,,98.0,668.91796875,,0
1782301196.540359,9557.467643,139.0,,97.0,668.91796875,,0
1782301196.640354,9557.567639,139.0,,97.0,668.91796875,,0
1782301196.740382,9557.667667,139.0,,98.0,668.91796875,,0
1782301196.840359,9557.767644,139.0,,98.0,668.91796875,,0
1782301196.940358,9557.867641,138.0,,98.0,668.91796875,,0
1782301197.040360,9557.967644,138.0,,97.0,668.91796875,,0
1782301197.140359,9558.067644,139.0,,98.0,668.91796875,,0
1782301197.240391,9558.167674,138.0,,98.0,668.91796875,,0
1782301197.340356,9558.267640,138.0,,98.0,668.91796875,,0
1782301197.440362,9558.367646,138.0,,98.0,668.91796875,,0
1782301197.540377,9558.467660,138.0,,98.0,668.91796875,,0
1782301197.640366,9558.567650,139.0,,98.0,668.91796875,,0
1782301197.740358,9558.667643,139.0,,98.0,668.91796875,,0
1782301197.840360,9558.767643,139.0,,98.0,668.91796875,,0
1782301197.940362,9558.867645,139.0,,98.0,668.91796875,,0
1782301198.040360,9558.967645,139.0,,98.0,668.91796875,,0
1782301198.140358,9559.067643,138.0,,97.0,668.91796875,,0
1782301198.240271,9559.167554,138.0,,98.0,668.91796875,,0
1782301198.340356,9559.267639,139.0,,97.0,668.91796875,,0
1782301198.440386,9559.367670,139.0,,98.0,668.91796875,,0
1782301198.540360,9559.467644,139.0,,98.0,668.91796875,,0
1782301198.640365,9559.567650,138.0,,97.0,668.91796875,,0
1782301198.740362,9559.667646,138.0,,97.0,668.91796875,,0
1782301198.840271,9559.767554,139.0,,98.0,668.91796875,,0
1782301198.940382,9559.867665,138.0,,97.0,668.91796875,,0
1782301199.040271,9559.967554,139.0,,98.0,668.91796875,,0
1782301199.140271,9560.067554,138.0,,97.0,668.91796875,,0
1782301199.240364,9560.167647,139.0,,98.0,668.91796875,,0
1782301199.340363,9560.267648,139.0,,98.0,668.91796875,,0
1782301199.440362,9560.367647,139.0,,98.0,668.91796875,,0
1782301199.540362,9560.467646,139.0,,98.0,668.91796875,,0
1782301199.640363,9560.567646,139.0,,98.0,668.91796875,,0
1782301199.740288,9560.667573,139.0,,98.0,668.91796875,,0
1782301199.840358,9560.767641,138.0,,97.0,668.91796875,,0
1782301199.940356,9560.867640,138.0,,97.0,668.91796875,,0
1782301200.040372,9560.967657,138.0,,98.0,668.91796875,,0
1782301200.140363,9561.067648,137.0,,97.0,668.91796875,,0
1782301200.240363,9561.167646,135.0,,97.0,668.91796875,,0
1782301200.340377,9561.267660,134.0,,97.0,668.91796875,,0
1782301200.440286,9561.367571,135.0,,98.0,668.91796875,,0
1782301200.540363,9561.467648,135.0,,97.0,668.91796875,,0
1782301200.640368,9561.567652,135.0,,98.0,668.91796875,,0
1782301200.740365,9561.667649,135.0,,98.0,668.91796875,,0
1782301200.840365,9561.767649,134.0,,97.0,668.91796875,,0
1782301200.940365,9561.867650,134.0,,97.0,668.91796875,,0
1782301201.040384,9561.967667,135.0,,97.0,668.91796875,,0
1782301201.140365,9562.067648,134.0,,97.0,668.91796875,,0
1782301201.240361,9562.167645,134.0,,97.0,668.91796875,,0
1782301201.340366,9562.267649,134.0,,98.0,668.91796875,,0
1782301201.440286,9562.367571,135.0,,98.0,668.91796875,,0
1782301201.540361,9562.467646,134.0,,97.0,668.91796875,,0
1782301201.640361,9562.567646,134.0,,97.0,668.91796875,,0
1782301201.740362,9562.667645,134.0,,98.0,668.91796875,,0
1782301201.840362,9562.767647,134.0,,97.0,668.91796875,,0
1782301201.940364,9562.867649,135.0,,97.0,668.91796875,,0
1782301202.040364,9562.967647,135.0,,97.0,668.91796875,,0
1782301202.140367,9563.067650,134.0,,97.0,668.91796875,,0
1782301202.240361,9563.167645,134.0,,98.0,668.91796875,,0
1782301202.340271,9563.267554,134.0,,98.0,668.91796875,,0
1782301202.440270,9563.367553,135.0,,97.0,668.91796875,,0
1782301202.540363,9563.467646,134.0,,98.0,668.91796875,,0
1782301202.640271,9563.567554,135.0,,98.0,668.91796875,,0
1782301202.740361,9563.667644,135.0,,97.0,668.91796875,,0
1782301202.840287,9563.767571,134.0,,97.0,668.91796875,,0
1782301202.940366,9563.867651,134.0,,97.0,668.91796875,,0
1782301203.040360,9563.967644,135.0,,98.0,668.91796875,,0
1782301203.140363,9564.067646,134.0,,97.0,668.91796875,,0
1782301203.240365,9564.167649,135.0,,98.0,668.91796875,,0
1782301203.340369,9564.267652,135.0,,98.0,668.91796875,,0
1782301203.440365,9564.367648,135.0,,98.0,668.91796875,,0
1782301203.540271,9564.467554,134.0,,98.0,668.91796875,,0
1782301203.640271,9564.567555,134.0,,98.0,668.91796875,,0
1782301203.740288,9564.667572,135.0,,98.0,668.91796875,,0
1782301203.840357,9564.767642,135.0,,98.0,668.91796875,,0
1782301203.940361,9564.867646,135.0,,98.0,668.91796875,,0
1782301204.040365,9564.967651,135.0,,98.0,668.91796875,,0
1782301204.140360,9565.067645,134.0,,97.0,668.91796875,,0
1782301204.240362,9565.167646,134.0,,97.0,668.91796875,,0
1782301204.340364,9565.267648,135.0,,98.0,668.91796875,,0
1782301204.440385,9565.367668,135.0,,98.0,668.91796875,,0
1782301204.540365,9565.467649,135.0,,97.0,668.91796875,,0
1782301204.640364,9565.567648,135.0,,98.0,668.91796875,,0
1782301204.740364,9565.667649,135.0,,98.0,668.91796875,,0
1782301204.840367,9565.767652,134.0,,98.0,668.91796875,,0
1782301204.940390,9565.867675,135.0,,98.0,668.91796875,,0
1782301205.040362,9565.967645,135.0,,98.0,668.91796875,,0
1782301205.140292,9566.067577,135.0,,98.0,668.91796875,,0
1782301205.240364,9566.167648,135.0,,98.0,668.91796875,,0
1782301205.340360,9566.267645,134.0,,98.0,668.91796875,,0
1782301205.440361,9566.367645,135.0,,98.0,668.91796875,,0
1782301205.540359,9566.467643,134.0,,98.0,668.91796875,,0
1782301205.640357,9566.567642,135.0,,98.0,668.91796875,,0
1782301205.740359,9566.667644,135.0,,98.0,668.91796875,,0
1782301205.840363,9566.767647,135.0,,98.0,668.91796875,,0
1782301205.940372,9566.867656,134.0,,98.0,668.91796875,,0
1782301206.040376,9566.967660,134.0,,98.0,668.91796875,,0
1782301206.140358,9567.067642,134.0,,98.0,668.91796875,,0
1782301206.240364,9567.167649,134.0,,98.0,668.91796875,,0
1782301206.340358,9567.267643,134.0,,98.0,668.91796875,,0
1782301206.440376,9567.367660,134.0,,98.0,668.91796875,,0
1782301206.540360,9567.467644,135.0,,98.0,668.91796875,,0
1782301206.640363,9567.567646,135.0,,98.0,668.91796875,,0
1782301206.740360,9567.667645,135.0,,98.0,668.91796875,,0
1782301206.840368,9567.767652,134.0,,98.0,668.91796875,,0
1782301206.940361,9567.867646,135.0,,98.0,668.91796875,,0
1782301207.040363,9567.967648,134.0,,98.0,668.91796875,,0
1782301207.140372,9568.067657,134.0,,98.0,668.91796875,,0
1782301207.240359,9568.167644,135.0,,98.0,668.91796875,,0
1782301207.340359,9568.267643,136.0,,97.0,668.91796875,,0
1782301207.440271,9568.367554,134.0,,98.0,668.91796875,,0
1782301207.540364,9568.467648,136.0,,97.0,668.91796875,,0
1782301207.640364,9568.567649,131.0,,98.0,668.91796875,,0
1782301207.740371,9568.667655,29.0,,9.0,668.91796875,,0
1782301207.840367,9568.767651,17.0,,3.0,668.91796875,,0
1782301207.940370,9568.867655,17.0,,3.0,668.91796875,,0
1782301208.040369,9568.967653,17.0,,2.0,668.91796875,,0
1782301208.140372,9569.067656,19.0,,3.0,668.91796875,,0
1782301208.240369,9569.167654,18.0,,3.0,668.91796875,,0
1782301208.340369,9569.267654,21.0,,3.0,668.91796875,,0
1782301208.440370,9569.367654,17.0,,3.0,668.91796875,,0
1782301208.540369,9569.467653,17.0,,2.0,668.91796875,,0
1782301208.640366,9569.567651,20.0,,3.0,668.91796875,,0
1782301208.740368,9569.667652,16.0,,3.0,668.91796875,,0
1782301208.840372,9569.767657,16.0,,3.0,668.91796875,,0
1782301208.940370,9569.867655,16.0,,3.0,668.91796875,,0
1782301209.040368,9569.967653,20.0,,2.0,668.91796875,,0
1782301209.140369,9570.067654,20.0,,3.0,668.91796875,,0
1782301209.240368,9570.167653,19.0,,2.0,668.91796875,,0
1782301209.340371,9570.267656,18.0,,3.0,668.91796875,,0
1782301209.440367,9570.367651,16.0,,3.0,668.91796875,,0
1782301209.540370,9570.467654,16.0,,3.0,668.91796875,,0
1782301209.640368,9570.567652,17.0,,3.0,668.91796875,,0
1782301209.740364,9570.667649,18.0,,3.0,668.91796875,,0
1782301209.840372,9570.767656,17.0,,3.0,668.91796875,,0
1782301209.940365,9570.867649,16.0,,3.0,668.91796875,,0
1782301210.040369,9570.967654,16.0,,3.0,668.91796875,,0
1782301210.140372,9571.067657,17.0,,3.0,668.91796875,,0
1782301210.240372,9571.167657,16.0,,3.0,668.91796875,,0
1782301210.340368,9571.267653,16.0,,3.0,668.91796875,,0
1782301210.440366,9571.367650,16.0,,3.0,668.91796875,,0
1782301210.540367,9571.467651,19.0,,3.0,668.91796875,,0
1782301210.640373,9571.567658,17.0,,3.0,668.91796875,,0
1782301210.740367,9571.667652,14.0,,3.0,668.91796875,,0
1782301210.840367,9571.767652,16.0,,2.0,668.91796875,,0
1782301210.940368,9571.867653,16.0,,3.0,668.91796875,,0
1782301211.040366,9571.967651,18.0,,3.0,668.91796875,,0
1782301211.140362,9572.067645,15.0,,2.0,668.91796875,,0
1782301211.240367,9572.167652,15.0,,2.0,668.91796875,,0
1782301211.340370,9572.267655,14.0,,2.0,668.91796875,,0
1782301211.440375,9572.367659,16.0,,3.0,668.91796875,,0
1782301211.540372,9572.467657,16.0,,3.0,668.91796875,,0
1782301211.640371,9572.567656,14.0,,3.0,668.91796875,,0
1782301211.740366,9572.667651,14.0,,2.0,668.91796875,,0
1782301211.840369,9572.767653,15.0,,3.0,668.91796875,,0
1782301211.940366,9572.867650,18.0,,3.0,668.91796875,,0
1782301212.040368,9572.967653,18.0,,3.0,668.91796875,,0
1782301212.140369,9573.067653,14.0,,2.0,668.91796875,,0
1782301212.240365,9573.167650,15.0,,3.0,668.91796875,,0
1782301212.340364,9573.267649,15.0,,4.0,668.91796875,,0
1782301212.440369,9573.367653,14.0,,3.0,668.91796875,,0
1782301212.540365,9573.467650,13.0,,3.0,668.91796875,,0
1782301212.640368,9573.567653,14.0,,2.0,668.91796875,,0
1782301212.740276,9573.667559,101.0,,97.0,668.91796875,,0
1782301212.840286,9573.767570,109.0,,98.0,668.91796875,,0
1782301212.940356,9573.867640,112.0,,98.0,668.91796875,,0
1782301213.040271,9573.967554,114.0,,98.0,668.91796875,,0
1782301213.140364,9574.067647,112.0,,98.0,668.91796875,,0
1782301213.240271,9574.167554,111.0,,97.0,668.91796875,,0
1782301213.340355,9574.267640,114.0,,98.0,668.91796875,,0
1782301213.440360,9574.367645,115.0,,97.0,668.91796875,,0
1782301213.540272,9574.467556,119.0,,99.0,668.91796875,,0
1782301213.640364,9574.567647,118.0,,98.0,668.91796875,,0
1782301213.740271,9574.667554,120.0,,98.0,668.91796875,,0
1782301213.840353,9574.767638,121.0,,98.0,668.91796875,,0
1782301213.940271,9574.867554,122.0,,98.0,668.91796875,,0
1782301214.040387,9574.967671,119.0,,97.0,668.91796875,,0
1782301214.140353,9575.067639,125.0,,98.0,668.91796875,,0
1782301214.240358,9575.167641,128.0,,98.0,668.91796875,,0
1782301214.340352,9575.267635,127.0,,98.0,668.91796875,,0
1782301214.440362,9575.367645,129.0,,97.0,668.91796875,,0
1782301214.540271,9575.467554,132.0,,99.0,668.91796875,,0
1782301214.640352,9575.567637,132.0,,97.0,668.91796875,,0
1782301214.740271,9575.667554,133.0,,97.0,668.91796875,,0
1782301214.840351,9575.767636,137.0,,97.0,668.91796875,,0
1782301214.940367,9575.867652,134.0,,97.0,668.91796875,,0
1782301215.040370,9575.967655,138.0,,97.0,668.91796875,,0
1782301215.140360,9576.067645,141.0,,98.0,668.91796875,,0
1782301215.240359,9576.167643,134.0,,98.0,668.91796875,,0
1782301215.340363,9576.267647,134.0,,99.0,668.91796875,,0
1782301215.440367,9576.367650,138.0,,99.0,668.91796875,,0
1782301215.540360,9576.467646,139.0,,98.0,668.91796875,,0
1782301215.640364,9576.567649,143.0,,97.0,668.91796875,,0
1782301215.740356,9576.667641,141.0,,98.0,668.91796875,,0
1782301215.840357,9576.767641,138.0,,98.0,668.91796875,,0
1782301215.940289,9576.867573,138.0,,98.0,668.91796875,,0
1782301216.040360,9576.967644,140.0,,98.0,668.91796875,,0
1782301216.140364,9577.067648,137.0,,98.0,668.91796875,,0
1782301216.240299,9577.167584,139.0,,98.0,668.91796875,,0
1782301216.340353,9577.267637,137.0,,98.0,668.91796875,,0
1782301216.440359,9577.367644,138.0,,98.0,668.91796875,,0
1782301216.540358,9577.467643,138.0,,98.0,668.91796875,,0
1782301216.640362,9577.567646,140.0,,99.0,668.91796875,,0
1782301216.740370,9577.667654,139.0,,97.0,668.91796875,,0
1782301216.840357,9577.767642,140.0,,97.0,668.91796875,,0
1782301216.940271,9577.867554,143.0,,98.0,668.91796875,,0
1782301217.040356,9577.967640,141.0,,99.0,668.91796875,,0
1782301217.140366,9578.067650,139.0,,98.0,668.91796875,,0
1782301217.240271,9578.167554,139.0,,98.0,668.91796875,,0
1782301217.340376,9578.267659,139.0,,97.0,668.91796875,,0
1782301217.440356,9578.367640,137.0,,95.0,668.91796875,,0
1782301217.540359,9578.467642,140.0,,96.0,668.91796875,,0
1782301217.640359,9578.567643,140.0,,97.0,668.91796875,,0
1782301217.740353,9578.667636,144.0,,98.0,668.91796875,,0
1782301217.840362,9578.767645,138.0,,97.0,668.91796875,,0
1782301217.940360,9578.867643,139.0,,98.0,668.91796875,,0
1782301218.040362,9578.967645,138.0,,98.0,668.91796875,,0
1782301218.140360,9579.067644,139.0,,97.0,668.91796875,,0
1782301218.240351,9579.167634,139.0,,97.0,668.91796875,,0
1782301218.340357,9579.267640,135.0,,97.0,668.91796875,,0
1782301218.440271,9579.367554,140.0,,99.0,668.91796875,,0
1782301218.540358,9579.467641,142.0,,98.0,668.91796875,,0
1782301218.640272,9579.567555,138.0,,98.0,668.91796875,,0
1782301218.740360,9579.667645,140.0,,98.0,668.91796875,,0
1782301218.840357,9579.767641,138.0,,97.0,668.91796875,,0
1782301218.940354,9579.867638,137.0,,98.0,668.91796875,,0
1782301219.040271,9579.967554,137.0,,97.0,668.91796875,,0
1782301219.140287,9580.067571,137.0,,98.0,668.91796875,,0
1782301219.240357,9580.167640,138.0,,98.0,668.91796875,,0
1782301219.340362,9580.267645,136.0,,97.0,668.91796875,,0
1782301219.440351,9580.367635,138.0,,98.0,668.91796875,,0
1782301219.540356,9580.467640,137.0,,98.0,668.91796875,,0
1782301219.640354,9580.567637,137.0,,98.0,668.91796875,,0
1782301219.740382,9580.667668,138.0,,97.0,668.91796875,,0
1782301219.840271,9580.767554,134.0,,97.0,668.91796875,,0
1782301219.940357,9580.867640,142.0,,98.0,668.91796875,,0
1782301220.040357,9580.967641,140.0,,97.0,668.91796875,,0
1782301220.140364,9581.067648,138.0,,97.0,668.91796875,,0
1782301220.240367,9581.167652,139.0,,97.0,668.91796875,,0
1782301220.340697,9581.267981,140.0,,94.0,668.91796875,,0
1782301220.440353,9581.367638,138.0,,96.0,668.91796875,,0
1782301220.540358,9581.467642,140.0,,98.0,668.91796875,,0
1782301220.640360,9581.567643,141.0,,98.0,668.91796875,,0
1782301220.740356,9581.667641,136.0,,98.0,668.91796875,,0
1782301220.840361,9581.767644,139.0,,97.0,668.91796875,,0
1782301220.940358,9581.867641,138.0,,97.0,668.91796875,,0
1782301221.040356,9581.967639,136.0,,98.0,668.91796875,,0
1782301221.140363,9582.067649,139.0,,98.0,668.91796875,,0
1782301221.240363,9582.167646,137.0,,98.0,668.91796875,,0
1782301221.340271,9582.267555,138.0,,98.0,668.91796875,,0
1782301221.440360,9582.367644,140.0,,98.0,668.91796875,,0
1782301221.540384,9582.467668,138.0,,98.0,668.91796875,,0
1782301221.640357,9582.567640,138.0,,98.0,668.91796875,,0
1782301221.740359,9582.667642,138.0,,98.0,668.91796875,,0
1782301221.840381,9582.767665,135.0,,98.0,668.91796875,,0
1782301221.940358,9582.867641,138.0,,97.0,668.91796875,,0
1782301222.040365,9582.967649,135.0,,96.0,668.91796875,,0
1782301222.140271,9583.067554,138.0,,98.0,668.91796875,,0
1782301222.240361,9583.167644,143.0,,97.0,668.91796875,,0
1782301222.340355,9583.267639,141.0,,97.0,668.91796875,,0
1782301222.440368,9583.367652,138.0,,97.0,668.91796875,,0
1782301222.540364,9583.467649,138.0,,98.0,668.91796875,,0
1782301222.640358,9583.567641,139.0,,98.0,668.91796875,,0
1782301222.740357,9583.667640,137.0,,98.0,668.91796875,,0
1782301222.840363,9583.767646,138.0,,98.0,668.91796875,,0
1782301222.940367,9583.867651,138.0,,98.0,668.91796875,,0
1782301223.040355,9583.967638,140.0,,97.0,668.91796875,,0
1782301223.140354,9584.067637,134.0,,97.0,668.91796875,,0
1782301223.240357,9584.167641,139.0,,97.0,668.91796875,,0
1782301223.340271,9584.267554,139.0,,97.0,668.91796875,,0
1782301223.440356,9584.367640,136.0,,97.0,668.91796875,,0
1782301223.540376,9584.467659,142.0,,95.0,668.91796875,,0
1782301223.640360,9584.567643,138.0,,98.0,668.91796875,,0
1782301223.740358,9584.667641,138.0,,98.0,668.91796875,,0
1782301223.840373,9584.767656,139.0,,98.0,668.91796875,,0
1782301223.940286,9584.867571,143.0,,97.0,668.91796875,,0
1782301224.040288,9584.967572,139.0,,96.0,668.91796875,,0
1782301224.140359,9585.067642,140.0,,97.0,668.91796875,,0
1782301224.240358,9585.167643,137.0,,98.0,668.91796875,,0
1782301224.340286,9585.267571,137.0,,98.0,668.91796875,,0
1782301224.440271,9585.367554,133.0,,98.0,668.91796875,,0
1782301224.540353,9585.467637,141.0,,97.0,668.91796875,,0
1782301224.640360,9585.567644,142.0,,97.0,668.91796875,,0
1782301224.740357,9585.667641,140.0,,99.0,668.91796875,,0
1782301224.840364,9585.767648,139.0,,98.0,668.91796875,,0
1782301224.940358,9585.867642,139.0,,97.0,668.91796875,,0
1782301225.040355,9585.967638,143.0,,98.0,668.91796875,,0
1782301225.140358,9586.067642,136.0,,96.0,668.91796875,,0
1782301225.240383,9586.167668,138.0,,98.0,668.91796875,,0
1782301225.340358,9586.267642,137.0,,97.0,668.91796875,,0
1782301225.440378,9586.367661,136.0,,98.0,668.91796875,,0
1782301225.540357,9586.467640,134.0,,98.0,668.91796875,,0
1782301225.640358,9586.567642,139.0,,97.0,668.91796875,,0
1782301225.740271,9586.667554,139.0,,97.0,668.91796875,,0
1782301225.840358,9586.767642,138.0,,97.0,668.91796875,,0
1782301225.940358,9586.867641,139.0,,98.0,668.91796875,,0
1782301226.040356,9586.967640,139.0,,97.0,668.91796875,,0
1782301226.140358,9587.067642,139.0,,97.0,668.91796875,,0
1782301226.240366,9587.167651,139.0,,97.0,668.91796875,,0
1782301226.340387,9587.267670,141.0,,98.0,668.91796875,,0
1782301226.440271,9587.367554,139.0,,97.0,668.91796875,,0
1782301226.540271,9587.467554,139.0,,98.0,668.91796875,,0
1782301226.640353,9587.567636,139.0,,98.0,668.91796875,,0
1782301226.740268,9587.667551,139.0,,98.0,668.91796875,,0
1782301226.840361,9587.767645,138.0,,98.0,668.91796875,,0
1782301226.940354,9587.867639,139.0,,98.0,668.91796875,,0
1782301227.040287,9587.967571,139.0,,97.0,668.91796875,,0
1782301227.140355,9588.067639,139.0,,98.0,668.91796875,,0
1782301227.240358,9588.167641,140.0,,98.0,668.91796875,,0
1782301227.340366,9588.267650,140.0,,98.0,668.91796875,,0
1782301227.440358,9588.367643,140.0,,98.0,668.91796875,,0
1782301227.540273,9588.467557,139.0,,98.0,668.91796875,,0
1782301227.640363,9588.567647,138.0,,98.0,668.91796875,,0
1782301227.740369,9588.667654,139.0,,97.0,668.91796875,,0
1782301227.840358,9588.767642,139.0,,98.0,668.91796875,,0
1782301227.940351,9588.867634,139.0,,98.0,668.91796875,,0
1782301228.040361,9588.967645,140.0,,98.0,668.91796875,,0
1782301228.140363,9589.067646,139.0,,97.0,668.91796875,,0
1782301228.240355,9589.167640,139.0,,97.0,668.91796875,,0
1782301228.340356,9589.267641,139.0,,97.0,668.91796875,,0
1782301228.440359,9589.367643,139.0,,97.0,668.91796875,,0
1782301228.540361,9589.467645,139.0,,97.0,668.91796875,,0
1782301228.640358,9589.567643,139.0,,98.0,668.91796875,,0
1782301228.740353,9589.667636,139.0,,97.0,668.91796875,,0
1782301228.840299,9589.767584,138.0,,97.0,668.91796875,,0
1782301228.940271,9589.867554,138.0,,98.0,668.91796875,,0
1782301229.040354,9589.967638,140.0,,97.0,668.91796875,,0
1782301229.140271,9590.067554,140.0,,98.0,668.91796875,,0
1782301229.240271,9590.167554,140.0,,98.0,668.91796875,,0
1782301229.340360,9590.267644,141.0,,98.0,668.91796875,,0
1782301229.440358,9590.367641,140.0,,98.0,668.91796875,,0
1782301229.540359,9590.467642,140.0,,98.0,668.91796875,,0
1782301229.640367,9590.567650,139.0,,98.0,668.91796875,,0
1782301229.740271,9590.667554,140.0,,98.0,668.91796875,,0
1782301229.840363,9590.767647,139.0,,98.0,668.91796875,,0
1782301229.940357,9590.867643,140.0,,98.0,668.91796875,,0
1782301230.040361,9590.967644,140.0,,98.0,668.91796875,,0
1782301230.140361,9591.067646,139.0,,97.0,668.91796875,,0
1782301230.240353,9591.167638,139.0,,97.0,668.91796875,,0
1782301230.340352,9591.267635,140.0,,98.0,668.91796875,,0
1782301230.440377,9591.367660,139.0,,98.0,668.91796875,,0
1782301230.540364,9591.467648,139.0,,98.0,668.91796875,,0
1782301230.640389,9591.567672,139.0,,98.0,668.91796875,,0
1782301230.740353,9591.667636,139.0,,98.0,668.91796875,,0
1782301230.840383,9591.767667,140.0,,98.0,668.91796875,,0
1782301230.940358,9591.867641,140.0,,98.0,668.91796875,,0
1782301231.040356,9591.967640,140.0,,98.0,668.91796875,,0
1782301231.140355,9592.067639,140.0,,98.0,668.91796875,,0
1782301231.240371,9592.167656,140.0,,98.0,668.91796875,,0
1782301231.340353,9592.267637,139.0,,98.0,668.91796875,,0
1782301231.440354,9592.367638,140.0,,98.0,668.91796875,,0
1782301231.540355,9592.467640,139.0,,98.0,668.91796875,,0
1782301231.640359,9592.567644,139.0,,98.0,668.91796875,,0
1782301231.740358,9592.667643,139.0,,98.0,668.91796875,,0
1782301231.840353,9592.767636,140.0,,98.0,668.91796875,,0
1782301231.940356,9592.867641,140.0,,98.0,668.91796875,,0
1782301232.040368,9592.967654,140.0,,98.0,668.91796875,,0
1782301232.140355,9593.067639,140.0,,98.0,668.91796875,,0
1782301232.240353,9593.167637,140.0,,98.0,668.91796875,,0
1782301232.340358,9593.267643,140.0,,98.0,668.91796875,,0
1782301232.440361,9593.367645,140.0,,98.0,668.91796875,,0
1782301232.540359,9593.467642,140.0,,98.0,668.91796875,,0
1782301232.640358,9593.567641,140.0,,98.0,668.91796875,,0
1782301232.740356,9593.667641,140.0,,98.0,668.91796875,,0
1782301232.840358,9593.767643,140.0,,98.0,668.91796875,,0
1782301232.940354,9593.867638,140.0,,98.0,668.91796875,,0
1782301233.040366,9593.967649,140.0,,98.0,668.91796875,,0
1782301233.140354,9594.067640,139.0,,98.0,668.91796875,,0
1782301233.240361,9594.167645,140.0,,98.0,668.91796875,,0
1782301233.340359,9594.267642,140.0,,98.0,668.91796875,,0
1782301233.440367,9594.367651,140.0,,98.0,668.91796875,,0
1782301233.540360,9594.467644,140.0,,98.0,668.91796875,,0
1782301233.640359,9594.567642,140.0,,98.0,668.91796875,,0
1782301233.740353,9594.667637,140.0,,98.0,668.91796875,,0
1782301233.840357,9594.767641,140.0,,98.0,668.91796875,,0
1782301233.940365,9594.867649,140.0,,98.0,668.91796875,,0
1782301234.040359,9594.967643,140.0,,98.0,668.91796875,,0
1782301234.140353,9595.067638,139.0,,98.0,668.91796875,,0
1782301234.240355,9595.167638,140.0,,98.0,668.91796875,,0
1782301234.340361,9595.267645,140.0,,98.0,668.91796875,,0
1782301234.440356,9595.367640,139.0,,98.0,668.91796875,,0
1782301234.540363,9595.467648,140.0,,98.0,668.91796875,,0
1782301234.640353,9595.567638,140.0,,98.0,668.91796875,,0
1782301234.740360,9595.667644,140.0,,97.0,668.91796875,,0
1782301234.840351,9595.767635,140.0,,98.0,668.91796875,,0
1782301234.940271,9595.867554,140.0,,97.0,668.91796875,,0
1782301235.040356,9595.967639,139.0,,98.0,668.91796875,,0
1782301235.140292,9596.067577,140.0,,98.0,668.91796875,,0
1782301235.240361,9596.167645,140.0,,98.0,668.91796875,,0
1782301235.340360,9596.267643,140.0,,98.0,668.91796875,,0
1782301235.440359,9596.367644,140.0,,98.0,668.91796875,,0
1782301235.540364,9596.467648,140.0,,98.0,668.91796875,,0
1782301235.640360,9596.567644,140.0,,98.0,668.91796875,,0
1782301235.740300,9596.667584,140.0,,98.0,668.91796875,,0
1782301235.840361,9596.767646,140.0,,98.0,668.91796875,,0
1782301235.940274,9596.867557,140.0,,98.0,668.91796875,,0
1782301236.040358,9596.967642,140.0,,98.0,668.91796875,,0
1782301236.140357,9597.067640,139.0,,97.0,668.91796875,,0
1782301236.240365,9597.167649,140.0,,97.0,668.91796875,,0
1782301236.340359,9597.267642,140.0,,98.0,668.91796875,,0
1782301236.440363,9597.367646,140.0,,97.0,668.91796875,,0
1782301236.540278,9597.467561,139.0,,97.0,668.91796875,,0
1782301236.640276,9597.567560,140.0,,97.0,668.91796875,,0
1782301236.740275,9597.667559,140.0,,97.0,668.91796875,,0
1782301236.840275,9597.767558,140.0,,97.0,668.91796875,,0
1782301236.940313,9597.867596,140.0,,97.0,668.91796875,,0
1782301237.040332,9597.967615,140.0,,98.0,668.91796875,,0
1782301237.140354,9598.067638,140.0,,98.0,668.91796875,,0
1782301237.240308,9598.167591,140.0,,98.0,668.91796875,,0
1782301237.340361,9598.267645,141.0,,98.0,668.91796875,,0
1782301237.440358,9598.367641,140.0,,98.0,668.91796875,,0
1782301237.540359,9598.467642,141.0,,98.0,668.91796875,,0
1782301237.640372,9598.567656,140.0,,98.0,668.91796875,,0
1782301237.740366,9598.667651,141.0,,98.0,668.91796875,,0
1782301237.840366,9598.767650,140.0,,98.0,668.91796875,,0
1782301237.940361,9598.867644,141.0,,98.0,668.91796875,,0
1782301238.040360,9598.967644,141.0,,98.0,668.91796875,,0
1782301238.140383,9599.067668,140.0,,98.0,668.91796875,,0
1782301238.240361,9599.167645,140.0,,98.0,668.91796875,,0
1782301238.340362,9599.267645,141.0,,98.0,668.91796875,,0
1782301238.440356,9599.367640,140.0,,98.0,668.91796875,,0
1782301238.540361,9599.467645,140.0,,98.0,668.91796875,,0
1782301238.640299,9599.567583,140.0,,98.0,668.91796875,,0
1782301238.740360,9599.667645,140.0,,98.0,668.91796875,,0
1782301238.840359,9599.767643,140.0,,98.0,668.91796875,,0
1782301238.940353,9599.867637,140.0,,98.0,668.91796875,,0
1782301239.040362,9599.967646,140.0,,98.0,668.91796875,,0
1782301239.140367,9600.067651,140.0,,98.0,668.91796875,,0
1782301239.240361,9600.167645,140.0,,98.0,668.91796875,,0
1782301239.340354,9600.267638,140.0,,98.0,668.91796875,,0
1782301239.440359,9600.367643,140.0,,98.0,668.91796875,,0
1782301239.540356,9600.467640,140.0,,98.0,668.91796875,,0
1782301239.640364,9600.567649,140.0,,98.0,668.91796875,,0
1782301239.740368,9600.667653,140.0,,98.0,668.91796875,,0
1782301239.840360,9600.767645,140.0,,98.0,668.91796875,,0
1782301239.940357,9600.867640,140.0,,98.0,668.91796875,,0
1782301240.040361,9600.967645,140.0,,98.0,668.91796875,,0
1782301240.140363,9601.067646,140.0,,98.0,668.91796875,,0
1782301240.240362,9601.167647,140.0,,98.0,668.91796875,,0
1782301240.340365,9601.267649,140.0,,98.0,668.91796875,,0
1782301240.440359,9601.367644,140.0,,98.0,668.91796875,,0
1782301240.540360,9601.467645,140.0,,98.0,668.91796875,,0
1782301240.640363,9601.567648,141.0,,98.0,668.91796875,,0
1782301240.740363,9601.667647,141.0,,98.0,668.91796875,,0
1782301240.840363,9601.767648,140.0,,97.0,668.91796875,,0
1782301240.940378,9601.867661,140.0,,98.0,668.91796875,,0
1782301241.040358,9601.967643,140.0,,98.0,668.91796875,,0
1782301241.140362,9602.067647,139.0,,97.0,668.91796875,,0
1782301241.240369,9602.167652,140.0,,98.0,668.91796875,,0
1782301241.340358,9602.267642,140.0,,98.0,668.91796875,,0
1782301241.440298,9602.367583,140.0,,97.0,668.91796875,,0
1782301241.540353,9602.467638,140.0,,97.0,668.91796875,,0
1782301241.640356,9602.567639,139.0,,97.0,668.91796875,,0
1782301241.740360,9602.667645,140.0,,98.0,668.91796875,,0
1782301241.840356,9602.767640,139.0,,97.0,668.91796875,,0
1782301241.940357,9602.867642,140.0,,98.0,668.91796875,,0
1782301242.040366,9602.967650,138.0,,97.0,668.91796875,,0
1782301242.140362,9603.067645,137.0,,98.0,668.91796875,,0
1782301242.240360,9603.167644,140.0,,98.0,668.91796875,,0
1782301242.340359,9603.267642,140.0,,98.0,668.91796875,,0
1782301242.440361,9603.367644,143.0,,97.0,668.91796875,,0
1782301242.540363,9603.467646,141.0,,98.0,668.91796875,,0
1782301242.640361,9603.567646,140.0,,96.0,668.91796875,,0
1782301242.740359,9603.667643,144.0,,97.0,668.91796875,,0
1782301242.840271,9603.767554,140.0,,98.0,668.91796875,,0
1782301242.940352,9603.867636,135.0,,97.0,668.91796875,,0
1782301243.040271,9603.967554,140.0,,97.0,668.91796875,,0
1782301243.140359,9604.067643,139.0,,98.0,668.91796875,,0
1782301243.240271,9604.167554,140.0,,98.0,668.91796875,,0
1782301243.340365,9604.267649,138.0,,97.0,668.91796875,,0
1782301243.440286,9604.367571,140.0,,98.0,668.91796875,,0
1782301243.540353,9604.467637,140.0,,97.0,668.91796875,,0
1782301243.640357,9604.567642,138.0,,97.0,668.91796875,,0
1782301243.740360,9604.667644,140.0,,98.0,668.91796875,,0
1782301243.840367,9604.767651,140.0,,98.0,668.91796875,,0
1782301243.940360,9604.867643,140.0,,98.0,668.91796875,,0
1782301244.040353,9604.967638,139.0,,97.0,668.91796875,,0
1782301244.140354,9605.067639,140.0,,97.0,668.91796875,,0
1782301244.240357,9605.167640,140.0,,97.0,668.91796875,,0
1782301244.340359,9605.267642,140.0,,98.0,668.91796875,,0
1782301244.440384,9605.367667,140.0,,97.0,668.91796875,,0
1782301244.540360,9605.467644,140.0,,97.0,668.91796875,,0
1782301244.640365,9605.567650,140.0,,97.0,668.91796875,,0
1782301244.740386,9605.667671,140.0,,98.0,668.91796875,,0
1782301244.840360,9605.767644,139.0,,97.0,668.91796875,,0
1782301244.940359,9605.867643,139.0,,97.0,668.91796875,,0
1782301245.040390,9605.967673,140.0,,98.0,668.91796875,,0
1782301245.140363,9606.067647,140.0,,97.0,668.91796875,,0
1782301245.240358,9606.167641,140.0,,98.0,668.91796875,,0
1782301245.340359,9606.267642,140.0,,97.0,668.91796875,,0
1782301245.440366,9606.367651,140.0,,97.0,668.91796875,,0
1782301245.540360,9606.467643,140.0,,98.0,668.91796875,,0
1782301245.640354,9606.567637,140.0,,97.0,668.91796875,,0
1782301245.740358,9606.667642,140.0,,97.0,668.91796875,,0
1782301245.840353,9606.767637,140.0,,98.0,668.91796875,,0
1782301245.940355,9606.867640,140.0,,97.0,668.91796875,,0
1782301246.040376,9606.967659,140.0,,98.0,668.91796875,,0
1782301246.140360,9607.067643,140.0,,97.0,668.91796875,,0
1782301246.240271,9607.167554,140.0,,98.0,668.91796875,,0
1782301246.340357,9607.267641,139.0,,98.0,668.91796875,,0
1782301246.440353,9607.367636,140.0,,97.0,668.91796875,,0
1782301246.540370,9607.467655,140.0,,97.0,668.91796875,,0
1782301246.640273,9607.567557,140.0,,97.0,668.91796875,,0
1782301246.740361,9607.667645,140.0,,97.0,668.91796875,,0
1782301246.840276,9607.767559,140.0,,97.0,668.91796875,,0
1782301246.940277,9607.867560,140.0,,97.0,668.91796875,,0
1782301247.040353,9607.967636,140.0,,97.0,668.91796875,,0
1782301247.140360,9608.067643,140.0,,98.0,668.91796875,,0
1782301247.240359,9608.167642,140.0,,98.0,668.91796875,,0
1782301247.340361,9608.267646,140.0,,98.0,668.91796875,,0
1782301247.440358,9608.367642,140.0,,98.0,668.91796875,,0
1782301247.540360,9608.467643,140.0,,98.0,668.91796875,,0
1782301247.640357,9608.567641,140.0,,98.0,668.91796875,,0
1782301247.740371,9608.667655,49.0,,14.0,584.90234375,,0
1782301247.840371,9608.767655,36.0,,3.0,584.90234375,,0
1782301247.940378,9608.867663,33.0,,3.0,354.71484375,,0
1782301248.040363,9608.967648,32.0,,3.0,354.71484375,,0
1782301248.140363,9609.067647,24.0,,,354.71484375,,0
1782301248.240295,9609.167580,12.0,,,354.71484375,,0
1782301248.340370,9609.267655,11.0,,,354.71484375,,0
