sample_epoch,mono_s,power_w,energy_uj,gfx_busy_pct,vram_used_mb,sclk_mhz,device_id
1782298752.361789,7113.289072,11.0,,1.0,354.71484375,,0
1782298752.461941,7113.389227,11.0,,,354.71484375,,0
1782298752.561949,7113.489234,11.0,,,354.71484375,,0
1782298752.661938,7113.589222,14.0,,,354.71484375,,0
1782298752.761939,7113.689223,11.0,,,354.71484375,,0
1782298752.865724,7113.793007,12.0,,,354.71484375,,0
1782298752.961845,7113.889128,14.0,,,354.71484375,,0
1782298753.061949,7113.989233,12.0,,,354.71484375,,0
1782298753.161942,7114.089226,11.0,,,354.71484375,,0
1782298753.261945,7114.189230,12.0,,,354.71484375,,0
1782298753.361854,7114.289138,11.0,,,354.71484375,,0
1782298753.461943,7114.389227,11.0,,,354.71484375,,0
1782298753.561852,7114.489136,12.0,,,354.71484375,,0
1782298753.661955,7114.589240,10.0,,,354.71484375,,0
1782298753.761951,7114.689235,15.0,,,354.71484375,,0
1782298753.861941,7114.789225,10.0,,,354.71484375,,0
1782298753.961943,7114.889227,13.0,,,354.71484375,,0
1782298754.061942,7114.989226,11.0,,,354.71484375,,0
1782298754.161940,7115.089224,10.0,,,354.71484375,,0
1782298754.261940,7115.189223,12.0,,,354.71484375,,0
1782298754.361944,7115.289228,10.0,,,354.71484375,,0
1782298754.461938,7115.389223,11.0,,,354.71484375,,0
1782298754.561939,7115.489223,10.0,,,354.71484375,,0
1782298754.661942,7115.589227,11.0,,,354.71484375,,0
1782298754.761937,7115.689221,11.0,,,354.71484375,,0
1782298754.861860,7115.789145,10.0,,,354.71484375,,0
1782298754.961940,7115.889223,11.0,,,354.71484375,,0
1782298755.061943,7115.989226,15.0,,,354.71484375,,0
1782298755.161945,7116.089229,10.0,,,354.71484375,,0
1782298755.261940,7116.189224,14.0,,,354.71484375,,0
1782298755.361944,7116.289228,11.0,,,354.71484375,,0
1782298755.461945,7116.389229,9.0,,,354.71484375,,0
1782298755.561941,7116.489225,10.0,,,354.71484375,,0
1782298755.661942,7116.589227,12.0,,,354.71484375,,0
1782298755.761938,7116.689222,10.0,,,354.71484375,,0
1782298755.861940,7116.789224,10.0,,,354.71484375,,0
1782298755.961938,7116.889222,11.0,,,354.71484375,,0
1782298756.061941,7116.989225,10.0,,,354.71484375,,0
1782298756.161948,7117.089232,12.0,,,354.71484375,,0
1782298756.261955,7117.189240,12.0,,2.0,354.71484375,,0
1782298756.361944,7117.289228,11.0,,,354.71484375,,0
1782298756.461945,7117.389229,11.0,,,354.71484375,,0
1782298756.561944,7117.489229,11.0,,,354.71484375,,0
1782298756.661937,7117.589221,15.0,,,354.71484375,,0
1782298756.761938,7117.689222,16.0,,3.0,354.71484375,,0
1782298756.861943,7117.789227,15.0,,,354.71484375,,0
1782298756.961933,7117.889219,14.0,,,354.71484375,,0
1782298757.061939,7117.989223,11.0,,,354.71484375,,0
1782298757.161938,7118.089222,10.0,,,354.71484375,,0
1782298757.261937,7118.189220,11.0,,,354.71484375,,0
1782298757.361941,7118.289225,10.0,,,354.71484375,,0
1782298757.461938,7118.389222,15.0,,4.0,354.76171875,,0
1782298757.561936,7118.489220,11.0,,1.0,354.76171875,,0
1782298757.661960,7118.589244,10.0,,,354.76171875,,0
1782298757.761946,7118.689230,10.0,,,354.76171875,,0
1782298757.861940,7118.789224,12.0,,,354.76171875,,0
1782298757.961939,7118.889223,16.0,,3.0,555.48828125,,0
1782298758.061934,7118.989217,69.0,,75.0,592.94140625,,0
1782298758.161935,7119.089218,98.0,,99.0,592.94140625,,0
1782298758.261926,7119.189210,110.0,,99.0,592.94140625,,0
1782298758.361930,7119.289215,134.0,,99.0,592.94140625,,0
1782298758.461931,7119.389215,189.0,,99.0,592.94140625,,0
1782298758.561927,7119.489211,201.0,,99.0,592.94140625,,0
1782298758.661935,7119.589219,199.0,,98.0,592.94140625,,0
1782298758.761934,7119.689218,207.0,,99.0,592.94140625,,0
1782298758.861860,7119.789145,206.0,,99.0,592.94140625,,0
1782298758.961928,7119.889211,205.0,,98.0,592.94140625,,0
1782298759.061934,7119.989217,202.0,,99.0,592.94140625,,0
1782298759.161923,7120.089207,219.0,,99.0,592.94140625,,0
1782298759.261925,7120.189210,216.0,,98.0,592.94140625,,0
1782298759.361930,7120.289215,222.0,,99.0,592.94140625,,0
1782298759.461931,7120.389216,221.0,,99.0,592.94140625,,0
1782298759.561933,7120.489216,231.0,,99.0,592.94140625,,0
1782298759.661926,7120.589211,239.0,,98.0,592.94140625,,0
1782298759.761927,7120.689211,220.0,,99.0,592.94140625,,0
1782298759.861933,7120.789216,226.0,,99.0,592.94140625,,0
1782298759.961922,7120.889207,230.0,,99.0,592.94140625,,0
1782298760.061933,7120.989217,228.0,,99.0,592.94140625,,0
1782298760.161933,7121.089217,239.0,,99.0,592.94140625,,0
1782298760.261843,7121.189126,241.0,,99.0,592.94140625,,0
1782298760.361918,7121.289203,243.0,,99.0,592.94140625,,0
1782298760.461935,7121.389220,245.0,,99.0,592.94140625,,0
1782298760.561927,7121.489212,250.0,,99.0,592.94140625,,0
1782298760.661930,7121.589214,252.0,,99.0,592.94140625,,0
1782298760.761925,7121.689210,252.0,,99.0,592.94140625,,0
1782298760.861943,7121.789227,250.0,,99.0,592.94140625,,0
1782298760.961931,7121.889215,252.0,,99.0,592.94140625,,0
1782298761.061934,7121.989219,250.0,,98.0,592.94140625,,0
1782298761.162185,7122.089468,250.0,,99.0,592.94140625,,0
1782298761.261843,7122.189126,250.0,,99.0,592.94140625,,0
1782298761.361929,7122.289212,250.0,,99.0,592.94140625,,0
1782298761.461930,7122.389215,250.0,,99.0,592.94140625,,0
1782298761.561931,7122.489215,251.0,,99.0,592.94140625,,0
1782298761.661843,7122.589126,250.0,,99.0,592.94140625,,0
1782298761.761841,7122.689124,250.0,,99.0,592.94140625,,0
1782298761.861930,7122.789214,251.0,,99.0,592.94140625,,0
1782298761.961933,7122.889216,251.0,,99.0,592.94140625,,0
1782298762.061843,7122.989126,253.0,,99.0,592.94140625,,0
1782298762.161934,7123.089218,251.0,,99.0,592.94140625,,0
1782298762.261929,7123.189213,251.0,,99.0,592.94140625,,0
1782298762.361860,7123.289144,251.0,,99.0,592.94140625,,0
1782298762.461934,7123.389218,251.0,,99.0,592.94140625,,0
1782298762.561931,7123.489215,251.0,,99.0,592.94140625,,0
1782298762.661925,7123.589209,252.0,,99.0,592.94140625,,0
1782298762.761930,7123.689214,251.0,,99.0,592.94140625,,0
1782298762.861935,7123.789219,252.0,,99.0,592.94140625,,0
1782298762.961843,7123.889126,254.0,,99.0,592.94140625,,0
1782298763.061932,7123.989217,254.0,,99.0,592.94140625,,0
1782298763.161934,7124.089218,255.0,,99.0,592.94140625,,0
1782298763.261934,7124.189217,254.0,,99.0,592.94140625,,0
1782298763.361930,7124.289213,255.0,,99.0,592.94140625,,0
1782298763.461931,7124.389214,255.0,,99.0,592.94140625,,0
1782298763.561941,7124.489226,255.0,,99.0,592.94140625,,0
1782298763.661929,7124.589212,255.0,,99.0,592.94140625,,0
1782298763.761936,7124.689221,254.0,,99.0,592.94140625,,0
1782298763.861945,7124.789230,252.0,,99.0,592.94140625,,0
1782298763.961843,7124.889126,254.0,,99.0,592.94140625,,0
1782298764.061933,7124.989219,256.0,,99.0,592.94140625,,0
1782298764.161935,7125.089220,255.0,,99.0,592.94140625,,0
1782298764.261937,7125.189220,256.0,,99.0,592.94140625,,0
1782298764.361924,7125.289208,255.0,,99.0,592.94140625,,0
1782298764.461932,7125.389216,256.0,,99.0,592.94140625,,0
1782298764.561935,7125.489220,256.0,,99.0,592.94140625,,0
1782298764.661930,7125.589215,255.0,,99.0,592.94140625,,0
1782298764.761926,7125.689211,255.0,,99.0,592.94140625,,0
1782298764.861938,7125.789221,256.0,,99.0,592.94140625,,0
1782298764.961843,7125.889126,254.0,,99.0,592.94140625,,0
1782298765.061934,7125.989219,254.0,,99.0,592.94140625,,0
1782298765.161932,7126.089217,254.0,,99.0,592.94140625,,0
1782298765.261931,7126.189216,255.0,,99.0,592.94140625,,0
1782298765.361935,7126.289220,255.0,,99.0,592.94140625,,0
1782298765.461937,7126.389222,255.0,,99.0,592.94140625,,0
1782298765.561930,7126.489215,256.0,,99.0,592.94140625,,0
1782298765.661928,7126.589214,254.0,,99.0,592.94140625,,0
1782298765.761930,7126.689215,256.0,,99.0,592.94140625,,0
1782298765.861937,7126.789222,256.0,,99.0,592.94140625,,0
1782298765.961926,7126.889210,255.0,,99.0,592.94140625,,0
1782298766.061843,7126.989126,256.0,,99.0,592.94140625,,0
1782298766.161859,7127.089144,257.0,,99.0,592.94140625,,0
1782298766.261934,7127.189219,257.0,,99.0,592.94140625,,0
1782298766.361934,7127.289219,258.0,,99.0,592.94140625,,0
1782298766.461934,7127.389219,258.0,,99.0,592.94140625,,0
1782298766.561926,7127.489211,258.0,,99.0,592.94140625,,0
1782298766.661937,7127.589221,256.0,,99.0,592.94140625,,0
1782298766.761938,7127.689223,256.0,,99.0,592.94140625,,0
1782298766.861953,7127.789237,257.0,,99.0,592.94140625,,0
1782298766.961843,7127.889126,257.0,,99.0,592.94140625,,0
1782298767.061934,7127.989218,255.0,,99.0,592.94140625,,0
1782298767.161934,7128.089218,256.0,,99.0,592.94140625,,0
1782298767.261930,7128.189213,255.0,,99.0,592.94140625,,0
1782298767.361928,7128.289212,255.0,,99.0,592.94140625,,0
1782298767.461927,7128.389212,256.0,,99.0,592.94140625,,0
1782298767.561929,7128.489213,256.0,,99.0,592.94140625,,0
1782298767.661933,7128.589217,256.0,,99.0,592.94140625,,0
1782298767.761940,7128.689225,256.0,,99.0,592.94140625,,0
1782298767.861936,7128.789220,257.0,,99.0,592.94140625,,0
1782298767.961949,7128.889232,255.0,,99.0,592.94140625,,0
1782298768.061933,7128.989217,255.0,,99.0,592.94140625,,0
1782298768.161932,7129.089217,256.0,,99.0,592.94140625,,0
1782298768.261929,7129.189213,256.0,,99.0,592.94140625,,0
1782298768.361935,7129.289220,256.0,,99.0,592.94140625,,0
1782298768.461934,7129.389219,256.0,,99.0,592.94140625,,0
1782298768.561934,7129.489217,257.0,,99.0,592.94140625,,0
1782298768.661942,7129.589227,257.0,,99.0,592.94140625,,0
1782298768.761846,7129.689129,257.0,,99.0,592.94140625,,0
1782298768.861937,7129.789220,257.0,,99.0,592.94140625,,0
1782298768.961843,7129.889126,254.0,,99.0,592.94140625,,0
1782298769.061929,7129.989214,257.0,,99.0,592.94140625,,0
1782298769.161932,7130.089215,258.0,,99.0,592.94140625,,0
1782298769.261933,7130.189218,258.0,,99.0,592.94140625,,0
1782298769.361923,7130.289207,258.0,,99.0,592.94140625,,0
1782298769.461935,7130.389219,258.0,,99.0,592.94140625,,0
1782298769.561932,7130.489215,258.0,,99.0,592.94140625,,0
1782298769.661932,7130.589216,258.0,,99.0,592.94140625,,0
1782298769.761933,7130.689217,258.0,,99.0,592.94140625,,0
1782298769.861935,7130.789220,258.0,,99.0,592.94140625,,0
1782298769.961933,7130.889218,259.0,,99.0,592.94140625,,0
1782298770.061931,7130.989216,261.0,,99.0,592.94140625,,0
1782298770.161936,7131.089221,261.0,,99.0,592.94140625,,0
1782298770.261934,7131.189218,261.0,,99.0,592.94140625,,0
1782298770.361932,7131.289215,261.0,,99.0,592.94140625,,0
1782298770.461935,7131.389220,261.0,,99.0,592.94140625,,0
1782298770.561933,7131.489218,261.0,,99.0,592.94140625,,0
1782298770.661935,7131.589218,261.0,,99.0,592.94140625,,0
1782298770.761934,7131.689218,262.0,,99.0,592.94140625,,0
1782298770.861853,7131.789136,262.0,,99.0,592.94140625,,0
1782298770.961936,7131.889220,262.0,,99.0,592.94140625,,0
1782298771.061843,7131.989126,262.0,,99.0,592.94140625,,0
1782298771.161933,7132.089218,260.0,,99.0,592.94140625,,0
1782298771.261843,7132.189126,261.0,,99.0,592.94140625,,0
1782298771.361945,7132.289228,264.0,,99.0,592.94140625,,0
1782298771.461935,7132.389219,262.0,,99.0,592.94140625,,0
1782298771.561923,7132.489207,262.0,,99.0,592.94140625,,0
1782298771.661934,7132.589218,262.0,,99.0,592.94140625,,0
1782298771.761934,7132.689218,263.0,,99.0,592.94140625,,0
1782298771.861952,7132.789236,263.0,,99.0,592.94140625,,0
1782298771.961843,7132.889126,263.0,,99.0,592.94140625,,0
1782298772.061929,7132.989214,262.0,,99.0,592.94140625,,0
1782298772.161843,7133.089126,263.0,,99.0,592.94140625,,0
1782298772.261927,7133.189212,262.0,,99.0,592.94140625,,0
1782298772.361940,7133.289225,260.0,,99.0,592.94140625,,0
1782298772.461932,7133.389217,260.0,,99.0,592.94140625,,0
1782298772.561931,7133.489214,260.0,,99.0,592.94140625,,0
1782298772.661934,7133.589218,261.0,,99.0,592.94140625,,0
1782298772.761936,7133.689219,261.0,,99.0,592.94140625,,0
1782298772.861936,7133.789220,261.0,,99.0,592.94140625,,0
1782298772.961844,7133.889127,261.0,,99.0,592.94140625,,0
1782298773.061924,7133.989209,260.0,,99.0,592.94140625,,0
1782298773.161931,7134.089214,261.0,,99.0,592.94140625,,0
1782298773.261935,7134.189220,258.0,,99.0,592.94140625,,0
1782298773.361934,7134.289219,258.0,,99.0,592.94140625,,0
1782298773.461928,7134.389212,260.0,,99.0,592.94140625,,0
1782298773.561934,7134.489217,261.0,,99.0,592.94140625,,0
1782298773.661933,7134.589217,260.0,,99.0,592.94140625,,0
1782298773.761937,7134.689221,260.0,,99.0,592.94140625,,0
1782298773.861932,7134.789217,260.0,,99.0,592.94140625,,0
1782298773.961934,7134.889217,261.0,,99.0,592.94140625,,0
1782298774.061935,7134.989219,261.0,,99.0,592.94140625,,0
1782298774.161932,7135.089217,260.0,,99.0,592.94140625,,0
1782298774.261935,7135.189219,262.0,,99.0,592.94140625,,0
1782298774.361937,7135.289220,262.0,,99.0,592.94140625,,0
1782298774.461926,7135.389210,262.0,,99.0,592.94140625,,0
1782298774.561929,7135.489213,262.0,,99.0,592.94140625,,0
1782298774.661930,7135.589215,262.0,,99.0,592.94140625,,0
1782298774.761929,7135.689214,262.0,,99.0,592.94140625,,0
1782298774.861935,7135.789220,262.0,,99.0,592.94140625,,0
1782298774.961843,7135.889126,263.0,,99.0,592.94140625,,0
1782298775.061929,7135.989212,269.0,,99.0,592.94140625,,0
1782298775.161933,7136.089217,266.0,,98.0,592.94140625,,0
1782298775.261950,7136.189235,267.0,,99.0,592.94140625,,0
1782298775.361933,7136.289218,274.0,,99.0,592.94140625,,0
1782298775.461930,7136.389214,259.0,,98.0,592.94140625,,0
1782298775.561937,7136.489222,261.0,,98.0,592.94140625,,0
1782298775.661846,7136.589129,264.0,,99.0,592.94140625,,0
1782298775.761940,7136.689223,258.0,,99.0,592.94140625,,0
1782298775.861933,7136.789218,258.0,,99.0,592.94140625,,0
1782298775.961946,7136.889229,257.0,,99.0,592.94140625,,0
1782298776.061932,7136.989215,251.0,,99.0,592.94140625,,0
1782298776.161934,7137.089219,277.0,,99.0,592.94140625,,0
1782298776.261933,7137.189216,260.0,,99.0,592.94140625,,0
1782298776.361939,7137.289223,263.0,,99.0,592.94140625,,0
1782298776.461934,7137.389219,258.0,,99.0,592.94140625,,0
1782298776.561935,7137.489219,274.0,,98.0,592.94140625,,0
1782298776.661931,7137.589216,267.0,,99.0,592.94140625,,0
1782298776.761843,7137.689126,266.0,,99.0,592.94140625,,0
1782298776.861935,7137.789219,265.0,,99.0,592.94140625,,0
1782298776.961843,7137.889126,265.0,,99.0,592.94140625,,0
1782298777.061932,7137.989215,268.0,,99.0,592.94140625,,0
1782298777.161936,7138.089220,267.0,,99.0,592.94140625,,0
1782298777.261957,7138.189241,267.0,,99.0,592.94140625,,0
1782298777.361843,7138.289126,268.0,,99.0,592.94140625,,0
1782298777.461859,7138.389143,268.0,,99.0,592.94140625,,0
1782298777.561933,7138.489218,268.0,,99.0,592.94140625,,0
1782298777.661933,7138.589217,268.0,,99.0,592.94140625,,0
1782298777.761934,7138.689219,268.0,,99.0,592.94140625,,0
1782298777.861935,7138.789218,265.0,,99.0,592.94140625,,0
1782298777.961935,7138.889219,265.0,,99.0,592.94140625,,0
1782298778.061929,7138.989214,265.0,,99.0,592.94140625,,0
1782298778.161933,7139.089217,265.0,,99.0,592.94140625,,0
1782298778.261930,7139.189214,265.0,,99.0,592.94140625,,0
1782298778.361846,7139.289129,265.0,,99.0,592.94140625,,0
1782298778.461934,7139.389218,266.0,,99.0,592.94140625,,0
1782298778.561933,7139.489217,265.0,,99.0,592.94140625,,0
1782298778.661946,7139.589229,266.0,,99.0,592.94140625,,0
1782298778.761933,7139.689216,266.0,,99.0,592.94140625,,0
1782298778.861936,7139.789221,265.0,,99.0,592.94140625,,0
1782298778.961935,7139.889219,266.0,,99.0,592.94140625,,0
1782298779.061929,7139.989213,267.0,,99.0,592.94140625,,0
1782298779.161929,7140.089212,266.0,,99.0,592.94140625,,0
1782298779.261933,7140.189217,266.0,,99.0,592.94140625,,0
1782298779.361936,7140.289220,268.0,,99.0,592.94140625,,0
1782298779.461931,7140.389216,269.0,,99.0,592.94140625,,0
1782298779.561944,7140.489229,268.0,,99.0,592.94140625,,0
1782298779.661930,7140.589214,268.0,,99.0,592.94140625,,0
1782298779.761935,7140.689219,268.0,,99.0,592.94140625,,0
1782298779.861942,7140.789227,258.0,,99.0,592.94140625,,0
1782298779.961935,7140.889220,266.0,,99.0,592.94140625,,0
1782298780.061929,7140.989212,264.0,,99.0,592.94140625,,0
1782298780.161951,7141.089235,267.0,,99.0,592.94140625,,0
1782298780.261929,7141.189213,267.0,,99.0,592.94140625,,0
1782298780.361932,7141.289215,268.0,,99.0,592.94140625,,0
1782298780.461931,7141.389215,268.0,,99.0,592.94140625,,0
1782298780.561936,7141.489219,267.0,,99.0,592.94140625,,0
1782298780.661931,7141.589215,269.0,,99.0,592.94140625,,0
1782298780.761930,7141.689215,265.0,,99.0,592.94140625,,0
1782298780.861843,7141.789126,264.0,,99.0,592.94140625,,0
1782298780.961928,7141.889213,265.0,,99.0,592.94140625,,0
1782298781.061844,7141.989127,266.0,,99.0,592.94140625,,0
1782298781.161930,7142.089213,266.0,,99.0,592.94140625,,0
1782298781.261925,7142.189209,269.0,,99.0,592.94140625,,0
1782298781.361931,7142.289214,268.0,,99.0,592.94140625,,0
1782298781.461947,7142.389230,268.0,,99.0,592.94140625,,0
1782298781.561934,7142.489217,267.0,,99.0,592.94140625,,0
1782298781.661931,7142.589216,269.0,,99.0,592.94140625,,0
1782298781.761843,7142.689127,268.0,,99.0,592.94140625,,0
1782298781.861843,7142.789126,268.0,,99.0,592.94140625,,0
1782298781.961941,7142.889225,267.0,,98.0,592.94140625,,0
1782298782.061933,7142.989216,269.0,,98.0,592.94140625,,0
1782298782.161932,7143.089215,269.0,,98.0,592.94140625,,0
1782298782.261843,7143.189126,269.0,,99.0,592.94140625,,0
1782298782.361843,7143.289126,270.0,,99.0,592.94140625,,0
1782298782.461930,7143.389214,270.0,,99.0,592.94140625,,0
1782298782.561930,7143.489215,269.0,,99.0,592.94140625,,0
1782298782.661843,7143.589126,269.0,,99.0,592.94140625,,0
1782298782.761919,7143.689203,269.0,,99.0,592.94140625,,0
1782298782.861932,7143.789217,269.0,,99.0,592.94140625,,0
1782298782.961846,7143.889129,269.0,,98.0,592.94140625,,0
1782298783.061930,7143.989214,268.0,,99.0,592.94140625,,0
1782298783.161934,7144.089219,268.0,,99.0,592.94140625,,0
1782298783.261928,7144.189213,270.0,,99.0,592.94140625,,0
1782298783.361934,7144.289219,270.0,,98.0,592.94140625,,0
1782298783.461927,7144.389210,269.0,,99.0,592.94140625,,0
1782298783.561948,7144.489232,268.0,,98.0,592.94140625,,0
1782298783.661931,7144.589216,268.0,,99.0,592.94140625,,0
1782298783.761846,7144.689129,268.0,,99.0,592.94140625,,0
1782298783.861931,7144.789214,271.0,,98.0,592.94140625,,0
1782298783.961843,7144.889126,271.0,,99.0,592.94140625,,0
1782298784.061924,7144.989209,269.0,,99.0,592.94140625,,0
1782298784.161929,7145.089214,270.0,,99.0,592.94140625,,0
1782298784.261932,7145.189217,270.0,,99.0,592.94140625,,0
1782298784.361930,7145.289214,272.0,,99.0,592.94140625,,0
1782298784.461930,7145.389214,272.0,,99.0,592.94140625,,0
1782298784.561925,7145.489210,272.0,,99.0,592.94140625,,0
1782298784.661938,7145.589222,272.0,,99.0,592.94140625,,0
1782298784.761926,7145.689211,272.0,,99.0,592.94140625,,0
1782298784.861935,7145.789219,272.0,,99.0,592.94140625,,0
1782298784.961929,7145.889213,272.0,,99.0,592.94140625,,0
1782298785.061925,7145.989209,272.0,,99.0,592.94140625,,0
1782298785.161932,7146.089217,272.0,,99.0,592.94140625,,0
1782298785.261933,7146.189217,269.0,,99.0,592.94140625,,0
1782298785.361925,7146.289210,269.0,,99.0,592.94140625,,0
1782298785.461843,7146.389126,269.0,,99.0,592.94140625,,0
1782298785.561919,7146.489203,270.0,,99.0,592.94140625,,0
1782298785.661940,7146.589224,270.0,,99.0,592.94140625,,0
1782298785.761931,7146.689216,270.0,,99.0,592.94140625,,0
1782298785.861934,7146.789219,270.0,,99.0,592.94140625,,0
1782298785.961929,7146.889212,270.0,,99.0,592.94140625,,0
1782298786.061929,7146.989213,269.0,,99.0,592.94140625,,0
1782298786.161926,7147.089211,269.0,,99.0,592.94140625,,0
1782298786.261929,7147.189213,269.0,,99.0,592.94140625,,0
1782298786.361939,7147.289223,270.0,,99.0,592.94140625,,0
1782298786.461844,7147.389127,272.0,,99.0,592.94140625,,0
1782298786.561946,7147.489231,270.0,,99.0,592.94140625,,0
1782298786.661929,7147.589214,270.0,,99.0,592.94140625,,0
1782298786.761930,7147.689214,273.0,,99.0,592.94140625,,0
1782298786.861949,7147.789233,273.0,,99.0,592.94140625,,0
1782298786.961928,7147.889212,273.0,,99.0,592.94140625,,0
1782298787.061928,7147.989212,272.0,,99.0,592.94140625,,0
1782298787.161927,7148.089210,273.0,,99.0,592.94140625,,0
1782298787.261929,7148.189212,273.0,,99.0,592.94140625,,0
1782298787.361939,7148.289222,273.0,,99.0,592.94140625,,0
1782298787.461934,7148.389218,273.0,,99.0,592.94140625,,0
1782298787.561929,7148.489214,272.0,,99.0,592.94140625,,0
1782298787.661929,7148.589214,273.0,,99.0,592.94140625,,0
1782298787.761929,7148.689213,272.0,,99.0,592.94140625,,0
1782298787.861929,7148.789213,272.0,,99.0,592.94140625,,0
1782298787.961928,7148.889211,272.0,,99.0,592.94140625,,0
1782298788.061934,7148.989218,270.0,,99.0,592.94140625,,0
1782298788.161932,7149.089216,270.0,,99.0,592.94140625,,0
1782298788.261931,7149.189216,269.0,,99.0,592.94140625,,0
1782298788.361928,7149.289212,269.0,,99.0,592.94140625,,0
1782298788.461933,7149.389216,271.0,,99.0,592.94140625,,0
1782298788.561929,7149.489213,271.0,,99.0,592.94140625,,0
1782298788.661934,7149.589217,271.0,,99.0,592.94140625,,0
1782298788.761930,7149.689214,271.0,,99.0,592.94140625,,0
1782298788.861934,7149.789217,272.0,,99.0,592.94140625,,0
1782298788.961932,7149.889216,270.0,,99.0,592.94140625,,0
1782298789.061929,7149.989214,270.0,,99.0,592.94140625,,0
1782298789.161931,7150.089216,270.0,,99.0,592.94140625,,0
1782298789.261943,7150.189226,273.0,,99.0,592.94140625,,0
1782298789.361929,7150.289214,271.0,,98.0,592.94140625,,0
1782298789.461930,7150.389213,275.0,,99.0,592.94140625,,0
1782298789.561934,7150.489218,274.0,,99.0,592.94140625,,0
1782298789.661937,7150.589220,273.0,,99.0,592.94140625,,0
1782298789.761936,7150.689219,274.0,,99.0,592.94140625,,0
1782298789.861929,7150.789214,273.0,,99.0,592.94140625,,0
1782298789.961929,7150.889212,272.0,,99.0,592.94140625,,0
1782298790.061932,7150.989215,271.0,,99.0,592.94140625,,0
1782298790.161932,7151.089216,271.0,,99.0,592.94140625,,0
1782298790.261933,7151.189216,271.0,,99.0,592.94140625,,0
1782298790.361933,7151.289217,271.0,,99.0,592.94140625,,0
1782298790.461934,7151.389218,271.0,,99.0,592.94140625,,0
1782298790.561929,7151.489213,271.0,,99.0,592.94140625,,0
1782298790.661931,7151.589215,271.0,,99.0,592.94140625,,0
1782298790.761933,7151.689218,271.0,,99.0,592.94140625,,0
1782298790.861928,7151.789212,270.0,,99.0,592.94140625,,0
1782298790.961931,7151.889215,271.0,,99.0,592.94140625,,0
1782298791.061929,7151.989213,271.0,,99.0,592.94140625,,0
1782298791.161924,7152.089207,271.0,,99.0,592.94140625,,0
1782298791.261932,7152.189215,271.0,,99.0,592.94140625,,0
1782298791.361929,7152.289213,282.0,,99.0,592.94140625,,0
1782298791.461928,7152.389213,262.0,,99.0,592.94140625,,0
1782298791.561929,7152.489213,277.0,,99.0,592.94140625,,0
1782298791.661934,7152.589217,262.0,,98.0,592.94140625,,0
1782298791.761930,7152.689213,281.0,,98.0,592.94140625,,0
1782298791.861843,7152.789126,270.0,,99.0,592.94140625,,0
1782298791.961925,7152.889208,259.0,,98.0,592.94140625,,0
1782298792.061843,7152.989126,271.0,,99.0,592.94140625,,0
1782298792.161924,7153.089208,271.0,,99.0,592.94140625,,0
1782298792.261843,7153.189126,271.0,,99.0,592.94140625,,0
1782298792.361926,7153.289211,279.0,,99.0,592.94140625,,0
1782298792.461843,7153.389126,272.0,,99.0,592.94140625,,0
1782298792.561922,7153.489206,283.0,,98.0,592.94140625,,0
1782298792.661932,7153.589216,271.0,,99.0,592.94140625,,0
1782298792.761917,7153.689201,274.0,,98.0,592.94140625,,0
1782298792.861929,7153.789214,271.0,,99.0,592.94140625,,0
1782298792.961928,7153.889213,271.0,,98.0,592.94140625,,0
1782298793.061943,7153.989228,116.0,,30.0,592.94140625,,0
1782298793.161937,7154.089221,53.0,,3.0,592.94140625,,0
1782298793.262005,7154.189290,45.0,,3.0,592.94140625,,0
1782298793.361938,7154.289222,41.0,,3.0,592.94140625,,0
1782298793.461936,7154.389221,37.0,,2.0,592.94140625,,0
1782298793.561941,7154.489226,26.0,,3.0,592.94140625,,0
1782298793.661939,7154.589224,25.0,,2.0,592.94140625,,0
1782298793.761940,7154.689224,24.0,,3.0,592.94140625,,0
1782298793.861942,7154.789226,24.0,,3.0,592.94140625,,0
1782298793.961937,7154.889222,23.0,,3.0,592.94140625,,0
1782298794.061938,7154.989223,21.0,,3.0,592.94140625,,0
1782298794.161942,7155.089226,22.0,,3.0,592.94140625,,0
1782298794.261938,7155.189223,23.0,,3.0,592.94140625,,0
1782298794.361938,7155.289223,24.0,,3.0,592.94140625,,0
1782298794.461938,7155.389223,25.0,,3.0,592.94140625,,0
1782298794.561938,7155.489223,23.0,,3.0,592.94140625,,0
1782298794.661936,7155.589221,25.0,,2.0,592.94140625,,0
1782298794.761940,7155.689225,22.0,,3.0,592.94140625,,0
1782298794.861973,7155.789257,23.0,,3.0,592.94140625,,0
1782298794.961939,7155.889224,26.0,,4.0,592.94140625,,0
1782298795.061938,7155.989222,23.0,,3.0,592.94140625,,0
1782298795.161936,7156.089221,25.0,,3.0,592.94140625,,0
1782298795.261937,7156.189221,25.0,,3.0,592.94140625,,0
1782298795.361943,7156.289228,23.0,,3.0,592.94140625,,0
1782298795.461937,7156.389222,23.0,,3.0,592.94140625,,0
1782298795.561939,7156.489223,24.0,,4.0,592.94140625,,0
1782298795.661939,7156.589224,25.0,,3.0,592.94140625,,0
1782298795.761940,7156.689225,21.0,,2.0,592.94140625,,0
1782298795.861945,7156.789230,22.0,,3.0,592.94140625,,0
1782298795.961938,7156.889223,25.0,,3.0,592.94140625,,0
1782298796.061937,7156.989221,24.0,,3.0,592.94140625,,0
1782298796.161937,7157.089221,22.0,,3.0,592.94140625,,0
1782298796.261938,7157.189223,22.0,,3.0,592.94140625,,0
1782298796.361948,7157.289233,23.0,,3.0,592.94140625,,0
1782298796.461936,7157.389221,23.0,,3.0,592.94140625,,0
1782298796.561941,7157.489226,23.0,,3.0,592.94140625,,0
1782298796.661939,7157.589223,23.0,,3.0,592.94140625,,0
1782298796.761938,7157.689222,23.0,,3.0,592.94140625,,0
1782298796.861939,7157.789223,24.0,,3.0,592.94140625,,0
1782298796.961936,7157.889221,23.0,,2.0,592.94140625,,0
1782298797.061938,7157.989222,23.0,,3.0,592.94140625,,0
1782298797.161936,7158.089220,22.0,,3.0,592.94140625,,0
1782298797.261947,7158.189232,22.0,,3.0,592.94140625,,0
1782298797.361937,7158.289221,22.0,,3.0,592.94140625,,0
1782298797.461937,7158.389222,27.0,,3.0,592.94140625,,0
1782298797.561934,7158.489217,24.0,,3.0,592.94140625,,0
1782298797.661937,7158.589221,24.0,,3.0,592.94140625,,0
1782298797.761940,7158.689225,23.0,,3.0,592.94140625,,0
1782298797.861937,7158.789222,24.0,,3.0,592.94140625,,0
1782298797.961938,7158.889222,22.0,,3.0,592.94140625,,0
1782298798.061843,7158.989127,132.0,,71.0,592.94140625,,0
1782298798.161921,7159.089205,202.0,,99.0,592.94140625,,0
1782298798.261925,7159.189208,207.0,,98.0,592.94140625,,0
1782298798.361934,7159.289219,208.0,,98.0,592.94140625,,0
1782298798.461931,7159.389216,211.0,,98.0,592.94140625,,0
1782298798.561924,7159.489208,216.0,,98.0,592.94140625,,0
1782298798.661932,7159.589215,220.0,,98.0,592.94140625,,0
1782298798.761924,7159.689209,223.0,,98.0,592.94140625,,0
1782298798.861932,7159.789217,226.0,,98.0,592.94140625,,0
1782298798.961925,7159.889208,228.0,,98.0,592.94140625,,0
1782298799.061926,7159.989212,229.0,,98.0,592.94140625,,0
1782298799.161934,7160.089219,233.0,,98.0,592.94140625,,0
1782298799.261925,7160.189209,234.0,,98.0,592.94140625,,0
1782298799.361925,7160.289210,236.0,,99.0,592.94140625,,0
1782298799.461926,7160.389212,238.0,,99.0,592.94140625,,0
1782298799.561923,7160.489208,241.0,,99.0,592.94140625,,0
1782298799.661932,7160.589216,244.0,,99.0,592.94140625,,0
1782298799.761843,7160.689126,245.0,,99.0,592.94140625,,0
1782298799.861929,7160.789213,247.0,,99.0,592.94140625,,0
1782298799.961924,7160.889208,250.0,,99.0,592.94140625,,0
1782298800.061928,7160.989211,254.0,,99.0,592.94140625,,0
1782298800.161918,7161.089202,256.0,,99.0,592.94140625,,0
1782298800.261924,7161.189209,258.0,,99.0,592.94140625,,0
1782298800.361924,7161.289208,260.0,,99.0,592.94140625,,0
1782298800.461846,7161.389129,263.0,,99.0,592.94140625,,0
1782298800.561927,7161.489212,261.0,,99.0,592.94140625,,0
1782298800.661927,7161.589212,261.0,,99.0,592.94140625,,0
1782298800.761843,7161.689126,260.0,,99.0,592.94140625,,0
1782298800.861928,7161.789212,261.0,,99.0,592.94140625,,0
1782298800.961928,7161.889211,261.0,,99.0,592.94140625,,0
1782298801.061843,7161.989126,262.0,,99.0,592.94140625,,0
1782298801.161843,7162.089126,261.0,,99.0,592.94140625,,0
1782298801.261843,7162.189126,261.0,,99.0,592.94140625,,0
1782298801.361925,7162.289210,261.0,,99.0,592.94140625,,0
1782298801.461931,7162.389215,262.0,,99.0,592.94140625,,0
1782298801.561932,7162.489215,261.0,,99.0,592.94140625,,0
1782298801.661843,7162.589126,261.0,,99.0,592.94140625,,0
1782298801.761928,7162.689211,261.0,,99.0,592.94140625,,0
1782298801.861843,7162.789126,261.0,,99.0,592.94140625,,0
1782298801.961929,7162.889213,262.0,,99.0,592.94140625,,0
1782298802.061843,7162.989126,262.0,,99.0,592.94140625,,0
1782298802.161928,7163.089213,261.0,,99.0,592.94140625,,0
1782298802.261929,7163.189213,262.0,,99.0,592.94140625,,0
1782298802.361843,7163.289126,261.0,,99.0,592.94140625,,0
1782298802.461843,7163.389126,261.0,,99.0,592.94140625,,0
1782298802.561843,7163.489126,261.0,,99.0,592.94140625,,0
1782298802.661841,7163.589125,263.0,,99.0,592.94140625,,0
1782298802.761924,7163.689208,263.0,,99.0,592.94140625,,0
1782298802.861937,7163.789220,263.0,,99.0,592.94140625,,0
1782298802.961862,7163.889146,264.0,,99.0,592.94140625,,0
1782298803.061931,7163.989214,264.0,,99.0,592.94140625,,0
1782298803.161845,7164.089129,263.0,,99.0,592.94140625,,0
1782298803.261929,7164.189213,263.0,,99.0,592.94140625,,0
1782298803.361928,7164.289212,261.0,,99.0,592.94140625,,0
1782298803.461939,7164.389222,261.0,,99.0,592.94140625,,0
1782298803.561843,7164.489126,261.0,,99.0,592.94140625,,0
1782298803.661933,7164.589218,261.0,,99.0,592.94140625,,0
1782298803.761926,7164.689210,263.0,,99.0,592.94140625,,0
1782298803.861925,7164.789210,261.0,,99.0,592.94140625,,0
1782298803.961925,7164.889210,262.0,,99.0,592.94140625,,0
1782298804.061925,7164.989210,263.0,,99.0,592.94140625,,0
1782298804.161859,7165.089144,263.0,,99.0,592.94140625,,0
1782298804.261930,7165.189214,263.0,,99.0,592.94140625,,0
1782298804.361929,7165.289213,261.0,,99.0,592.94140625,,0
1782298804.461930,7165.389215,261.0,,99.0,592.94140625,,0
1782298804.561933,7165.489218,262.0,,99.0,592.94140625,,0
1782298804.661843,7165.589126,262.0,,99.0,592.94140625,,0
1782298804.761843,7165.689126,261.0,,99.0,592.94140625,,0
1782298804.861861,7165.789145,261.0,,99.0,592.94140625,,0
1782298804.961843,7165.889126,261.0,,99.0,592.94140625,,0
1782298805.061936,7165.989221,260.0,,99.0,592.94140625,,0
1782298805.161929,7166.089213,261.0,,99.0,592.94140625,,0
1782298805.261930,7166.189215,263.0,,99.0,592.94140625,,0
1782298805.361931,7166.289215,264.0,,99.0,592.94140625,,0
1782298805.461924,7166.389209,261.0,,99.0,592.94140625,,0
1782298805.561859,7166.489143,261.0,,99.0,592.94140625,,0
1782298805.661923,7166.589206,261.0,,99.0,592.94140625,,0
1782298805.761926,7166.689211,264.0,,99.0,592.94140625,,0
1782298805.861843,7166.789126,262.0,,99.0,592.94140625,,0
1782298805.961843,7166.889126,262.0,,99.0,592.94140625,,0
1782298806.061921,7166.989206,262.0,,99.0,592.94140625,,0
1782298806.161929,7167.089213,263.0,,99.0,592.94140625,,0
1782298806.261930,7167.189215,263.0,,99.0,592.94140625,,0
1782298806.361887,7167.289170,261.0,,99.0,592.94140625,,0
1782298806.461923,7167.389207,262.0,,99.0,592.94140625,,0
1782298806.561931,7167.489215,262.0,,99.0,592.94140625,,0
1782298806.661929,7167.589212,262.0,,99.0,592.94140625,,0
1782298806.761924,7167.689208,264.0,,99.0,592.94140625,,0
1782298806.861933,7167.789216,263.0,,99.0,592.94140625,,0
1782298806.961925,7167.889209,263.0,,99.0,592.94140625,,0
1782298807.061928,7167.989212,264.0,,99.0,592.94140625,,0
1782298807.161925,7168.089208,274.0,,98.0,592.94140625,,0
1782298807.261928,7168.189213,257.0,,99.0,592.94140625,,0
1782298807.361924,7168.289208,252.0,,98.0,592.94140625,,0
1782298807.461847,7168.389131,256.0,,98.0,592.94140625,,0
1782298807.561935,7168.489219,263.0,,98.0,592.94140625,,0
1782298807.661925,7168.589209,264.0,,99.0,592.94140625,,0
1782298807.761924,7168.689209,264.0,,99.0,592.94140625,,0
1782298807.861941,7168.789225,264.0,,98.0,592.94140625,,0
1782298807.961931,7168.889216,267.0,,99.0,592.94140625,,0
1782298808.061928,7168.989211,268.0,,99.0,592.94140625,,0
1782298808.161925,7169.089209,255.0,,98.0,592.94140625,,0
1782298808.261926,7169.189211,257.0,,98.0,592.94140625,,0
1782298808.361931,7169.289215,253.0,,98.0,592.94140625,,0
1782298808.461930,7169.389214,269.0,,99.0,592.94140625,,0
1782298808.561932,7169.489215,261.0,,99.0,592.94140625,,0
1782298808.661932,7169.589215,261.0,,99.0,592.94140625,,0
1782298808.761926,7169.689211,260.0,,99.0,592.94140625,,0
1782298808.861932,7169.789215,260.0,,99.0,592.94140625,,0
1782298808.961940,7169.889223,261.0,,98.0,592.94140625,,0
1782298809.061933,7169.989218,262.0,,99.0,592.94140625,,0
1782298809.161927,7170.089211,261.0,,98.0,592.94140625,,0
1782298809.261929,7170.189213,258.0,,99.0,592.94140625,,0
1782298809.361843,7170.289126,263.0,,99.0,592.94140625,,0
1782298809.461931,7170.389216,261.0,,99.0,592.94140625,,0
1782298809.561927,7170.489211,260.0,,99.0,592.94140625,,0
1782298809.661916,7170.589201,260.0,,99.0,592.94140625,,0
1782298809.761843,7170.689126,261.0,,99.0,592.94140625,,0
1782298809.861931,7170.789216,261.0,,99.0,592.94140625,,0
1782298809.961933,7170.889216,262.0,,99.0,592.94140625,,0
1782298810.061930,7170.989213,261.0,,99.0,592.94140625,,0
1782298810.161920,7171.089204,260.0,,99.0,592.94140625,,0
1782298810.261930,7171.189214,261.0,,99.0,592.94140625,,0
1782298810.361930,7171.289213,260.0,,99.0,592.94140625,,0
1782298810.461934,7171.389217,260.0,,99.0,592.94140625,,0
1782298810.561930,7171.489215,262.0,,99.0,592.94140625,,0
1782298810.661930,7171.589213,263.0,,99.0,592.94140625,,0
1782298810.761929,7171.689212,263.0,,99.0,592.94140625,,0
1782298810.861933,7171.789216,263.0,,99.0,592.94140625,,0
1782298810.961936,7171.889220,263.0,,99.0,592.94140625,,0
1782298811.061932,7171.989215,263.0,,99.0,592.94140625,,0
1782298811.161932,7172.089216,263.0,,99.0,592.94140625,,0
1782298811.261937,7172.189222,263.0,,99.0,592.94140625,,0
1782298811.361932,7172.289216,264.0,,99.0,592.94140625,,0
1782298811.461934,7172.389217,263.0,,99.0,592.94140625,,0
1782298811.561929,7172.489212,263.0,,99.0,592.94140625,,0
1782298811.661937,7172.589220,263.0,,99.0,592.94140625,,0
1782298811.761927,7172.689212,262.0,,99.0,592.94140625,,0
1782298811.861933,7172.789216,263.0,,99.0,592.94140625,,0
1782298811.961933,7172.889218,263.0,,99.0,592.94140625,,0
1782298812.061932,7172.989215,263.0,,99.0,592.94140625,,0
1782298812.161924,7173.089209,263.0,,99.0,592.94140625,,0
1782298812.261929,7173.189214,263.0,,99.0,592.94140625,,0
1782298812.361931,7173.289215,263.0,,99.0,592.94140625,,0
1782298812.461942,7173.389226,263.0,,99.0,592.94140625,,0
1782298812.561930,7173.489215,263.0,,99.0,592.94140625,,0
1782298812.661926,7173.589209,263.0,,99.0,592.94140625,,0
1782298812.761930,7173.689215,263.0,,99.0,592.94140625,,0
1782298812.861931,7173.789216,263.0,,99.0,592.94140625,,0
1782298812.961935,7173.889220,263.0,,99.0,592.94140625,,0
1782298813.061923,7173.989207,263.0,,99.0,592.94140625,,0
1782298813.161931,7174.089216,263.0,,99.0,592.94140625,,0
1782298813.261843,7174.189126,262.0,,99.0,592.94140625,,0
1782298813.361843,7174.289126,262.0,,98.0,592.94140625,,0
1782298813.461859,7174.389144,263.0,,99.0,592.94140625,,0
1782298813.561843,7174.489126,263.0,,99.0,592.94140625,,0
1782298813.661929,7174.589214,263.0,,99.0,592.94140625,,0
1782298813.761937,7174.689220,263.0,,99.0,592.94140625,,0
1782298813.861933,7174.789218,263.0,,99.0,592.94140625,,0
1782298813.961861,7174.889146,262.0,,99.0,592.94140625,,0
1782298814.061928,7174.989213,263.0,,99.0,592.94140625,,0
1782298814.161843,7175.089126,263.0,,99.0,592.94140625,,0
1782298814.261930,7175.189213,263.0,,99.0,592.94140625,,0
1782298814.361843,7175.289126,263.0,,99.0,592.94140625,,0
1782298814.461843,7175.389126,263.0,,99.0,592.94140625,,0
1782298814.561923,7175.489207,263.0,,99.0,592.94140625,,0
1782298814.661943,7175.589226,263.0,,99.0,592.94140625,,0
1782298814.761940,7175.689224,263.0,,99.0,592.94140625,,0
1782298814.861843,7175.789126,263.0,,99.0,592.94140625,,0
1782298814.961929,7175.889212,262.0,,99.0,592.94140625,,0
1782298815.061932,7175.989217,263.0,,99.0,592.94140625,,0
1782298815.161930,7176.089213,262.0,,99.0,592.94140625,,0
1782298815.261936,7176.189220,262.0,,99.0,592.94140625,,0
1782298815.361925,7176.289210,263.0,,99.0,592.94140625,,0
1782298815.461931,7176.389215,263.0,,99.0,592.94140625,,0
1782298815.561843,7176.489126,263.0,,99.0,592.94140625,,0
1782298815.661844,7176.589127,263.0,,99.0,592.94140625,,0
1782298815.761923,7176.689207,263.0,,99.0,592.94140625,,0
1782298815.861929,7176.789214,263.0,,99.0,592.94140625,,0
1782298815.961934,7176.889218,262.0,,99.0,592.94140625,,0
1782298816.061936,7176.989220,262.0,,99.0,592.94140625,,0
1782298816.161930,7177.089215,263.0,,99.0,592.94140625,,0
1782298816.261926,7177.189210,262.0,,99.0,592.94140625,,0
1782298816.361924,7177.289209,263.0,,99.0,592.94140625,,0
1782298816.461943,7177.389227,261.0,,99.0,592.94140625,,0
1782298816.561930,7177.489213,260.0,,99.0,592.94140625,,0
1782298816.661931,7177.589215,260.0,,99.0,592.94140625,,0
1782298816.761843,7177.689126,260.0,,99.0,592.94140625,,0
1782298816.861929,7177.789214,260.0,,99.0,592.94140625,,0
1782298816.961861,7177.889145,261.0,,99.0,592.94140625,,0
1782298817.061932,7177.989217,260.0,,99.0,592.94140625,,0
1782298817.161929,7178.089214,260.0,,99.0,592.94140625,,0
1782298817.261935,7178.189218,260.0,,99.0,592.94140625,,0
1782298817.361933,7178.289217,260.0,,99.0,592.94140625,,0
1782298817.461938,7178.389223,259.0,,99.0,592.94140625,,0
1782298817.561929,7178.489212,259.0,,99.0,592.94140625,,0
1782298817.661924,7178.589209,260.0,,99.0,592.94140625,,0
1782298817.761933,7178.689217,260.0,,99.0,592.94140625,,0
1782298817.861929,7178.789214,259.0,,99.0,592.94140625,,0
1782298817.961926,7178.889210,259.0,,99.0,592.94140625,,0
1782298818.061843,7178.989126,260.0,,99.0,592.94140625,,0
1782298818.161950,7179.089234,260.0,,99.0,592.94140625,,0
1782298818.261926,7179.189212,260.0,,99.0,592.94140625,,0
1782298818.361942,7179.289226,259.0,,99.0,592.94140625,,0
1782298818.461924,7179.389208,259.0,,99.0,592.94140625,,0
1782298818.561918,7179.489202,260.0,,99.0,592.94140625,,0
1782298818.661933,7179.589218,259.0,,99.0,592.94140625,,0
1782298818.761933,7179.689218,259.0,,99.0,592.94140625,,0
1782298818.861888,7179.789172,260.0,,99.0,592.94140625,,0
1782298818.961924,7179.889209,260.0,,99.0,592.94140625,,0
1782298819.061930,7179.989214,260.0,,99.0,592.94140625,,0
1782298819.161924,7180.089208,259.0,,99.0,592.94140625,,0
1782298819.261929,7180.189212,259.0,,99.0,592.94140625,,0
1782298819.361924,7180.289209,259.0,,99.0,592.94140625,,0
1782298819.461928,7180.389213,258.0,,99.0,592.94140625,,0
1782298819.561934,7180.489217,260.0,,99.0,592.94140625,,0
1782298819.661927,7180.589210,261.0,,99.0,592.94140625,,0
1782298819.761843,7180.689126,261.0,,99.0,592.94140625,,0
1782298819.861925,7180.789209,261.0,,99.0,592.94140625,,0
1782298819.961928,7180.889212,260.0,,99.0,592.94140625,,0
1782298820.061933,7180.989217,260.0,,99.0,592.94140625,,0
1782298820.161927,7181.089211,260.0,,99.0,592.94140625,,0
1782298820.261931,7181.189216,261.0,,99.0,592.94140625,,0
1782298820.361932,7181.289215,261.0,,99.0,592.94140625,,0
1782298820.461934,7181.389219,261.0,,99.0,592.94140625,,0
1782298820.561936,7181.489221,262.0,,99.0,592.94140625,,0
1782298820.661931,7181.589216,262.0,,99.0,592.94140625,,0
1782298820.761930,7181.689215,262.0,,99.0,592.94140625,,0
1782298820.861940,7181.789223,261.0,,99.0,592.94140625,,0
1782298820.961939,7181.889223,262.0,,99.0,592.94140625,,0
1782298821.061933,7181.989217,261.0,,99.0,592.94140625,,0
1782298821.161929,7182.089212,260.0,,99.0,592.94140625,,0
1782298821.261930,7182.189214,260.0,,99.0,592.94140625,,0
1782298821.361928,7182.289213,259.0,,99.0,592.94140625,,0
1782298821.461933,7182.389217,259.0,,98.0,592.94140625,,0
1782298821.561931,7182.489214,247.0,,98.0,592.94140625,,0
1782298821.661933,7182.589218,259.0,,99.0,592.94140625,,0
1782298821.761923,7182.689208,260.0,,99.0,592.94140625,,0
1782298821.861928,7182.789212,262.0,,99.0,592.94140625,,0
1782298821.961920,7182.889205,260.0,,99.0,592.94140625,,0
1782298822.061932,7182.989215,259.0,,99.0,592.94140625,,0
1782298822.161928,7183.089211,260.0,,99.0,592.94140625,,0
1782298822.261923,7183.189206,261.0,,99.0,592.94140625,,0
1782298822.361929,7183.289214,259.0,,99.0,592.94140625,,0
1782298822.461933,7183.389217,259.0,,99.0,592.94140625,,0
1782298822.561929,7183.489212,260.0,,99.0,592.94140625,,0
1782298822.661843,7183.589126,255.0,,99.0,592.94140625,,0
1782298822.761933,7183.689217,259.0,,99.0,592.94140625,,0
1782298822.861938,7183.789221,259.0,,99.0,592.94140625,,0
1782298822.961843,7183.889126,271.0,,98.0,592.94140625,,0
1782298823.061926,7183.989210,262.0,,99.0,592.94140625,,0
1782298823.161924,7184.089207,260.0,,99.0,592.94140625,,0
1782298823.261920,7184.189205,260.0,,99.0,592.94140625,,0
1782298823.361843,7184.289126,259.0,,99.0,592.94140625,,0
1782298823.461936,7184.389220,260.0,,99.0,592.94140625,,0
1782298823.561843,7184.489126,262.0,,99.0,592.94140625,,0
1782298823.661926,7184.589210,259.0,,98.0,592.94140625,,0
1782298823.761929,7184.689213,253.0,,98.0,592.94140625,,0
1782298823.861946,7184.789229,265.0,,99.0,592.94140625,,0
1782298823.961932,7184.889215,265.0,,99.0,592.94140625,,0
1782298824.061928,7184.989213,249.0,,98.0,592.94140625,,0
1782298824.161928,7185.089211,270.0,,99.0,592.94140625,,0
1782298824.261931,7185.189214,257.0,,98.0,592.94140625,,0
1782298824.361925,7185.289208,252.0,,99.0,592.94140625,,0
1782298824.461843,7185.389126,262.0,,99.0,592.94140625,,0
1782298824.561926,7185.489211,254.0,,99.0,592.94140625,,0
1782298824.661932,7185.589216,253.0,,99.0,592.94140625,,0
1782298824.761922,7185.689205,259.0,,99.0,592.94140625,,0
1782298824.861843,7185.789126,260.0,,99.0,592.94140625,,0
1782298824.961925,7185.889208,259.0,,99.0,592.94140625,,0
1782298825.061931,7185.989215,259.0,,99.0,592.94140625,,0
1782298825.161843,7186.089126,259.0,,99.0,592.94140625,,0
1782298825.261957,7186.189240,259.0,,99.0,592.94140625,,0
1782298825.361931,7186.289214,259.0,,99.0,592.94140625,,0
1782298825.461859,7186.389144,260.0,,99.0,592.94140625,,0
1782298825.561843,7186.489126,259.0,,99.0,592.94140625,,0
1782298825.661934,7186.589217,259.0,,99.0,592.94140625,,0
1782298825.761922,7186.689206,252.0,,98.0,592.94140625,,0
1782298825.861937,7186.789222,271.0,,99.0,592.94140625,,0
1782298825.961923,7186.889206,259.0,,99.0,592.94140625,,0
1782298826.061936,7186.989220,259.0,,99.0,592.94140625,,0
1782298826.161933,7187.089216,259.0,,99.0,592.94140625,,0
1782298826.261933,7187.189217,259.0,,99.0,592.94140625,,0
1782298826.361926,7187.289209,259.0,,99.0,592.94140625,,0
1782298826.461843,7187.389126,259.0,,99.0,592.94140625,,0
1782298826.561937,7187.489220,259.0,,99.0,592.94140625,,0
1782298826.661927,7187.589211,259.0,,99.0,592.94140625,,0
1782298826.761928,7187.689211,259.0,,99.0,592.94140625,,0
1782298826.861927,7187.789212,259.0,,99.0,592.94140625,,0
1782298826.961843,7187.889126,259.0,,99.0,592.94140625,,0
1782298827.061929,7187.989213,259.0,,99.0,592.94140625,,0
1782298827.161843,7188.089126,259.0,,99.0,592.94140625,,0
1782298827.261930,7188.189215,259.0,,99.0,592.94140625,,0
1782298827.361936,7188.289220,259.0,,99.0,592.94140625,,0
1782298827.461939,7188.389222,259.0,,99.0,592.94140625,,0
1782298827.561937,7188.489222,259.0,,99.0,592.94140625,,0
1782298827.661931,7188.589216,259.0,,99.0,592.94140625,,0
1782298827.761846,7188.689129,259.0,,99.0,592.94140625,,0
1782298827.861930,7188.789215,259.0,,99.0,592.94140625,,0
1782298827.961935,7188.889218,259.0,,99.0,592.94140625,,0
1782298828.061930,7188.989214,259.0,,99.0,592.94140625,,0
1782298828.162248,7189.089532,259.0,,99.0,592.94140625,,0
1782298828.261924,7189.189208,259.0,,99.0,592.94140625,,0
1782298828.361933,7189.289218,259.0,,99.0,592.94140625,,0
1782298828.461937,7189.389222,259.0,,99.0,592.94140625,,0
1782298828.561937,7189.489222,259.0,,99.0,592.94140625,,0
1782298828.661940,7189.589224,259.0,,99.0,592.94140625,,0
1782298828.761939,7189.689223,259.0,,99.0,592.94140625,,0
1782298828.861934,7189.789219,258.0,,99.0,592.94140625,,0
1782298828.961934,7189.889220,258.0,,99.0,592.94140625,,0
1782298829.061936,7189.989219,258.0,,99.0,592.94140625,,0
1782298829.161935,7190.089219,259.0,,99.0,592.94140625,,0
1782298829.261938,7190.189221,259.0,,99.0,592.94140625,,0
1782298829.361935,7190.289219,259.0,,99.0,592.94140625,,0
1782298829.461937,7190.389220,259.0,,99.0,592.94140625,,0
1782298829.561937,7190.489220,259.0,,99.0,592.94140625,,0
1782298829.661935,7190.589220,259.0,,99.0,592.94140625,,0
1782298829.761934,7190.689219,259.0,,99.0,592.94140625,,0
1782298829.861940,7190.789224,259.0,,99.0,592.94140625,,0
1782298829.961939,7190.889223,259.0,,99.0,592.94140625,,0
1782298830.061940,7190.989225,259.0,,99.0,592.94140625,,0
1782298830.161932,7191.089216,259.0,,99.0,592.94140625,,0
1782298830.261928,7191.189213,259.0,,99.0,592.94140625,,0
1782298830.361934,7191.289217,258.0,,99.0,592.94140625,,0
1782298830.461932,7191.389217,259.0,,99.0,592.94140625,,0
1782298830.561927,7191.489211,258.0,,99.0,592.94140625,,0
1782298830.661937,7191.589220,259.0,,99.0,592.94140625,,0
1782298830.761929,7191.689214,259.0,,99.0,592.94140625,,0
1782298830.861937,7191.789222,259.0,,99.0,592.94140625,,0
1782298830.961936,7191.889221,259.0,,99.0,592.94140625,,0
1782298831.061936,7191.989220,259.0,,99.0,592.94140625,,0
1782298831.161930,7192.089214,258.0,,99.0,592.94140625,,0
1782298831.261934,7192.189218,259.0,,99.0,592.94140625,,0
1782298831.361935,7192.289219,258.0,,99.0,592.94140625,,0
1782298831.461928,7192.389213,259.0,,99.0,592.94140625,,0
1782298831.561934,7192.489218,259.0,,99.0,592.94140625,,0
1782298831.661928,7192.589213,258.0,,99.0,592.94140625,,0
1782298831.761929,7192.689214,259.0,,99.0,592.94140625,,0
1782298831.861929,7192.789213,259.0,,99.0,592.94140625,,0
1782298831.961936,7192.889221,259.0,,99.0,592.94140625,,0
1782298832.061927,7192.989212,258.0,,99.0,592.94140625,,0
1782298832.161933,7193.089218,259.0,,99.0,592.94140625,,0
1782298832.261927,7193.189211,259.0,,99.0,592.94140625,,0
1782298832.361933,7193.289217,259.0,,99.0,592.94140625,,0
1782298832.461930,7193.389214,258.0,,99.0,592.94140625,,0
1782298832.561937,7193.489220,259.0,,99.0,592.94140625,,0
1782298832.661932,7193.589217,259.0,,99.0,592.94140625,,0
1782298832.761939,7193.689223,258.0,,99.0,592.94140625,,0
1782298832.861935,7193.789220,259.0,,99.0,592.94140625,,0
1782298832.961931,7193.889215,258.0,,99.0,592.94140625,,0
1782298833.061941,7193.989226,52.0,,3.0,592.94140625,,0
1782298833.161941,7194.089226,50.0,,3.0,592.94140625,,0
1782298833.261930,7194.189232,44.0,,3.0,592.94140625,,0
1782298833.361938,7194.289223,39.0,,3.0,592.94140625,,0
1782298833.461941,7194.389226,23.0,,3.0,592.94140625,,0
1782298833.561942,7194.489227,19.0,,3.0,592.94140625,,0
1782298833.661975,7194.589259,20.0,,3.0,592.94140625,,0
1782298833.761943,7194.689228,21.0,,3.0,592.94140625,,0
1782298833.861943,7194.789227,19.0,,2.0,592.94140625,,0
1782298833.961977,7194.889262,20.0,,3.0,592.94140625,,0
1782298834.061998,7194.989283,21.0,,3.0,592.94140625,,0
1782298834.161877,7195.089161,21.0,,3.0,592.94140625,,0
1782298834.261974,7195.189259,19.0,,3.0,592.94140625,,0
1782298834.361942,7195.289227,23.0,,3.0,592.94140625,,0
1782298834.461942,7195.389227,21.0,,3.0,592.94140625,,0
1782298834.561858,7195.489142,24.0,,3.0,592.94140625,,0
1782298834.661937,7195.589222,26.0,,3.0,592.94140625,,0
1782298834.761944,7195.689229,21.0,,3.0,592.94140625,,0
1782298834.861874,7195.789158,20.0,,3.0,592.94140625,,0
1782298834.961982,7195.889266,20.0,,3.0,592.94140625,,0
1782298835.061940,7195.989225,20.0,,3.0,592.94140625,,0
1782298835.161942,7196.089227,20.0,,3.0,592.94140625,,0
1782298835.261936,7196.189221,20.0,,3.0,592.94140625,,0
1782298835.361939,7196.289224,20.0,,3.0,592.94140625,,0
1782298835.461950,7196.389234,22.0,,4.0,592.94140625,,0
1782298835.561934,7196.489217,20.0,,3.0,592.94140625,,0
1782298835.661935,7196.589220,20.0,,3.0,592.94140625,,0
1782298835.761872,7196.689157,20.0,,3.0,592.94140625,,0
1782298835.861940,7196.789225,20.0,,3.0,592.94140625,,0
1782298835.961937,7196.889222,20.0,,2.0,592.94140625,,0
1782298836.061941,7196.989226,20.0,,2.0,592.94140625,,0
1782298836.161940,7197.089225,20.0,,4.0,592.94140625,,0
1782298836.261939,7197.189223,21.0,,3.0,592.94140625,,0
1782298836.361940,7197.289225,22.0,,3.0,592.94140625,,0
1782298836.461941,7197.389226,21.0,,3.0,592.94140625,,0
1782298836.561939,7197.489223,19.0,,4.0,592.94140625,,0
1782298836.661936,7197.589220,20.0,,3.0,592.94140625,,0
1782298836.761930,7197.689213,20.0,,3.0,592.94140625,,0
1782298836.861942,7197.789227,19.0,,2.0,592.94140625,,0
1782298836.961941,7197.889225,18.0,,4.0,592.94140625,,0
1782298837.061943,7197.989227,20.0,,3.0,592.94140625,,0
1782298837.161931,7198.089214,20.0,,3.0,592.94140625,,0
1782298837.261971,7198.189256,21.0,,3.0,592.94140625,,0
1782298837.361944,7198.289229,20.0,,3.0,592.94140625,,0
1782298837.461977,7198.389261,20.0,,2.0,592.94140625,,0
1782298837.561974,7198.489259,21.0,,3.0,592.94140625,,0
1782298837.661976,7198.589261,21.0,,3.0,592.94140625,,0
1782298837.761937,7198.689222,17.0,,3.0,592.94140625,,0
1782298837.861942,7198.789227,19.0,,3.0,592.94140625,,0
1782298837.961938,7198.889223,18.0,,3.0,592.94140625,,0
1782298838.061843,7198.989126,124.0,,69.0,592.94140625,,0
1782298838.161936,7199.089220,198.0,,98.0,592.94140625,,0
1782298838.261930,7199.189214,204.0,,99.0,592.94140625,,0
1782298838.361929,7199.289215,204.0,,99.0,592.94140625,,0
1782298838.461932,7199.389216,208.0,,98.0,592.94140625,,0
1782298838.561936,7199.489220,214.0,,98.0,592.94140625,,0
1782298838.661927,7199.589212,215.0,,98.0,592.94140625,,0
1782298838.761981,7199.689265,216.0,,98.0,592.94140625,,0
1782298838.861936,7199.789219,217.0,,98.0,592.94140625,,0
1782298838.961846,7199.889130,221.0,,98.0,592.94140625,,0
1782298839.061931,7199.989215,223.0,,98.0,592.94140625,,0
1782298839.161943,7200.089227,224.0,,98.0,592.94140625,,0
1782298839.261931,7200.189216,226.0,,98.0,592.94140625,,0
1782298839.361924,7200.289209,228.0,,99.0,592.94140625,,0
1782298839.461930,7200.389215,231.0,,99.0,592.94140625,,0
1782298839.561930,7200.489215,233.0,,99.0,592.94140625,,0
1782298839.661924,7200.589208,240.0,,98.0,592.94140625,,0
1782298839.761935,7200.689218,238.0,,99.0,592.94140625,,0
1782298839.861934,7200.789219,248.0,,99.0,592.94140625,,0
1782298839.961951,7200.889235,242.0,,99.0,592.94140625,,0
1782298840.061931,7200.989214,255.0,,99.0,592.94140625,,0
1782298840.161927,7201.089210,241.0,,99.0,592.94140625,,0
1782298840.261931,7201.189215,246.0,,98.0,592.94140625,,0
1782298840.361932,7201.289217,237.0,,98.0,592.94140625,,0
1782298840.461930,7201.389214,265.0,,99.0,592.94140625,,0
1782298840.561933,7201.489216,260.0,,99.0,592.94140625,,0
1782298840.661928,7201.589212,239.0,,99.0,592.94140625,,0
1782298840.761931,7201.689215,261.0,,99.0,592.94140625,,0
1782298840.861933,7201.789216,266.0,,99.0,592.94140625,,0
1782298840.961859,7201.889143,253.0,,99.0,592.94140625,,0
1782298841.061928,7201.989212,256.0,,99.0,592.94140625,,0
1782298841.161926,7202.089210,260.0,,99.0,592.94140625,,0
1782298841.261936,7202.189220,242.0,,98.0,592.94140625,,0
1782298841.361926,7202.289210,254.0,,99.0,592.94140625,,0
1782298841.461927,7202.389211,253.0,,99.0,592.94140625,,0
1782298841.561930,7202.489213,253.0,,98.0,592.94140625,,0
1782298841.661844,7202.589128,253.0,,98.0,592.94140625,,0
1782298841.761928,7202.689211,254.0,,99.0,592.94140625,,0
1782298841.861928,7202.789213,254.0,,99.0,592.94140625,,0
1782298841.961843,7202.889126,254.0,,99.0,592.94140625,,0
1782298842.061920,7202.989205,253.0,,99.0,592.94140625,,0
1782298842.161843,7203.089126,253.0,,99.0,592.94140625,,0
1782298842.261929,7203.189214,253.0,,99.0,592.94140625,,0
1782298842.361926,7203.289210,253.0,,99.0,592.94140625,,0
1782298842.461931,7203.389216,253.0,,99.0,592.94140625,,0
1782298842.561929,7203.489214,254.0,,99.0,592.94140625,,0
1782298842.661930,7203.589213,254.0,,99.0,592.94140625,,0
1782298842.761930,7203.689215,254.0,,99.0,592.94140625,,0
1782298842.861845,7203.789128,254.0,,99.0,592.94140625,,0
1782298842.961929,7203.889213,254.0,,99.0,592.94140625,,0
1782298843.061930,7203.989215,254.0,,99.0,592.94140625,,0
1782298843.161925,7204.089210,254.0,,99.0,592.94140625,,0
1782298843.261929,7204.189212,256.0,,99.0,592.94140625,,0
1782298843.361935,7204.289219,254.0,,99.0,592.94140625,,0
1782298843.461928,7204.389212,254.0,,98.0,592.94140625,,0
1782298843.561935,7204.489220,254.0,,99.0,592.94140625,,0
1782298843.661930,7204.589213,254.0,,99.0,592.94140625,,0
1782298843.761930,7204.689213,254.0,,99.0,592.94140625,,0
1782298843.861934,7204.789218,254.0,,99.0,592.94140625,,0
1782298843.961843,7204.889126,255.0,,99.0,592.94140625,,0
1782298844.061924,7204.989208,255.0,,99.0,592.94140625,,0
1782298844.161931,7205.089215,255.0,,99.0,592.94140625,,0
1782298844.261925,7205.189209,255.0,,99.0,592.94140625,,0
1782298844.361931,7205.289215,254.0,,99.0,592.94140625,,0
1782298844.461925,7205.389209,254.0,,99.0,592.94140625,,0
1782298844.561924,7205.489209,255.0,,99.0,592.94140625,,0
1782298844.661922,7205.589207,255.0,,99.0,592.94140625,,0
1782298844.761928,7205.689213,255.0,,99.0,592.94140625,,0
1782298844.861843,7205.789126,254.0,,99.0,592.94140625,,0
1782298844.961930,7205.889213,255.0,,99.0,592.94140625,,0
1782298845.061924,7205.989210,255.0,,99.0,592.94140625,,0
1782298845.161937,7206.089222,254.0,,99.0,592.94140625,,0
1782298845.261925,7206.189208,255.0,,99.0,592.94140625,,0
1782298845.361932,7206.289216,255.0,,99.0,592.94140625,,0
1782298845.461928,7206.389212,256.0,,99.0,592.94140625,,0
1782298845.561934,7206.489217,255.0,,99.0,592.94140625,,0
1782298845.661916,7206.589200,255.0,,99.0,592.94140625,,0
1782298845.761843,7206.689126,255.0,,99.0,592.94140625,,0
1782298845.861926,7206.789211,256.0,,99.0,592.94140625,,0
1782298845.961843,7206.889126,255.0,,99.0,592.94140625,,0
1782298846.061925,7206.989209,255.0,,99.0,592.94140625,,0
1782298846.161843,7207.089126,256.0,,99.0,592.94140625,,0
1782298846.261934,7207.189219,255.0,,99.0,592.94140625,,0
1782298846.361924,7207.289208,254.0,,98.0,592.94140625,,0
1782298846.461927,7207.389211,256.0,,99.0,592.94140625,,0
1782298846.561844,7207.489128,255.0,,99.0,592.94140625,,0
1782298846.661920,7207.589205,256.0,,99.0,592.94140625,,0
1782298846.761845,7207.689129,255.0,,99.0,592.94140625,,0
1782298846.861927,7207.789212,255.0,,99.0,592.94140625,,0
1782298846.961925,7207.889209,256.0,,99.0,592.94140625,,0
1782298847.061935,7207.989220,256.0,,99.0,592.94140625,,0
1782298847.161927,7208.089212,256.0,,99.0,592.94140625,,0
1782298847.261934,7208.189218,256.0,,99.0,592.94140625,,0
1782298847.361926,7208.289211,256.0,,99.0,592.94140625,,0
1782298847.461928,7208.389213,255.0,,99.0,592.94140625,,0
1782298847.561927,7208.489211,254.0,,99.0,592.94140625,,0
1782298847.661861,7208.589145,255.0,,99.0,592.94140625,,0
1782298847.761927,7208.689211,256.0,,99.0,592.94140625,,0
1782298847.861928,7208.789213,256.0,,99.0,592.94140625,,0
1782298847.961928,7208.889213,256.0,,99.0,592.94140625,,0
1782298848.061930,7208.989214,256.0,,99.0,592.94140625,,0
1782298848.161927,7209.089210,255.0,,99.0,592.94140625,,0
1782298848.261924,7209.189208,256.0,,99.0,592.94140625,,0
1782298848.361925,7209.289210,256.0,,99.0,592.94140625,,0
1782298848.461928,7209.389212,255.0,,99.0,592.94140625,,0
1782298848.561923,7209.489208,255.0,,99.0,592.94140625,,0
1782298848.661929,7209.589214,258.0,,99.0,592.94140625,,0
1782298848.761930,7209.689215,258.0,,99.0,592.94140625,,0
1782298848.861931,7209.789215,258.0,,99.0,592.94140625,,0
1782298848.961926,7209.889211,258.0,,99.0,592.94140625,,0
1782298849.061924,7209.989208,258.0,,99.0,592.94140625,,0
1782298849.161936,7210.089221,257.0,,99.0,592.94140625,,0
1782298849.261933,7210.189217,258.0,,99.0,592.94140625,,0
1782298849.361932,7210.289216,257.0,,99.0,592.94140625,,0
1782298849.461925,7210.389209,256.0,,99.0,592.94140625,,0
1782298849.561925,7210.489209,256.0,,99.0,592.94140625,,0
1782298849.661938,7210.589221,256.0,,99.0,592.94140625,,0
1782298849.761924,7210.689209,256.0,,99.0,592.94140625,,0
1782298849.861925,7210.789210,255.0,,99.0,592.94140625,,0
1782298849.961925,7210.889209,255.0,,99.0,592.94140625,,0
1782298850.061937,7210.989220,256.0,,99.0,592.94140625,,0
1782298850.161930,7211.089215,256.0,,99.0,592.94140625,,0
1782298850.261938,7211.189222,256.0,,99.0,592.94140625,,0
1782298850.361926,7211.289210,256.0,,99.0,592.94140625,,0
1782298850.461924,7211.389208,256.0,,99.0,592.94140625,,0
1782298850.561929,7211.489212,256.0,,99.0,592.94140625,,0
1782298850.661935,7211.589218,256.0,,99.0,592.94140625,,0
1782298850.761938,7211.689222,255.0,,99.0,592.94140625,,0
1782298850.861845,7211.789128,255.0,,99.0,592.94140625,,0
1782298850.961926,7211.889210,255.0,,99.0,592.94140625,,0
1782298851.061925,7211.989210,256.0,,99.0,592.94140625,,0
1782298851.161928,7212.089213,256.0,,99.0,592.94140625,,0
1782298851.261930,7212.189215,257.0,,98.0,592.94140625,,0
1782298851.361934,7212.289218,255.0,,99.0,592.94140625,,0
1782298851.461931,7212.389215,257.0,,99.0,592.94140625,,0
1782298851.561935,7212.489218,256.0,,99.0,592.94140625,,0
1782298851.661934,7212.589217,256.0,,99.0,592.94140625,,0
1782298851.761846,7212.689129,256.0,,99.0,592.94140625,,0
1782298851.861927,7212.789211,256.0,,99.0,592.94140625,,0
1782298851.961950,7212.889233,257.0,,98.0,592.94140625,,0
1782298852.061925,7212.989210,256.0,,99.0,592.94140625,,0
1782298852.161929,7213.089214,258.0,,99.0,592.94140625,,0
1782298852.261930,7213.189214,258.0,,99.0,592.94140625,,0
1782298852.361932,7213.289216,257.0,,99.0,592.94140625,,0
1782298852.461931,7213.389214,256.0,,99.0,592.94140625,,0
1782298852.561939,7213.489222,256.0,,99.0,592.94140625,,0
1782298852.661929,7213.589213,256.0,,99.0,592.94140625,,0
1782298852.761930,7213.689214,256.0,,99.0,592.94140625,,0
1782298852.861859,7213.789144,256.0,,99.0,592.94140625,,0
1782298852.961843,7213.889126,256.0,,99.0,592.94140625,,0
1782298853.061923,7213.989206,255.0,,99.0,592.94140625,,0
1782298853.161844,7214.089127,256.0,,99.0,592.94140625,,0
1782298853.261924,7214.189207,256.0,,99.0,592.94140625,,0
1782298853.361930,7214.289215,255.0,,99.0,592.94140625,,0
1782298853.461929,7214.389214,256.0,,99.0,592.94140625,,0
1782298853.561932,7214.489216,256.0,,99.0,592.94140625,,0
1782298853.661929,7214.589212,255.0,,99.0,592.94140625,,0
1782298853.761924,7214.689209,255.0,,99.0,592.94140625,,0
1782298853.861929,7214.789214,255.0,,99.0,592.94140625,,0
1782298853.961936,7214.889220,255.0,,99.0,592.94140625,,0
1782298854.061934,7214.989217,256.0,,99.0,592.94140625,,0
1782298854.161932,7215.089216,256.0,,99.0,592.94140625,,0
1782298854.261925,7215.189210,256.0,,99.0,592.94140625,,0
1782298854.361924,7215.289208,256.0,,99.0,592.94140625,,0
1782298854.461928,7215.389213,256.0,,99.0,592.94140625,,0
1782298854.561931,7215.489216,256.0,,99.0,592.94140625,,0
1782298854.661933,7215.589218,256.0,,99.0,592.94140625,,0
1782298854.761926,7215.689210,255.0,,99.0,592.94140625,,0
1782298854.861931,7215.789215,255.0,,99.0,592.94140625,,0
1782298854.961843,7215.889126,268.0,,99.0,592.94140625,,0
1782298855.061927,7215.989212,256.0,,99.0,592.94140625,,0
1782298855.161927,7216.089210,256.0,,99.0,592.94140625,,0
1782298855.261932,7216.189216,256.0,,99.0,592.94140625,,0
1782298855.361928,7216.289214,256.0,,99.0,592.94140625,,0
1782298855.461846,7216.389129,259.0,,99.0,592.94140625,,0
1782298855.561927,7216.489213,256.0,,99.0,592.94140625,,0
1782298855.661931,7216.589214,256.0,,99.0,592.94140625,,0
1782298855.761941,7216.689224,256.0,,99.0,592.94140625,,0
1782298855.861933,7216.789216,255.0,,99.0,592.94140625,,0
1782298855.961932,7216.889215,255.0,,99.0,592.94140625,,0
1782298856.061925,7216.989210,256.0,,98.0,592.94140625,,0
1782298856.161843,7217.089126,256.0,,99.0,592.94140625,,0
1782298856.261934,7217.189218,264.0,,99.0,592.94140625,,0
1782298856.361925,7217.289209,261.0,,99.0,592.94140625,,0
1782298856.461924,7217.389208,265.0,,99.0,592.94140625,,0
1782298856.561926,7217.489212,246.0,,99.0,592.94140625,,0
1782298856.661929,7217.589214,265.0,,98.0,592.94140625,,0
1782298856.761926,7217.689210,264.0,,99.0,592.94140625,,0
1782298856.861929,7217.789213,268.0,,98.0,592.94140625,,0
1782298856.961927,7217.889210,269.0,,99.0,592.94140625,,0
1782298857.061930,7217.989215,263.0,,99.0,592.94140625,,0
1782298857.161926,7218.089209,240.0,,98.0,592.94140625,,0
1782298857.261930,7218.189214,266.0,,99.0,592.94140625,,0
1782298857.361925,7218.289210,247.0,,98.0,592.94140625,,0
1782298857.461933,7218.389217,252.0,,99.0,592.94140625,,0
1782298857.561930,7218.489214,257.0,,98.0,592.94140625,,0
1782298857.661843,7218.589126,255.0,,99.0,592.94140625,,0
1782298857.761933,7218.689218,257.0,,99.0,592.94140625,,0
1782298857.861935,7218.789219,266.0,,98.0,592.94140625,,0
1782298857.961928,7218.889211,257.0,,99.0,592.94140625,,0
1782298858.061925,7218.989210,256.0,,99.0,592.94140625,,0
1782298858.161929,7219.089214,256.0,,99.0,592.94140625,,0
1782298858.261933,7219.189216,256.0,,99.0,592.94140625,,0
1782298858.361931,7219.289216,255.0,,99.0,592.94140625,,0
1782298858.461932,7219.389217,258.0,,99.0,592.94140625,,0
1782298858.561923,7219.489208,258.0,,99.0,592.94140625,,0
1782298858.661940,7219.589224,257.0,,99.0,592.94140625,,0
1782298858.761930,7219.689213,259.0,,99.0,592.94140625,,0
1782298858.861843,7219.789126,257.0,,99.0,592.94140625,,0
1782298858.961932,7219.889216,259.0,,99.0,592.94140625,,0
1782298859.061925,7219.989210,257.0,,99.0,592.94140625,,0
1782298859.161933,7220.089217,256.0,,99.0,592.94140625,,0
1782298859.261940,7220.189224,255.0,,99.0,592.94140625,,0
1782298859.361925,7220.289210,256.0,,99.0,592.94140625,,0
1782298859.461925,7220.389209,255.0,,99.0,592.94140625,,0
1782298859.561928,7220.489212,256.0,,99.0,592.94140625,,0
1782298859.661931,7220.589214,257.0,,99.0,592.94140625,,0
1782298859.761929,7220.689214,258.0,,99.0,592.94140625,,0
1782298859.861924,7220.789209,256.0,,99.0,592.94140625,,0
1782298859.961929,7220.889213,256.0,,99.0,592.94140625,,0
1782298860.061843,7220.989126,256.0,,99.0,592.94140625,,0
1782298860.161924,7221.089207,257.0,,99.0,592.94140625,,0
1782298860.261943,7221.189227,259.0,,99.0,592.94140625,,0
1782298860.361929,7221.289212,257.0,,99.0,592.94140625,,0
1782298860.461931,7221.389215,255.0,,99.0,592.94140625,,0
1782298860.561929,7221.489213,256.0,,99.0,592.94140625,,0
1782298860.661947,7221.589231,255.0,,99.0,592.94140625,,0
1782298860.761931,7221.689214,259.0,,99.0,592.94140625,,0
1782298860.861846,7221.789129,258.0,,99.0,592.94140625,,0
1782298860.961938,7221.889221,256.0,,99.0,592.94140625,,0
1782298861.061861,7221.989146,257.0,,99.0,592.94140625,,0
1782298861.161930,7222.089213,258.0,,99.0,592.94140625,,0
1782298861.261927,7222.189211,257.0,,99.0,592.94140625,,0
1782298861.361924,7222.289208,258.0,,99.0,592.94140625,,0
1782298861.461938,7222.389221,258.0,,99.0,592.94140625,,0
1782298861.561861,7222.489145,258.0,,99.0,592.94140625,,0
1782298861.661929,7222.589214,258.0,,99.0,592.94140625,,0
1782298861.761924,7222.689208,258.0,,99.0,592.94140625,,0
1782298861.861925,7222.789208,259.0,,99.0,592.94140625,,0
1782298861.961932,7222.889216,259.0,,99.0,592.94140625,,0
1782298862.061931,7222.989215,259.0,,99.0,592.94140625,,0
1782298862.161929,7223.089212,260.0,,99.0,592.94140625,,0
1782298862.261929,7223.189212,259.0,,99.0,592.94140625,,0
1782298862.361924,7223.289208,259.0,,99.0,592.94140625,,0
1782298862.461935,7223.389219,259.0,,99.0,592.94140625,,0
1782298862.561929,7223.489212,258.0,,99.0,592.94140625,,0
1782298862.661934,7223.589218,258.0,,99.0,592.94140625,,0
1782298862.761927,7223.689211,259.0,,99.0,592.94140625,,0
1782298862.861926,7223.789211,259.0,,99.0,592.94140625,,0
1782298862.961846,7223.889129,260.0,,99.0,592.94140625,,0
1782298863.061925,7223.989210,259.0,,99.0,592.94140625,,0
1782298863.161926,7224.089209,259.0,,99.0,592.94140625,,0
1782298863.261944,7224.189227,259.0,,99.0,592.94140625,,0
1782298863.361843,7224.289126,259.0,,99.0,592.94140625,,0
1782298863.461928,7224.389211,259.0,,99.0,592.94140625,,0
1782298863.561843,7224.489127,258.0,,99.0,592.94140625,,0
1782298863.661920,7224.589205,259.0,,99.0,592.94140625,,0
1782298863.761929,7224.689214,259.0,,99.0,592.94140625,,0
1782298863.861931,7224.789215,259.0,,99.0,592.94140625,,0
1782298863.961930,7224.889213,259.0,,99.0,592.94140625,,0
1782298864.061927,7224.989211,259.0,,99.0,592.94140625,,0
1782298864.161843,7225.089126,259.0,,99.0,592.94140625,,0
1782298864.261927,7225.189212,259.0,,99.0,592.94140625,,0
1782298864.361843,7225.289126,259.0,,99.0,592.94140625,,0
1782298864.461938,7225.389221,259.0,,99.0,592.94140625,,0
1782298864.561919,7225.489204,258.0,,99.0,592.94140625,,0
1782298864.661926,7225.589211,259.0,,99.0,592.94140625,,0
1782298864.761930,7225.689216,259.0,,99.0,592.94140625,,0
1782298864.861862,7225.789146,260.0,,99.0,592.94140625,,0
1782298864.961928,7225.889211,260.0,,99.0,592.94140625,,0
1782298865.061930,7225.989214,259.0,,99.0,592.94140625,,0
1782298865.161930,7226.089215,259.0,,99.0,592.94140625,,0
1782298865.261950,7226.189234,259.0,,99.0,592.94140625,,0
1782298865.361930,7226.289213,258.0,,98.0,592.94140625,,0
1782298865.461928,7226.389212,258.0,,99.0,592.94140625,,0
1782298865.561929,7226.489212,259.0,,98.0,592.94140625,,0
1782298865.661938,7226.589223,260.0,,99.0,592.94140625,,0
1782298865.761929,7226.689214,259.0,,98.0,592.94140625,,0
1782298865.861931,7226.789215,260.0,,99.0,592.94140625,,0
1782298865.961843,7226.889126,259.0,,99.0,592.94140625,,0
1782298866.061930,7226.989214,258.0,,99.0,592.94140625,,0
1782298866.161846,7227.089129,259.0,,99.0,592.94140625,,0
1782298866.261846,7227.189129,259.0,,99.0,592.94140625,,0
1782298866.361938,7227.289222,260.0,,99.0,592.94140625,,0
1782298866.461932,7227.389217,259.0,,99.0,592.94140625,,0
1782298866.561926,7227.489211,259.0,,99.0,592.94140625,,0
1782298866.661930,7227.589215,259.0,,99.0,592.94140625,,0
1782298866.761928,7227.689212,258.0,,99.0,592.94140625,,0
1782298866.861845,7227.789128,259.0,,99.0,592.94140625,,0
1782298866.961928,7227.889213,260.0,,99.0,592.94140625,,0
1782298867.061929,7227.989212,260.0,,99.0,592.94140625,,0
1782298867.161930,7228.089213,259.0,,99.0,592.94140625,,0
1782298867.261926,7228.189211,259.0,,99.0,592.94140625,,0
1782298867.361931,7228.289215,259.0,,99.0,592.94140625,,0
1782298867.461929,7228.389214,259.0,,99.0,592.94140625,,0
1782298867.561925,7228.489208,259.0,,98.0,592.94140625,,0
1782298867.661929,7228.589213,260.0,,99.0,592.94140625,,0
1782298867.761924,7228.689208,260.0,,99.0,592.94140625,,0
1782298867.861930,7228.789214,259.0,,99.0,592.94140625,,0
1782298867.961924,7228.889209,259.0,,99.0,592.94140625,,0
1782298868.061935,7228.989220,259.0,,99.0,592.94140625,,0
1782298868.161927,7229.089211,258.0,,99.0,592.94140625,,0
1782298868.261924,7229.189208,259.0,,99.0,592.94140625,,0
1782298868.361927,7229.289211,259.0,,99.0,592.94140625,,0
1782298868.461844,7229.389128,260.0,,99.0,592.94140625,,0
1782298868.561922,7229.489206,259.0,,99.0,592.94140625,,0
1782298868.661928,7229.589211,259.0,,99.0,592.94140625,,0
1782298868.761927,7229.689210,259.0,,99.0,592.94140625,,0
1782298868.861868,7229.789152,259.0,,99.0,592.94140625,,0
1782298868.961843,7229.889126,260.0,,99.0,592.94140625,,0
1782298869.061942,7229.989227,260.0,,99.0,592.94140625,,0
1782298869.161843,7230.089126,259.0,,99.0,592.94140625,,0
1782298869.261933,7230.189216,259.0,,99.0,592.94140625,,0
1782298869.361844,7230.289127,258.0,,99.0,592.94140625,,0
1782298869.461843,7230.389126,259.0,,99.0,592.94140625,,0
1782298869.561929,7230.489212,259.0,,99.0,592.94140625,,0
1782298869.661923,7230.589207,260.0,,99.0,592.94140625,,0
1782298869.761926,7230.689211,260.0,,99.0,592.94140625,,0
1782298869.861926,7230.789211,260.0,,99.0,592.94140625,,0
1782298869.961929,7230.889214,259.0,,99.0,592.94140625,,0
1782298870.061924,7230.989208,259.0,,99.0,592.94140625,,0
1782298870.161928,7231.089212,259.0,,99.0,592.94140625,,0
1782298870.261931,7231.189214,259.0,,99.0,592.94140625,,0
1782298870.361929,7231.289212,259.0,,99.0,592.94140625,,0
1782298870.461930,7231.389213,260.0,,99.0,592.94140625,,0
1782298870.561925,7231.489210,261.0,,99.0,592.94140625,,0
1782298870.661860,7231.589145,260.0,,99.0,592.94140625,,0
1782298870.761927,7231.689212,260.0,,99.0,592.94140625,,0
1782298870.861931,7231.789214,259.0,,99.0,592.94140625,,0
1782298870.961846,7231.889129,258.0,,99.0,592.94140625,,0
1782298871.061924,7231.989207,256.0,,99.0,592.94140625,,0
1782298871.161843,7232.089126,258.0,,98.0,592.94140625,,0
1782298871.261924,7232.189208,256.0,,98.0,592.94140625,,0
1782298871.361932,7232.289215,257.0,,99.0,592.94140625,,0
1782298871.461924,7232.389207,257.0,,99.0,592.94140625,,0
1782298871.561929,7232.489214,257.0,,99.0,592.94140625,,0
1782298871.661844,7232.589127,269.0,,99.0,592.94140625,,0
1782298871.761924,7232.689208,257.0,,99.0,592.94140625,,0
1782298871.861843,7232.789126,266.0,,98.0,592.94140625,,0
1782298871.961919,7232.889203,256.0,,99.0,592.94140625,,0
1782298872.061932,7232.989216,256.0,,99.0,592.94140625,,0
1782298872.161931,7233.089214,256.0,,99.0,592.94140625,,0
1782298872.261925,7233.189209,257.0,,99.0,592.94140625,,0
1782298872.361926,7233.289210,257.0,,99.0,592.94140625,,0
1782298872.461929,7233.389214,257.0,,99.0,592.94140625,,0
1782298872.561932,7233.489217,257.0,,99.0,592.94140625,,0
1782298872.661930,7233.589214,257.0,,99.0,592.94140625,,0
1782298872.761933,7233.689216,262.0,,98.0,592.94140625,,0
1782298872.861936,7233.789219,267.0,,99.0,592.94140625,,0
1782298872.961843,7233.889126,256.0,,99.0,592.94140625,,0
1782298873.061942,7233.989226,115.0,,33.0,592.94140625,,0
1782298873.161941,7234.089226,49.0,,3.0,592.94140625,,0
1782298873.261997,7234.189281,44.0,,3.0,592.94140625,,0
1782298873.361943,7234.289228,39.0,,3.0,592.94140625,,0
1782298873.461935,7234.389220,35.0,,3.0,592.94140625,,0
1782298873.561936,7234.489220,24.0,,3.0,592.94140625,,0
1782298873.661936,7234.589221,21.0,,3.0,592.94140625,,0
1782298873.761938,7234.689222,21.0,,3.0,592.94140625,,0
1782298873.861941,7234.789226,20.0,,3.0,592.94140625,,0
1782298873.961938,7234.889222,20.0,,3.0,592.94140625,,0
1782298874.061939,7234.989223,20.0,,3.0,592.94140625,,0
1782298874.161937,7235.089222,20.0,,3.0,592.94140625,,0
1782298874.261939,7235.189223,23.0,,3.0,592.94140625,,0
1782298874.361938,7235.289223,21.0,,3.0,592.94140625,,0
1782298874.461936,7235.389221,20.0,,3.0,592.94140625,,0
1782298874.561937,7235.489222,24.0,,2.0,592.94140625,,0
1782298874.661943,7235.589228,21.0,,3.0,592.94140625,,0
1782298874.761947,7235.689231,20.0,,3.0,592.94140625,,0
1782298874.861867,7235.789151,23.0,,4.0,592.94140625,,0
1782298874.961937,7235.889222,21.0,,3.0,592.94140625,,0
1782298875.061943,7235.989228,21.0,,3.0,592.94140625,,0
1782298875.161949,7236.089234,19.0,,3.0,592.94140625,,0
1782298875.261944,7236.189229,22.0,,3.0,592.94140625,,0
1782298875.361938,7236.289222,19.0,,3.0,592.94140625,,0
1782298875.461938,7236.389222,21.0,,3.0,592.94140625,,0
1782298875.561936,7236.489221,20.0,,3.0,592.94140625,,0
1782298875.661938,7236.589223,22.0,,3.0,592.94140625,,0
1782298875.761938,7236.689223,23.0,,3.0,592.94140625,,0
1782298875.861937,7236.789222,19.0,,3.0,592.94140625,,0
1782298875.961977,7236.889261,22.0,,3.0,592.94140625,,0
1782298876.061938,7236.989222,19.0,,3.0,592.94140625,,0
1782298876.161941,7237.089225,19.0,,3.0,592.94140625,,0
1782298876.261937,7237.189222,20.0,,3.0,592.94140625,,0
1782298876.361937,7237.289222,20.0,,3.0,592.94140625,,0
1782298876.461976,7237.389260,23.0,,4.0,592.94140625,,0
1782298876.561938,7237.489222,20.0,,3.0,592.94140625,,0
1782298876.661996,7237.589281,19.0,,3.0,592.94140625,,0
1782298876.761937,7237.689222,19.0,,3.0,592.94140625,,0
1782298876.861939,7237.789224,19.0,,3.0,592.94140625,,0
1782298876.961938,7237.889222,19.0,,3.0,592.94140625,,0
1782298877.061942,7237.989227,20.0,,3.0,592.94140625,,0
1782298877.161937,7238.089222,19.0,,3.0,592.94140625,,0
1782298877.261936,7238.189221,18.0,,3.0,592.94140625,,0
1782298877.361937,7238.289221,21.0,,3.0,592.94140625,,0
1782298877.461976,7238.389261,19.0,,3.0,592.94140625,,0
1782298877.561938,7238.489222,19.0,,3.0,592.94140625,,0
1782298877.661936,7238.589221,18.0,,3.0,592.94140625,,0
1782298877.761937,7238.689221,19.0,,3.0,592.94140625,,0
1782298877.861937,7238.789221,19.0,,3.0,592.94140625,,0
1782298877.961845,7238.889128,20.0,,3.0,592.94140625,,0
1782298878.061842,7238.989126,124.0,,70.0,592.94140625,,0
1782298878.161929,7239.089213,196.0,,98.0,592.94140625,,0
1782298878.261843,7239.189126,199.0,,98.0,592.94140625,,0
1782298878.361843,7239.289126,201.0,,98.0,592.94140625,,0
1782298878.461843,7239.389126,205.0,,98.0,592.94140625,,0
1782298878.561936,7239.489221,209.0,,98.0,592.94140625,,0
1782298878.661928,7239.589211,213.0,,99.0,592.94140625,,0
1782298878.761843,7239.689126,215.0,,99.0,592.94140625,,0
1782298878.861860,7239.789144,217.0,,99.0,592.94140625,,0
1782298878.961846,7239.889129,218.0,,99.0,592.94140625,,0
1782298879.061925,7239.989209,221.0,,99.0,592.94140625,,0
1782298879.161926,7240.089210,223.0,,99.0,592.94140625,,0
1782298879.261925,7240.189210,226.0,,99.0,592.94140625,,0
1782298879.361931,7240.289215,227.0,,99.0,592.94140625,,0
1782298879.461931,7240.389215,228.0,,99.0,592.94140625,,0
1782298879.561922,7240.489206,231.0,,99.0,592.94140625,,0
1782298879.661843,7240.589126,233.0,,99.0,592.94140625,,0
1782298879.761843,7240.689126,236.0,,99.0,592.94140625,,0
1782298879.861924,7240.789208,238.0,,98.0,592.94140625,,0
1782298879.961941,7240.889225,240.0,,98.0,592.94140625,,0
1782298880.061929,7240.989213,244.0,,99.0,592.94140625,,0
1782298880.161933,7241.089218,247.0,,99.0,592.94140625,,0
1782298880.261931,7241.189215,249.0,,99.0,592.94140625,,0
1782298880.361934,7241.289219,249.0,,99.0,592.94140625,,0
1782298880.461928,7241.389213,250.0,,99.0,592.94140625,,0
1782298880.561930,7241.489215,250.0,,99.0,592.94140625,,0
1782298880.661937,7241.589222,251.0,,99.0,592.94140625,,0
1782298880.761935,7241.689219,251.0,,99.0,592.94140625,,0
1782298880.861932,7241.789217,250.0,,99.0,592.94140625,,0
1782298880.961934,7241.889219,251.0,,99.0,592.94140625,,0
1782298881.061938,7241.989221,251.0,,99.0,592.94140625,,0
1782298881.161932,7242.089216,251.0,,99.0,592.94140625,,0
1782298881.261943,7242.189227,255.0,,99.0,592.94140625,,0
1782298881.361927,7242.289212,252.0,,99.0,592.94140625,,0
1782298881.461936,7242.389220,251.0,,99.0,592.94140625,,0
1782298881.561960,7242.489244,253.0,,99.0,592.94140625,,0
1782298881.661928,7242.589213,253.0,,99.0,592.94140625,,0
1782298881.761932,7242.689215,251.0,,99.0,592.94140625,,0
1782298881.861931,7242.789215,250.0,,99.0,592.94140625,,0
1782298881.961843,7242.889126,250.0,,99.0,592.94140625,,0
1782298882.061943,7242.989229,251.0,,99.0,592.94140625,,0
1782298882.161846,7243.089129,254.0,,99.0,592.94140625,,0
1782298882.261925,7243.189210,254.0,,99.0,592.94140625,,0
1782298882.361946,7243.289230,251.0,,99.0,592.94140625,,0
1782298882.461928,7243.389212,253.0,,99.0,592.94140625,,0
1782298882.561926,7243.489210,254.0,,99.0,592.94140625,,0
1782298882.661926,7243.589210,252.0,,99.0,592.94140625,,0
1782298882.761924,7243.689209,252.0,,99.0,592.94140625,,0
1782298882.861925,7243.789208,252.0,,99.0,592.94140625,,0
1782298882.961926,7243.889210,252.0,,99.0,592.94140625,,0
1782298883.061944,7243.989228,253.0,,99.0,592.94140625,,0
1782298883.161925,7244.089210,255.0,,99.0,592.94140625,,0
1782298883.261930,7244.189214,255.0,,99.0,592.94140625,,0
1782298883.361933,7244.289216,255.0,,99.0,592.94140625,,0
1782298883.461866,7244.389150,253.0,,98.0,592.94140625,,0
1782298883.561928,7244.489211,253.0,,99.0,592.94140625,,0
1782298883.661843,7244.589126,252.0,,99.0,592.94140625,,0
1782298883.761948,7244.689232,253.0,,99.0,592.94140625,,0
1782298883.861924,7244.789209,253.0,,99.0,592.94140625,,0
1782298883.961925,7244.889209,253.0,,99.0,592.94140625,,0
1782298884.061923,7244.989208,253.0,,99.0,592.94140625,,0
1782298884.161925,7245.089209,253.0,,99.0,592.94140625,,0
1782298884.261843,7245.189126,254.0,,99.0,592.94140625,,0
1782298884.361923,7245.289208,252.0,,99.0,592.94140625,,0
1782298884.461933,7245.389218,253.0,,99.0,592.94140625,,0
1782298884.561925,7245.489208,254.0,,99.0,592.94140625,,0
1782298884.661929,7245.589213,255.0,,99.0,592.94140625,,0
1782298884.761930,7245.689215,254.0,,99.0,592.94140625,,0
1782298884.861925,7245.789209,254.0,,99.0,592.94140625,,0
1782298884.961843,7245.889126,255.0,,99.0,592.94140625,,0
1782298885.061858,7245.989142,253.0,,99.0,592.94140625,,0
1782298885.161927,7246.089211,254.0,,99.0,592.94140625,,0
1782298885.261948,7246.189232,255.0,,99.0,592.94140625,,0
1782298885.361845,7246.289129,254.0,,99.0,592.94140625,,0
1782298885.461926,7246.389211,253.0,,99.0,592.94140625,,0
1782298885.561859,7246.489144,253.0,,99.0,592.94140625,,0
1782298885.661925,7246.589208,253.0,,99.0,592.94140625,,0
1782298885.761927,7246.689211,253.0,,99.0,592.94140625,,0
1782298885.861930,7246.789213,254.0,,99.0,592.94140625,,0
1782298885.961859,7246.889143,253.0,,99.0,592.94140625,,0
1782298886.061952,7246.989235,253.0,,99.0,592.94140625,,0
1782298886.161930,7247.089213,253.0,,99.0,592.94140625,,0
1782298886.261930,7247.189214,258.0,,99.0,592.94140625,,0
1782298886.361933,7247.289218,254.0,,99.0,592.94140625,,0
1782298886.461929,7247.389214,254.0,,99.0,592.94140625,,0
1782298886.561930,7247.489214,254.0,,99.0,592.94140625,,0
1782298886.661932,7247.589215,254.0,,99.0,592.94140625,,0
1782298886.761939,7247.689223,254.0,,99.0,592.94140625,,0
1782298886.861938,7247.789221,254.0,,99.0,592.94140625,,0
1782298886.961846,7247.889130,253.0,,99.0,592.94140625,,0
1782298887.061930,7247.989214,254.0,,99.0,592.94140625,,0
1782298887.161930,7248.089214,254.0,,99.0,592.94140625,,0
1782298887.261927,7248.189210,255.0,,99.0,592.94140625,,0
1782298887.361925,7248.289210,254.0,,99.0,592.94140625,,0
1782298887.461930,7248.389213,255.0,,99.0,592.94140625,,0
1782298887.561927,7248.489210,257.0,,99.0,592.94140625,,0
1782298887.661934,7248.589217,258.0,,99.0,592.94140625,,0
1782298887.761936,7248.689219,257.0,,99.0,592.94140625,,0
1782298887.861931,7248.789216,257.0,,99.0,592.94140625,,0
1782298887.961842,7248.889125,245.0,,99.0,592.94140625,,0
1782298888.061935,7248.989220,255.0,,99.0,592.94140625,,0
1782298888.161843,7249.089126,268.0,,98.0,592.94140625,,0
1782298888.261923,7249.189207,256.0,,99.0,592.94140625,,0
1782298888.361954,7249.289238,256.0,,99.0,592.94140625,,0
1782298888.461924,7249.389209,255.0,,99.0,592.94140625,,0
1782298888.561930,7249.489215,255.0,,99.0,592.94140625,,0
1782298888.661934,7249.589219,255.0,,99.0,592.94140625,,0
1782298888.761928,7249.689211,262.0,,98.0,592.94140625,,0
1782298888.861939,7249.789223,257.0,,99.0,592.94140625,,0
1782298888.961924,7249.889209,257.0,,99.0,592.94140625,,0
1782298889.061843,7249.989126,258.0,,99.0,592.94140625,,0
1782298889.161944,7250.089227,257.0,,99.0,592.94140625,,0
1782298889.261934,7250.189219,257.0,,99.0,592.94140625,,0
1782298889.361929,7250.289214,247.0,,99.0,592.94140625,,0
1782298889.461931,7250.389215,267.0,,99.0,592.94140625,,0
1782298889.561843,7250.489126,257.0,,99.0,592.94140625,,0
1782298889.661931,7250.589215,249.0,,98.0,592.94140625,,0
1782298889.761843,7250.689126,257.0,,99.0,592.94140625,,0
1782298889.861923,7250.789206,246.0,,98.0,592.94140625,,0
1782298889.961931,7250.889214,246.0,,99.0,592.94140625,,0
1782298890.061956,7250.989239,262.0,,98.0,592.94140625,,0
1782298890.161845,7251.089129,258.0,,99.0,592.94140625,,0
1782298890.261936,7251.189219,257.0,,99.0,592.94140625,,0
1782298890.361919,7251.289204,260.0,,99.0,592.94140625,,0
1782298890.461926,7251.389210,268.0,,99.0,592.94140625,,0
1782298890.561923,7251.489207,244.0,,98.0,592.94140625,,0
1782298890.661960,7251.589243,269.0,,99.0,592.94140625,,0
1782298890.761929,7251.689213,257.0,,99.0,592.94140625,,0
1782298890.861936,7251.789220,257.0,,99.0,592.94140625,,0
1782298890.961842,7251.889125,258.0,,99.0,592.94140625,,0
1782298891.061918,7251.989202,257.0,,99.0,592.94140625,,0
1782298891.161929,7252.089214,258.0,,99.0,592.94140625,,0
1782298891.261927,7252.189212,258.0,,99.0,592.94140625,,0
1782298891.361932,7252.289216,258.0,,99.0,592.94140625,,0
1782298891.461927,7252.389212,257.0,,99.0,592.94140625,,0
1782298891.561919,7252.489204,257.0,,99.0,592.94140625,,0
1782298891.661843,7252.589126,258.0,,99.0,592.94140625,,0
1782298891.761935,7252.689218,258.0,,99.0,592.94140625,,0
1782298891.861938,7252.789221,258.0,,99.0,592.94140625,,0
1782298891.961935,7252.889219,258.0,,99.0,592.94140625,,0
1782298892.061929,7252.989212,258.0,,99.0,592.94140625,,0
1782298892.161928,7253.089212,258.0,,99.0,592.94140625,,0
1782298892.261919,7253.189203,258.0,,99.0,592.94140625,,0
1782298892.361930,7253.289214,258.0,,99.0,592.94140625,,0
1782298892.461933,7253.389216,258.0,,99.0,592.94140625,,0
1782298892.561925,7253.489210,258.0,,99.0,592.94140625,,0
1782298892.661928,7253.589213,257.0,,99.0,592.94140625,,0
1782298892.761926,7253.689210,258.0,,99.0,592.94140625,,0
1782298892.861928,7253.789212,258.0,,99.0,592.94140625,,0
1782298892.961927,7253.889212,258.0,,99.0,592.94140625,,0
1782298893.061932,7253.989216,257.0,,99.0,592.94140625,,0
1782298893.161928,7254.089212,257.0,,99.0,592.94140625,,0
1782298893.261936,7254.189221,257.0,,99.0,592.94140625,,0
1782298893.361931,7254.289216,258.0,,98.0,592.94140625,,0
1782298893.461929,7254.389214,258.0,,99.0,592.94140625,,0
1782298893.561929,7254.489213,258.0,,98.0,592.94140625,,0
1782298893.661929,7254.589214,258.0,,99.0,592.94140625,,0
1782298893.761844,7254.689127,258.0,,99.0,592.94140625,,0
1782298893.861929,7254.789214,258.0,,99.0,592.94140625,,0
1782298893.961928,7254.889212,255.0,,99.0,592.94140625,,0
1782298894.061926,7254.989210,255.0,,99.0,592.94140625,,0
1782298894.161928,7255.089212,255.0,,99.0,592.94140625,,0
1782298894.261934,7255.189219,255.0,,99.0,592.94140625,,0
1782298894.361925,7255.289209,255.0,,99.0,592.94140625,,0
1782298894.461934,7255.389218,255.0,,99.0,592.94140625,,0
1782298894.561928,7255.489212,255.0,,99.0,592.94140625,,0
1782298894.661936,7255.589219,255.0,,99.0,592.94140625,,0
1782298894.761926,7255.689210,255.0,,99.0,592.94140625,,0
1782298894.861945,7255.789230,255.0,,99.0,592.94140625,,0
1782298894.961926,7255.889211,255.0,,99.0,592.94140625,,0
1782298895.061929,7255.989214,255.0,,99.0,592.94140625,,0
1782298895.161936,7256.089221,255.0,,99.0,592.94140625,,0
1782298895.261933,7256.189216,256.0,,99.0,592.94140625,,0
1782298895.361931,7256.289215,255.0,,99.0,592.94140625,,0
1782298895.461927,7256.389211,255.0,,99.0,592.94140625,,0
1782298895.561929,7256.489214,255.0,,99.0,592.94140625,,0
1782298895.661931,7256.589215,255.0,,99.0,592.94140625,,0
1782298895.761927,7256.689213,255.0,,99.0,592.94140625,,0
1782298895.862195,7256.789479,255.0,,99.0,592.94140625,,0
1782298895.961843,7256.889126,255.0,,99.0,592.94140625,,0
1782298896.061841,7256.989124,255.0,,99.0,592.94140625,,0
1782298896.161842,7257.089126,255.0,,99.0,592.94140625,,0
1782298896.261927,7257.189212,255.0,,99.0,592.94140625,,0
1782298896.361843,7257.289126,255.0,,99.0,592.94140625,,0
1782298896.461939,7257.389224,255.0,,99.0,592.94140625,,0
1782298896.561929,7257.489212,256.0,,99.0,592.94140625,,0
1782298896.661928,7257.589211,256.0,,99.0,592.94140625,,0
1782298896.761863,7257.689147,255.0,,99.0,592.94140625,,0
1782298896.861841,7257.789125,255.0,,99.0,592.94140625,,0
1782298896.961932,7257.889217,255.0,,99.0,592.94140625,,0
1782298897.061843,7257.989126,255.0,,99.0,592.94140625,,0
1782298897.161931,7258.089216,255.0,,99.0,592.94140625,,0
1782298897.261843,7258.189126,256.0,,99.0,592.94140625,,0
1782298897.361843,7258.289126,257.0,,99.0,592.94140625,,0
1782298897.461846,7258.389129,256.0,,99.0,592.94140625,,0
1782298897.561949,7258.489232,256.0,,99.0,592.94140625,,0
1782298897.661927,7258.589210,257.0,,99.0,592.94140625,,0
1782298897.761929,7258.689212,257.0,,99.0,592.94140625,,0
1782298897.861932,7258.789216,256.0,,99.0,592.94140625,,0
1782298897.961927,7258.889210,256.0,,99.0,592.94140625,,0
1782298898.061940,7258.989224,256.0,,99.0,592.94140625,,0
1782298898.161919,7259.089204,257.0,,99.0,592.94140625,,0
1782298898.261930,7259.189215,256.0,,99.0,592.94140625,,0
1782298898.361929,7259.289213,255.0,,99.0,592.94140625,,0
1782298898.461923,7259.389208,256.0,,99.0,592.94140625,,0
1782298898.561925,7259.489209,256.0,,99.0,592.94140625,,0
1782298898.661928,7259.589212,256.0,,99.0,592.94140625,,0
1782298898.761925,7259.689209,257.0,,99.0,592.94140625,,0
1782298898.861927,7259.789211,255.0,,99.0,592.94140625,,0
1782298898.961930,7259.889214,256.0,,99.0,592.94140625,,0
1782298899.061951,7259.989236,256.0,,99.0,592.94140625,,0
1782298899.161926,7260.089211,255.0,,99.0,592.94140625,,0
1782298899.261924,7260.189208,254.0,,99.0,592.94140625,,0
1782298899.361927,7260.289211,255.0,,99.0,592.94140625,,0
1782298899.461929,7260.389214,257.0,,99.0,592.94140625,,0
1782298899.561930,7260.489213,259.0,,99.0,592.94140625,,0
1782298899.661930,7260.589216,259.0,,99.0,592.94140625,,0
1782298899.761929,7260.689214,258.0,,99.0,592.94140625,,0
1782298899.861937,7260.789222,258.0,,99.0,592.94140625,,0
1782298899.961946,7260.889231,255.0,,99.0,592.94140625,,0
1782298900.061930,7260.989215,255.0,,99.0,592.94140625,,0
1782298900.161930,7261.089214,256.0,,98.0,592.94140625,,0
1782298900.261925,7261.189209,256.0,,99.0,592.94140625,,0
1782298900.361929,7261.289213,257.0,,99.0,592.94140625,,0
1782298900.461927,7261.389211,258.0,,99.0,592.94140625,,0
1782298900.561931,7261.489215,256.0,,99.0,592.94140625,,0
1782298900.661932,7261.589217,255.0,,99.0,592.94140625,,0
1782298900.761928,7261.689212,256.0,,99.0,592.94140625,,0
1782298900.861938,7261.789223,256.0,,99.0,592.94140625,,0
1782298900.961931,7261.889215,257.0,,99.0,592.94140625,,0
1782298901.061843,7261.989126,257.0,,99.0,592.94140625,,0
1782298901.161926,7262.089210,256.0,,99.0,592.94140625,,0
1782298901.261937,7262.189220,256.0,,99.0,592.94140625,,0
1782298901.361871,7262.289155,255.0,,99.0,592.94140625,,0
1782298901.461930,7262.389214,256.0,,99.0,592.94140625,,0
1782298901.561935,7262.489220,259.0,,99.0,592.94140625,,0
1782298901.661924,7262.589209,261.0,,99.0,592.94140625,,0
1782298901.761928,7262.689212,260.0,,99.0,592.94140625,,0
1782298901.861931,7262.789215,257.0,,99.0,592.94140625,,0
1782298901.961931,7262.889216,255.0,,99.0,592.94140625,,0
1782298902.061842,7262.989125,257.0,,99.0,592.94140625,,0
1782298902.161919,7263.089203,254.0,,99.0,592.94140625,,0
1782298902.261934,7263.189218,255.0,,99.0,592.94140625,,0
1782298902.361927,7263.289212,256.0,,99.0,592.94140625,,0
1782298902.461931,7263.389215,257.0,,99.0,592.94140625,,0
1782298902.561923,7263.489207,256.0,,99.0,592.94140625,,0
1782298902.661928,7263.589213,256.0,,99.0,592.94140625,,0
1782298902.761925,7263.689210,257.0,,99.0,592.94140625,,0
1782298902.861924,7263.789209,256.0,,99.0,592.94140625,,0
1782298902.961843,7263.889126,258.0,,99.0,592.94140625,,0
1782298903.061918,7263.989202,257.0,,99.0,592.94140625,,0
1782298903.161928,7264.089212,255.0,,99.0,592.94140625,,0
1782298903.261923,7264.189208,255.0,,99.0,592.94140625,,0
1782298903.361920,7264.289204,256.0,,99.0,592.94140625,,0
1782298903.461929,7264.389214,257.0,,99.0,592.94140625,,0
1782298903.561928,7264.489212,256.0,,99.0,592.94140625,,0
1782298903.661928,7264.589212,255.0,,99.0,592.94140625,,0
1782298903.761925,7264.689209,257.0,,99.0,592.94140625,,0
1782298903.861960,7264.789244,259.0,,99.0,592.94140625,,0
1782298903.961929,7264.889213,259.0,,99.0,592.94140625,,0
1782298904.061928,7264.989212,258.0,,99.0,592.94140625,,0
1782298904.161929,7265.089213,257.0,,99.0,592.94140625,,0
1782298904.261929,7265.189213,257.0,,99.0,592.94140625,,0
1782298904.361929,7265.289213,257.0,,99.0,592.94140625,,0
1782298904.461927,7265.389213,258.0,,99.0,592.94140625,,0
1782298904.561930,7265.489214,258.0,,99.0,592.94140625,,0
1782298904.661929,7265.589212,258.0,,99.0,592.94140625,,0
1782298904.761927,7265.689212,258.0,,99.0,592.94140625,,0
1782298904.861929,7265.789213,259.0,,99.0,592.94140625,,0
1782298904.961929,7265.889214,259.0,,99.0,592.94140625,,0
1782298905.061925,7265.989209,258.0,,99.0,592.94140625,,0
1782298905.161929,7266.089214,258.0,,99.0,592.94140625,,0
1782298905.261931,7266.189215,264.0,,99.0,592.94140625,,0
1782298905.361843,7266.289126,247.0,,98.0,592.94140625,,0
1782298905.461931,7266.389214,264.0,,99.0,592.94140625,,0
1782298905.561925,7266.489209,258.0,,99.0,592.94140625,,0
1782298905.661929,7266.589213,259.0,,99.0,592.94140625,,0
1782298905.761843,7266.689126,259.0,,99.0,592.94140625,,0
1782298905.861929,7266.789212,247.0,,98.0,592.94140625,,0
1782298905.961933,7266.889216,269.0,,99.0,592.94140625,,0
1782298906.061917,7266.989201,258.0,,98.0,592.94140625,,0
1782298906.161845,7267.089129,258.0,,99.0,592.94140625,,0
1782298906.261926,7267.189209,256.0,,98.0,592.94140625,,0
1782298906.361927,7267.289210,258.0,,98.0,592.94140625,,0
1782298906.461931,7267.389216,268.0,,99.0,592.94140625,,0
1782298906.561925,7267.489210,258.0,,99.0,592.94140625,,0
1782298906.661931,7267.589214,258.0,,99.0,592.94140625,,0
1782298906.761924,7267.689208,259.0,,99.0,592.94140625,,0
1782298906.861927,7267.789212,257.0,,99.0,592.94140625,,0
1782298906.961843,7267.889126,256.0,,99.0,592.94140625,,0
1782298907.061929,7267.989213,265.0,,98.0,592.94140625,,0
1782298907.161928,7268.089212,249.0,,99.0,592.94140625,,0
1782298907.261929,7268.189213,243.0,,98.0,592.94140625,,0
1782298907.361931,7268.289215,256.0,,99.0,592.94140625,,0
1782298907.461926,7268.389210,256.0,,99.0,592.94140625,,0
1782298907.561927,7268.489212,256.0,,99.0,592.94140625,,0
1782298907.661924,7268.589208,257.0,,99.0,592.94140625,,0
1782298907.761846,7268.689129,256.0,,99.0,592.94140625,,0
1782298907.861929,7268.789212,257.0,,99.0,592.94140625,,0
1782298907.961926,7268.889211,256.0,,99.0,592.94140625,,0
1782298908.061949,7268.989233,256.0,,99.0,592.94140625,,0
1782298908.161935,7269.089220,255.0,,99.0,592.94140625,,0
1782298908.261932,7269.189216,255.0,,99.0,592.94140625,,0
1782298908.361934,7269.289217,255.0,,99.0,592.94140625,,0
1782298908.461942,7269.389225,256.0,,99.0,592.94140625,,0
1782298908.561844,7269.489128,256.0,,99.0,592.94140625,,0
1782298908.661930,7269.589213,256.0,,99.0,592.94140625,,0
1782298908.761929,7269.689213,256.0,,99.0,592.94140625,,0
1782298908.861923,7269.789206,256.0,,99.0,592.94140625,,0
1782298908.961843,7269.889126,256.0,,99.0,592.94140625,,0
1782298909.061841,7269.989125,256.0,,99.0,592.94140625,,0
1782298909.161860,7270.089144,256.0,,99.0,592.94140625,,0
1782298909.261930,7270.189214,256.0,,99.0,592.94140625,,0
1782298909.361930,7270.289215,256.0,,99.0,592.94140625,,0
1782298909.461930,7270.389215,256.0,,99.0,592.94140625,,0
1782298909.561926,7270.489212,256.0,,99.0,592.94140625,,0
1782298909.661927,7270.589210,255.0,,99.0,592.94140625,,0
1782298909.761930,7270.689214,256.0,,99.0,592.94140625,,0
1782298909.861926,7270.789209,256.0,,99.0,592.94140625,,0
1782298909.961927,7270.889211,256.0,,99.0,592.94140625,,0
1782298910.061925,7270.989210,256.0,,99.0,592.94140625,,0
1782298910.161927,7271.089212,256.0,,99.0,592.94140625,,0
1782298910.261925,7271.189210,256.0,,99.0,592.94140625,,0
1782298910.361924,7271.289208,256.0,,99.0,592.94140625,,0
1782298910.461925,7271.389210,256.0,,99.0,592.94140625,,0
1782298910.561927,7271.489211,256.0,,99.0,592.94140625,,0
1782298910.661927,7271.589212,256.0,,99.0,592.94140625,,0
1782298910.761926,7271.689210,256.0,,99.0,592.94140625,,0
1782298910.861926,7271.789211,256.0,,99.0,592.94140625,,0
1782298910.961929,7271.889213,256.0,,99.0,592.94140625,,0
1782298911.061924,7271.989208,256.0,,99.0,592.94140625,,0
1782298911.161928,7272.089214,256.0,,99.0,592.94140625,,0
1782298911.261926,7272.189211,256.0,,99.0,592.94140625,,0
1782298911.361929,7272.289213,256.0,,98.0,592.94140625,,0
1782298911.461925,7272.389209,256.0,,98.0,592.94140625,,0
1782298911.561930,7272.489214,256.0,,99.0,592.94140625,,0
1782298911.661926,7272.589209,256.0,,99.0,592.94140625,,0
1782298911.761932,7272.689217,256.0,,98.0,592.94140625,,0
1782298911.861936,7272.789219,256.0,,98.0,592.94140625,,0
1782298911.961927,7272.889211,256.0,,99.0,592.94140625,,0
1782298912.061928,7272.989212,256.0,,99.0,592.94140625,,0
1782298912.161939,7273.089222,256.0,,99.0,592.94140625,,0
1782298912.261843,7273.189126,256.0,,99.0,592.94140625,,0
1782298912.361932,7273.289215,256.0,,99.0,592.94140625,,0
1782298912.461926,7273.389210,256.0,,99.0,592.94140625,,0
1782298912.561933,7273.489218,256.0,,99.0,592.94140625,,0
1782298912.661934,7273.589219,256.0,,99.0,592.94140625,,0
1782298912.761927,7273.689212,256.0,,99.0,592.94140625,,0
1782298912.861931,7273.789214,256.0,,99.0,592.94140625,,0
1782298912.961931,7273.889215,256.0,,99.0,592.94140625,,0
1782298913.061940,7273.989224,51.0,,3.0,592.94140625,,0
1782298913.161990,7274.089275,50.0,,2.0,592.94140625,,0
1782298913.261981,7274.189266,44.0,,3.0,592.94140625,,0
1782298913.361974,7274.289258,39.0,,3.0,592.94140625,,0
1782298913.461973,7274.389258,22.0,,3.0,592.94140625,,0
1782298913.561936,7274.489221,21.0,,3.0,592.94140625,,0
1782298913.661937,7274.589222,20.0,,3.0,592.94140625,,0
1782298913.761939,7274.689224,21.0,,3.0,592.94140625,,0
1782298913.861935,7274.789220,23.0,,3.0,592.94140625,,0
1782298913.961940,7274.889225,20.0,,3.0,592.94140625,,0
1782298914.061940,7274.989224,21.0,,3.0,592.94140625,,0
1782298914.161936,7275.089221,21.0,,3.0,592.94140625,,0
1782298914.261945,7275.189229,20.0,,4.0,592.94140625,,0
1782298914.361937,7275.289222,21.0,,3.0,592.94140625,,0
1782298914.461997,7275.389281,20.0,,3.0,592.94140625,,0
1782298914.561936,7275.489221,19.0,,2.0,592.94140625,,0
1782298914.661936,7275.589221,19.0,,3.0,592.94140625,,0
1782298914.761936,7275.689221,19.0,,3.0,592.94140625,,0
1782298914.861997,7275.789282,19.0,,3.0,592.94140625,,0
1782298914.961937,7275.889222,19.0,,3.0,592.94140625,,0
1782298915.061941,7275.989226,20.0,,3.0,592.94140625,,0
1782298915.161935,7276.089220,20.0,,3.0,592.94140625,,0
1782298915.261940,7276.189224,20.0,,3.0,592.94140625,,0
1782298915.361941,7276.289225,19.0,,3.0,592.94140625,,0
1782298915.461941,7276.389226,19.0,,2.0,592.94140625,,0
1782298915.561944,7276.489228,20.0,,3.0,592.94140625,,0
1782298915.661939,7276.589224,23.0,,4.0,592.94140625,,0
1782298915.761937,7276.689221,20.0,,3.0,592.94140625,,0
1782298915.861878,7276.789163,20.0,,3.0,592.94140625,,0
1782298915.961948,7276.889233,21.0,,3.0,592.94140625,,0
1782298916.061938,7276.989223,18.0,,3.0,592.94140625,,0
1782298916.161937,7277.089221,18.0,,4.0,592.94140625,,0
1782298916.261940,7277.189224,19.0,,3.0,592.94140625,,0
1782298916.361938,7277.289222,19.0,,3.0,592.94140625,,0
1782298916.461940,7277.389224,19.0,,3.0,592.94140625,,0
1782298916.561939,7277.489224,20.0,,3.0,592.94140625,,0
1782298916.661939,7277.589223,19.0,,3.0,592.94140625,,0
1782298916.761936,7277.689220,19.0,,3.0,592.94140625,,0
1782298916.861936,7277.789220,19.0,,3.0,592.94140625,,0
1782298916.961936,7277.889221,21.0,,3.0,592.94140625,,0
1782298917.061943,7277.989227,19.0,,3.0,592.94140625,,0
1782298917.161937,7278.089222,19.0,,3.0,592.94140625,,0
1782298917.261936,7278.189221,19.0,,3.0,592.94140625,,0
1782298917.361938,7278.289222,21.0,,3.0,592.94140625,,0
1782298917.461936,7278.389220,18.0,,3.0,592.94140625,,0
1782298917.561972,7278.489256,19.0,,3.0,592.94140625,,0
1782298917.661937,7278.589222,18.0,,3.0,592.94140625,,0
1782298917.761936,7278.689221,18.0,,3.0,592.94140625,,0
1782298917.861942,7278.789227,20.0,,3.0,592.94140625,,0
1782298917.961940,7278.889224,18.0,,3.0,592.94140625,,0
1782298918.061923,7278.989207,123.0,,70.0,592.94140625,,0
1782298918.161929,7279.089213,196.0,,98.0,592.94140625,,0
1782298918.261957,7279.189240,199.0,,98.0,592.94140625,,0
1782298918.361922,7279.289207,200.0,,98.0,592.94140625,,0
1782298918.461931,7279.389216,205.0,,98.0,592.94140625,,0
1782298918.561846,7279.489129,210.0,,98.0,592.94140625,,0
1782298918.661928,7279.589211,213.0,,98.0,592.94140625,,0
1782298918.761926,7279.689210,214.0,,98.0,592.94140625,,0
1782298918.861843,7279.789126,216.0,,98.0,592.94140625,,0
1782298918.961846,7279.889129,217.0,,98.0,592.94140625,,0
1782298919.061930,7279.989215,220.0,,98.0,592.94140625,,0
1782298919.161927,7280.089211,222.0,,98.0,592.94140625,,0
1782298919.261934,7280.189217,225.0,,98.0,592.94140625,,0
1782298919.361925,7280.289210,226.0,,99.0,592.94140625,,0
1782298919.461924,7280.389209,227.0,,99.0,592.94140625,,0
1782298919.561934,7280.489217,230.0,,99.0,592.94140625,,0
1782298919.661843,7280.589126,234.0,,99.0,592.94140625,,0
1782298919.761932,7280.689217,236.0,,99.0,592.94140625,,0
1782298919.861925,7280.789208,237.0,,99.0,592.94140625,,0
1782298919.961932,7280.889216,240.0,,99.0,592.94140625,,0
1782298920.061930,7280.989214,240.0,,99.0,592.94140625,,0
1782298920.161843,7281.089126,244.0,,99.0,592.94140625,,0
1782298920.261842,7281.189125,248.0,,99.0,592.94140625,,0
1782298920.361841,7281.289124,250.0,,99.0,592.94140625,,0
1782298920.461927,7281.389212,251.0,,99.0,592.94140625,,0
1782298920.561938,7281.489222,250.0,,99.0,592.94140625,,0
1782298920.661931,7281.589214,250.0,,99.0,592.94140625,,0
1782298920.761922,7281.689206,249.0,,99.0,592.94140625,,0
1782298920.861926,7281.789210,252.0,,99.0,592.94140625,,0
1782298920.961923,7281.889207,251.0,,99.0,592.94140625,,0
1782298921.061924,7281.989209,251.0,,99.0,592.94140625,,0
1782298921.161925,7282.089208,251.0,,99.0,592.94140625,,0
1782298921.261844,7282.189127,243.0,,99.0,592.94140625,,0
1782298921.361927,7282.289210,250.0,,99.0,592.94140625,,0
1782298921.461925,7282.389211,250.0,,99.0,592.94140625,,0
1782298921.561925,7282.489209,259.0,,98.0,592.94140625,,0
1782298921.661928,7282.589213,262.0,,99.0,592.94140625,,0
1782298921.761930,7282.689213,262.0,,99.0,592.94140625,,0
1782298921.861933,7282.789216,248.0,,98.0,592.94140625,,0
1782298921.961924,7282.889208,256.0,,99.0,592.94140625,,0
1782298922.061925,7282.989208,260.0,,98.0,592.94140625,,0
1782298922.161923,7283.089207,246.0,,99.0,592.94140625,,0
1782298922.261930,7283.189213,253.0,,99.0,592.94140625,,0
1782298922.361924,7283.289209,253.0,,99.0,592.94140625,,0
1782298922.461931,7283.389215,245.0,,99.0,592.94140625,,0
1782298922.561926,7283.489210,255.0,,99.0,592.94140625,,0
1782298922.661952,7283.589236,254.0,,99.0,592.94140625,,0
1782298922.761923,7283.689207,251.0,,99.0,592.94140625,,0
1782298922.861950,7283.789234,246.0,,98.0,592.94140625,,0
1782298922.961843,7283.889126,251.0,,99.0,592.94140625,,0
1782298923.061861,7283.989145,252.0,,99.0,592.94140625,,0
1782298923.161927,7284.089211,252.0,,99.0,592.94140625,,0
1782298923.261928,7284.189213,251.0,,99.0,592.94140625,,0
1782298923.361927,7284.289211,251.0,,99.0,592.94140625,,0
1782298923.461926,7284.389209,251.0,,99.0,592.94140625,,0
1782298923.561947,7284.489231,251.0,,99.0,592.94140625,,0
1782298923.661863,7284.589147,252.0,,99.0,592.94140625,,0
1782298923.761924,7284.689208,261.0,,99.0,592.94140625,,0
1782298923.861937,7284.789222,241.0,,98.0,592.94140625,,0
1782298923.961846,7284.889129,252.0,,99.0,592.94140625,,0
1782298924.061932,7284.989217,252.0,,99.0,592.94140625,,0
1782298924.161930,7285.089213,252.0,,99.0,592.94140625,,0
1782298924.261925,7285.189209,252.0,,99.0,592.94140625,,0
1782298924.361928,7285.289211,251.0,,99.0,592.94140625,,0
1782298924.461948,7285.389232,253.0,,99.0,592.94140625,,0
1782298924.561928,7285.489213,252.0,,99.0,592.94140625,,0
1782298924.661916,7285.589201,252.0,,99.0,592.94140625,,0
1782298924.761926,7285.689210,252.0,,99.0,592.94140625,,0
1782298924.861935,7285.789220,252.0,,99.0,592.94140625,,0
1782298924.961929,7285.889212,252.0,,99.0,592.94140625,,0
1782298925.061926,7285.989211,251.0,,99.0,592.94140625,,0
1782298925.161926,7286.089211,254.0,,99.0,592.94140625,,0
1782298925.261926,7286.189209,257.0,,99.0,592.94140625,,0
1782298925.361928,7286.289212,253.0,,99.0,592.94140625,,0
1782298925.461952,7286.389235,253.0,,99.0,592.94140625,,0
1782298925.561929,7286.489212,254.0,,99.0,592.94140625,,0
1782298925.661927,7286.589210,252.0,,98.0,592.94140625,,0
1782298925.761927,7286.689212,252.0,,99.0,592.94140625,,0
1782298925.861930,7286.789214,253.0,,99.0,592.94140625,,0
1782298925.961927,7286.889211,253.0,,99.0,592.94140625,,0
1782298926.061925,7286.989209,253.0,,99.0,592.94140625,,0
1782298926.161926,7287.089209,253.0,,99.0,592.94140625,,0
1782298926.261925,7287.189209,253.0,,99.0,592.94140625,,0
1782298926.361925,7287.289208,252.0,,99.0,592.94140625,,0
1782298926.461926,7287.389211,253.0,,99.0,592.94140625,,0
1782298926.561926,7287.489209,255.0,,99.0,592.94140625,,0
1782298926.661859,7287.589144,254.0,,99.0,592.94140625,,0
1782298926.761929,7287.689213,255.0,,99.0,592.94140625,,0
1782298926.861942,7287.789226,254.0,,99.0,592.94140625,,0
1782298926.961843,7287.889126,253.0,,99.0,592.94140625,,0
1782298927.061932,7287.989216,253.0,,99.0,592.94140625,,0
1782298927.161925,7288.089208,253.0,,99.0,592.94140625,,0
1782298927.261925,7288.189210,254.0,,99.0,592.94140625,,0
1782298927.361947,7288.289231,255.0,,99.0,592.94140625,,0
1782298927.461957,7288.389240,253.0,,99.0,592.94140625,,0
1782298927.561939,7288.489223,253.0,,99.0,592.94140625,,0
1782298927.661934,7288.589218,253.0,,99.0,592.94140625,,0
1782298927.761933,7288.689217,253.0,,99.0,592.94140625,,0
1782298927.861930,7288.789215,253.0,,99.0,592.94140625,,0
1782298927.961930,7288.889214,253.0,,99.0,592.94140625,,0
1782298928.061932,7288.989217,254.0,,99.0,592.94140625,,0
1782298928.161931,7289.089214,254.0,,99.0,592.94140625,,0
1782298928.261929,7289.189214,253.0,,98.0,592.94140625,,0
1782298928.361929,7289.289214,253.0,,99.0,592.94140625,,0
1782298928.461934,7289.389218,253.0,,99.0,592.94140625,,0
1782298928.561944,7289.489228,254.0,,99.0,592.94140625,,0
1782298928.661931,7289.589215,255.0,,99.0,592.94140625,,0
1782298928.761934,7289.689218,254.0,,99.0,592.94140625,,0
1782298928.861928,7289.789213,254.0,,99.0,592.94140625,,0
1782298928.961935,7289.889218,254.0,,99.0,592.94140625,,0
1782298929.061929,7289.989214,254.0,,99.0,592.94140625,,0
1782298929.161934,7290.089217,255.0,,99.0,592.94140625,,0
1782298929.261931,7290.189215,254.0,,99.0,592.94140625,,0
1782298929.361845,7290.289129,254.0,,99.0,592.94140625,,0
1782298929.461927,7290.389211,254.0,,99.0,592.94140625,,0
1782298929.561843,7290.489126,254.0,,99.0,592.94140625,,0
1782298929.661843,7290.589126,254.0,,99.0,592.94140625,,0
1782298929.761937,7290.689222,254.0,,99.0,592.94140625,,0
1782298929.861942,7290.789225,255.0,,99.0,592.94140625,,0
1782298929.961937,7290.889220,255.0,,99.0,592.94140625,,0
1782298930.061929,7290.989214,255.0,,99.0,592.94140625,,0
1782298930.161947,7291.089231,254.0,,99.0,592.94140625,,0
1782298930.261846,7291.189129,255.0,,99.0,592.94140625,,0
1782298930.361931,7291.289214,255.0,,99.0,592.94140625,,0
1782298930.461931,7291.389215,255.0,,99.0,592.94140625,,0
1782298930.561923,7291.489208,254.0,,99.0,592.94140625,,0
1782298930.661926,7291.589210,255.0,,99.0,592.94140625,,0
1782298930.761926,7291.689210,256.0,,99.0,592.94140625,,0
1782298930.861930,7291.789214,256.0,,99.0,592.94140625,,0
1782298930.961843,7291.889126,255.0,,99.0,592.94140625,,0
1782298931.061940,7291.989225,255.0,,99.0,592.94140625,,0
1782298931.161931,7292.089215,255.0,,99.0,592.94140625,,0
1782298931.261929,7292.189213,254.0,,99.0,592.94140625,,0
1782298931.361924,7292.289208,255.0,,99.0,592.94140625,,0
1782298931.461927,7292.389212,256.0,,99.0,592.94140625,,0
1782298931.561927,7292.489211,255.0,,99.0,592.94140625,,0
1782298931.661843,7292.589126,256.0,,99.0,592.94140625,,0
1782298931.761926,7292.689210,255.0,,99.0,592.94140625,,0
1782298931.861918,7292.789203,255.0,,99.0,592.94140625,,0
1782298931.961926,7292.889210,255.0,,99.0,592.94140625,,0
1782298932.061845,7292.989128,256.0,,99.0,592.94140625,,0
1782298932.161929,7293.089214,255.0,,99.0,592.94140625,,0
1782298932.261923,7293.189207,255.0,,99.0,592.94140625,,0
1782298932.361923,7293.289207,255.0,,99.0,592.94140625,,0
1782298932.461926,7293.389210,256.0,,99.0,592.94140625,,0
1782298932.561924,7293.489208,257.0,,99.0,592.94140625,,0
1782298932.661931,7293.589215,258.0,,99.0,592.94140625,,0
1782298932.761928,7293.689212,255.0,,99.0,592.94140625,,0
1782298932.861843,7293.789126,255.0,,99.0,592.94140625,,0
1782298932.961925,7293.889208,255.0,,99.0,592.94140625,,0
1782298933.061924,7293.989207,255.0,,99.0,592.94140625,,0
1782298933.161924,7294.089208,255.0,,99.0,592.94140625,,0
1782298933.261921,7294.189205,255.0,,99.0,592.94140625,,0
1782298933.361843,7294.289126,255.0,,99.0,592.94140625,,0
1782298933.461917,7294.389202,254.0,,99.0,592.94140625,,0
1782298933.561928,7294.489212,254.0,,99.0,592.94140625,,0
1782298933.661929,7294.589213,254.0,,99.0,592.94140625,,0
1782298933.761926,7294.689209,254.0,,99.0,592.94140625,,0
1782298933.861934,7294.789217,255.0,,99.0,592.94140625,,0
1782298933.961930,7294.889214,255.0,,99.0,592.94140625,,0
1782298934.061929,7294.989213,255.0,,99.0,592.94140625,,0
1782298934.161924,7295.089207,255.0,,99.0,592.94140625,,0
1782298934.261928,7295.189213,255.0,,99.0,592.94140625,,0
1782298934.361925,7295.289209,255.0,,99.0,592.94140625,,0
1782298934.461927,7295.389212,255.0,,99.0,592.94140625,,0
1782298934.561933,7295.489216,255.0,,99.0,592.94140625,,0
1782298934.661928,7295.589211,255.0,,99.0,592.94140625,,0
1782298934.761936,7295.689221,255.0,,99.0,592.94140625,,0
1782298934.861925,7295.789208,255.0,,99.0,592.94140625,,0
1782298934.961924,7295.889209,255.0,,99.0,592.94140625,,0
1782298935.061933,7295.989216,255.0,,99.0,592.94140625,,0
1782298935.161931,7296.089215,255.0,,99.0,592.94140625,,0
1782298935.261932,7296.189215,255.0,,99.0,592.94140625,,0
1782298935.361930,7296.289215,255.0,,99.0,592.94140625,,0
1782298935.461923,7296.389207,254.0,,99.0,592.94140625,,0
1782298935.561931,7296.489216,254.0,,99.0,592.94140625,,0
1782298935.661936,7296.589221,255.0,,99.0,592.94140625,,0
1782298935.761940,7296.689223,255.0,,99.0,592.94140625,,0
1782298935.861843,7296.789126,255.0,,99.0,592.94140625,,0
1782298935.961924,7296.889209,255.0,,99.0,592.94140625,,0
1782298936.061929,7296.989213,255.0,,99.0,592.94140625,,0
1782298936.161925,7297.089210,255.0,,99.0,592.94140625,,0
1782298936.261924,7297.189208,255.0,,99.0,592.94140625,,0
1782298936.361925,7297.289209,255.0,,99.0,592.94140625,,0
1782298936.461930,7297.389213,255.0,,99.0,592.94140625,,0
1782298936.561927,7297.489212,255.0,,99.0,592.94140625,,0
1782298936.661933,7297.589217,254.0,,99.0,592.94140625,,0
1782298936.761929,7297.689214,255.0,,99.0,592.94140625,,0
1782298936.861924,7297.789208,255.0,,99.0,592.94140625,,0
1782298936.961931,7297.889216,255.0,,99.0,592.94140625,,0
1782298937.061925,7297.989209,255.0,,99.0,592.94140625,,0
1782298937.161930,7298.089213,255.0,,99.0,592.94140625,,0
1782298937.261928,7298.189211,255.0,,99.0,592.94140625,,0
1782298937.361921,7298.289206,255.0,,99.0,592.94140625,,0
1782298937.461927,7298.389211,255.0,,99.0,592.94140625,,0
1782298937.561920,7298.489204,254.0,,99.0,592.94140625,,0
1782298937.661841,7298.589125,254.0,,99.0,592.94140625,,0
1782298937.761936,7298.689220,255.0,,99.0,592.94140625,,0
1782298937.861924,7298.789207,255.0,,99.0,592.94140625,,0
1782298937.961846,7298.889129,247.0,,98.0,592.94140625,,0
1782298938.061918,7298.989203,257.0,,99.0,592.94140625,,0
1782298938.161926,7299.089210,259.0,,99.0,592.94140625,,0
1782298938.261925,7299.189209,265.0,,99.0,592.94140625,,0
1782298938.361861,7299.289145,239.0,,99.0,592.94140625,,0
1782298938.461939,7299.389223,245.0,,98.0,592.94140625,,0
1782298938.561930,7299.489215,251.0,,99.0,592.94140625,,0
1782298938.661928,7299.589212,245.0,,99.0,592.94140625,,0
1782298938.761923,7299.689207,250.0,,98.0,592.94140625,,0
1782298938.861929,7299.789213,244.0,,99.0,592.94140625,,0
1782298938.961843,7299.889126,256.0,,99.0,592.94140625,,0
1782298939.061843,7299.989127,255.0,,99.0,592.94140625,,0
1782298939.161927,7300.089210,256.0,,99.0,592.94140625,,0
1782298939.261843,7300.189126,255.0,,99.0,592.94140625,,0
1782298939.361927,7300.289212,265.0,,99.0,592.94140625,,0
1782298939.461928,7300.389212,257.0,,99.0,592.94140625,,0
1782298939.561924,7300.489207,256.0,,99.0,592.94140625,,0
1782298939.661844,7300.589127,256.0,,99.0,592.94140625,,0
1782298939.761925,7300.689210,256.0,,99.0,592.94140625,,0
1782298939.861924,7300.789208,256.0,,99.0,592.94140625,,0
1782298939.961926,7300.889210,256.0,,99.0,592.94140625,,0
1782298940.061932,7300.989217,257.0,,99.0,592.94140625,,0
1782298940.161925,7301.089208,257.0,,99.0,592.94140625,,0
1782298940.261925,7301.189210,255.0,,99.0,592.94140625,,0
1782298940.361843,7301.289126,255.0,,99.0,592.94140625,,0
1782298940.461843,7301.389126,254.0,,99.0,592.94140625,,0
1782298940.561843,7301.489126,254.0,,99.0,592.94140625,,0
1782298940.661918,7301.589203,256.0,,99.0,592.94140625,,0
1782298940.761930,7301.689214,256.0,,99.0,592.94140625,,0
1782298940.861843,7301.789126,257.0,,99.0,592.94140625,,0
1782298940.961843,7301.889126,259.0,,99.0,592.94140625,,0
1782298941.061924,7301.989209,258.0,,99.0,592.94140625,,0
1782298941.161928,7302.089212,257.0,,99.0,592.94140625,,0
1782298941.261927,7302.189211,256.0,,99.0,592.94140625,,0
1782298941.361929,7302.289213,259.0,,99.0,592.94140625,,0
1782298941.461942,7302.389225,258.0,,99.0,592.94140625,,0
1782298941.561843,7302.489126,258.0,,99.0,592.94140625,,0
1782298941.661928,7302.589213,257.0,,99.0,592.94140625,,0
1782298941.761930,7302.689214,258.0,,99.0,592.94140625,,0
1782298941.861928,7302.789213,258.0,,98.0,592.94140625,,0
1782298941.961931,7302.889214,258.0,,99.0,592.94140625,,0
1782298942.061924,7302.989209,258.0,,99.0,592.94140625,,0
1782298942.161926,7303.089209,258.0,,99.0,592.94140625,,0
1782298942.261933,7303.189216,258.0,,99.0,592.94140625,,0
1782298942.361933,7303.289217,258.0,,99.0,592.94140625,,0
1782298942.461925,7303.389210,257.0,,99.0,592.94140625,,0
1782298942.561936,7303.489220,258.0,,99.0,592.94140625,,0
1782298942.661932,7303.589217,258.0,,99.0,592.94140625,,0
1782298942.761928,7303.689211,258.0,,99.0,592.94140625,,0
1782298942.861933,7303.789218,258.0,,99.0,592.94140625,,0
1782298942.961926,7303.889210,258.0,,99.0,592.94140625,,0
1782298943.061934,7303.989218,257.0,,99.0,592.94140625,,0
1782298943.161931,7304.089215,258.0,,99.0,592.94140625,,0
1782298943.261933,7304.189218,258.0,,99.0,592.94140625,,0
1782298943.361842,7304.289126,259.0,,99.0,592.94140625,,0
1782298943.461930,7304.389213,259.0,,99.0,592.94140625,,0
1782298943.561843,7304.489126,258.0,,99.0,592.94140625,,0
1782298943.661936,7304.589219,258.0,,99.0,592.94140625,,0
1782298943.761843,7304.689126,258.0,,99.0,592.94140625,,0
1782298943.861924,7304.789208,258.0,,99.0,592.94140625,,0
1782298943.961932,7304.889216,258.0,,99.0,592.94140625,,0
1782298944.061937,7304.989220,257.0,,99.0,592.94140625,,0
1782298944.161932,7305.089215,258.0,,99.0,592.94140625,,0
1782298944.261944,7305.189229,259.0,,99.0,592.94140625,,0
1782298944.361936,7305.289221,259.0,,99.0,592.94140625,,0
1782298944.461931,7305.389215,259.0,,99.0,592.94140625,,0
1782298944.561933,7305.489217,259.0,,99.0,592.94140625,,0
1782298944.661939,7305.589222,258.0,,99.0,592.94140625,,0
1782298944.761938,7305.689223,258.0,,99.0,592.94140625,,0
1782298944.861937,7305.789220,258.0,,99.0,592.94140625,,0
1782298944.961941,7305.889225,258.0,,99.0,592.94140625,,0
1782298945.061926,7305.989210,257.0,,99.0,592.94140625,,0
1782298945.161947,7306.089231,257.0,,99.0,592.94140625,,0
1782298945.261936,7306.189219,258.0,,99.0,592.94140625,,0
1782298945.361947,7306.289231,258.0,,99.0,592.94140625,,0
1782298945.461931,7306.389216,259.0,,99.0,592.94140625,,0
1782298945.561932,7306.489215,259.0,,99.0,592.94140625,,0
1782298945.661843,7306.589126,258.0,,99.0,592.94140625,,0
1782298945.761930,7306.689213,258.0,,99.0,592.94140625,,0
1782298945.861929,7306.789214,258.0,,99.0,592.94140625,,0
1782298945.961926,7306.889209,257.0,,99.0,592.94140625,,0
1782298946.061846,7306.989129,258.0,,99.0,592.94140625,,0
1782298946.161930,7307.089215,258.0,,99.0,592.94140625,,0
1782298946.261926,7307.189211,259.0,,99.0,592.94140625,,0
1782298946.361928,7307.289213,258.0,,99.0,592.94140625,,0
1782298946.461925,7307.389210,259.0,,99.0,592.94140625,,0
1782298946.561929,7307.489213,258.0,,99.0,592.94140625,,0
1782298946.661934,7307.589217,257.0,,99.0,592.94140625,,0
1782298946.761935,7307.689219,257.0,,99.0,592.94140625,,0
1782298946.861934,7307.789218,258.0,,99.0,592.94140625,,0
1782298946.961929,7307.889213,258.0,,99.0,592.94140625,,0
1782298947.061931,7307.989215,258.0,,99.0,592.94140625,,0
1782298947.161937,7308.089221,258.0,,99.0,592.94140625,,0
1782298947.261930,7308.189215,258.0,,99.0,592.94140625,,0
1782298947.361935,7308.289218,258.0,,99.0,592.94140625,,0
1782298947.461947,7308.389231,259.0,,99.0,592.94140625,,0
1782298947.561861,7308.489145,258.0,,99.0,592.94140625,,0
1782298947.661926,7308.589210,258.0,,99.0,592.94140625,,0
1782298947.761925,7308.689209,258.0,,99.0,592.94140625,,0
1782298947.861843,7308.789126,258.0,,99.0,592.94140625,,0
1782298947.961930,7308.889213,258.0,,99.0,592.94140625,,0
1782298948.061933,7308.989218,258.0,,99.0,592.94140625,,0
1782298948.161928,7309.089211,258.0,,99.0,592.94140625,,0
1782298948.261916,7309.189201,258.0,,99.0,592.94140625,,0
1782298948.361936,7309.289220,258.0,,99.0,592.94140625,,0
1782298948.461937,7309.389222,259.0,,99.0,592.94140625,,0
1782298948.561925,7309.489209,258.0,,99.0,592.94140625,,0
1782298948.661933,7309.589217,258.0,,99.0,592.94140625,,0
1782298948.761929,7309.689213,259.0,,99.0,592.94140625,,0
1782298948.861932,7309.789216,258.0,,99.0,592.94140625,,0
1782298948.961843,7309.889126,258.0,,99.0,592.94140625,,0
1782298949.061927,7309.989212,258.0,,99.0,592.94140625,,0
1782298949.161935,7310.089219,258.0,,99.0,592.94140625,,0
1782298949.261934,7310.189220,258.0,,99.0,592.94140625,,0
1782298949.361925,7310.289209,258.0,,99.0,592.94140625,,0
1782298949.461926,7310.389210,258.0,,99.0,592.94140625,,0
1782298949.561843,7310.489126,258.0,,99.0,592.94140625,,0
1782298949.661928,7310.589213,258.0,,99.0,592.94140625,,0
1782298949.761843,7310.689126,258.0,,99.0,592.94140625,,0
1782298949.861923,7310.789207,258.0,,99.0,592.94140625,,0
1782298949.961933,7310.889217,258.0,,99.0,592.94140625,,0
1782298950.061937,7310.989221,257.0,,99.0,592.94140625,,0
1782298950.161843,7311.089126,257.0,,99.0,592.94140625,,0
1782298950.261930,7311.189215,257.0,,99.0,592.94140625,,0
1782298950.361930,7311.289214,256.0,,99.0,592.94140625,,0
1782298950.461930,7311.389214,256.0,,99.0,592.94140625,,0
1782298950.561934,7311.489219,255.0,,99.0,592.94140625,,0
1782298950.661947,7311.589230,256.0,,99.0,592.94140625,,0
1782298950.761930,7311.689215,256.0,,99.0,592.94140625,,0
1782298950.861936,7311.789221,256.0,,99.0,592.94140625,,0
1782298950.961843,7311.889126,258.0,,99.0,592.94140625,,0
1782298951.061936,7311.989221,260.0,,99.0,592.94140625,,0
1782298951.161932,7312.089217,256.0,,99.0,592.94140625,,0
1782298951.261925,7312.189210,255.0,,99.0,592.94140625,,0
1782298951.361929,7312.289214,257.0,,99.0,592.94140625,,0
1782298951.461846,7312.389129,258.0,,99.0,592.94140625,,0
1782298951.561843,7312.489126,258.0,,99.0,592.94140625,,0
1782298951.661925,7312.589210,258.0,,99.0,592.94140625,,0
1782298951.761932,7312.689215,259.0,,99.0,592.94140625,,0
1782298951.861928,7312.789213,259.0,,99.0,592.94140625,,0
1782298951.961934,7312.889217,260.0,,99.0,592.94140625,,0
1782298952.061945,7312.989229,257.0,,99.0,592.94140625,,0
1782298952.161930,7313.089214,256.0,,99.0,592.94140625,,0
1782298952.261931,7313.189215,256.0,,99.0,592.94140625,,0
1782298952.361934,7313.289218,258.0,,99.0,592.94140625,,0
1782298952.461933,7313.389216,256.0,,99.0,592.94140625,,0
1782298952.561926,7313.489210,257.0,,99.0,592.94140625,,0
1782298952.661929,7313.589213,256.0,,99.0,592.94140625,,0
1782298952.761925,7313.689209,255.0,,99.0,592.94140625,,0
1782298952.861927,7313.789211,256.0,,99.0,592.94140625,,0
1782298952.961934,7313.889219,256.0,,99.0,592.94140625,,0
1782298953.061944,7313.989228,49.0,,3.0,584.92578125,,0
1782298953.161943,7314.089227,49.0,,3.0,584.92578125,,0
1782298953.261855,7314.189140,41.0,,3.0,415.58203125,,0
1782298953.361939,7314.289224,38.0,,3.0,354.71484375,,0
1782298953.461939,7314.389223,32.0,,1.0,354.71484375,,0
1782298953.561936,7314.489220,27.0,,,354.71484375,,0
1782298953.661947,7314.589232,27.0,,,354.71484375,,0
1782298953.761941,7314.689226,14.0,,,354.71484375,,0
