sample_epoch,mono_s,power_w,energy_uj,gfx_busy_pct,vram_used_mb,sclk_mhz,device_id
1782297892.194671,6253.121954,18.0,,,338.27734375,,0
1782297892.294848,6253.222133,19.0,,2.0,338.27734375,,0
1782297892.394819,6253.322104,23.0,,,338.27734375,,0
1782297892.494817,6253.422102,16.0,,,338.27734375,,0
1782297892.594817,6253.522102,20.0,,,338.27734375,,0
1782297892.697725,6253.625008,17.0,,,338.27734375,,0
1782297892.794725,6253.722008,21.0,,,338.27734375,,0
1782297892.894834,6253.822119,26.0,,3.0,338.27734375,,0
1782297892.994824,6253.922108,18.0,,1.0,338.27734375,,0
1782297893.094845,6254.022130,18.0,,,338.27734375,,0
1782297893.194824,6254.122108,18.0,,,338.27734375,,0
1782297893.294823,6254.222107,18.0,,,338.27734375,,0
1782297893.394856,6254.322141,22.0,,,338.27734375,,0
1782297893.494837,6254.422121,18.0,,1.0,338.27734375,,0
1782297893.594823,6254.522107,18.0,,,338.27734375,,0
1782297893.694821,6254.622105,18.0,,,338.27734375,,0
1782297893.794845,6254.722129,18.0,,,338.27734375,,0
1782297893.894825,6254.822110,16.0,,,338.27734375,,0
1782297893.994828,6254.922113,21.0,,,338.27734375,,0
1782297894.094836,6255.022121,18.0,,5.0,338.27734375,,0
1782297894.194823,6255.122107,19.0,,,338.27734375,,0
1782297894.294823,6255.222107,16.0,,,338.27734375,,0
1782297894.394829,6255.322113,17.0,,,338.27734375,,0
1782297894.494823,6255.422107,22.0,,,338.27734375,,0
1782297894.594822,6255.522106,18.0,,,338.27734375,,0
1782297894.694835,6255.622119,26.0,,3.0,338.27734375,,0
1782297894.794854,6255.722138,18.0,,1.0,338.27734375,,0
1782297894.894842,6255.822126,23.0,,,338.27734375,,0
1782297894.994842,6255.922126,18.0,,,338.27734375,,0
1782297895.094821,6256.022105,20.0,,,338.27734375,,0
1782297895.194823,6256.122107,18.0,,,338.27734375,,0
1782297895.294836,6256.222120,18.0,,,338.27734375,,0
1782297895.394825,6256.322109,18.0,,1.0,338.27734375,,0
1782297895.494823,6256.422107,17.0,,,338.27734375,,0
1782297895.594824,6256.522108,18.0,,,338.27734375,,0
1782297895.694849,6256.622132,16.0,,,338.27734375,,0
1782297895.794851,6256.722134,17.0,,,338.27734375,,0
1782297895.894773,6256.822059,17.0,,,338.27734375,,0
1782297895.994825,6256.922110,21.0,,,338.27734375,,0
1782297896.094821,6257.022105,21.0,,,338.27734375,,0
1782297896.194825,6257.122109,17.0,,,338.27734375,,0
1782297896.294854,6257.222138,21.0,,,338.27734375,,0
1782297896.394847,6257.322131,17.0,,,338.27734375,,0
1782297896.494731,6257.422015,18.0,,,338.27734375,,0
1782297896.594826,6257.522111,21.0,,,338.2890625,,0
1782297896.694770,6257.622054,22.0,,3.0,338.27734375,,0
1782297896.794814,6257.722098,18.0,,1.0,338.27734375,,0
1782297896.894844,6257.822127,17.0,,,338.27734375,,0
1782297896.994822,6257.922106,18.0,,,338.27734375,,0
1782297897.094731,6258.022015,25.0,,,338.27734375,,0
1782297897.194849,6258.122133,17.0,,,338.27734375,,0
1782297897.294819,6258.222104,22.0,,3.0,338.3203125,,0
1782297897.394746,6258.322030,20.0,,2.0,338.3203125,,0
1782297897.494744,6258.422028,19.0,,,338.3203125,,0
1782297897.594843,6258.522127,18.0,,,338.3203125,,0
1782297897.694866,6258.622150,21.0,,3.0,541.07421875,,0
1782297897.794800,6258.722084,46.0,,54.0,582.53515625,,0
1782297897.894802,6258.822085,37.0,,3.0,568.51953125,,0
1782297897.994849,6258.922134,60.0,,58.0,582.5390625,,0
1782297898.094834,6259.022118,73.0,,100.0,582.5390625,,0
1782297898.194840,6259.122124,187.0,,100.0,582.5390625,,0
1782297898.294857,6259.222141,226.0,,100.0,582.5390625,,0
1782297898.394835,6259.322119,262.0,,100.0,582.5390625,,0
1782297898.494818,6259.422102,244.0,,100.0,582.5390625,,0
1782297898.594822,6259.522106,241.0,,100.0,582.5390625,,0
1782297898.694813,6259.622096,242.0,,100.0,582.5390625,,0
1782297898.794814,6259.722098,246.0,,100.0,582.5390625,,0
1782297898.894818,6259.822101,248.0,,100.0,582.5390625,,0
1782297898.994817,6259.922100,252.0,,100.0,582.5390625,,0
1782297899.094828,6260.022113,256.0,,100.0,582.5390625,,0
1782297899.194816,6260.122099,258.0,,100.0,582.5390625,,0
1782297899.294819,6260.222102,260.0,,100.0,582.5390625,,0
1782297899.394840,6260.322124,265.0,,100.0,582.5390625,,0
1782297899.494814,6260.422099,266.0,,100.0,582.5390625,,0
1782297899.594817,6260.522102,266.0,,100.0,582.5390625,,0
1782297899.694812,6260.622095,267.0,,100.0,582.5390625,,0
1782297899.794815,6260.722098,267.0,,100.0,582.5390625,,0
1782297899.894831,6260.822115,268.0,,100.0,582.5390625,,0
1782297899.994818,6260.922104,267.0,,100.0,582.5390625,,0
1782297900.094809,6261.022093,268.0,,100.0,582.5390625,,0
1782297900.194818,6261.122102,268.0,,100.0,582.5390625,,0
1782297900.294825,6261.222108,268.0,,100.0,582.5390625,,0
1782297900.394814,6261.322097,268.0,,100.0,582.5390625,,0
1782297900.494826,6261.422111,267.0,,100.0,582.5390625,,0
1782297900.594827,6261.522110,267.0,,100.0,582.5390625,,0
1782297900.694816,6261.622101,268.0,,100.0,582.5390625,,0
1782297900.794815,6261.722098,268.0,,100.0,582.5390625,,0
1782297900.894816,6261.822100,267.0,,100.0,582.5390625,,0
1782297900.994823,6261.922108,268.0,,100.0,582.5390625,,0
1782297901.094816,6262.022099,268.0,,100.0,582.5390625,,0
1782297901.194805,6262.122088,268.0,,100.0,582.5390625,,0
1782297901.294826,6262.222111,267.0,,100.0,582.5390625,,0
1782297901.394825,6262.322109,268.0,,100.0,582.5390625,,0
1782297901.494812,6262.422095,269.0,,100.0,582.5390625,,0
1782297901.594809,6262.522092,268.0,,100.0,582.5390625,,0
1782297901.694813,6262.622097,268.0,,100.0,582.5390625,,0
1782297901.794811,6262.722096,268.0,,100.0,582.5390625,,0
1782297901.894764,6262.822049,268.0,,100.0,582.5390625,,0
1782297901.994813,6262.922098,267.0,,100.0,582.5390625,,0
1782297902.094723,6263.022006,269.0,,100.0,582.5390625,,0
1782297902.194816,6263.122101,268.0,,100.0,582.5390625,,0
1782297902.294809,6263.222092,268.0,,100.0,582.5390625,,0
1782297902.394815,6263.322098,268.0,,100.0,582.5390625,,0
1782297902.494810,6263.422094,268.0,,100.0,582.5390625,,0
1782297902.594816,6263.522100,268.0,,100.0,582.5390625,,0
1782297902.694811,6263.622094,268.0,,100.0,582.5390625,,0
1782297902.794811,6263.722094,266.0,,100.0,582.5390625,,0
1782297902.894830,6263.822115,267.0,,100.0,582.5390625,,0
1782297902.994814,6263.922098,268.0,,100.0,582.5390625,,0
1782297903.094813,6264.022096,268.0,,100.0,582.5390625,,0
1782297903.194822,6264.122105,269.0,,100.0,582.5390625,,0
1782297903.294805,6264.222088,269.0,,100.0,582.5390625,,0
1782297903.394819,6264.322102,268.0,,100.0,582.5390625,,0
1782297903.494823,6264.422107,269.0,,100.0,582.5390625,,0
1782297903.594815,6264.522100,268.0,,100.0,582.5390625,,0
1782297903.694818,6264.622101,268.0,,100.0,582.5390625,,0
1782297903.794815,6264.722100,269.0,,100.0,582.5390625,,0
1782297903.894820,6264.822103,268.0,,100.0,582.5390625,,0
1782297903.994823,6264.922108,268.0,,100.0,582.5390625,,0
1782297904.094819,6265.022102,268.0,,100.0,582.5390625,,0
1782297904.194806,6265.122089,269.0,,100.0,582.5390625,,0
1782297904.294825,6265.222108,268.0,,100.0,582.5390625,,0
1782297904.394810,6265.322093,269.0,,100.0,582.5390625,,0
1782297904.494812,6265.422097,269.0,,100.0,582.5390625,,0
1782297904.594815,6265.522099,269.0,,100.0,582.5390625,,0
1782297904.694841,6265.622126,269.0,,100.0,582.5390625,,0
1782297904.794724,6265.722007,250.0,,100.0,582.5390625,,0
1782297904.894841,6265.822126,268.0,,100.0,582.5390625,,0
1782297904.994841,6265.922125,268.0,,100.0,582.5390625,,0
1782297905.094819,6266.022102,269.0,,100.0,582.5390625,,0
1782297905.194815,6266.122099,268.0,,100.0,582.5390625,,0
1782297905.294814,6266.222098,269.0,,100.0,582.5390625,,0
1782297905.394812,6266.322096,269.0,,100.0,582.5390625,,0
1782297905.494813,6266.422097,269.0,,100.0,582.5390625,,0
1782297905.594815,6266.522100,269.0,,100.0,582.5390625,,0
1782297905.694813,6266.622098,269.0,,100.0,582.5390625,,0
1782297905.794808,6266.722092,268.0,,100.0,582.5390625,,0
1782297905.894811,6266.822096,269.0,,100.0,582.5390625,,0
1782297905.994812,6266.922097,268.0,,100.0,582.5390625,,0
1782297906.094816,6267.022100,269.0,,100.0,582.5390625,,0
1782297906.194824,6267.122107,269.0,,100.0,582.5390625,,0
1782297906.294809,6267.222093,260.0,,99.0,582.5390625,,0
1782297906.394815,6267.322099,298.0,,100.0,582.5390625,,0
1782297906.494809,6267.422092,266.0,,100.0,582.5390625,,0
1782297906.594810,6267.522093,250.0,,99.0,582.5390625,,0
1782297906.694812,6267.622096,301.0,,100.0,582.5390625,,0
1782297906.794811,6267.722095,306.0,,100.0,582.5390625,,0
1782297906.894810,6267.822095,306.0,,99.0,582.5390625,,0
1782297906.994813,6267.922096,238.0,,100.0,582.5390625,,0
1782297907.094816,6268.022100,234.0,,100.0,582.5390625,,0
1782297907.194810,6268.122093,248.0,,100.0,582.5390625,,0
1782297907.294812,6268.222095,237.0,,100.0,582.5390625,,0
1782297907.394811,6268.322095,244.0,,100.0,582.5390625,,0
1782297907.494812,6268.422095,300.0,,100.0,582.5390625,,0
1782297907.594826,6268.522110,300.0,,100.0,582.5390625,,0
1782297907.694808,6268.622091,240.0,,100.0,582.5390625,,0
1782297907.794825,6268.722109,302.0,,100.0,582.5390625,,0
1782297907.894814,6268.822097,269.0,,100.0,582.5390625,,0
1782297907.994811,6268.922094,269.0,,100.0,582.5390625,,0
1782297908.094820,6269.022104,261.0,,98.0,582.5390625,,0
1782297908.194813,6269.122096,268.0,,100.0,582.5390625,,0
1782297908.294812,6269.222095,268.0,,100.0,582.5390625,,0
1782297908.394845,6269.322129,269.0,,100.0,582.5390625,,0
1782297908.494818,6269.422101,269.0,,100.0,582.5390625,,0
1782297908.594812,6269.522096,269.0,,100.0,582.5390625,,0
1782297908.694815,6269.622100,269.0,,100.0,582.5390625,,0
1782297908.794811,6269.722094,269.0,,100.0,582.5390625,,0
1782297908.894812,6269.822096,269.0,,100.0,582.5390625,,0
1782297908.994825,6269.922110,269.0,,100.0,582.5390625,,0
1782297909.094818,6270.022101,269.0,,100.0,582.5390625,,0
1782297909.194814,6270.122099,269.0,,100.0,582.5390625,,0
1782297909.294810,6270.222093,269.0,,100.0,582.5390625,,0
1782297909.394812,6270.322095,269.0,,100.0,582.5390625,,0
1782297909.494815,6270.422099,268.0,,100.0,582.5390625,,0
1782297909.594830,6270.522113,268.0,,100.0,582.5390625,,0
1782297909.694810,6270.622093,269.0,,100.0,582.5390625,,0
1782297909.794810,6270.722094,269.0,,100.0,582.5390625,,0
1782297909.894809,6270.822092,270.0,,100.0,582.5390625,,0
1782297909.994807,6270.922091,269.0,,100.0,582.5390625,,0
1782297910.094824,6271.022107,269.0,,100.0,582.5390625,,0
1782297910.194809,6271.122093,269.0,,100.0,582.5390625,,0
1782297910.294807,6271.222091,270.0,,100.0,582.5390625,,0
1782297910.394825,6271.322109,269.0,,100.0,582.5390625,,0
1782297910.494810,6271.422093,270.0,,100.0,582.5390625,,0
1782297910.594815,6271.522098,268.0,,100.0,582.5390625,,0
1782297910.694812,6271.622095,269.0,,100.0,582.5390625,,0
1782297910.794810,6271.722094,270.0,,100.0,582.5390625,,0
1782297910.894809,6271.822094,269.0,,100.0,582.5390625,,0
1782297910.994810,6271.922095,270.0,,100.0,582.5390625,,0
1782297911.094809,6272.022092,270.0,,100.0,582.5390625,,0
1782297911.194812,6272.122096,270.0,,100.0,582.5390625,,0
1782297911.294810,6272.222093,270.0,,100.0,582.5390625,,0
1782297911.394811,6272.322094,269.0,,100.0,582.5390625,,0
1782297911.494807,6272.422091,269.0,,100.0,582.5390625,,0
1782297911.594815,6272.522100,269.0,,100.0,582.5390625,,0
1782297911.694813,6272.622099,269.0,,100.0,582.5390625,,0
1782297911.794818,6272.722101,271.0,,100.0,582.5390625,,0
1782297911.894816,6272.822100,270.0,,100.0,582.5390625,,0
1782297911.994804,6272.922088,271.0,,100.0,582.5390625,,0
1782297912.094819,6273.022103,271.0,,100.0,582.5390625,,0
1782297912.194817,6273.122100,270.0,,100.0,582.5390625,,0
1782297912.294817,6273.222101,270.0,,100.0,582.5390625,,0
1782297912.394813,6273.322097,270.0,,100.0,582.5390625,,0
1782297912.494824,6273.422107,270.0,,100.0,582.5390625,,0
1782297912.594827,6273.522112,270.0,,100.0,582.5390625,,0
1782297912.694849,6273.622133,270.0,,100.0,582.5390625,,0
1782297912.794814,6273.722097,271.0,,100.0,582.5390625,,0
1782297912.894810,6273.822093,270.0,,100.0,582.5390625,,0
1782297912.994820,6273.922103,269.0,,100.0,582.5390625,,0
1782297913.094814,6274.022097,269.0,,100.0,582.5390625,,0
1782297913.194824,6274.122107,270.0,,100.0,582.5390625,,0
1782297913.294819,6274.222104,270.0,,100.0,582.5390625,,0
1782297913.394817,6274.322101,271.0,,100.0,582.5390625,,0
1782297913.494814,6274.422098,272.0,,100.0,582.5390625,,0
1782297913.594814,6274.522098,270.0,,100.0,582.5390625,,0
1782297913.694815,6274.622099,271.0,,100.0,582.5390625,,0
1782297913.794819,6274.722104,270.0,,100.0,582.5390625,,0
1782297913.894814,6274.822100,270.0,,100.0,582.5390625,,0
1782297913.994814,6274.922099,270.0,,100.0,582.5390625,,0
1782297914.094821,6275.022104,271.0,,100.0,582.5390625,,0
1782297914.194824,6275.122109,271.0,,100.0,582.5390625,,0
1782297914.294825,6275.222110,272.0,,100.0,582.5390625,,0
1782297914.394814,6275.322099,271.0,,100.0,582.5390625,,0
1782297914.494827,6275.422111,271.0,,100.0,582.5390625,,0
1782297914.594809,6275.522092,270.0,,100.0,582.5390625,,0
1782297914.694854,6275.622138,269.0,,100.0,582.5390625,,0
1782297914.794828,6275.722113,270.0,,100.0,582.5390625,,0
1782297914.894811,6275.822095,271.0,,100.0,582.5390625,,0
1782297914.994830,6275.922113,272.0,,100.0,582.5390625,,0
1782297915.094815,6276.022100,272.0,,100.0,582.5390625,,0
1782297915.194805,6276.122088,271.0,,100.0,582.5390625,,0
1782297915.294816,6276.222100,272.0,,100.0,582.5390625,,0
1782297915.394826,6276.322109,271.0,,100.0,582.5390625,,0
1782297915.494816,6276.422099,271.0,,100.0,582.5390625,,0
1782297915.594817,6276.522102,271.0,,100.0,582.5390625,,0
1782297915.694816,6276.622099,271.0,,100.0,582.5390625,,0
1782297915.794811,6276.722095,272.0,,100.0,582.5390625,,0
1782297915.894826,6276.822110,271.0,,100.0,582.5390625,,0
1782297915.994828,6276.922112,271.0,,100.0,582.5390625,,0
1782297916.094829,6277.022114,271.0,,100.0,582.5390625,,0
1782297916.194814,6277.122097,272.0,,100.0,582.5390625,,0
1782297916.294824,6277.222107,272.0,,100.0,582.5390625,,0
1782297916.394827,6277.322112,271.0,,100.0,582.5390625,,0
1782297916.494824,6277.422109,271.0,,100.0,582.5390625,,0
1782297916.594814,6277.522097,271.0,,100.0,582.5390625,,0
1782297916.694814,6277.622099,272.0,,100.0,582.5390625,,0
1782297916.794814,6277.722098,273.0,,100.0,582.5390625,,0
1782297916.894822,6277.822106,273.0,,100.0,582.5390625,,0
1782297916.994816,6277.922099,272.0,,100.0,582.5390625,,0
1782297917.094817,6278.022101,271.0,,100.0,582.5390625,,0
1782297917.194815,6278.122099,272.0,,100.0,582.5390625,,0
1782297917.294827,6278.222110,272.0,,100.0,582.5390625,,0
1782297917.394814,6278.322097,270.0,,100.0,582.5390625,,0
1782297917.494816,6278.422100,271.0,,100.0,582.5390625,,0
1782297917.594814,6278.522098,272.0,,100.0,582.5390625,,0
1782297917.694811,6278.622094,271.0,,100.0,582.5390625,,0
1782297917.794811,6278.722097,272.0,,100.0,582.5390625,,0
1782297917.894814,6278.822097,271.0,,100.0,582.5390625,,0
1782297917.994814,6278.922098,271.0,,100.0,582.5390625,,0
1782297918.094846,6279.022129,272.0,,100.0,582.5390625,,0
1782297918.194816,6279.122101,271.0,,100.0,582.5390625,,0
1782297918.294810,6279.222095,271.0,,100.0,582.5390625,,0
1782297918.394828,6279.322111,271.0,,100.0,582.5390625,,0
1782297918.494808,6279.422092,271.0,,100.0,582.5390625,,0
1782297918.594817,6279.522100,271.0,,100.0,582.5390625,,0
1782297918.694814,6279.622097,271.0,,100.0,582.5390625,,0
1782297918.794808,6279.722091,272.0,,100.0,582.5390625,,0
1782297918.894812,6279.822095,271.0,,100.0,582.5390625,,0
1782297918.994825,6279.922108,271.0,,100.0,582.5390625,,0
1782297919.094832,6280.022115,271.0,,100.0,582.5390625,,0
1782297919.194829,6280.122113,271.0,,100.0,582.5390625,,0
1782297919.294809,6280.222094,270.0,,100.0,582.5390625,,0
1782297919.394814,6280.322097,270.0,,100.0,582.5390625,,0
1782297919.494824,6280.422108,271.0,,100.0,582.5390625,,0
1782297919.594809,6280.522093,272.0,,100.0,582.5390625,,0
1782297919.694814,6280.622098,272.0,,100.0,582.5390625,,0
1782297919.794816,6280.722099,271.0,,100.0,582.5390625,,0
1782297919.894811,6280.822095,271.0,,100.0,582.5390625,,0
1782297919.994824,6280.922108,272.0,,100.0,582.5390625,,0
1782297920.094818,6281.022103,270.0,,100.0,582.5390625,,0
1782297920.194814,6281.122098,270.0,,100.0,582.5390625,,0
1782297920.294830,6281.222114,270.0,,100.0,582.5390625,,0
1782297920.394835,6281.322120,271.0,,100.0,582.5390625,,0
1782297920.494831,6281.422114,272.0,,100.0,582.5390625,,0
1782297920.594815,6281.522098,270.0,,100.0,582.5390625,,0
1782297920.694831,6281.622115,271.0,,100.0,582.5390625,,0
1782297920.794820,6281.722103,272.0,,100.0,582.5390625,,0
1782297920.894830,6281.822114,271.0,,100.0,582.5390625,,0
1782297920.994817,6281.922102,271.0,,100.0,582.5390625,,0
1782297921.094816,6282.022101,271.0,,100.0,582.5390625,,0
1782297921.194815,6282.122098,271.0,,100.0,582.5390625,,0
1782297921.294815,6282.222099,271.0,,100.0,582.5390625,,0
1782297921.394809,6282.322093,272.0,,100.0,582.5390625,,0
1782297921.494804,6282.422087,271.0,,100.0,582.5390625,,0
1782297921.594813,6282.522097,271.0,,100.0,582.5390625,,0
1782297921.694826,6282.622109,272.0,,100.0,582.5390625,,0
1782297921.794816,6282.722099,271.0,,100.0,582.5390625,,0
1782297921.894811,6282.822095,271.0,,100.0,582.5390625,,0
1782297921.994820,6282.922103,271.0,,100.0,582.5390625,,0
1782297922.094834,6283.022118,271.0,,100.0,582.5390625,,0
1782297922.194826,6283.122110,271.0,,100.0,582.5390625,,0
1782297922.294831,6283.222116,271.0,,100.0,582.5390625,,0
1782297922.394819,6283.322102,270.0,,100.0,582.5390625,,0
1782297922.494828,6283.422111,295.0,,100.0,582.5390625,,0
1782297922.594818,6283.522102,267.0,,100.0,582.5390625,,0
1782297922.694834,6283.622118,242.0,,100.0,582.5390625,,0
1782297922.794821,6283.722104,300.0,,100.0,582.5390625,,0
1782297922.894824,6283.822109,304.0,,100.0,582.5390625,,0
1782297922.994809,6283.922092,267.0,,100.0,582.5390625,,0
1782297923.094825,6284.022108,265.0,,100.0,582.5390625,,0
1782297923.194816,6284.122101,298.0,,100.0,582.5390625,,0
1782297923.294824,6284.222108,253.0,,100.0,582.5390625,,0
1782297923.394813,6284.322097,272.0,,100.0,582.5390625,,0
1782297923.494826,6284.422111,262.0,,100.0,582.5390625,,0
1782297923.594824,6284.522109,239.0,,100.0,582.5390625,,0
1782297923.694805,6284.622089,274.0,,100.0,582.5390625,,0
1782297923.794815,6284.722100,262.0,,100.0,582.5390625,,0
1782297923.894810,6284.822095,272.0,,100.0,582.5390625,,0
1782297923.994814,6284.922097,271.0,,100.0,582.5390625,,0
1782297924.094823,6285.022106,252.0,,100.0,582.5390625,,0
1782297924.194757,6285.122040,272.0,,100.0,582.5390625,,0
1782297924.294729,6285.222012,272.0,,100.0,582.5390625,,0
1782297924.394727,6285.322010,272.0,,100.0,582.5390625,,0
1782297924.494728,6285.422011,271.0,,100.0,582.5390625,,0
1782297924.594728,6285.522011,270.0,,100.0,582.5390625,,0
1782297924.694728,6285.622011,271.0,,100.0,582.5390625,,0
1782297924.794727,6285.722011,272.0,,100.0,582.5390625,,0
1782297924.894727,6285.822010,273.0,,100.0,582.5390625,,0
1782297924.994727,6285.922010,272.0,,100.0,582.5390625,,0
1782297925.094810,6286.022095,271.0,,100.0,582.5390625,,0
1782297925.194810,6286.122095,271.0,,100.0,582.5390625,,0
1782297925.294826,6286.222109,271.0,,100.0,582.5390625,,0
1782297925.394813,6286.322098,272.0,,100.0,582.5390625,,0
1782297925.494813,6286.422096,271.0,,100.0,582.5390625,,0
1782297925.594814,6286.522097,271.0,,100.0,582.5390625,,0
1782297925.694812,6286.622095,272.0,,100.0,582.5390625,,0
1782297925.794811,6286.722094,274.0,,100.0,582.5390625,,0
1782297925.894806,6286.822091,273.0,,100.0,582.5390625,,0
1782297925.994812,6286.922095,271.0,,100.0,582.5390625,,0
1782297926.094850,6287.022134,271.0,,100.0,582.5390625,,0
1782297926.194818,6287.122102,271.0,,100.0,582.5390625,,0
1782297926.294825,6287.222108,273.0,,100.0,582.5390625,,0
1782297926.394804,6287.322087,273.0,,100.0,582.5390625,,0
1782297926.494817,6287.422102,273.0,,100.0,582.5390625,,0
1782297926.594807,6287.522092,273.0,,100.0,582.5390625,,0
1782297926.694815,6287.622099,271.0,,100.0,582.5390625,,0
1782297926.794813,6287.722096,271.0,,100.0,582.5390625,,0
1782297926.894810,6287.822094,272.0,,100.0,582.5390625,,0
1782297926.994806,6287.922089,272.0,,100.0,582.5390625,,0
1782297927.094814,6288.022099,272.0,,100.0,582.5390625,,0
1782297927.194813,6288.122098,273.0,,100.0,582.5390625,,0
1782297927.294806,6288.222089,272.0,,100.0,582.5390625,,0
1782297927.394811,6288.322095,273.0,,100.0,582.5390625,,0
1782297927.494811,6288.422094,272.0,,100.0,582.5390625,,0
1782297927.594816,6288.522101,271.0,,100.0,582.5390625,,0
1782297927.694833,6288.622118,271.0,,100.0,582.5390625,,0
1782297927.794814,6288.722099,272.0,,100.0,582.5390625,,0
1782297927.894809,6288.822093,273.0,,100.0,582.5390625,,0
1782297927.994813,6288.922096,272.0,,100.0,582.5390625,,0
1782297928.094818,6289.022101,273.0,,100.0,582.5390625,,0
1782297928.194822,6289.122106,272.0,,100.0,582.5390625,,0
1782297928.294815,6289.222100,273.0,,100.0,582.5390625,,0
1782297928.394807,6289.322090,272.0,,100.0,582.5390625,,0
1782297928.494813,6289.422096,272.0,,100.0,582.5390625,,0
1782297928.594809,6289.522092,271.0,,100.0,582.5390625,,0
1782297928.694806,6289.622089,273.0,,100.0,582.5390625,,0
1782297928.794817,6289.722102,273.0,,100.0,582.5390625,,0
1782297928.894810,6289.822093,272.0,,100.0,582.5390625,,0
1782297928.994815,6289.922099,273.0,,100.0,582.5390625,,0
1782297929.094818,6290.022101,272.0,,100.0,582.5390625,,0
1782297929.194843,6290.122128,273.0,,100.0,582.5390625,,0
1782297929.294811,6290.222095,272.0,,100.0,582.5390625,,0
1782297929.394811,6290.322094,273.0,,100.0,582.5390625,,0
1782297929.494814,6290.422098,274.0,,100.0,582.5390625,,0
1782297929.594809,6290.522093,273.0,,100.0,582.5390625,,0
1782297929.694817,6290.622100,273.0,,100.0,582.5390625,,0
1782297929.794819,6290.722103,272.0,,100.0,582.5390625,,0
1782297929.894816,6290.822100,272.0,,100.0,582.5390625,,0
1782297929.994818,6290.922101,272.0,,100.0,582.5390625,,0
1782297930.094813,6291.022098,273.0,,100.0,582.5390625,,0
1782297930.194822,6291.122105,273.0,,100.0,582.5390625,,0
1782297930.294820,6291.222104,274.0,,100.0,582.5390625,,0
1782297930.394815,6291.322098,273.0,,100.0,582.5390625,,0
1782297930.494820,6291.422103,273.0,,100.0,582.5390625,,0
1782297930.594818,6291.522101,273.0,,100.0,582.5390625,,0
1782297930.694815,6291.622098,273.0,,100.0,582.5390625,,0
1782297930.794821,6291.722106,272.0,,100.0,582.5390625,,0
1782297930.894814,6291.822097,271.0,,100.0,582.5390625,,0
1782297930.994816,6291.922100,272.0,,100.0,582.5390625,,0
1782297931.094823,6292.022107,273.0,,100.0,582.5390625,,0
1782297931.194817,6292.122100,273.0,,100.0,582.5390625,,0
1782297931.294818,6292.222101,273.0,,100.0,582.5390625,,0
1782297931.394814,6292.322097,273.0,,100.0,582.5390625,,0
1782297931.494817,6292.422100,275.0,,100.0,582.5390625,,0
1782297931.594815,6292.522098,273.0,,100.0,582.5390625,,0
1782297931.694810,6292.622093,273.0,,100.0,582.5390625,,0
1782297931.794820,6292.722105,273.0,,100.0,582.5390625,,0
1782297931.894814,6292.822097,272.0,,100.0,582.5390625,,0
1782297931.994817,6292.922100,272.0,,100.0,582.5390625,,0
1782297932.094836,6293.022120,273.0,,100.0,582.5390625,,0
1782297932.194815,6293.122098,274.0,,100.0,582.5390625,,0
1782297932.294818,6293.222102,273.0,,100.0,582.5390625,,0
1782297932.394819,6293.322102,275.0,,100.0,582.5390625,,0
1782297932.494813,6293.422097,273.0,,100.0,582.5390625,,0
1782297932.594805,6293.522088,273.0,,100.0,582.5390625,,0
1782297932.694818,6293.622102,273.0,,100.0,582.5390625,,0
1782297932.794815,6293.722098,273.0,,100.0,582.5390625,,0
1782297932.894806,6293.822089,273.0,,100.0,582.5390625,,0
1782297932.994813,6293.922096,25.0,,3.0,582.5390625,,0
1782297933.094814,6294.022097,22.0,,3.0,582.5390625,,0
1782297933.194821,6294.122105,21.0,,3.0,582.5390625,,0
1782297933.294743,6294.222028,21.0,,3.0,582.5390625,,0
1782297933.394836,6294.322123,24.0,,3.0,582.5390625,,0
1782297933.494838,6294.422121,26.0,,4.0,582.5390625,,0
1782297933.594815,6294.522098,24.0,,5.0,582.5390625,,0
1782297933.694836,6294.622121,22.0,,3.0,582.5390625,,0
1782297933.794839,6294.722123,25.0,,3.0,582.5390625,,0
1782297933.894815,6294.822098,23.0,,3.0,582.5390625,,0
1782297933.994839,6294.922123,22.0,,2.0,582.5390625,,0
1782297934.094822,6295.022105,24.0,,3.0,582.5390625,,0
1782297934.194837,6295.122120,22.0,,3.0,582.5390625,,0
1782297934.294812,6295.222096,22.0,,3.0,582.5390625,,0
1782297934.394840,6295.322127,23.0,,3.0,582.5390625,,0
1782297934.494837,6295.422121,23.0,,4.0,582.5390625,,0
1782297934.594814,6295.522097,22.0,,3.0,582.5390625,,0
1782297934.694814,6295.622098,22.0,,3.0,582.5390625,,0
1782297934.794817,6295.722101,21.0,,3.0,582.5390625,,0
1782297934.894841,6295.822125,21.0,,3.0,582.5390625,,0
1782297934.994838,6295.922121,22.0,,3.0,582.5390625,,0
1782297935.094832,6296.022117,22.0,,3.0,582.5390625,,0
1782297935.194816,6296.122100,23.0,,3.0,582.5390625,,0
1782297935.294816,6296.222099,21.0,,3.0,582.5390625,,0
1782297935.394836,6296.322120,23.0,,3.0,582.5390625,,0
1782297935.494817,6296.422101,21.0,,3.0,582.5390625,,0
1782297935.594837,6296.522121,23.0,,3.0,582.5390625,,0
1782297935.694821,6296.622105,21.0,,3.0,582.5390625,,0
1782297935.794839,6296.722123,21.0,,3.0,582.5390625,,0
1782297935.894841,6296.822125,21.0,,3.0,582.5390625,,0
1782297935.994842,6296.922127,21.0,,3.0,582.5390625,,0
1782297936.094816,6297.022099,21.0,,3.0,582.5390625,,0
1782297936.194815,6297.122098,20.0,,3.0,582.5390625,,0
1782297936.294820,6297.222103,22.0,,2.0,582.5390625,,0
1782297936.394843,6297.322127,21.0,,3.0,582.5390625,,0
1782297936.494814,6297.422097,23.0,,3.0,582.5390625,,0
1782297936.594838,6297.522122,21.0,,3.0,582.5390625,,0
1782297936.694813,6297.622098,21.0,,2.0,582.5390625,,0
1782297936.794840,6297.722125,22.0,,2.0,582.5390625,,0
1782297936.894835,6297.822120,24.0,,3.0,582.5390625,,0
1782297936.994818,6297.922101,21.0,,3.0,582.5390625,,0
1782297937.094815,6298.022098,23.0,,3.0,582.5390625,,0
1782297937.194815,6298.122098,21.0,,3.0,582.5390625,,0
1782297937.294842,6298.222127,22.0,,3.0,582.5390625,,0
1782297937.394835,6298.322120,22.0,,3.0,582.5390625,,0
1782297937.494815,6298.422098,21.0,,3.0,582.5390625,,0
1782297937.594834,6298.522118,21.0,,3.0,582.5390625,,0
1782297937.694842,6298.622126,21.0,,3.0,582.5390625,,0
1782297937.794814,6298.722097,22.0,,3.0,582.5390625,,0
1782297937.894836,6298.822121,21.0,,3.0,582.5390625,,0
1782297937.994724,6298.922007,190.0,,100.0,582.5390625,,0
1782297938.094722,6299.022005,205.0,,100.0,582.5390625,,0
1782297938.194734,6299.122017,246.0,,100.0,582.5390625,,0
1782297938.294734,6299.222017,256.0,,100.0,582.5390625,,0
1782297938.394733,6299.322017,246.0,,99.0,582.5390625,,0
1782297938.494731,6299.422015,245.0,,100.0,582.5390625,,0
1782297938.594731,6299.522015,248.0,,100.0,582.5390625,,0
1782297938.694733,6299.622016,252.0,,100.0,582.5390625,,0
1782297938.794733,6299.722017,255.0,,100.0,582.5390625,,0
1782297938.894735,6299.822019,258.0,,100.0,582.5390625,,0
1782297938.994752,6299.922037,259.0,,100.0,582.5390625,,0
1782297939.094733,6300.022017,265.0,,100.0,582.5390625,,0
1782297939.194733,6300.122017,266.0,,100.0,582.5390625,,0
1782297939.294733,6300.222017,267.0,,100.0,582.5390625,,0
1782297939.394732,6300.322016,267.0,,100.0,582.5390625,,0
1782297939.494732,6300.422016,269.0,,100.0,582.5390625,,0
1782297939.594732,6300.522016,269.0,,100.0,582.5390625,,0
1782297939.694731,6300.622015,270.0,,100.0,582.5390625,,0
1782297939.794732,6300.722015,269.0,,100.0,582.5390625,,0
1782297939.894732,6300.822015,268.0,,100.0,582.5390625,,0
1782297939.994733,6300.922017,269.0,,100.0,582.5390625,,0
1782297940.094721,6301.022004,269.0,,100.0,582.5390625,,0
1782297940.194731,6301.122015,269.0,,100.0,582.5390625,,0
1782297940.294732,6301.222016,269.0,,100.0,582.5390625,,0
1782297940.394732,6301.322016,268.0,,100.0,582.5390625,,0
1782297940.494732,6301.422016,269.0,,100.0,582.5390625,,0
1782297940.594732,6301.522015,268.0,,100.0,582.5390625,,0
1782297940.694736,6301.622019,268.0,,100.0,582.5390625,,0
1782297940.794814,6301.722098,268.0,,100.0,582.5390625,,0
1782297940.894814,6301.822098,269.0,,100.0,582.5390625,,0
1782297940.994809,6301.922092,269.0,,100.0,582.5390625,,0
1782297941.094724,6302.022007,269.0,,100.0,582.5390625,,0
1782297941.194751,6302.122035,269.0,,100.0,582.5390625,,0
1782297941.294750,6302.222034,268.0,,100.0,582.5390625,,0
1782297941.394809,6302.322093,269.0,,100.0,582.5390625,,0
1782297941.494811,6302.422095,269.0,,100.0,582.5390625,,0
1782297941.594811,6302.522095,269.0,,100.0,582.5390625,,0
1782297941.694814,6302.622098,269.0,,100.0,582.5390625,,0
1782297941.794811,6302.722094,269.0,,100.0,582.5390625,,0
1782297941.894810,6302.822093,269.0,,100.0,582.5390625,,0
1782297941.994815,6302.922098,270.0,,100.0,582.5390625,,0
1782297942.094724,6303.022007,269.0,,100.0,582.5390625,,0
1782297942.194751,6303.122035,269.0,,100.0,582.5390625,,0
1782297942.294810,6303.222094,270.0,,100.0,582.5390625,,0
1782297942.394817,6303.322102,270.0,,100.0,582.5390625,,0
1782297942.494808,6303.422092,270.0,,100.0,582.5390625,,0
1782297942.594813,6303.522097,269.0,,100.0,582.5390625,,0
1782297942.694748,6303.622032,269.0,,100.0,582.5390625,,0
1782297942.794811,6303.722095,268.0,,100.0,582.5390625,,0
1782297942.894811,6303.822094,268.0,,100.0,582.5390625,,0
1782297942.994747,6303.922032,269.0,,100.0,582.5390625,,0
1782297943.094721,6304.022004,269.0,,100.0,582.5390625,,0
1782297943.194732,6304.122016,270.0,,100.0,582.5390625,,0
1782297943.294732,6304.222016,270.0,,100.0,582.5390625,,0
1782297943.394733,6304.322016,270.0,,100.0,582.5390625,,0
1782297943.494732,6304.422015,269.0,,100.0,582.5390625,,0
1782297943.594733,6304.522017,269.0,,100.0,582.5390625,,0
1782297943.694731,6304.622015,269.0,,100.0,582.5390625,,0
1782297943.794731,6304.722014,269.0,,100.0,582.5390625,,0
1782297943.894731,6304.822014,269.0,,100.0,582.5390625,,0
1782297943.994731,6304.922014,270.0,,100.0,582.5390625,,0
1782297944.094733,6305.022016,270.0,,100.0,582.5390625,,0
1782297944.194732,6305.122016,269.0,,100.0,582.5390625,,0
1782297944.294732,6305.222015,270.0,,100.0,582.5390625,,0
1782297944.394731,6305.322015,269.0,,100.0,582.5390625,,0
1782297944.494731,6305.422015,269.0,,100.0,582.5390625,,0
1782297944.594731,6305.522014,269.0,,100.0,582.5390625,,0
1782297944.694732,6305.622016,269.0,,100.0,582.5390625,,0
1782297944.794733,6305.722017,270.0,,100.0,582.5390625,,0
1782297944.894736,6305.822019,268.0,,100.0,582.5390625,,0
1782297944.994808,6305.922091,269.0,,100.0,582.5390625,,0
1782297945.094814,6306.022097,269.0,,100.0,582.5390625,,0
1782297945.194809,6306.122093,270.0,,100.0,582.5390625,,0
1782297945.294811,6306.222094,270.0,,100.0,582.5390625,,0
1782297945.394814,6306.322097,270.0,,100.0,582.5390625,,0
1782297945.494809,6306.422092,269.0,,100.0,582.5390625,,0
1782297945.594812,6306.522095,269.0,,100.0,582.5390625,,0
1782297945.694816,6306.622099,269.0,,100.0,582.5390625,,0
1782297945.794813,6306.722096,270.0,,100.0,582.5390625,,0
1782297945.894811,6306.822094,269.0,,100.0,582.5390625,,0
1782297945.994815,6306.922098,269.0,,100.0,582.5390625,,0
1782297946.094808,6307.022092,269.0,,100.0,582.5390625,,0
1782297946.194817,6307.122102,269.0,,100.0,582.5390625,,0
1782297946.294832,6307.222116,270.0,,100.0,582.5390625,,0
1782297946.394818,6307.322101,269.0,,100.0,582.5390625,,0
1782297946.494813,6307.422098,269.0,,100.0,582.5390625,,0
1782297946.594812,6307.522095,270.0,,100.0,582.5390625,,0
1782297946.694818,6307.622102,270.0,,100.0,582.5390625,,0
1782297946.794809,6307.722092,271.0,,100.0,582.5390625,,0
1782297946.894811,6307.822096,269.0,,100.0,582.5390625,,0
1782297946.994810,6307.922093,267.0,,100.0,582.5390625,,0
1782297947.094809,6308.022092,269.0,,100.0,582.5390625,,0
1782297947.194819,6308.122102,270.0,,100.0,582.5390625,,0
1782297947.294811,6308.222095,269.0,,100.0,582.5390625,,0
1782297947.394806,6308.322090,271.0,,100.0,582.5390625,,0
1782297947.494808,6308.422091,271.0,,100.0,582.5390625,,0
1782297947.594811,6308.522095,270.0,,100.0,582.5390625,,0
1782297947.694810,6308.622094,270.0,,100.0,582.5390625,,0
1782297947.794812,6308.722095,270.0,,100.0,582.5390625,,0
1782297947.894813,6308.822096,269.0,,100.0,582.5390625,,0
1782297947.994810,6308.922093,271.0,,100.0,582.5390625,,0
1782297948.094811,6309.022095,271.0,,100.0,582.5390625,,0
1782297948.194813,6309.122096,271.0,,100.0,582.5390625,,0
1782297948.294811,6309.222094,271.0,,100.0,582.5390625,,0
1782297948.394809,6309.322093,271.0,,100.0,582.5390625,,0
1782297948.494748,6309.422032,270.0,,100.0,582.5390625,,0
1782297948.594735,6309.522019,271.0,,100.0,582.5390625,,0
1782297948.694733,6309.622017,270.0,,100.0,582.5390625,,0
1782297948.794732,6309.722015,272.0,,100.0,582.5390625,,0
1782297948.894752,6309.822037,270.0,,100.0,582.5390625,,0
1782297948.994733,6309.922017,271.0,,100.0,582.5390625,,0
1782297949.094809,6310.022092,273.0,,100.0,582.5390625,,0
1782297949.194747,6310.122032,271.0,,100.0,582.5390625,,0
1782297949.294734,6310.222018,271.0,,100.0,582.5390625,,0
1782297949.394732,6310.322016,270.0,,100.0,582.5390625,,0
1782297949.494732,6310.422016,270.0,,100.0,582.5390625,,0
1782297949.594731,6310.522015,270.0,,100.0,582.5390625,,0
1782297949.694731,6310.622015,271.0,,100.0,582.5390625,,0
1782297949.794732,6310.722015,272.0,,100.0,582.5390625,,0
1782297949.894731,6310.822015,272.0,,100.0,582.5390625,,0
1782297949.994734,6310.922017,271.0,,100.0,582.5390625,,0
1782297950.094734,6311.022018,272.0,,100.0,582.5390625,,0
1782297950.194734,6311.122018,271.0,,100.0,582.5390625,,0
1782297950.294732,6311.222015,271.0,,100.0,582.5390625,,0
1782297950.394732,6311.322015,271.0,,100.0,582.5390625,,0
1782297950.494731,6311.422015,271.0,,100.0,582.5390625,,0
1782297950.594732,6311.522015,272.0,,100.0,582.5390625,,0
1782297950.694731,6311.622015,270.0,,100.0,582.5390625,,0
1782297950.794732,6311.722015,271.0,,100.0,582.5390625,,0
1782297950.894738,6311.822022,271.0,,100.0,582.5390625,,0
1782297950.994813,6311.922096,272.0,,100.0,582.5390625,,0
1782297951.094804,6312.022087,272.0,,100.0,582.5390625,,0
1782297951.194808,6312.122092,272.0,,100.0,582.5390625,,0
1782297951.294814,6312.222099,273.0,,100.0,582.5390625,,0
1782297951.394810,6312.322093,272.0,,100.0,582.5390625,,0
1782297951.494809,6312.422092,272.0,,100.0,582.5390625,,0
1782297951.594818,6312.522101,271.0,,100.0,582.5390625,,0
1782297951.694747,6312.622032,270.0,,100.0,582.5390625,,0
1782297951.794736,6312.722019,271.0,,100.0,582.5390625,,0
1782297951.894806,6312.822089,271.0,,100.0,582.5390625,,0
1782297951.994814,6312.922097,271.0,,100.0,582.5390625,,0
1782297952.094824,6313.022107,271.0,,100.0,582.5390625,,0
1782297952.194815,6313.122099,273.0,,100.0,582.5390625,,0
1782297952.294814,6313.222098,272.0,,100.0,582.5390625,,0
1782297952.394809,6313.322092,272.0,,100.0,582.5390625,,0
1782297952.494822,6313.422105,272.0,,100.0,582.5390625,,0
1782297952.594811,6313.522094,272.0,,100.0,582.5390625,,0
1782297952.694809,6313.622092,271.0,,100.0,582.5390625,,0
1782297952.794813,6313.722097,272.0,,100.0,582.5390625,,0
1782297952.894816,6313.822101,271.0,,100.0,582.5390625,,0
1782297952.994818,6313.922103,272.0,,100.0,582.5390625,,0
1782297953.094802,6314.022086,272.0,,100.0,582.5390625,,0
1782297953.194815,6314.122099,271.0,,100.0,582.5390625,,0
1782297953.294809,6314.222092,271.0,,100.0,582.5390625,,0
1782297953.394813,6314.322096,271.0,,100.0,582.5390625,,0
1782297953.494747,6314.422032,273.0,,100.0,582.5390625,,0
1782297953.594735,6314.522018,268.0,,99.0,582.5390625,,0
1782297953.694733,6314.622016,299.0,,100.0,582.5390625,,0
1782297953.794733,6314.722016,260.0,,100.0,582.5390625,,0
1782297953.894820,6314.822103,271.0,,100.0,582.5390625,,0
1782297953.994811,6314.922094,272.0,,100.0,582.5390625,,0
1782297954.094805,6315.022090,302.0,,100.0,582.5390625,,0
1782297954.194811,6315.122094,268.0,,100.0,582.5390625,,0
1782297954.294811,6315.222094,260.0,,100.0,582.5390625,,0
1782297954.394809,6315.322092,282.0,,100.0,582.5390625,,0
1782297954.494807,6315.422090,292.0,,99.0,582.5390625,,0
1782297954.594819,6315.522102,241.0,,100.0,582.5390625,,0
1782297954.694811,6315.622094,304.0,,100.0,582.5390625,,0
1782297954.794747,6315.722032,299.0,,100.0,582.5390625,,0
1782297954.894737,6315.822021,284.0,,100.0,582.5390625,,0
1782297954.994735,6315.922019,273.0,,100.0,582.5390625,,0
1782297955.094733,6316.022017,273.0,,100.0,582.5390625,,0
1782297955.194810,6316.122093,253.0,,100.0,582.5390625,,0
1782297955.294811,6316.222095,262.0,,100.0,582.5390625,,0
1782297955.394815,6316.322099,305.0,,100.0,582.5390625,,0
1782297955.494812,6316.422095,240.0,,100.0,582.5390625,,0
1782297955.594810,6316.522094,248.0,,100.0,582.5390625,,0
1782297955.694809,6316.622093,273.0,,100.0,582.5390625,,0
1782297955.794747,6316.722032,272.0,,100.0,582.5390625,,0
1782297955.894734,6316.822018,272.0,,100.0,582.5390625,,0
1782297955.994817,6316.922100,273.0,,100.0,582.5390625,,0
1782297956.094823,6317.022108,273.0,,100.0,582.5390625,,0
1782297956.194810,6317.122093,272.0,,100.0,582.5390625,,0
1782297956.294748,6317.222032,272.0,,100.0,582.5390625,,0
1782297956.394736,6317.322019,273.0,,100.0,582.5390625,,0
1782297956.494732,6317.422016,272.0,,100.0,582.5390625,,0
1782297956.594732,6317.522015,272.0,,100.0,582.5390625,,0
1782297956.694732,6317.622015,273.0,,100.0,582.5390625,,0
1782297956.794733,6317.722016,273.0,,100.0,582.5390625,,0
1782297956.894736,6317.822020,273.0,,100.0,582.5390625,,0
1782297956.994736,6317.922020,273.0,,100.0,582.5390625,,0
1782297957.094811,6318.022095,273.0,,100.0,582.5390625,,0
1782297957.194799,6318.122082,272.0,,100.0,582.5390625,,0
1782297957.294813,6318.222097,272.0,,100.0,582.5390625,,0
1782297957.394817,6318.322100,272.0,,100.0,582.5390625,,0
1782297957.494813,6318.422096,272.0,,100.0,582.5390625,,0
1782297957.594812,6318.522096,273.0,,100.0,582.5390625,,0
1782297957.694834,6318.622119,273.0,,100.0,582.5390625,,0
1782297957.794748,6318.722032,274.0,,100.0,582.5390625,,0
1782297957.894735,6318.822019,275.0,,100.0,582.5390625,,0
1782297957.994733,6318.922017,273.0,,100.0,582.5390625,,0
1782297958.094732,6319.022015,273.0,,100.0,582.5390625,,0
1782297958.194734,6319.122018,272.0,,100.0,582.5390625,,0
1782297958.294734,6319.222018,271.0,,100.0,582.5390625,,0
1782297958.394733,6319.322016,272.0,,100.0,582.5390625,,0
1782297958.494733,6319.422017,274.0,,100.0,582.5390625,,0
1782297958.594731,6319.522015,273.0,,100.0,582.5390625,,0
1782297958.694731,6319.622015,273.0,,100.0,582.5390625,,0
1782297958.794730,6319.722014,273.0,,100.0,582.5390625,,0
1782297958.894732,6319.822016,274.0,,100.0,582.5390625,,0
1782297958.994731,6319.922015,273.0,,100.0,582.5390625,,0
1782297959.094742,6320.022026,272.0,,100.0,582.5390625,,0
1782297959.194731,6320.122014,273.0,,100.0,582.5390625,,0
1782297959.294732,6320.222016,273.0,,100.0,582.5390625,,0
1782297959.394732,6320.322015,273.0,,100.0,582.5390625,,0
1782297959.494731,6320.422015,272.0,,100.0,582.5390625,,0
1782297959.594734,6320.522018,273.0,,100.0,582.5390625,,0
1782297959.694732,6320.622016,273.0,,100.0,582.5390625,,0
1782297959.794731,6320.722015,273.0,,100.0,582.5390625,,0
1782297959.894731,6320.822014,274.0,,100.0,582.5390625,,0
1782297959.994730,6320.922013,273.0,,100.0,582.5390625,,0
1782297960.094733,6321.022016,273.0,,100.0,582.5390625,,0
1782297960.194732,6321.122016,272.0,,100.0,582.5390625,,0
1782297960.294732,6321.222016,273.0,,100.0,582.5390625,,0
1782297960.394732,6321.322015,274.0,,100.0,582.5390625,,0
1782297960.494731,6321.422015,274.0,,100.0,582.5390625,,0
1782297960.594731,6321.522014,274.0,,100.0,582.5390625,,0
1782297960.694731,6321.622014,274.0,,100.0,582.5390625,,0
1782297960.794731,6321.722014,273.0,,100.0,582.5390625,,0
1782297960.894732,6321.822016,273.0,,100.0,582.5390625,,0
1782297960.994732,6321.922015,273.0,,100.0,582.5390625,,0
1782297961.094734,6322.022018,273.0,,100.0,582.5390625,,0
1782297961.194824,6322.122109,274.0,,100.0,582.5390625,,0
1782297961.294814,6322.222097,274.0,,100.0,582.5390625,,0
1782297961.394811,6322.322094,273.0,,100.0,582.5390625,,0
1782297961.494809,6322.422094,274.0,,100.0,582.5390625,,0
1782297961.594811,6322.522094,274.0,,100.0,582.5390625,,0
1782297961.694815,6322.622099,274.0,,100.0,582.5390625,,0
1782297961.794811,6322.722094,273.0,,100.0,582.5390625,,0
1782297961.894809,6322.822092,274.0,,100.0,582.5390625,,0
1782297961.994810,6322.922093,273.0,,100.0,582.5390625,,0
1782297962.094750,6323.022034,272.0,,100.0,582.5390625,,0
1782297962.194735,6323.122019,273.0,,100.0,582.5390625,,0
1782297962.294733,6323.222017,273.0,,100.0,582.5390625,,0
1782297962.394732,6323.322016,275.0,,100.0,582.5390625,,0
1782297962.494731,6323.422015,274.0,,100.0,582.5390625,,0
1782297962.594731,6323.522015,274.0,,100.0,582.5390625,,0
1782297962.694731,6323.622015,273.0,,100.0,582.5390625,,0
1782297962.794732,6323.722015,274.0,,100.0,582.5390625,,0
1782297962.894732,6323.822016,274.0,,100.0,582.5390625,,0
1782297962.994735,6323.922019,274.0,,100.0,582.5390625,,0
1782297963.094732,6324.022015,273.0,,100.0,582.5390625,,0
1782297963.194735,6324.122019,274.0,,100.0,582.5390625,,0
1782297963.294733,6324.222017,273.0,,100.0,582.5390625,,0
1782297963.394733,6324.322016,275.0,,100.0,582.5390625,,0
1782297963.494731,6324.422015,274.0,,100.0,582.5390625,,0
1782297963.594731,6324.522014,274.0,,100.0,582.5390625,,0
1782297963.694731,6324.622014,274.0,,100.0,582.5390625,,0
1782297963.794731,6324.722015,274.0,,100.0,582.5390625,,0
1782297963.894734,6324.822018,274.0,,100.0,582.5390625,,0
1782297963.994733,6324.922017,273.0,,100.0,582.5390625,,0
1782297964.094732,6325.022016,273.0,,100.0,582.5390625,,0
1782297964.194731,6325.122015,274.0,,100.0,582.5390625,,0
1782297964.294732,6325.222015,274.0,,100.0,582.5390625,,0
1782297964.394732,6325.322015,276.0,,100.0,582.5390625,,0
1782297964.494731,6325.422014,275.0,,100.0,582.5390625,,0
1782297964.594730,6325.522014,274.0,,100.0,582.5390625,,0
1782297964.694730,6325.622014,275.0,,100.0,582.5390625,,0
1782297964.794731,6325.722015,273.0,,100.0,582.5390625,,0
1782297964.894732,6325.822016,274.0,,100.0,582.5390625,,0
1782297964.994732,6325.922015,274.0,,100.0,582.5390625,,0
1782297965.094733,6326.022017,274.0,,100.0,582.5390625,,0
1782297965.194734,6326.122017,274.0,,100.0,582.5390625,,0
1782297965.294732,6326.222015,274.0,,100.0,582.5390625,,0
1782297965.394731,6326.322015,274.0,,100.0,582.5390625,,0
1782297965.494733,6326.422017,274.0,,100.0,582.5390625,,0
1782297965.594731,6326.522014,274.0,,100.0,582.5390625,,0
1782297965.694732,6326.622016,273.0,,100.0,582.5390625,,0
1782297965.794731,6326.722015,274.0,,100.0,582.5390625,,0
1782297965.894731,6326.822014,275.0,,100.0,582.5390625,,0
1782297965.994730,6326.922014,275.0,,100.0,582.5390625,,0
1782297966.094733,6327.022017,275.0,,100.0,582.5390625,,0
1782297966.194734,6327.122017,274.0,,100.0,582.5390625,,0
1782297966.294732,6327.222015,275.0,,100.0,582.5390625,,0
1782297966.394732,6327.322015,273.0,,100.0,582.5390625,,0
1782297966.494731,6327.422015,274.0,,100.0,582.5390625,,0
1782297966.594731,6327.522014,274.0,,100.0,582.5390625,,0
1782297966.694731,6327.622014,274.0,,100.0,582.5390625,,0
1782297966.794731,6327.722015,274.0,,100.0,582.5390625,,0
1782297966.894736,6327.822020,273.0,,100.0,582.5390625,,0
1782297966.994813,6327.922096,274.0,,100.0,582.5390625,,0
1782297967.094811,6328.022095,274.0,,100.0,582.5390625,,0
1782297967.194814,6328.122097,275.0,,100.0,582.5390625,,0
1782297967.294809,6328.222092,274.0,,100.0,582.5390625,,0
1782297967.394831,6328.322116,274.0,,100.0,582.5390625,,0
1782297967.494807,6328.422090,274.0,,100.0,582.5390625,,0
1782297967.594817,6328.522100,273.0,,100.0,582.5390625,,0
1782297967.694745,6328.622029,275.0,,100.0,582.5390625,,0
1782297967.794735,6328.722019,274.0,,100.0,582.5390625,,0
1782297967.894734,6328.822017,274.0,,100.0,582.5390625,,0
1782297967.994813,6328.922098,273.0,,100.0,582.5390625,,0
1782297968.094803,6329.022087,274.0,,100.0,582.5390625,,0
1782297968.194814,6329.122097,275.0,,100.0,582.5390625,,0
1782297968.294818,6329.222101,275.0,,100.0,582.5390625,,0
1782297968.394818,6329.322102,274.0,,100.0,582.5390625,,0
1782297968.494814,6329.422097,275.0,,100.0,582.5390625,,0
1782297968.594824,6329.522107,274.0,,100.0,582.5390625,,0
1782297968.694750,6329.622034,274.0,,100.0,582.5390625,,0
1782297968.794814,6329.722099,274.0,,100.0,582.5390625,,0
1782297968.894817,6329.822100,274.0,,100.0,582.5390625,,0
1782297968.994761,6329.922044,275.0,,100.0,582.5390625,,0
1782297969.094820,6330.022105,273.0,,100.0,582.5390625,,0
1782297969.194818,6330.122102,274.0,,100.0,582.5390625,,0
1782297969.294811,6330.222095,276.0,,100.0,582.5390625,,0
1782297969.394814,6330.322097,275.0,,100.0,582.5390625,,0
1782297969.494813,6330.422096,275.0,,100.0,582.5390625,,0
1782297969.594817,6330.522100,274.0,,100.0,582.5390625,,0
1782297969.694815,6330.622098,275.0,,100.0,582.5390625,,0
1782297969.794814,6330.722098,273.0,,100.0,582.5390625,,0
1782297969.894747,6330.822032,268.0,,100.0,582.5390625,,0
1782297969.994733,6330.922017,305.0,,100.0,582.5390625,,0
1782297970.094735,6331.022019,258.0,,100.0,582.5390625,,0
1782297970.194734,6331.122017,251.0,,100.0,582.5390625,,0
1782297970.294737,6331.222021,263.0,,100.0,582.5390625,,0
1782297970.394742,6331.322027,295.0,,99.0,582.5390625,,0
1782297970.494748,6331.422032,246.0,,100.0,582.5390625,,0
1782297970.594735,6331.522019,275.0,,100.0,582.5390625,,0
1782297970.694738,6331.622022,274.0,,100.0,582.5390625,,0
1782297970.794735,6331.722019,275.0,,100.0,582.5390625,,0
1782297970.894815,6331.822099,242.0,,100.0,582.5390625,,0
1782297970.994751,6331.922035,274.0,,100.0,582.5390625,,0
1782297971.094836,6332.022121,261.0,,100.0,582.5390625,,0
1782297971.194751,6332.122035,275.0,,100.0,582.5390625,,0
1782297971.294824,6332.222107,256.0,,100.0,582.5390625,,0
1782297971.394751,6332.322035,274.0,,100.0,582.5390625,,0
1782297971.494813,6332.422096,252.0,,100.0,582.5390625,,0
1782297971.594814,6332.522097,270.0,,100.0,582.5390625,,0
1782297971.694747,6332.622032,275.0,,100.0,582.5390625,,0
1782297971.794734,6332.722018,274.0,,100.0,582.5390625,,0
1782297971.894732,6332.822016,273.0,,100.0,582.5390625,,0
1782297971.994731,6332.922015,274.0,,100.0,582.5390625,,0
1782297972.094731,6333.022015,275.0,,100.0,582.5390625,,0
1782297972.194732,6333.122016,275.0,,100.0,582.5390625,,0
1782297972.294732,6333.222016,275.0,,100.0,582.5390625,,0
1782297972.394731,6333.322015,276.0,,100.0,582.5390625,,0
1782297972.494731,6333.422015,276.0,,100.0,582.5390625,,0
1782297972.594731,6333.522015,274.0,,100.0,582.5390625,,0
1782297972.694731,6333.622015,273.0,,100.0,582.5390625,,0
1782297972.794731,6333.722014,273.0,,100.0,582.5390625,,0
1782297972.894736,6333.822019,274.0,,100.0,582.5390625,,0
1782297972.994807,6333.922091,26.0,,1.0,582.5390625,,0
1782297973.094846,6334.022130,27.0,,4.0,582.5390625,,0
1782297973.194841,6334.122126,25.0,,3.0,582.5390625,,0
1782297973.294818,6334.222103,24.0,,2.0,582.5390625,,0
1782297973.394839,6334.322123,25.0,,3.0,582.5390625,,0
1782297973.494821,6334.422104,23.0,,3.0,582.5390625,,0
1782297973.594816,6334.522099,25.0,,3.0,582.5390625,,0
1782297973.694841,6334.622125,23.0,,3.0,582.5390625,,0
1782297973.794839,6334.722122,23.0,,2.0,582.5390625,,0
1782297973.894836,6334.822120,23.0,,3.0,582.5390625,,0
1782297973.994837,6334.922121,23.0,,3.0,582.5390625,,0
1782297974.094856,6335.022140,23.0,,2.0,582.5390625,,0
1782297974.194838,6335.122122,24.0,,2.0,582.5390625,,0
1782297974.294847,6335.222132,23.0,,3.0,582.5390625,,0
1782297974.394839,6335.322123,24.0,,3.0,582.5390625,,0
1782297974.494840,6335.422124,22.0,,4.0,582.5390625,,0
1782297974.594819,6335.522104,23.0,,3.0,582.5390625,,0
1782297974.694816,6335.622099,23.0,,3.0,582.5390625,,0
1782297974.794837,6335.722125,25.0,,3.0,582.5390625,,0
1782297974.894819,6335.822103,26.0,,3.0,582.5390625,,0
1782297974.994829,6335.922112,26.0,,3.0,582.5390625,,0
1782297975.094816,6336.022100,24.0,,3.0,582.5390625,,0
1782297975.194839,6336.122123,23.0,,3.0,582.5390625,,0
1782297975.294841,6336.222125,22.0,,3.0,582.5390625,,0
1782297975.394820,6336.322103,22.0,,3.0,582.5390625,,0
1782297975.494821,6336.422104,23.0,,3.0,582.5390625,,0
1782297975.594817,6336.522100,25.0,,3.0,582.5390625,,0
1782297975.694838,6336.622123,26.0,,3.0,582.5390625,,0
1782297975.794838,6336.722123,22.0,,3.0,582.5390625,,0
1782297975.894819,6336.822103,23.0,,3.0,582.5390625,,0
1782297975.994819,6336.922103,22.0,,3.0,582.5390625,,0
1782297976.094820,6337.022104,23.0,,3.0,582.5390625,,0
1782297976.194836,6337.122121,23.0,,3.0,582.5390625,,0
1782297976.294839,6337.222123,23.0,,3.0,582.5390625,,0
1782297976.394838,6337.322123,27.0,,3.0,582.5390625,,0
1782297976.494815,6337.422098,25.0,,3.0,582.5390625,,0
1782297976.594820,6337.522103,24.0,,3.0,582.5390625,,0
1782297976.694844,6337.622128,23.0,,3.0,582.5390625,,0
1782297976.794842,6337.722126,22.0,,3.0,582.5390625,,0
1782297976.894838,6337.822123,22.0,,3.0,582.5390625,,0
1782297976.994839,6337.922124,22.0,,3.0,582.5390625,,0
1782297977.094829,6338.022113,22.0,,3.0,582.5390625,,0
1782297977.194837,6338.122124,22.0,,3.0,582.5390625,,0
1782297977.294818,6338.222103,23.0,,3.0,582.5390625,,0
1782297977.394835,6338.322119,23.0,,3.0,582.5390625,,0
1782297977.494837,6338.422122,23.0,,3.0,582.5390625,,0
1782297977.594814,6338.522098,22.0,,3.0,582.5390625,,0
1782297977.694818,6338.622103,23.0,,3.0,582.5390625,,0
1782297977.794816,6338.722099,23.0,,3.0,582.5390625,,0
1782297977.894836,6338.822120,23.0,,3.0,582.5390625,,0
1782297977.994809,6338.922093,69.0,,36.0,582.5390625,,0
1782297978.094754,6339.022038,184.0,,100.0,582.5390625,,0
1782297978.194807,6339.122092,222.0,,100.0,582.5390625,,0
1782297978.294810,6339.222094,245.0,,100.0,582.5390625,,0
1782297978.394819,6339.322103,244.0,,100.0,582.5390625,,0
1782297978.494725,6339.422008,244.0,,100.0,582.5390625,,0
1782297978.594804,6339.522089,248.0,,100.0,582.5390625,,0
1782297978.694810,6339.622095,250.0,,100.0,582.5390625,,0
1782297978.794814,6339.722099,253.0,,100.0,582.5390625,,0
1782297978.894812,6339.822096,254.0,,100.0,582.5390625,,0
1782297978.994725,6339.922008,258.0,,100.0,582.5390625,,0
1782297979.094811,6340.022096,262.0,,100.0,582.5390625,,0
1782297979.194756,6340.122040,267.0,,100.0,582.5390625,,0
1782297979.294835,6340.222118,267.0,,100.0,582.5390625,,0
1782297979.394804,6340.322088,267.0,,100.0,582.5390625,,0
1782297979.494814,6340.422097,268.0,,100.0,582.5390625,,0
1782297979.594816,6340.522101,268.0,,100.0,582.5390625,,0
1782297979.694816,6340.622099,267.0,,100.0,582.5390625,,0
1782297979.794814,6340.722099,267.0,,100.0,582.5390625,,0
1782297979.894805,6340.822088,268.0,,100.0,582.5390625,,0
1782297979.994806,6340.922089,268.0,,100.0,582.5390625,,0
1782297980.094811,6341.022094,268.0,,100.0,582.5390625,,0
1782297980.194809,6341.122092,270.0,,100.0,582.5390625,,0
1782297980.294816,6341.222099,269.0,,100.0,582.5390625,,0
1782297980.394831,6341.322116,269.0,,100.0,582.5390625,,0
1782297980.494813,6341.422097,269.0,,100.0,582.5390625,,0
1782297980.594815,6341.522098,268.0,,100.0,582.5390625,,0
1782297980.694812,6341.622095,269.0,,100.0,582.5390625,,0
1782297980.794810,6341.722093,269.0,,100.0,582.5390625,,0
1782297980.894812,6341.822096,270.0,,100.0,582.5390625,,0
1782297980.994811,6341.922095,269.0,,100.0,582.5390625,,0
1782297981.094808,6342.022091,269.0,,100.0,582.5390625,,0
1782297981.194812,6342.122095,270.0,,100.0,582.5390625,,0
1782297981.294806,6342.222089,269.0,,100.0,582.5390625,,0
1782297981.394815,6342.322098,269.0,,100.0,582.5390625,,0
1782297981.494809,6342.422093,270.0,,100.0,582.5390625,,0
1782297981.594805,6342.522088,269.0,,100.0,582.5390625,,0
1782297981.694806,6342.622090,269.0,,100.0,582.5390625,,0
1782297981.794808,6342.722092,269.0,,100.0,582.5390625,,0
1782297981.894805,6342.822088,269.0,,100.0,582.5390625,,0
1782297981.994806,6342.922090,270.0,,100.0,582.5390625,,0
1782297982.094828,6343.022112,269.0,,100.0,582.5390625,,0
1782297982.194825,6343.122109,270.0,,100.0,582.5390625,,0
1782297982.294805,6343.222089,270.0,,100.0,582.5390625,,0
1782297982.394817,6343.322100,270.0,,100.0,582.5390625,,0
1782297982.494809,6343.422093,270.0,,100.0,582.5390625,,0
1782297982.594809,6343.522094,270.0,,100.0,582.5390625,,0
1782297982.694810,6343.622093,270.0,,100.0,582.5390625,,0
1782297982.794805,6343.722088,270.0,,100.0,582.5390625,,0
1782297982.894823,6343.822107,268.0,,100.0,582.5390625,,0
1782297982.994813,6343.922096,269.0,,100.0,582.5390625,,0
1782297983.094812,6344.022097,269.0,,100.0,582.5390625,,0
1782297983.194815,6344.122099,269.0,,100.0,582.5390625,,0
1782297983.294847,6344.222130,270.0,,100.0,582.5390625,,0
1782297983.394804,6344.322088,270.0,,100.0,582.5390625,,0
1782297983.494838,6344.422122,269.0,,100.0,582.5390625,,0
1782297983.594837,6344.522122,269.0,,100.0,582.5390625,,0
1782297983.694811,6344.622094,270.0,,100.0,582.5390625,,0
1782297983.794809,6344.722092,269.0,,100.0,582.5390625,,0
1782297983.894811,6344.822096,270.0,,100.0,582.5390625,,0
1782297983.994814,6344.922098,269.0,,100.0,582.5390625,,0
1782297984.094805,6345.022089,270.0,,100.0,582.5390625,,0
1782297984.194814,6345.122097,270.0,,100.0,582.5390625,,0
1782297984.294806,6345.222089,270.0,,100.0,582.5390625,,0
1782297984.394816,6345.322099,270.0,,100.0,582.5390625,,0
1782297984.494806,6345.422091,270.0,,100.0,582.5390625,,0
1782297984.594805,6345.522089,270.0,,100.0,582.5390625,,0
1782297984.694812,6345.622096,271.0,,100.0,582.5390625,,0
1782297984.794838,6345.722123,269.0,,100.0,582.5390625,,0
1782297984.894804,6345.822088,270.0,,100.0,582.5390625,,0
1782297984.994803,6345.922086,270.0,,100.0,582.5390625,,0
1782297985.094810,6346.022093,269.0,,100.0,582.5390625,,0
1782297985.194815,6346.122099,269.0,,100.0,582.5390625,,0
1782297985.294806,6346.222090,269.0,,100.0,582.5390625,,0
1782297985.394811,6346.322095,270.0,,100.0,582.5390625,,0
1782297985.494804,6346.422087,270.0,,100.0,582.5390625,,0
1782297985.594810,6346.522094,270.0,,100.0,582.5390625,,0
1782297985.694805,6346.622089,270.0,,100.0,582.5390625,,0
1782297985.794808,6346.722092,270.0,,100.0,582.5390625,,0
1782297985.894814,6346.822098,270.0,,100.0,582.5390625,,0
1782297985.994810,6346.922094,270.0,,100.0,582.5390625,,0
1782297986.094806,6347.022089,270.0,,100.0,582.5390625,,0
1782297986.194813,6347.122096,299.0,,100.0,582.5390625,,0
1782297986.294815,6347.222098,302.0,,100.0,582.5390625,,0
1782297986.394810,6347.322094,237.0,,100.0,582.5390625,,0
1782297986.494804,6347.422089,280.0,,100.0,582.5390625,,0
1782297986.594810,6347.522095,270.0,,100.0,582.5390625,,0
1782297986.694808,6347.622091,270.0,,100.0,582.5390625,,0
1782297986.794805,6347.722088,300.0,,100.0,582.5390625,,0
1782297986.894811,6347.822095,290.0,,100.0,582.5390625,,0
1782297986.994803,6347.922086,247.0,,100.0,582.5390625,,0
1782297987.094812,6348.022096,297.0,,100.0,582.5390625,,0
1782297987.194804,6348.122089,270.0,,100.0,582.5390625,,0
1782297987.294811,6348.222096,270.0,,100.0,582.5390625,,0
1782297987.394811,6348.322095,268.0,,100.0,582.5390625,,0
1782297987.494804,6348.422087,270.0,,100.0,582.5390625,,0
1782297987.594810,6348.522094,271.0,,100.0,582.5390625,,0
1782297987.694808,6348.622092,271.0,,100.0,582.5390625,,0
1782297987.794805,6348.722089,271.0,,100.0,582.5390625,,0
1782297987.894804,6348.822087,270.0,,100.0,582.5390625,,0
1782297987.994804,6348.922088,270.0,,100.0,582.5390625,,0
1782297988.094804,6349.022087,260.0,,99.0,582.5390625,,0
1782297988.194812,6349.122097,251.0,,100.0,582.5390625,,0
1782297988.294804,6349.222089,270.0,,100.0,582.5390625,,0
1782297988.394813,6349.322098,270.0,,100.0,582.5390625,,0
1782297988.494804,6349.422089,271.0,,100.0,582.5390625,,0
1782297988.594809,6349.522092,272.0,,100.0,582.5390625,,0
1782297988.694818,6349.622102,271.0,,100.0,582.5390625,,0
1782297988.794844,6349.722127,271.0,,100.0,582.5390625,,0
1782297988.894804,6349.822089,271.0,,100.0,582.5390625,,0
1782297988.994815,6349.922099,271.0,,100.0,582.5390625,,0
1782297989.094805,6350.022088,270.0,,100.0,582.5390625,,0
1782297989.194807,6350.122090,271.0,,100.0,582.5390625,,0
1782297989.294808,6350.222092,272.0,,100.0,582.5390625,,0
1782297989.394812,6350.322096,271.0,,100.0,582.5390625,,0
1782297989.494806,6350.422089,271.0,,100.0,582.5390625,,0
1782297989.594809,6350.522092,271.0,,100.0,582.5390625,,0
1782297989.694803,6350.622087,271.0,,100.0,582.5390625,,0
1782297989.794807,6350.722091,271.0,,100.0,582.5390625,,0
1782297989.894806,6350.822089,271.0,,100.0,582.5390625,,0
1782297989.994805,6350.922090,270.0,,100.0,582.5390625,,0
1782297990.094805,6351.022088,271.0,,100.0,582.5390625,,0
1782297990.194807,6351.122091,271.0,,100.0,582.5390625,,0
1782297990.294822,6351.222106,272.0,,100.0,582.5390625,,0
1782297990.394809,6351.322093,273.0,,100.0,582.5390625,,0
1782297990.494816,6351.422099,272.0,,100.0,582.5390625,,0
1782297990.594804,6351.522088,271.0,,100.0,582.5390625,,0
1782297990.694804,6351.622088,271.0,,100.0,582.5390625,,0
1782297990.794809,6351.722094,270.0,,100.0,582.5390625,,0
1782297990.894813,6351.822096,272.0,,100.0,582.5390625,,0
1782297990.994839,6351.922124,272.0,,100.0,582.5390625,,0
1782297991.094806,6352.022090,272.0,,100.0,582.5390625,,0
1782297991.194805,6352.122088,272.0,,100.0,582.5390625,,0
1782297991.294816,6352.222099,272.0,,100.0,582.5390625,,0
1782297991.394807,6352.322091,272.0,,100.0,582.5390625,,0
1782297991.494814,6352.422099,271.0,,100.0,582.5390625,,0
1782297991.594805,6352.522089,272.0,,100.0,582.5390625,,0
1782297991.694808,6352.622091,272.0,,100.0,582.5390625,,0
1782297991.794810,6352.722093,272.0,,100.0,582.5390625,,0
1782297991.894824,6352.822107,272.0,,100.0,582.5390625,,0
1782297991.994816,6352.922100,271.0,,100.0,582.5390625,,0
1782297992.094805,6353.022089,271.0,,100.0,582.5390625,,0
1782297992.194804,6353.122087,272.0,,100.0,582.5390625,,0
1782297992.294811,6353.222094,271.0,,100.0,582.5390625,,0
1782297992.394804,6353.322087,271.0,,100.0,582.5390625,,0
1782297992.494811,6353.422094,271.0,,100.0,582.5390625,,0
1782297992.594812,6353.522095,272.0,,100.0,582.5390625,,0
1782297992.694811,6353.622094,271.0,,100.0,582.5390625,,0
1782297992.794813,6353.722098,272.0,,100.0,582.5390625,,0
1782297992.894812,6353.822095,272.0,,100.0,582.5390625,,0
1782297992.994803,6353.922086,273.0,,100.0,582.5390625,,0
1782297993.094812,6354.022095,273.0,,100.0,582.5390625,,0
1782297993.194817,6354.122100,272.0,,100.0,582.5390625,,0
1782297993.294809,6354.222094,271.0,,100.0,582.5390625,,0
1782297993.394809,6354.322094,273.0,,100.0,582.5390625,,0
1782297993.494813,6354.422097,271.0,,100.0,582.5390625,,0
1782297993.594803,6354.522086,272.0,,100.0,582.5390625,,0
1782297993.694816,6354.622099,272.0,,100.0,582.5390625,,0
1782297993.794804,6354.722087,273.0,,100.0,582.5390625,,0
1782297993.894818,6354.822102,275.0,,100.0,582.5390625,,0
1782297993.994811,6354.922095,273.0,,100.0,582.5390625,,0
1782297994.094807,6355.022091,273.0,,100.0,582.5390625,,0
1782297994.194828,6355.122111,272.0,,100.0,582.5390625,,0
1782297994.294809,6355.222092,271.0,,100.0,582.5390625,,0
1782297994.394804,6355.322087,272.0,,100.0,582.5390625,,0
1782297994.494808,6355.422092,272.0,,100.0,582.5390625,,0
1782297994.594805,6355.522088,271.0,,100.0,582.5390625,,0
1782297994.694816,6355.622099,272.0,,100.0,582.5390625,,0
1782297994.794811,6355.722094,272.0,,100.0,582.5390625,,0
1782297994.894811,6355.822095,272.0,,100.0,582.5390625,,0
1782297994.994802,6355.922086,272.0,,100.0,582.5390625,,0
1782297995.094808,6356.022091,272.0,,100.0,582.5390625,,0
1782297995.194809,6356.122093,272.0,,100.0,582.5390625,,0
1782297995.294805,6356.222090,273.0,,100.0,582.5390625,,0
1782297995.394809,6356.322092,271.0,,100.0,582.5390625,,0
1782297995.494805,6356.422089,272.0,,100.0,582.5390625,,0
1782297995.594807,6356.522091,273.0,,100.0,582.5390625,,0
1782297995.694816,6356.622100,273.0,,100.0,582.5390625,,0
1782297995.794810,6356.722093,273.0,,100.0,582.5390625,,0
1782297995.894809,6356.822092,274.0,,100.0,582.5390625,,0
1782297995.994809,6356.922092,273.0,,100.0,582.5390625,,0
1782297996.094810,6357.022095,273.0,,100.0,582.5390625,,0
1782297996.194817,6357.122102,272.0,,100.0,582.5390625,,0
1782297996.294809,6357.222092,271.0,,100.0,582.5390625,,0
1782297996.394824,6357.322107,273.0,,100.0,582.5390625,,0
1782297996.494812,6357.422095,273.0,,100.0,582.5390625,,0
1782297996.594806,6357.522090,275.0,,100.0,582.5390625,,0
1782297996.694806,6357.622090,272.0,,100.0,582.5390625,,0
1782297996.794810,6357.722093,274.0,,100.0,582.5390625,,0
1782297996.894824,6357.822107,273.0,,100.0,582.5390625,,0
1782297996.994824,6357.922107,273.0,,100.0,582.5390625,,0
1782297997.094826,6358.022111,271.0,,100.0,582.5390625,,0
1782297997.194813,6358.122097,272.0,,100.0,582.5390625,,0
1782297997.294807,6358.222091,273.0,,100.0,582.5390625,,0
1782297997.394811,6358.322095,273.0,,100.0,582.5390625,,0
1782297997.494811,6358.422094,274.0,,100.0,582.5390625,,0
1782297997.594811,6358.522097,273.0,,100.0,582.5390625,,0
1782297997.694807,6358.622090,273.0,,100.0,582.5390625,,0
1782297997.794810,6358.722094,273.0,,100.0,582.5390625,,0
1782297997.894807,6358.822091,273.0,,100.0,582.5390625,,0
1782297997.994810,6358.922093,273.0,,100.0,582.5390625,,0
1782297998.094823,6359.022107,273.0,,100.0,582.5390625,,0
1782297998.194804,6359.122089,273.0,,100.0,582.5390625,,0
1782297998.294813,6359.222096,274.0,,100.0,582.5390625,,0
1782297998.394804,6359.322088,273.0,,100.0,582.5390625,,0
1782297998.494810,6359.422094,274.0,,100.0,582.5390625,,0
1782297998.594832,6359.522116,273.0,,100.0,582.5390625,,0
1782297998.694836,6359.622120,273.0,,100.0,582.5390625,,0
1782297998.794828,6359.722112,272.0,,100.0,582.5390625,,0
1782297998.894817,6359.822102,271.0,,100.0,582.5390625,,0
1782297998.994846,6359.922130,273.0,,100.0,582.5390625,,0
1782297999.094824,6360.022107,271.0,,100.0,582.5390625,,0
1782297999.194832,6360.122117,273.0,,100.0,582.5390625,,0
1782297999.294812,6360.222096,274.0,,100.0,582.5390625,,0
1782297999.394815,6360.322100,275.0,,100.0,582.5390625,,0
1782297999.494824,6360.422107,274.0,,100.0,582.5390625,,0
1782297999.594815,6360.522098,273.0,,100.0,582.5390625,,0
1782297999.694812,6360.622095,275.0,,100.0,582.5390625,,0
1782297999.794810,6360.722093,272.0,,100.0,582.5390625,,0
1782297999.894804,6360.822089,273.0,,100.0,582.5390625,,0
1782297999.994809,6360.922092,273.0,,100.0,582.5390625,,0
1782298000.094806,6361.022091,273.0,,100.0,582.5390625,,0
1782298000.194803,6361.122086,274.0,,100.0,582.5390625,,0
1782298000.294810,6361.222094,274.0,,100.0,582.5390625,,0
1782298000.394811,6361.322094,274.0,,100.0,582.5390625,,0
1782298000.494817,6361.422102,274.0,,100.0,582.5390625,,0
1782298000.594808,6361.522092,273.0,,100.0,582.5390625,,0
1782298000.694807,6361.622091,273.0,,100.0,582.5390625,,0
1782298000.794812,6361.722095,272.0,,100.0,582.5390625,,0
1782298000.894808,6361.822091,273.0,,100.0,582.5390625,,0
1782298000.994808,6361.922092,273.0,,100.0,582.5390625,,0
1782298001.094829,6362.022113,275.0,,100.0,582.5390625,,0
1782298001.194812,6362.122096,275.0,,100.0,582.5390625,,0
1782298001.294811,6362.222094,275.0,,100.0,582.5390625,,0
1782298001.394810,6362.322094,275.0,,100.0,582.5390625,,0
1782298001.494810,6362.422093,274.0,,100.0,582.5390625,,0
1782298001.594811,6362.522094,274.0,,100.0,582.5390625,,0
1782298001.694805,6362.622088,272.0,,100.0,582.5390625,,0
1782298001.794815,6362.722098,272.0,,100.0,582.5390625,,0
1782298001.894809,6362.822093,274.0,,100.0,582.5390625,,0
1782298001.994811,6362.922094,274.0,,100.0,582.5390625,,0
1782298002.094815,6363.022099,275.0,,100.0,582.5390625,,0
1782298002.194812,6363.122095,274.0,,100.0,582.5390625,,0
1782298002.294814,6363.222097,302.0,,100.0,582.5390625,,0
1782298002.394815,6363.322098,304.0,,100.0,582.5390625,,0
1782298002.494811,6363.422094,302.0,,99.0,582.5390625,,0
1782298002.594808,6363.522092,265.0,,100.0,582.5390625,,0
1782298002.694814,6363.622098,260.0,,100.0,582.5390625,,0
1782298002.794810,6363.722093,245.0,,99.0,582.5390625,,0
1782298002.894815,6363.822099,256.0,,100.0,582.5390625,,0
1782298002.994815,6363.922099,299.0,,100.0,582.5390625,,0
1782298003.094828,6364.022111,278.0,,100.0,582.5390625,,0
1782298003.194830,6364.122115,302.0,,100.0,582.5390625,,0
1782298003.294820,6364.222104,272.0,,100.0,582.5390625,,0
1782298003.394835,6364.322119,273.0,,100.0,582.5390625,,0
1782298003.494814,6364.422098,256.0,,100.0,582.5390625,,0
1782298003.594815,6364.522098,272.0,,100.0,582.5390625,,0
1782298003.694833,6364.622116,247.0,,100.0,582.5390625,,0
1782298003.794813,6364.722096,274.0,,100.0,582.5390625,,0
1782298003.894816,6364.822100,274.0,,100.0,582.5390625,,0
1782298003.994813,6364.922097,274.0,,100.0,582.5390625,,0
1782298004.094819,6365.022102,274.0,,100.0,582.5390625,,0
1782298004.194817,6365.122100,274.0,,100.0,582.5390625,,0
1782298004.294818,6365.222103,274.0,,100.0,582.5390625,,0
1782298004.394821,6365.322104,274.0,,100.0,582.5390625,,0
1782298004.494818,6365.422102,273.0,,100.0,582.5390625,,0
1782298004.594810,6365.522093,275.0,,100.0,582.5390625,,0
1782298004.694814,6365.622097,274.0,,100.0,582.5390625,,0
1782298004.794828,6365.722113,291.0,,100.0,582.5390625,,0
1782298004.894826,6365.822111,273.0,,100.0,582.5390625,,0
1782298004.994817,6365.922100,274.0,,100.0,582.5390625,,0
1782298005.094810,6366.022094,274.0,,100.0,582.5390625,,0
1782298005.194813,6366.122098,275.0,,100.0,582.5390625,,0
1782298005.294810,6366.222094,275.0,,100.0,582.5390625,,0
1782298005.394806,6366.322091,274.0,,100.0,582.5390625,,0
1782298005.494823,6366.422106,274.0,,100.0,582.5390625,,0
1782298005.594808,6366.522092,273.0,,100.0,582.5390625,,0
1782298005.694813,6366.622096,275.0,,100.0,582.5390625,,0
1782298005.794814,6366.722097,273.0,,100.0,582.5390625,,0
1782298005.894809,6366.822093,274.0,,100.0,582.5390625,,0
1782298005.994828,6366.922111,272.0,,100.0,582.5390625,,0
1782298006.094818,6367.022102,273.0,,100.0,582.5390625,,0
1782298006.194816,6367.122100,274.0,,100.0,582.5390625,,0
1782298006.294815,6367.222100,275.0,,100.0,582.5390625,,0
1782298006.394839,6367.322124,274.0,,100.0,582.5390625,,0
1782298006.494831,6367.422116,277.0,,100.0,582.5390625,,0
1782298006.594849,6367.522133,274.0,,100.0,582.5390625,,0
1782298006.694814,6367.622097,274.0,,100.0,582.5390625,,0
1782298006.794803,6367.722086,273.0,,100.0,582.5390625,,0
1782298006.894809,6367.822092,274.0,,100.0,582.5390625,,0
1782298006.994803,6367.922086,274.0,,100.0,582.5390625,,0
1782298007.094851,6368.022137,274.0,,100.0,582.5390625,,0
1782298007.194808,6368.122092,274.0,,100.0,582.5390625,,0
1782298007.294814,6368.222098,275.0,,100.0,582.5390625,,0
1782298007.394822,6368.322107,275.0,,100.0,582.5390625,,0
1782298007.494804,6368.422089,274.0,,100.0,582.5390625,,0
1782298007.594811,6368.522094,273.0,,100.0,582.5390625,,0
1782298007.694847,6368.622130,273.0,,100.0,582.5390625,,0
1782298007.794814,6368.722098,273.0,,100.0,582.5390625,,0
1782298007.894805,6368.822088,274.0,,100.0,582.5390625,,0
1782298007.994810,6368.922095,274.0,,100.0,582.5390625,,0
1782298008.094810,6369.022094,275.0,,100.0,582.5390625,,0
1782298008.194804,6369.122088,274.0,,100.0,582.5390625,,0
1782298008.294816,6369.222099,274.0,,100.0,582.5390625,,0
1782298008.394819,6369.322104,274.0,,100.0,582.5390625,,0
1782298008.494817,6369.422101,274.0,,100.0,582.5390625,,0
1782298008.594813,6369.522097,273.0,,100.0,582.5390625,,0
1782298008.694822,6369.622105,275.0,,100.0,582.5390625,,0
1782298008.794830,6369.722113,274.0,,100.0,582.5390625,,0
1782298008.894815,6369.822098,274.0,,100.0,582.5390625,,0
1782298008.994812,6369.922096,274.0,,100.0,582.5390625,,0
1782298009.094814,6370.022098,274.0,,100.0,582.5390625,,0
1782298009.194814,6370.122097,274.0,,100.0,582.5390625,,0
1782298009.294816,6370.222099,274.0,,100.0,582.5390625,,0
1782298009.394820,6370.322105,275.0,,100.0,582.5390625,,0
1782298009.494820,6370.422104,274.0,,100.0,582.5390625,,0
1782298009.594819,6370.522104,273.0,,100.0,582.5390625,,0
1782298009.694824,6370.622108,274.0,,100.0,582.5390625,,0
1782298009.794817,6370.722100,275.0,,100.0,582.5390625,,0
1782298009.894820,6370.822104,275.0,,100.0,582.5390625,,0
1782298009.994818,6370.922102,275.0,,100.0,582.5390625,,0
1782298010.094817,6371.022100,276.0,,100.0,582.5390625,,0
1782298010.194813,6371.122097,274.0,,100.0,582.5390625,,0
1782298010.294816,6371.222100,273.0,,100.0,582.5390625,,0
1782298010.394817,6371.322100,272.0,,100.0,582.5390625,,0
1782298010.494813,6371.422097,273.0,,100.0,582.5390625,,0
1782298010.594815,6371.522100,275.0,,100.0,582.5390625,,0
1782298010.694822,6371.622105,275.0,,100.0,582.5390625,,0
1782298010.794828,6371.722111,274.0,,100.0,582.5390625,,0
1782298010.894830,6371.822114,275.0,,100.0,582.5390625,,0
1782298010.994809,6371.922092,276.0,,100.0,582.5390625,,0
1782298011.094829,6372.022113,275.0,,100.0,582.5390625,,0
1782298011.194806,6372.122090,275.0,,100.0,582.5390625,,0
1782298011.294805,6372.222088,274.0,,100.0,582.5390625,,0
1782298011.394815,6372.322098,274.0,,100.0,582.5390625,,0
1782298011.494806,6372.422091,275.0,,100.0,582.5390625,,0
1782298011.594814,6372.522097,274.0,,100.0,582.5390625,,0
1782298011.694813,6372.622098,276.0,,100.0,582.5390625,,0
1782298011.794816,6372.722100,274.0,,100.0,582.5390625,,0
1782298011.894817,6372.822102,275.0,,100.0,582.5390625,,0
1782298011.994825,6372.922108,273.0,,100.0,582.5390625,,0
1782298012.094825,6373.022108,273.0,,100.0,582.5390625,,0
1782298012.194810,6373.122093,273.0,,100.0,582.5390625,,0
1782298012.294823,6373.222106,274.0,,100.0,582.5390625,,0
1782298012.394821,6373.322104,275.0,,100.0,582.5390625,,0
1782298012.494811,6373.422095,275.0,,100.0,582.5390625,,0
1782298012.594815,6373.522099,276.0,,100.0,582.5390625,,0
1782298012.694814,6373.622097,276.0,,100.0,582.5390625,,0
1782298012.794825,6373.722109,275.0,,100.0,582.5390625,,0
1782298012.894819,6373.822102,274.0,,100.0,582.5390625,,0
1782298012.994817,6373.922100,27.0,,3.0,582.5390625,,0
1782298013.094818,6374.022102,22.0,,3.0,582.5390625,,0
1782298013.194840,6374.122125,24.0,,3.0,582.5390625,,0
1782298013.294837,6374.222120,23.0,,3.0,582.5390625,,0
1782298013.394815,6374.322098,24.0,,3.0,582.5390625,,0
1782298013.494837,6374.422121,25.0,,3.0,582.5390625,,0
1782298013.594819,6374.522102,24.0,,3.0,582.5390625,,0
1782298013.694838,6374.622122,24.0,,2.0,582.5390625,,0
1782298013.794845,6374.722129,24.0,,2.0,582.5390625,,0
1782298013.894842,6374.822126,23.0,,3.0,582.5390625,,0
1782298013.994831,6374.922115,23.0,,3.0,582.5390625,,0
1782298014.094821,6375.022104,23.0,,3.0,582.5390625,,0
1782298014.194815,6375.122099,23.0,,3.0,582.5390625,,0
1782298014.294815,6375.222099,37.0,,3.0,582.5390625,,0
1782298014.394823,6375.322106,23.0,,3.0,582.5390625,,0
1782298014.494817,6375.422101,23.0,,3.0,582.5390625,,0
1782298014.594825,6375.522108,23.0,,3.0,582.5390625,,0
1782298014.694842,6375.622127,26.0,,3.0,582.5390625,,0
1782298014.794813,6375.722096,24.0,,3.0,582.5390625,,0
1782298014.894820,6375.822104,23.0,,3.0,582.5390625,,0
1782298014.994815,6375.922098,23.0,,3.0,582.5390625,,0
1782298015.094820,6376.022104,25.0,,3.0,582.5390625,,0
1782298015.194836,6376.122120,23.0,,3.0,582.5390625,,0
1782298015.294837,6376.222121,24.0,,3.0,582.5390625,,0
1782298015.394838,6376.322122,23.0,,3.0,582.5390625,,0
1782298015.494837,6376.422121,22.0,,2.0,582.5390625,,0
1782298015.594821,6376.522104,23.0,,3.0,582.5390625,,0
1782298015.694839,6376.622124,22.0,,3.0,582.5390625,,0
1782298015.794838,6376.722123,24.0,,3.0,582.5390625,,0
1782298015.894838,6376.822123,23.0,,3.0,582.5390625,,0
1782298015.994843,6376.922128,22.0,,3.0,582.5390625,,0
1782298016.094822,6377.022106,22.0,,3.0,582.5390625,,0
1782298016.194813,6377.122097,23.0,,3.0,582.5390625,,0
1782298016.294817,6377.222102,22.0,,3.0,582.5390625,,0
1782298016.394841,6377.322128,23.0,,3.0,582.5390625,,0
1782298016.494821,6377.422104,22.0,,3.0,582.5390625,,0
1782298016.594819,6377.522102,22.0,,3.0,582.5390625,,0
1782298016.694839,6377.622123,24.0,,3.0,582.5390625,,0
1782298016.794837,6377.722122,23.0,,3.0,582.5390625,,0
1782298016.894838,6377.822123,23.0,,2.0,582.5390625,,0
1782298016.994836,6377.922119,23.0,,3.0,582.5390625,,0
1782298017.094837,6378.022121,23.0,,3.0,582.5390625,,0
1782298017.194836,6378.122120,23.0,,3.0,582.5390625,,0
1782298017.294816,6378.222099,22.0,,3.0,582.5390625,,0
1782298017.394821,6378.322104,22.0,,3.0,582.5390625,,0
1782298017.494835,6378.422120,23.0,,3.0,582.5390625,,0
1782298017.594818,6378.522103,22.0,,3.0,582.5390625,,0
1782298017.694839,6378.622124,22.0,,3.0,582.5390625,,0
1782298017.794836,6378.722120,23.0,,3.0,582.5390625,,0
1782298017.894840,6378.822124,22.0,,3.0,582.5390625,,0
1782298017.994809,6378.922093,58.0,,29.0,582.5390625,,0
1782298018.094824,6379.022107,181.0,,100.0,582.5390625,,0
1782298018.194815,6379.122099,216.0,,100.0,582.5390625,,0
1782298018.294816,6379.222099,243.0,,100.0,582.5390625,,0
1782298018.394811,6379.322096,237.0,,100.0,582.5390625,,0
1782298018.494824,6379.422108,239.0,,99.0,582.5390625,,0
1782298018.594810,6379.522093,241.0,,100.0,582.5390625,,0
1782298018.694807,6379.622092,260.0,,100.0,582.5390625,,0
1782298018.794824,6379.722107,238.0,,100.0,582.5390625,,0
1782298018.894816,6379.822100,245.0,,100.0,582.5390625,,0
1782298018.994826,6379.922110,270.0,,99.0,582.5390625,,0
1782298019.094825,6380.022108,271.0,,100.0,582.5390625,,0
1782298019.194810,6380.122095,266.0,,100.0,582.5390625,,0
1782298019.294811,6380.222095,246.0,,100.0,582.5390625,,0
1782298019.394825,6380.322110,275.0,,100.0,582.5390625,,0
1782298019.494824,6380.422107,272.0,,100.0,582.5390625,,0
1782298019.594815,6380.522099,296.0,,100.0,582.5390625,,0
1782298019.694815,6380.622100,242.0,,99.0,582.5390625,,0
1782298019.794818,6380.722103,280.0,,100.0,582.5390625,,0
1782298019.894825,6380.822110,284.0,,100.0,582.5390625,,0
1782298019.994811,6380.922094,273.0,,100.0,582.5390625,,0
1782298020.094811,6381.022096,257.0,,100.0,582.5390625,,0
1782298020.194803,6381.122087,269.0,,100.0,582.5390625,,0
1782298020.294808,6381.222092,268.0,,100.0,582.5390625,,0
1782298020.394806,6381.322089,268.0,,100.0,582.5390625,,0
1782298020.494813,6381.422097,268.0,,100.0,582.5390625,,0
1782298020.594806,6381.522089,269.0,,100.0,582.5390625,,0
1782298020.694824,6381.622110,269.0,,100.0,582.5390625,,0
1782298020.794803,6381.722087,270.0,,100.0,582.5390625,,0
1782298020.894813,6381.822098,270.0,,100.0,582.5390625,,0
1782298020.994817,6381.922100,270.0,,100.0,582.5390625,,0
1782298021.094805,6382.022090,269.0,,100.0,582.5390625,,0
1782298021.194818,6382.122102,269.0,,100.0,582.5390625,,0
1782298021.294810,6382.222095,269.0,,100.0,582.5390625,,0
1782298021.394810,6382.322094,269.0,,100.0,582.5390625,,0
1782298021.494824,6382.422107,268.0,,100.0,582.5390625,,0
1782298021.594809,6382.522094,270.0,,100.0,582.5390625,,0
1782298021.694816,6382.622101,270.0,,100.0,582.5390625,,0
1782298021.794810,6382.722093,270.0,,100.0,582.5390625,,0
1782298021.894809,6382.822092,270.0,,100.0,582.5390625,,0
1782298021.994808,6382.922093,269.0,,100.0,582.5390625,,0
1782298022.094847,6383.022131,270.0,,100.0,582.5390625,,0
1782298022.194812,6383.122096,269.0,,100.0,582.5390625,,0
1782298022.294815,6383.222098,271.0,,100.0,582.5390625,,0
1782298022.394810,6383.322094,269.0,,100.0,582.5390625,,0
1782298022.494809,6383.422092,269.0,,100.0,582.5390625,,0
1782298022.594847,6383.522131,270.0,,100.0,582.5390625,,0
1782298022.694812,6383.622095,268.0,,100.0,582.5390625,,0
1782298022.794820,6383.722103,270.0,,100.0,582.5390625,,0
1782298022.894827,6383.822112,269.0,,100.0,582.5390625,,0
1782298022.994821,6383.922104,269.0,,100.0,582.5390625,,0
1782298023.094810,6384.022093,270.0,,100.0,582.5390625,,0
1782298023.194807,6384.122091,269.0,,100.0,582.5390625,,0
1782298023.294743,6384.222027,271.0,,100.0,582.5390625,,0
1782298023.394812,6384.322096,270.0,,100.0,582.5390625,,0
1782298023.494823,6384.422108,269.0,,100.0,582.5390625,,0
1782298023.594811,6384.522094,270.0,,100.0,582.5390625,,0
1782298023.694806,6384.622090,270.0,,100.0,582.5390625,,0
1782298023.794806,6384.722090,270.0,,100.0,582.5390625,,0
1782298023.894828,6384.822111,269.0,,100.0,582.5390625,,0
1782298023.994807,6384.922092,270.0,,100.0,582.5390625,,0
1782298024.094810,6385.022095,270.0,,100.0,582.5390625,,0
1782298024.194813,6385.122097,270.0,,100.0,582.5390625,,0
1782298024.294806,6385.222089,269.0,,100.0,582.5390625,,0
1782298024.394806,6385.322090,270.0,,100.0,582.5390625,,0
1782298024.494828,6385.422112,270.0,,100.0,582.5390625,,0
1782298024.594810,6385.522093,270.0,,100.0,582.5390625,,0
1782298024.694826,6385.622110,269.0,,100.0,582.5390625,,0
1782298024.794809,6385.722092,268.0,,100.0,582.5390625,,0
1782298024.894809,6385.822093,269.0,,100.0,582.5390625,,0
1782298024.994815,6385.922100,269.0,,100.0,582.5390625,,0
1782298025.094805,6386.022088,269.0,,100.0,582.5390625,,0
1782298025.194813,6386.122097,269.0,,100.0,582.5390625,,0
1782298025.294804,6386.222089,270.0,,100.0,582.5390625,,0
1782298025.394809,6386.322093,269.0,,100.0,582.5390625,,0
1782298025.494827,6386.422111,270.0,,100.0,582.5390625,,0
1782298025.594813,6386.522097,270.0,,100.0,582.5390625,,0
1782298025.694806,6386.622089,269.0,,100.0,582.5390625,,0
1782298025.794810,6386.722094,271.0,,100.0,582.5390625,,0
1782298025.894815,6386.822099,270.0,,100.0,582.5390625,,0
1782298025.994810,6386.922093,270.0,,100.0,582.5390625,,0
1782298026.094836,6387.022120,269.0,,100.0,582.5390625,,0
1782298026.194822,6387.122106,270.0,,100.0,582.5390625,,0
1782298026.294807,6387.222090,270.0,,100.0,582.5390625,,0
1782298026.394807,6387.322092,270.0,,100.0,582.5390625,,0
1782298026.494814,6387.422099,270.0,,100.0,582.5390625,,0
1782298026.594811,6387.522095,270.0,,100.0,582.5390625,,0
1782298026.694813,6387.622096,270.0,,100.0,582.5390625,,0
1782298026.794809,6387.722092,270.0,,100.0,582.5390625,,0
1782298026.894817,6387.822100,270.0,,100.0,582.5390625,,0
1782298026.994813,6387.922097,269.0,,100.0,582.5390625,,0
1782298027.094807,6388.022090,270.0,,100.0,582.5390625,,0
1782298027.194806,6388.122089,270.0,,100.0,582.5390625,,0
1782298027.294813,6388.222097,270.0,,100.0,582.5390625,,0
1782298027.394811,6388.322094,271.0,,100.0,582.5390625,,0
1782298027.494809,6388.422093,270.0,,100.0,582.5390625,,0
1782298027.594810,6388.522093,270.0,,100.0,582.5390625,,0
1782298027.694813,6388.622097,271.0,,100.0,582.5390625,,0
1782298027.794810,6388.722093,270.0,,100.0,582.5390625,,0
1782298027.894809,6388.822093,269.0,,100.0,582.5390625,,0
1782298027.994811,6388.922096,270.0,,100.0,582.5390625,,0
1782298028.094811,6389.022096,270.0,,100.0,582.5390625,,0
1782298028.194813,6389.122098,271.0,,100.0,582.5390625,,0
1782298028.294813,6389.222097,271.0,,100.0,582.5390625,,0
1782298028.394810,6389.322093,271.0,,100.0,582.5390625,,0
1782298028.494814,6389.422097,270.0,,100.0,582.5390625,,0
1782298028.594805,6389.522088,271.0,,100.0,582.5390625,,0
1782298028.694810,6389.622094,269.0,,100.0,582.5390625,,0
1782298028.794816,6389.722101,270.0,,100.0,582.5390625,,0
1782298028.894812,6389.822095,271.0,,100.0,582.5390625,,0
1782298028.994808,6389.922091,271.0,,100.0,582.5390625,,0
1782298029.094807,6390.022092,272.0,,100.0,582.5390625,,0
1782298029.194814,6390.122098,271.0,,100.0,582.5390625,,0
1782298029.294822,6390.222105,271.0,,100.0,582.5390625,,0
1782298029.394810,6390.322095,270.0,,100.0,582.5390625,,0
1782298029.494806,6390.422089,270.0,,100.0,582.5390625,,0
1782298029.594810,6390.522094,271.0,,100.0,582.5390625,,0
1782298029.694810,6390.622095,271.0,,100.0,582.5390625,,0
1782298029.794811,6390.722095,271.0,,100.0,582.5390625,,0
1782298029.894811,6390.822095,271.0,,100.0,582.5390625,,0
1782298029.994810,6390.922093,272.0,,100.0,582.5390625,,0
1782298030.094804,6391.022089,272.0,,100.0,582.5390625,,0
1782298030.194812,6391.122095,271.0,,100.0,582.5390625,,0
1782298030.294814,6391.222097,271.0,,100.0,582.5390625,,0
1782298030.394753,6391.322037,270.0,,100.0,582.5390625,,0
1782298030.494815,6391.422098,270.0,,100.0,582.5390625,,0
1782298030.594853,6391.522138,271.0,,100.0,582.5390625,,0
1782298030.694820,6391.622104,272.0,,100.0,582.5390625,,0
1782298030.794815,6391.722098,272.0,,100.0,582.5390625,,0
1782298030.894825,6391.822109,272.0,,100.0,582.5390625,,0
1782298030.994806,6391.922089,272.0,,100.0,582.5390625,,0
1782298031.094811,6392.022095,270.0,,100.0,582.5390625,,0
1782298031.194808,6392.122091,271.0,,100.0,582.5390625,,0
1782298031.294810,6392.222094,271.0,,100.0,582.5390625,,0
1782298031.394809,6392.322092,271.0,,100.0,582.5390625,,0
1782298031.494807,6392.422092,271.0,,100.0,582.5390625,,0
1782298031.594804,6392.522087,271.0,,100.0,582.5390625,,0
1782298031.694812,6392.622096,272.0,,100.0,582.5390625,,0
1782298031.794826,6392.722110,271.0,,100.0,582.5390625,,0
1782298031.894816,6392.822099,271.0,,100.0,582.5390625,,0
1782298031.994816,6392.922099,272.0,,100.0,582.5390625,,0
1782298032.094808,6393.022092,272.0,,100.0,582.5390625,,0
1782298032.194810,6393.122093,272.0,,100.0,582.5390625,,0
1782298032.294805,6393.222088,272.0,,100.0,582.5390625,,0
1782298032.394808,6393.322091,272.0,,100.0,582.5390625,,0
1782298032.494806,6393.422089,272.0,,100.0,582.5390625,,0
1782298032.594808,6393.522093,272.0,,100.0,582.5390625,,0
1782298032.694841,6393.622125,272.0,,100.0,582.5390625,,0
1782298032.794810,6393.722094,272.0,,100.0,582.5390625,,0
1782298032.894816,6393.822099,272.0,,100.0,582.5390625,,0
1782298032.994825,6393.922108,271.0,,100.0,582.5390625,,0
1782298033.094834,6394.022117,272.0,,100.0,582.5390625,,0
1782298033.194811,6394.122095,272.0,,100.0,582.5390625,,0
1782298033.294817,6394.222100,272.0,,100.0,582.5390625,,0
1782298033.394814,6394.322098,274.0,,100.0,582.5390625,,0
1782298033.494811,6394.422094,272.0,,100.0,582.5390625,,0
1782298033.594808,6394.522092,272.0,,100.0,582.5390625,,0
1782298033.694814,6394.622097,272.0,,100.0,582.5390625,,0
1782298033.794814,6394.722099,272.0,,100.0,582.5390625,,0
1782298033.894809,6394.822093,271.0,,100.0,582.5390625,,0
1782298033.994811,6394.922094,273.0,,100.0,582.5390625,,0
1782298034.094807,6395.022090,273.0,,100.0,582.5390625,,0
1782298034.194808,6395.122092,272.0,,100.0,582.5390625,,0
1782298034.294810,6395.222094,272.0,,100.0,582.5390625,,0
1782298034.394809,6395.322092,272.0,,100.0,582.5390625,,0
1782298034.494813,6395.422097,272.0,,100.0,582.5390625,,0
1782298034.594805,6395.522089,273.0,,100.0,582.5390625,,0
1782298034.694815,6395.622100,272.0,,100.0,582.5390625,,0
1782298034.794812,6395.722095,271.0,,100.0,582.5390625,,0
1782298034.894809,6395.822095,300.0,,100.0,582.5390625,,0
1782298034.994813,6395.922098,271.0,,100.0,582.5390625,,0
1782298035.094805,6396.022088,282.0,,100.0,582.5390625,,0
1782298035.194812,6396.122096,249.0,,100.0,582.5390625,,0
1782298035.294757,6396.222042,273.0,,100.0,582.5390625,,0
1782298035.394812,6396.322097,307.0,,100.0,582.5390625,,0
1782298035.494810,6396.422093,246.0,,100.0,582.5390625,,0
1782298035.594810,6396.522094,269.0,,100.0,582.5390625,,0
1782298035.694807,6396.622091,271.0,,100.0,582.5390625,,0
1782298035.794812,6396.722097,272.0,,100.0,582.5390625,,0
1782298035.894810,6396.822093,272.0,,100.0,582.5390625,,0
1782298035.994813,6396.922097,290.0,,100.0,582.5390625,,0
1782298036.094805,6397.022090,279.0,,99.0,582.5390625,,0
1782298036.194804,6397.122087,243.0,,100.0,582.5390625,,0
1782298036.294806,6397.222090,280.0,,100.0,582.5390625,,0
1782298036.394812,6397.322095,272.0,,100.0,582.5390625,,0
1782298036.494814,6397.422098,272.0,,100.0,582.5390625,,0
1782298036.594810,6397.522093,273.0,,100.0,582.5390625,,0
1782298036.694804,6397.622087,273.0,,100.0,582.5390625,,0
1782298036.794805,6397.722089,272.0,,100.0,582.5390625,,0
1782298036.894816,6397.822100,273.0,,100.0,582.5390625,,0
1782298036.994805,6397.922089,273.0,,100.0,582.5390625,,0
1782298037.094807,6398.022091,272.0,,100.0,582.5390625,,0
1782298037.194811,6398.122094,273.0,,100.0,582.5390625,,0
1782298037.294814,6398.222099,272.0,,100.0,582.5390625,,0
1782298037.394804,6398.322087,272.0,,100.0,582.5390625,,0
1782298037.494812,6398.422095,274.0,,100.0,582.5390625,,0
1782298037.594811,6398.522096,272.0,,100.0,582.5390625,,0
1782298037.694806,6398.622090,272.0,,100.0,582.5390625,,0
1782298037.794812,6398.722095,273.0,,100.0,582.5390625,,0
1782298037.894811,6398.822094,274.0,,100.0,582.5390625,,0
1782298037.994808,6398.922091,272.0,,100.0,582.5390625,,0
1782298038.094809,6399.022092,273.0,,100.0,582.5390625,,0
1782298038.194806,6399.122089,273.0,,100.0,582.5390625,,0
1782298038.294812,6399.222095,272.0,,100.0,582.5390625,,0
1782298038.394807,6399.322090,273.0,,100.0,582.5390625,,0
1782298038.494815,6399.422098,273.0,,100.0,582.5390625,,0
1782298038.594813,6399.522096,272.0,,100.0,582.5390625,,0
1782298038.694814,6399.622099,272.0,,100.0,582.5390625,,0
1782298038.794814,6399.722098,273.0,,100.0,582.5390625,,0
1782298038.894818,6399.822101,273.0,,100.0,582.5390625,,0
1782298038.994838,6399.922123,274.0,,100.0,582.5390625,,0
1782298039.094813,6400.022097,275.0,,100.0,582.5390625,,0
1782298039.194810,6400.122095,273.0,,100.0,582.5390625,,0
1782298039.294810,6400.222093,272.0,,100.0,582.5390625,,0
1782298039.394804,6400.322087,272.0,,100.0,582.5390625,,0
1782298039.494809,6400.422092,273.0,,100.0,582.5390625,,0
1782298039.594810,6400.522094,272.0,,100.0,582.5390625,,0
1782298039.694810,6400.622093,273.0,,100.0,582.5390625,,0
1782298039.794805,6400.722089,275.0,,100.0,582.5390625,,0
1782298039.894806,6400.822089,274.0,,100.0,582.5390625,,0
1782298039.994805,6400.922088,274.0,,100.0,582.5390625,,0
1782298040.094818,6401.022101,274.0,,100.0,582.5390625,,0
1782298040.194810,6401.122095,273.0,,100.0,582.5390625,,0
1782298040.294813,6401.222096,272.0,,100.0,582.5390625,,0
1782298040.394811,6401.322095,272.0,,100.0,582.5390625,,0
1782298040.494833,6401.422117,273.0,,100.0,582.5390625,,0
1782298040.594805,6401.522088,274.0,,100.0,582.5390625,,0
1782298040.694808,6401.622093,275.0,,100.0,582.5390625,,0
1782298040.794811,6401.722094,274.0,,100.0,582.5390625,,0
1782298040.894806,6401.822089,274.0,,100.0,582.5390625,,0
1782298040.994830,6401.922114,274.0,,100.0,582.5390625,,0
1782298041.094815,6402.022098,274.0,,100.0,582.5390625,,0
1782298041.194812,6402.122096,272.0,,100.0,582.5390625,,0
1782298041.294810,6402.222094,273.0,,100.0,582.5390625,,0
1782298041.394813,6402.322096,273.0,,100.0,582.5390625,,0
1782298041.494807,6402.422092,274.0,,100.0,582.5390625,,0
1782298041.594817,6402.522102,272.0,,100.0,582.5390625,,0
1782298041.694806,6402.622090,274.0,,100.0,582.5390625,,0
1782298041.794802,6402.722086,274.0,,100.0,582.5390625,,0
1782298041.894809,6402.822094,274.0,,100.0,582.5390625,,0
1782298041.994805,6402.922088,273.0,,100.0,582.5390625,,0
1782298042.094841,6403.022126,273.0,,100.0,582.5390625,,0
1782298042.194811,6403.122095,272.0,,100.0,582.5390625,,0
1782298042.294809,6403.222092,274.0,,100.0,582.5390625,,0
1782298042.394809,6403.322093,275.0,,100.0,582.5390625,,0
1782298042.494812,6403.422096,274.0,,100.0,582.5390625,,0
1782298042.594823,6403.522107,274.0,,100.0,582.5390625,,0
1782298042.694814,6403.622097,274.0,,100.0,582.5390625,,0
1782298042.794817,6403.722102,273.0,,100.0,582.5390625,,0
1782298042.894812,6403.822096,273.0,,100.0,582.5390625,,0
1782298042.994811,6403.922095,274.0,,100.0,582.5390625,,0
1782298043.094812,6404.022097,273.0,,100.0,582.5390625,,0
1782298043.194804,6404.122087,274.0,,100.0,582.5390625,,0
1782298043.294809,6404.222092,273.0,,100.0,582.5390625,,0
1782298043.394804,6404.322087,275.0,,100.0,582.5390625,,0
1782298043.494813,6404.422097,274.0,,100.0,582.5390625,,0
1782298043.594812,6404.522095,272.0,,100.0,582.5390625,,0
1782298043.694810,6404.622094,273.0,,100.0,582.5390625,,0
1782298043.794816,6404.722099,274.0,,100.0,582.5390625,,0
1782298043.894810,6404.822093,275.0,,100.0,582.5390625,,0
1782298043.994811,6404.922094,275.0,,100.0,582.5390625,,0
1782298044.094813,6405.022096,275.0,,100.0,582.5390625,,0
1782298044.194811,6405.122094,274.0,,100.0,582.5390625,,0
1782298044.294807,6405.222092,274.0,,100.0,582.5390625,,0
1782298044.394820,6405.322103,274.0,,100.0,582.5390625,,0
1782298044.494812,6405.422096,274.0,,100.0,582.5390625,,0
1782298044.594809,6405.522094,273.0,,100.0,582.5390625,,0
1782298044.694813,6405.622097,273.0,,100.0,582.5390625,,0
1782298044.794822,6405.722106,273.0,,100.0,582.5390625,,0
1782298044.894804,6405.822087,274.0,,100.0,582.5390625,,0
1782298044.994822,6405.922106,273.0,,100.0,582.5390625,,0
1782298045.094807,6406.022090,273.0,,100.0,582.5390625,,0
1782298045.194811,6406.122095,274.0,,100.0,582.5390625,,0
1782298045.294841,6406.222125,274.0,,100.0,582.5390625,,0
1782298045.394811,6406.322095,274.0,,100.0,582.5390625,,0
1782298045.494814,6406.422097,273.0,,100.0,582.5390625,,0
1782298045.594810,6406.522093,274.0,,100.0,582.5390625,,0
1782298045.694848,6406.622131,273.0,,100.0,582.5390625,,0
1782298045.794822,6406.722107,273.0,,100.0,582.5390625,,0
1782298045.894819,6406.822102,274.0,,100.0,582.5390625,,0
1782298045.994820,6406.922104,273.0,,100.0,582.5390625,,0
1782298046.094819,6407.022104,275.0,,100.0,582.5390625,,0
1782298046.194819,6407.122104,273.0,,100.0,582.5390625,,0
1782298046.294815,6407.222098,274.0,,100.0,582.5390625,,0
1782298046.394808,6407.322091,274.0,,100.0,582.5390625,,0
1782298046.494803,6407.422086,274.0,,100.0,582.5390625,,0
1782298046.594811,6407.522096,273.0,,100.0,582.5390625,,0
1782298046.694814,6407.622097,273.0,,100.0,582.5390625,,0
1782298046.794811,6407.722096,272.0,,100.0,582.5390625,,0
1782298046.894810,6407.822095,274.0,,100.0,582.5390625,,0
1782298046.994806,6407.922089,274.0,,100.0,582.5390625,,0
1782298047.094804,6408.022089,274.0,,100.0,582.5390625,,0
1782298047.194809,6408.122094,274.0,,100.0,582.5390625,,0
1782298047.294808,6408.222091,274.0,,100.0,582.5390625,,0
1782298047.394810,6408.322094,274.0,,100.0,582.5390625,,0
1782298047.494811,6408.422096,273.0,,100.0,582.5390625,,0
1782298047.594811,6408.522095,274.0,,100.0,582.5390625,,0
1782298047.694805,6408.622089,274.0,,100.0,582.5390625,,0
1782298047.794811,6408.722095,273.0,,100.0,582.5390625,,0
1782298047.894809,6408.822093,274.0,,100.0,582.5390625,,0
1782298047.994808,6408.922091,274.0,,100.0,582.5390625,,0
1782298048.094810,6409.022093,274.0,,100.0,582.5390625,,0
1782298048.194808,6409.122091,274.0,,100.0,582.5390625,,0
1782298048.294811,6409.222094,274.0,,100.0,582.5390625,,0
1782298048.394805,6409.322089,273.0,,100.0,582.5390625,,0
1782298048.494809,6409.422092,274.0,,100.0,582.5390625,,0
1782298048.594810,6409.522093,274.0,,100.0,582.5390625,,0
1782298048.694804,6409.622087,275.0,,100.0,582.5390625,,0
1782298048.794816,6409.722100,275.0,,100.0,582.5390625,,0
1782298048.894815,6409.822099,275.0,,100.0,582.5390625,,0
1782298048.994809,6409.922092,274.0,,100.0,582.5390625,,0
1782298049.094806,6410.022090,274.0,,100.0,582.5390625,,0
1782298049.194805,6410.122088,273.0,,100.0,582.5390625,,0
1782298049.294811,6410.222095,273.0,,100.0,582.5390625,,0
1782298049.394808,6410.322092,273.0,,100.0,582.5390625,,0
1782298049.494812,6410.422096,275.0,,100.0,582.5390625,,0
1782298049.594806,6410.522089,275.0,,100.0,582.5390625,,0
1782298049.694808,6410.622092,275.0,,100.0,582.5390625,,0
1782298049.794808,6410.722093,276.0,,100.0,582.5390625,,0
1782298049.894804,6410.822087,274.0,,100.0,582.5390625,,0
1782298049.994812,6410.922096,273.0,,100.0,582.5390625,,0
1782298050.094809,6411.022093,272.0,,100.0,582.5390625,,0
1782298050.194803,6411.122086,274.0,,100.0,582.5390625,,0
1782298050.294811,6411.222094,275.0,,100.0,582.5390625,,0
1782298050.394810,6411.322093,276.0,,100.0,582.5390625,,0
1782298050.494802,6411.422086,304.0,,100.0,582.5390625,,0
1782298050.594810,6411.522093,280.0,,100.0,582.5390625,,0
1782298050.694809,6411.622092,268.0,,100.0,582.5390625,,0
1782298050.794825,6411.722109,274.0,,100.0,582.5390625,,0
1782298050.894812,6411.822095,253.0,,100.0,582.5390625,,0
1782298050.994822,6411.922107,286.0,,100.0,582.5390625,,0
1782298051.094809,6412.022094,260.0,,100.0,582.5390625,,0
1782298051.194817,6412.122100,275.0,,100.0,582.5390625,,0
1782298051.294811,6412.222095,275.0,,100.0,582.5390625,,0
1782298051.394805,6412.322089,247.0,,100.0,582.5390625,,0
1782298051.494828,6412.422111,255.0,,100.0,582.5390625,,0
1782298051.594806,6412.522091,301.0,,100.0,582.5390625,,0
1782298051.694806,6412.622089,305.0,,100.0,582.5390625,,0
1782298051.794808,6412.722093,274.0,,100.0,582.5390625,,0
1782298051.894807,6412.822090,273.0,,100.0,582.5390625,,0
1782298051.994811,6412.922095,274.0,,100.0,582.5390625,,0
1782298052.094811,6413.022096,275.0,,100.0,582.5390625,,0
1782298052.194810,6413.122093,275.0,,100.0,582.5390625,,0
1782298052.294816,6413.222100,275.0,,100.0,582.5390625,,0
1782298052.394814,6413.322097,275.0,,100.0,582.5390625,,0
1782298052.494848,6413.422134,275.0,,100.0,582.5390625,,0
1782298052.594809,6413.522092,274.0,,100.0,582.5390625,,0
1782298052.694811,6413.622095,273.0,,100.0,582.5390625,,0
1782298052.794804,6413.722087,310.0,,100.0,582.5390625,,0
1782298052.894805,6413.822088,275.0,,100.0,582.5390625,,0
1782298052.994817,6413.922101,29.0,,3.0,582.5390625,,0
1782298053.094819,6414.022102,25.0,,3.0,582.5390625,,0
1782298053.194842,6414.122127,24.0,,3.0,582.5390625,,0
1782298053.294835,6414.222118,24.0,,4.0,582.5390625,,0
1782298053.394813,6414.322097,26.0,,3.0,582.5390625,,0
1782298053.494837,6414.422120,21.0,,3.0,582.5390625,,0
1782298053.594839,6414.522124,23.0,,3.0,582.5390625,,0
1782298053.694836,6414.622121,23.0,,3.0,582.5390625,,0
1782298053.794837,6414.722121,23.0,,3.0,582.5390625,,0
1782298053.894820,6414.822105,27.0,,3.0,582.5390625,,0
1782298053.994839,6414.922123,24.0,,3.0,582.5390625,,0
1782298054.094853,6415.022137,25.0,,4.0,582.5390625,,0
1782298054.194813,6415.122096,24.0,,3.0,582.5390625,,0
1782298054.294842,6415.222126,23.0,,3.0,582.5390625,,0
1782298054.394839,6415.322123,25.0,,3.0,582.5390625,,0
1782298054.494818,6415.422102,25.0,,3.0,582.5390625,,0
1782298054.594816,6415.522099,24.0,,3.0,582.5390625,,0
1782298054.694838,6415.622122,23.0,,3.0,582.5390625,,0
1782298054.794837,6415.722121,25.0,,3.0,582.5390625,,0
1782298054.894822,6415.822106,24.0,,3.0,582.5390625,,0
1782298054.994840,6415.922124,22.0,,3.0,582.5390625,,0
1782298055.094818,6416.022101,24.0,,3.0,582.5390625,,0
1782298055.194836,6416.122120,24.0,,2.0,582.5390625,,0
1782298055.294837,6416.222121,23.0,,3.0,582.5390625,,0
1782298055.394834,6416.322117,23.0,,3.0,582.5390625,,0
1782298055.494835,6416.422120,26.0,,3.0,582.5390625,,0
1782298055.594815,6416.522098,23.0,,2.0,582.5390625,,0
1782298055.694836,6416.622119,23.0,,3.0,582.5390625,,0
1782298055.794839,6416.722124,22.0,,3.0,582.5390625,,0
1782298055.894815,6416.822098,23.0,,3.0,582.5390625,,0
1782298055.994836,6416.922119,22.0,,3.0,582.5390625,,0
1782298056.094841,6417.022125,20.0,,3.0,582.5390625,,0
1782298056.194841,6417.122126,21.0,,3.0,582.5390625,,0
1782298056.294816,6417.222099,21.0,,3.0,582.5390625,,0
1782298056.394835,6417.322118,20.0,,3.0,582.5390625,,0
1782298056.494818,6417.422102,22.0,,3.0,582.5390625,,0
1782298056.594839,6417.522126,22.0,,3.0,582.5390625,,0
1782298056.694836,6417.622120,21.0,,3.0,582.5390625,,0
1782298056.794841,6417.722125,21.0,,4.0,582.5390625,,0
1782298056.894813,6417.822096,21.0,,3.0,582.5390625,,0
1782298056.994835,6417.922119,21.0,,3.0,582.5390625,,0
1782298057.094815,6418.022098,22.0,,3.0,582.5390625,,0
1782298057.194813,6418.122096,22.0,,3.0,582.5390625,,0
1782298057.294815,6418.222098,20.0,,3.0,582.5390625,,0
1782298057.394836,6418.322123,21.0,,3.0,582.5390625,,0
1782298057.494836,6418.422120,21.0,,3.0,582.5390625,,0
1782298057.594813,6418.522096,21.0,,3.0,582.5390625,,0
1782298057.694837,6418.622122,22.0,,3.0,582.5390625,,0
1782298057.794814,6418.722098,23.0,,3.0,582.5390625,,0
1782298057.894812,6418.822095,20.0,,3.0,582.5390625,,0
1782298057.994809,6418.922093,44.0,,19.0,582.5390625,,0
1782298058.094837,6419.022122,177.0,,100.0,582.5390625,,0
1782298058.194828,6419.122111,211.0,,100.0,582.5390625,,0
1782298058.294826,6419.222109,243.0,,100.0,582.5390625,,0
1782298058.394827,6419.322110,247.0,,100.0,582.5390625,,0
1782298058.494830,6419.422113,245.0,,100.0,582.5390625,,0
1782298058.594834,6419.522118,247.0,,100.0,582.5390625,,0
1782298058.694827,6419.622110,251.0,,100.0,582.5390625,,0
1782298058.794827,6419.722111,253.0,,100.0,582.5390625,,0
1782298058.894810,6419.822094,257.0,,100.0,582.5390625,,0
1782298058.994828,6419.922113,259.0,,100.0,582.5390625,,0
1782298059.094806,6420.022091,264.0,,100.0,582.5546875,,0
1782298059.194828,6420.122113,267.0,,100.0,582.5546875,,0
1782298059.294807,6420.222091,267.0,,100.0,582.5546875,,0
1782298059.394757,6420.322041,268.0,,100.0,582.5546875,,0
1782298059.494810,6420.422095,268.0,,100.0,582.5546875,,0
1782298059.594757,6420.522042,268.0,,100.0,582.5546875,,0
1782298059.694813,6420.622098,268.0,,100.0,582.5546875,,0
1782298059.794820,6420.722103,268.0,,100.0,582.5546875,,0
1782298059.894814,6420.822098,268.0,,100.0,582.5546875,,0
1782298059.994726,6420.922009,269.0,,100.0,582.5546875,,0
1782298060.094808,6421.022092,269.0,,100.0,582.5546875,,0
1782298060.194808,6421.122092,269.0,,100.0,582.5546875,,0
1782298060.294810,6421.222094,270.0,,100.0,582.5546875,,0
1782298060.394808,6421.322091,270.0,,100.0,582.5546875,,0
1782298060.494813,6421.422096,270.0,,100.0,582.5546875,,0
1782298060.594805,6421.522088,270.0,,100.0,582.5546875,,0
1782298060.694833,6421.622117,268.0,,100.0,582.5546875,,0
1782298060.794814,6421.722097,267.0,,100.0,582.5546875,,0
1782298060.894814,6421.822098,269.0,,100.0,582.5546875,,0
1782298060.994830,6421.922113,269.0,,100.0,582.5546875,,0
1782298061.094811,6422.022094,269.0,,100.0,582.5546875,,0
1782298061.194827,6422.122111,268.0,,100.0,582.5546875,,0
1782298061.294811,6422.222095,270.0,,100.0,582.5546875,,0
1782298061.394814,6422.322099,270.0,,100.0,582.5546875,,0
1782298061.494808,6422.422092,270.0,,100.0,582.5546875,,0
1782298061.594811,6422.522095,270.0,,100.0,582.5546875,,0
1782298061.694803,6422.622086,270.0,,100.0,582.5546875,,0
1782298061.794842,6422.722127,267.0,,100.0,582.5546875,,0
1782298061.894799,6422.822083,269.0,,100.0,582.5546875,,0
1782298061.994824,6422.922109,270.0,,100.0,582.5546875,,0
1782298062.094848,6423.022132,269.0,,100.0,582.5546875,,0
1782298062.194817,6423.122100,269.0,,100.0,582.5546875,,0
1782298062.294747,6423.222032,269.0,,100.0,582.5546875,,0
1782298062.394869,6423.322153,270.0,,100.0,582.5546875,,0
1782298062.494809,6423.422093,269.0,,100.0,582.5546875,,0
1782298062.594851,6423.522136,270.0,,100.0,582.5546875,,0
1782298062.694820,6423.622106,270.0,,100.0,582.5546875,,0
1782298062.794812,6423.722097,269.0,,100.0,582.5546875,,0
1782298062.894814,6423.822097,271.0,,100.0,582.5546875,,0
1782298062.994827,6423.922110,269.0,,100.0,582.5546875,,0
1782298063.094810,6424.022094,270.0,,100.0,582.5546875,,0
1782298063.194812,6424.122097,269.0,,100.0,582.5546875,,0
1782298063.294814,6424.222097,269.0,,100.0,582.5546875,,0
1782298063.394814,6424.322097,270.0,,100.0,582.5546875,,0
1782298063.494810,6424.422095,270.0,,100.0,582.5546875,,0
1782298063.594817,6424.522101,271.0,,100.0,582.5546875,,0
1782298063.694808,6424.622093,269.0,,100.0,582.5546875,,0
1782298063.794820,6424.722105,270.0,,100.0,582.5546875,,0
1782298063.894825,6424.822109,270.0,,100.0,582.5546875,,0
1782298063.994816,6424.922101,270.0,,100.0,582.5546875,,0
1782298064.094809,6425.022092,270.0,,100.0,582.5546875,,0
1782298064.194835,6425.122120,269.0,,100.0,582.5546875,,0
1782298064.294813,6425.222096,268.0,,100.0,582.5546875,,0
1782298064.394808,6425.322092,270.0,,100.0,582.5546875,,0
1782298064.494811,6425.422096,270.0,,100.0,582.5546875,,0
1782298064.594817,6425.522101,268.0,,100.0,582.5546875,,0
1782298064.694841,6425.622126,268.0,,100.0,582.5546875,,0
1782298064.794807,6425.722091,270.0,,100.0,582.5546875,,0
1782298064.894814,6425.822097,270.0,,100.0,582.5546875,,0
1782298064.994802,6425.922086,269.0,,100.0,582.5546875,,0
1782298065.094809,6426.022093,270.0,,100.0,582.5546875,,0
1782298065.194806,6426.122090,269.0,,100.0,582.5546875,,0
1782298065.294805,6426.222088,269.0,,100.0,582.5546875,,0
1782298065.394844,6426.322127,269.0,,100.0,582.5546875,,0
1782298065.494811,6426.422094,270.0,,100.0,582.5546875,,0
1782298065.594810,6426.522093,270.0,,100.0,582.5546875,,0
1782298065.694824,6426.622107,270.0,,100.0,582.5546875,,0
1782298065.794808,6426.722091,271.0,,100.0,582.5546875,,0
1782298065.894833,6426.822118,270.0,,100.0,582.5546875,,0
1782298065.994828,6426.922112,269.0,,100.0,582.5546875,,0
1782298066.094825,6427.022110,269.0,,100.0,582.5546875,,0
1782298066.194810,6427.122095,270.0,,100.0,582.5546875,,0
1782298066.294812,6427.222096,270.0,,100.0,582.5546875,,0
1782298066.394815,6427.322099,271.0,,100.0,582.5546875,,0
1782298066.494809,6427.422093,270.0,,100.0,582.5546875,,0
1782298066.594808,6427.522091,271.0,,100.0,582.5546875,,0
1782298066.694825,6427.622108,269.0,,100.0,582.5546875,,0
1782298066.794811,6427.722094,271.0,,100.0,582.5546875,,0
1782298066.894823,6427.822107,271.0,,100.0,582.5546875,,0
1782298066.994816,6427.922099,295.0,,100.0,582.5546875,,0
1782298067.094811,6428.022096,261.0,,100.0,582.5546875,,0
1782298067.194813,6428.122096,243.0,,100.0,582.5546875,,0
1782298067.294813,6428.222097,271.0,,100.0,582.5546875,,0
1782298067.394841,6428.322124,270.0,,100.0,582.5546875,,0
1782298067.494824,6428.422107,300.0,,100.0,582.5546875,,0
1782298067.594808,6428.522094,250.0,,100.0,582.5546875,,0
1782298067.694839,6428.622123,260.0,,100.0,582.5546875,,0
1782298067.794825,6428.722109,276.0,,100.0,582.5546875,,0
1782298067.894808,6428.822093,304.0,,100.0,582.5546875,,0
1782298067.994810,6428.922095,287.0,,100.0,582.5546875,,0
1782298068.094811,6429.022096,238.0,,100.0,582.5546875,,0
1782298068.194810,6429.122094,240.0,,100.0,582.5546875,,0
1782298068.294825,6429.222108,247.0,,100.0,582.5546875,,0
1782298068.394809,6429.322093,270.0,,100.0,582.5546875,,0
1782298068.494826,6429.422109,271.0,,100.0,582.5546875,,0
1782298068.594816,6429.522100,272.0,,100.0,582.5390625,,0
1782298068.694809,6429.622094,272.0,,100.0,582.5390625,,0
1782298068.794827,6429.722111,270.0,,100.0,582.5390625,,0
1782298068.894812,6429.822095,272.0,,100.0,582.5390625,,0
1782298068.994814,6429.922098,270.0,,100.0,582.5390625,,0
1782298069.094809,6430.022094,271.0,,100.0,582.5390625,,0
1782298069.194803,6430.122086,271.0,,100.0,582.5390625,,0
1782298069.294809,6430.222093,271.0,,100.0,582.5390625,,0
1782298069.394807,6430.322090,271.0,,100.0,582.5390625,,0
1782298069.494815,6430.422100,272.0,,100.0,582.5390625,,0
1782298069.594819,6430.522102,271.0,,100.0,582.5390625,,0
1782298069.694813,6430.622097,272.0,,100.0,582.5390625,,0
1782298069.794808,6430.722091,272.0,,100.0,582.5390625,,0
1782298069.894815,6430.822099,270.0,,100.0,582.5390625,,0
1782298069.994815,6430.922098,270.0,,100.0,582.5390625,,0
1782298070.094818,6431.022102,271.0,,100.0,582.5390625,,0
1782298070.194824,6431.122108,270.0,,100.0,582.5390625,,0
1782298070.294811,6431.222094,273.0,,100.0,582.5390625,,0
1782298070.394816,6431.322099,272.0,,100.0,582.5390625,,0
1782298070.494805,6431.422090,272.0,,100.0,582.5390625,,0
1782298070.594812,6431.522096,271.0,,100.0,582.5390625,,0
1782298070.694809,6431.622093,271.0,,100.0,582.5390625,,0
1782298070.794814,6431.722098,271.0,,100.0,582.5390625,,0
1782298070.894829,6431.822113,272.0,,100.0,582.5390625,,0
1782298070.994823,6431.922107,271.0,,100.0,582.5390625,,0
1782298071.094826,6432.022109,271.0,,100.0,582.5390625,,0
1782298071.194814,6432.122097,271.0,,100.0,582.5390625,,0
1782298071.294807,6432.222090,272.0,,100.0,582.5390625,,0
1782298071.394812,6432.322097,272.0,,100.0,582.5390625,,0
1782298071.494805,6432.422090,272.0,,100.0,582.5390625,,0
1782298071.594811,6432.522094,272.0,,100.0,582.5390625,,0
1782298071.694808,6432.622093,272.0,,100.0,582.5390625,,0
1782298071.794826,6432.722109,273.0,,100.0,582.5390625,,0
1782298071.894816,6432.822099,273.0,,100.0,582.5390625,,0
1782298071.994811,6432.922094,272.0,,100.0,582.5390625,,0
1782298072.094808,6433.022093,272.0,,100.0,582.5390625,,0
1782298072.194824,6433.122107,273.0,,100.0,582.5390625,,0
1782298072.294813,6433.222096,272.0,,100.0,582.5390625,,0
1782298072.394807,6433.322091,271.0,,100.0,582.5390625,,0
1782298072.494827,6433.422111,272.0,,100.0,582.5390625,,0
1782298072.594811,6433.522094,271.0,,100.0,582.5390625,,0
1782298072.694810,6433.622093,271.0,,100.0,582.5390625,,0
1782298072.794814,6433.722098,273.0,,100.0,582.5390625,,0
1782298072.894811,6433.822095,272.0,,100.0,582.5390625,,0
1782298072.994810,6433.922095,272.0,,100.0,582.5390625,,0
1782298073.094815,6434.022100,273.0,,100.0,582.5390625,,0
1782298073.194811,6434.122095,272.0,,100.0,582.5390625,,0
1782298073.294818,6434.222104,272.0,,100.0,582.5390625,,0
1782298073.394820,6434.322105,271.0,,100.0,582.5390625,,0
1782298073.494803,6434.422086,271.0,,100.0,582.5390625,,0
1782298073.594813,6434.522096,271.0,,100.0,582.5390625,,0
1782298073.694808,6434.622091,272.0,,100.0,582.5390625,,0
1782298073.794723,6434.722007,272.0,,100.0,582.5390625,,0
1782298073.894815,6434.822099,272.0,,100.0,582.5390625,,0
1782298073.994812,6434.922095,272.0,,100.0,582.5390625,,0
1782298074.094807,6435.022092,272.0,,100.0,582.5390625,,0
1782298074.194813,6435.122096,273.0,,100.0,582.5390625,,0
1782298074.294744,6435.222028,272.0,,100.0,582.5390625,,0
1782298074.394817,6435.322100,273.0,,100.0,582.5390625,,0
1782298074.494806,6435.422091,272.0,,100.0,582.5390625,,0
1782298074.594804,6435.522087,273.0,,100.0,582.5390625,,0
1782298074.694811,6435.622096,273.0,,100.0,582.5390625,,0
1782298074.794819,6435.722102,274.0,,100.0,582.5390625,,0
1782298074.894814,6435.822098,274.0,,100.0,582.5390625,,0
1782298074.994813,6435.922096,272.0,,100.0,582.5390625,,0
1782298075.094813,6436.022096,272.0,,100.0,582.5390625,,0
1782298075.194819,6436.122103,272.0,,100.0,582.5390625,,0
1782298075.294806,6436.222090,272.0,,100.0,582.5390625,,0
1782298075.394835,6436.322120,274.0,,100.0,582.5390625,,0
1782298075.494831,6436.422115,273.0,,100.0,582.5390625,,0
1782298075.594818,6436.522102,273.0,,100.0,582.5390625,,0
1782298075.694807,6436.622092,272.0,,100.0,582.5390625,,0
1782298075.794809,6436.722093,273.0,,100.0,582.5390625,,0
1782298075.894807,6436.822091,272.0,,100.0,582.5390625,,0
1782298075.994817,6436.922100,273.0,,100.0,582.5390625,,0
1782298076.094805,6437.022088,274.0,,100.0,582.5390625,,0
1782298076.194806,6437.122091,273.0,,100.0,582.5390625,,0
1782298076.294824,6437.222107,273.0,,100.0,582.5390625,,0
1782298076.394826,6437.322111,271.0,,100.0,582.5390625,,0
1782298076.494808,6437.422091,273.0,,100.0,582.5390625,,0
1782298076.594809,6437.522092,273.0,,100.0,582.5390625,,0
1782298076.694816,6437.622099,273.0,,100.0,582.5390625,,0
1782298076.794810,6437.722093,273.0,,100.0,582.5390625,,0
1782298076.894825,6437.822108,272.0,,100.0,582.5390625,,0
1782298076.994811,6437.922094,273.0,,100.0,582.5390625,,0
1782298077.094806,6438.022090,274.0,,100.0,582.5390625,,0
1782298077.194806,6438.122090,272.0,,100.0,582.5390625,,0
1782298077.294808,6438.222092,272.0,,100.0,582.5390625,,0
1782298077.394805,6438.322091,273.0,,100.0,582.5390625,,0
1782298077.494808,6438.422091,274.0,,100.0,582.5390625,,0
1782298077.594815,6438.522100,273.0,,100.0,582.5390625,,0
1782298077.694822,6438.622106,273.0,,100.0,582.5390625,,0
1782298077.794806,6438.722089,274.0,,100.0,582.5390625,,0
1782298077.894810,6438.822093,273.0,,100.0,582.5390625,,0
1782298077.994846,6438.922130,272.0,,100.0,582.5390625,,0
1782298078.094820,6439.022103,273.0,,100.0,582.5390625,,0
1782298078.194812,6439.122095,273.0,,100.0,582.5390625,,0
1782298078.294815,6439.222098,273.0,,100.0,582.5390625,,0
1782298078.394811,6439.322094,274.0,,100.0,582.5390625,,0
1782298078.494810,6439.422095,275.0,,100.0,582.5390625,,0
1782298078.594810,6439.522094,273.0,,100.0,582.5390625,,0
1782298078.694805,6439.622089,275.0,,100.0,582.5390625,,0
1782298078.794817,6439.722100,272.0,,100.0,582.5390625,,0
1782298078.894808,6439.822092,273.0,,100.0,582.5390625,,0
1782298078.994809,6439.922093,272.0,,100.0,582.5390625,,0
1782298079.094805,6440.022090,273.0,,100.0,582.5390625,,0
1782298079.194824,6440.122109,274.0,,100.0,582.5390625,,0
1782298079.294812,6440.222095,274.0,,100.0,582.5390625,,0
1782298079.394810,6440.322094,275.0,,100.0,582.5390625,,0
1782298079.494810,6440.422095,274.0,,100.0,582.5390625,,0
1782298079.594806,6440.522089,274.0,,100.0,582.5390625,,0
1782298079.695138,6440.622421,273.0,,100.0,582.5390625,,0
1782298079.794806,6440.722090,274.0,,100.0,582.5390625,,0
1782298079.894806,6440.822089,274.0,,100.0,582.5390625,,0
1782298079.994814,6440.922099,273.0,,100.0,582.5390625,,0
1782298080.094829,6441.022114,273.0,,100.0,582.5390625,,0
1782298080.194808,6441.122092,274.0,,100.0,582.5390625,,0
1782298080.294812,6441.222096,274.0,,100.0,582.5390625,,0
1782298080.394810,6441.322093,273.0,,100.0,582.5390625,,0
1782298080.494813,6441.422098,273.0,,100.0,582.5390625,,0
1782298080.594810,6441.522094,274.0,,100.0,582.5390625,,0
1782298080.694810,6441.622093,274.0,,100.0,582.5390625,,0
1782298080.794807,6441.722091,274.0,,100.0,582.5390625,,0
1782298080.894813,6441.822097,271.0,,100.0,582.5390625,,0
1782298080.994824,6441.922108,273.0,,100.0,582.5390625,,0
1782298081.094815,6442.022099,274.0,,100.0,582.5390625,,0
1782298081.194804,6442.122088,274.0,,100.0,582.5390625,,0
1782298081.294809,6442.222092,274.0,,100.0,582.5390625,,0
1782298081.394803,6442.322086,274.0,,100.0,582.5390625,,0
1782298081.494806,6442.422090,273.0,,100.0,582.5390625,,0
1782298081.594805,6442.522088,274.0,,100.0,582.5390625,,0
1782298081.694804,6442.622088,274.0,,100.0,582.5390625,,0
1782298081.794809,6442.722092,274.0,,100.0,582.5390625,,0
1782298081.894808,6442.822091,274.0,,100.0,582.5390625,,0
1782298081.994804,6442.922088,274.0,,100.0,582.5390625,,0
1782298082.094805,6443.022089,273.0,,100.0,582.5390625,,0
1782298082.194808,6443.122091,274.0,,100.0,582.5390625,,0
1782298082.294811,6443.222094,274.0,,100.0,582.5390625,,0
1782298082.394814,6443.322099,274.0,,100.0,582.5390625,,0
1782298082.494812,6443.422095,273.0,,100.0,582.5390625,,0
1782298082.594815,6443.522098,273.0,,100.0,582.5390625,,0
1782298082.694814,6443.622099,274.0,,100.0,582.5390625,,0
1782298082.794808,6443.722091,275.0,,100.0,582.5390625,,0
1782298082.894813,6443.822096,275.0,,100.0,582.5390625,,0
1782298082.994810,6443.922094,274.0,,100.0,582.5390625,,0
1782298083.094812,6444.022095,274.0,,100.0,582.5390625,,0
1782298083.194813,6444.122096,287.0,,100.0,582.5390625,,0
1782298083.294816,6444.222099,252.0,,100.0,582.5390625,,0
1782298083.394816,6444.322099,268.0,,100.0,582.5390625,,0
1782298083.494814,6444.422098,254.0,,100.0,582.5390625,,0
1782298083.594815,6444.522100,305.0,,100.0,582.5390625,,0
1782298083.694825,6444.622108,306.0,,100.0,582.5390625,,0
1782298083.794830,6444.722113,263.0,,99.0,582.5390625,,0
1782298083.894809,6444.822095,303.0,,100.0,582.5390625,,0
1782298083.994809,6444.922093,300.0,,100.0,582.5390625,,0
1782298084.094812,6445.022097,276.0,,99.0,582.5390625,,0
1782298084.194810,6445.122093,255.0,,100.0,582.5390625,,0
1782298084.294806,6445.222089,259.0,,100.0,582.5390625,,0
1782298084.394816,6445.322099,260.0,,100.0,582.5390625,,0
1782298084.494816,6445.422099,273.0,,100.0,582.5390625,,0
1782298084.594807,6445.522091,279.0,,100.0,582.5390625,,0
1782298084.694809,6445.622093,279.0,,99.0,582.5390625,,0
1782298084.794837,6445.722121,257.0,,100.0,582.5390625,,0
1782298084.894804,6445.822087,274.0,,100.0,582.5390625,,0
1782298084.994836,6445.922120,274.0,,100.0,582.5390625,,0
1782298085.094802,6446.022086,275.0,,100.0,582.5390625,,0
1782298085.194808,6446.122092,274.0,,100.0,582.5390625,,0
1782298085.294805,6446.222089,274.0,,100.0,582.5390625,,0
1782298085.394812,6446.322096,274.0,,100.0,582.5390625,,0
1782298085.494804,6446.422088,275.0,,100.0,582.5390625,,0
1782298085.594812,6446.522096,274.0,,100.0,582.5390625,,0
1782298085.694810,6446.622095,274.0,,100.0,582.5390625,,0
1782298085.794814,6446.722098,276.0,,100.0,582.5390625,,0
1782298085.894811,6446.822094,275.0,,100.0,582.5390625,,0
1782298085.994802,6446.922085,275.0,,100.0,582.5390625,,0
1782298086.094810,6447.022093,274.0,,100.0,582.5390625,,0
1782298086.194809,6447.122092,273.0,,100.0,582.5390625,,0
1782298086.294849,6447.222133,272.0,,100.0,582.5390625,,0
1782298086.394813,6447.322097,274.0,,100.0,582.5390625,,0
1782298086.494805,6447.422088,275.0,,100.0,582.5390625,,0
1782298086.594805,6447.522088,276.0,,100.0,582.5390625,,0
1782298086.694808,6447.622091,276.0,,100.0,582.5390625,,0
1782298086.794803,6447.722087,275.0,,100.0,582.5390625,,0
1782298086.894804,6447.822087,275.0,,100.0,582.5390625,,0
1782298086.994804,6447.922088,274.0,,100.0,582.5390625,,0
1782298087.094811,6448.022094,274.0,,100.0,582.5390625,,0
1782298087.194805,6448.122090,274.0,,100.0,582.5390625,,0
1782298087.294811,6448.222094,274.0,,100.0,582.5390625,,0
1782298087.394804,6448.322087,276.0,,100.0,582.5390625,,0
1782298087.494811,6448.422096,274.0,,100.0,582.5390625,,0
1782298087.594823,6448.522108,275.0,,100.0,582.5390625,,0
1782298087.694815,6448.622100,275.0,,100.0,582.5390625,,0
1782298087.794815,6448.722100,274.0,,100.0,582.5390625,,0
1782298087.894804,6448.822089,275.0,,100.0,582.5390625,,0
1782298087.994812,6448.922095,274.0,,100.0,582.5390625,,0
1782298088.094809,6449.022093,274.0,,100.0,582.5390625,,0
1782298088.194804,6449.122088,273.0,,100.0,582.5390625,,0
1782298088.294826,6449.222111,274.0,,100.0,582.5390625,,0
1782298088.394812,6449.322095,275.0,,100.0,582.5390625,,0
1782298088.494807,6449.422090,275.0,,100.0,582.5390625,,0
1782298088.594810,6449.522095,274.0,,100.0,582.5390625,,0
1782298088.694812,6449.622095,275.0,,100.0,582.5390625,,0
1782298088.794810,6449.722094,275.0,,100.0,582.5390625,,0
1782298088.894806,6449.822089,275.0,,100.0,582.5390625,,0
1782298088.994805,6449.922089,274.0,,100.0,582.5390625,,0
1782298089.094813,6450.022096,274.0,,100.0,582.5390625,,0
1782298089.194811,6450.122094,274.0,,100.0,582.5390625,,0
1782298089.294809,6450.222092,273.0,,100.0,582.5390625,,0
1782298089.394806,6450.322091,275.0,,100.0,582.5390625,,0
1782298089.494820,6450.422103,275.0,,100.0,582.5390625,,0
1782298089.594809,6450.522093,275.0,,100.0,582.5390625,,0
1782298089.694811,6450.622095,276.0,,100.0,582.5390625,,0
1782298089.794817,6450.722101,274.0,,100.0,582.5390625,,0
1782298089.894816,6450.822101,274.0,,100.0,582.5390625,,0
1782298089.994804,6450.922088,274.0,,100.0,582.5390625,,0
1782298090.094830,6451.022114,273.0,,100.0,582.5390625,,0
1782298090.194824,6451.122107,274.0,,100.0,582.5390625,,0
1782298090.294808,6451.222091,275.0,,100.0,582.5390625,,0
1782298090.394809,6451.322093,276.0,,100.0,582.5390625,,0
1782298090.494810,6451.422093,275.0,,100.0,582.5390625,,0
1782298090.594807,6451.522091,276.0,,100.0,582.5390625,,0
1782298090.694811,6451.622096,275.0,,100.0,582.5390625,,0
1782298090.794805,6451.722088,275.0,,100.0,582.5390625,,0
1782298090.894813,6451.822096,274.0,,100.0,582.5390625,,0
1782298090.994812,6451.922095,272.0,,100.0,582.5390625,,0
1782298091.094809,6452.022092,274.0,,100.0,582.5390625,,0
1782298091.194813,6452.122097,275.0,,100.0,582.5390625,,0
1782298091.294809,6452.222094,275.0,,100.0,582.5390625,,0
1782298091.394807,6452.322091,275.0,,100.0,582.5390625,,0
1782298091.494813,6452.422096,275.0,,100.0,582.5390625,,0
1782298091.594805,6452.522089,274.0,,100.0,582.5390625,,0
1782298091.694804,6452.622088,273.0,,100.0,582.5390625,,0
1782298091.794810,6452.722094,275.0,,100.0,582.5390625,,0
1782298091.894832,6452.822117,275.0,,100.0,582.5390625,,0
1782298091.994810,6452.922093,275.0,,100.0,582.5390625,,0
1782298092.094812,6453.022095,276.0,,100.0,582.5390625,,0
1782298092.194809,6453.122092,275.0,,100.0,582.5390625,,0
1782298092.294805,6453.222088,274.0,,100.0,582.5390625,,0
1782298092.394805,6453.322088,274.0,,100.0,582.5390625,,0
1782298092.494810,6453.422093,274.0,,100.0,582.5390625,,0
1782298092.594806,6453.522090,274.0,,100.0,582.5390625,,0
1782298092.694810,6453.622094,276.0,,100.0,582.5390625,,0
1782298092.794808,6453.722092,275.0,,100.0,582.5390625,,0
1782298092.894814,6453.822098,275.0,,100.0,582.5390625,,0
1782298092.994855,6453.922140,256.0,,95.0,568.51953125,,0
1782298093.094851,6454.022137,39.0,,3.0,568.51953125,,0
1782298093.194821,6454.122105,24.0,,3.0,568.51953125,,0
1782298093.294924,6454.222209,38.0,,3.0,338.27734375,,0
1782298093.394824,6454.322109,31.0,,,338.27734375,,0
1782298093.494814,6454.422099,30.0,,,338.27734375,,0
1782298093.594840,6454.522124,25.0,,3.0,338.27734375,,0
1782298093.694830,6454.622115,18.0,,1.0,338.27734375,,0
