sample_epoch,mono_s,power_w,energy_uj,gfx_busy_pct,vram_used_mb,sclk_mhz,device_id
1782297477.451074,5838.378357,17.0,,,338.27734375,,0
1782297477.551244,5838.478528,22.0,,3.0,338.27734375,,0
1782297477.651222,5838.578507,17.0,,1.0,338.27734375,,0
1782297477.751226,5838.678511,18.0,,,338.27734375,,0
1782297477.851227,5838.778511,21.0,,,338.27734375,,0
1782297477.951133,5838.878416,20.0,,,338.27734375,,0
1782297478.052724,5838.980007,19.0,,,338.27734375,,0
1782297478.151227,5839.078512,21.0,,3.0,338.27734375,,0
1782297478.251231,5839.178515,17.0,,1.0,338.27734375,,0
1782297478.351227,5839.278511,16.0,,,338.27734375,,0
1782297478.451231,5839.378515,16.0,,,338.27734375,,0
1782297478.551224,5839.478509,16.0,,,338.27734375,,0
1782297478.651235,5839.578519,18.0,,,338.27734375,,0
1782297478.751224,5839.678507,17.0,,,338.27734375,,0
1782297478.851230,5839.778514,16.0,,,338.27734375,,0
1782297478.951227,5839.878512,17.0,,,338.27734375,,0
1782297479.051227,5839.978511,16.0,,,338.27734375,,0
1782297479.151228,5840.078513,19.0,,,338.27734375,,0
1782297479.251230,5840.178514,17.0,,,338.27734375,,0
1782297479.351224,5840.278508,19.0,,7.0,338.27734375,,0
1782297479.451225,5840.378509,17.0,,1.0,338.27734375,,0
1782297479.551227,5840.478511,16.0,,,338.27734375,,0
1782297479.651224,5840.578507,17.0,,,338.27734375,,0
1782297479.751233,5840.678517,16.0,,,338.27734375,,0
1782297479.851228,5840.778512,16.0,,,338.27734375,,0
1782297479.951165,5840.878449,23.0,,,338.27734375,,0
1782297480.051228,5840.978512,18.0,,1.0,338.27734375,,0
1782297480.151228,5841.078512,15.0,,,338.27734375,,0
1782297480.251226,5841.178510,18.0,,,338.27734375,,0
1782297480.351229,5841.278513,16.0,,,338.27734375,,0
1782297480.451226,5841.378510,16.0,,,338.27734375,,0
1782297480.551165,5841.478449,23.0,,3.0,338.27734375,,0
1782297480.651230,5841.578514,17.0,,1.0,338.27734375,,0
1782297480.751230,5841.678513,20.0,,,338.27734375,,0
1782297480.851233,5841.778517,18.0,,,338.27734375,,0
1782297480.951227,5841.878511,17.0,,,338.27734375,,0
1782297481.051227,5841.978511,17.0,,,338.27734375,,0
1782297481.151163,5842.078447,27.0,,,338.27734375,,0
1782297481.251231,5842.178516,17.0,,,338.27734375,,0
1782297481.351235,5842.278519,18.0,,,338.27734375,,0
1782297481.451222,5842.378507,21.0,,,338.27734375,,0
1782297481.551233,5842.478517,16.0,,,338.27734375,,0
1782297481.651225,5842.578509,16.0,,,338.27734375,,0
1782297481.751164,5842.678448,16.0,,,338.27734375,,0
1782297481.851231,5842.778515,21.0,,3.0,338.27734375,,0
1782297481.951163,5842.878448,19.0,,3.0,338.27734375,,0
1782297482.051228,5842.978512,17.0,,,338.27734375,,0
1782297482.151225,5843.078508,16.0,,,338.27734375,,0
1782297482.251230,5843.178514,17.0,,,338.27734375,,0
1782297482.351151,5843.278436,17.0,,,338.27734375,,0
1782297482.451236,5843.378520,18.0,,,338.27734375,,0
1782297482.551225,5843.478509,18.0,,3.0,338.30859375,,0
1782297482.651151,5843.578435,20.0,,2.0,338.30859375,,0
1782297482.751155,5843.678439,16.0,,,338.30859375,,0
1782297482.851153,5843.778437,17.0,,,338.30859375,,0
1782297482.951174,5843.878459,20.0,,,338.30859375,,0
1782297483.051148,5843.978432,17.0,,,338.30859375,,0
1782297483.151211,5844.078496,16.0,,,338.30859375,,0
1782297483.251247,5844.178531,16.0,,,338.30859375,,0
1782297483.351212,5844.278497,19.0,,3.0,547.07421875,,0
1782297483.451171,5844.378456,205.0,,100.0,604.56640625,,0
1782297483.551170,5844.478455,212.0,,100.0,604.56640625,,0
1782297483.651167,5844.578452,181.0,,77.0,568.56640625,,0
1782297483.751170,5844.678455,223.0,,100.0,604.5703125,,0
1782297483.851169,5844.778454,207.0,,100.0,604.56640625,,0
1782297483.951193,5844.878479,162.0,,69.0,604.5703125,,0
1782297484.051230,5844.978515,158.0,,70.0,600.5703125,,0
1782297484.151214,5845.078499,146.0,,71.0,578.57421875,,0
1782297484.251218,5845.178502,155.0,,75.0,568.5703125,,0
1782297484.351214,5845.278499,141.0,,68.0,604.5703125,,0
1782297484.451239,5845.378523,86.0,,32.0,604.56640625,,0
1782297484.551239,5845.478523,236.0,,100.0,604.56640625,,0
1782297484.651240,5845.578524,279.0,,100.0,604.56640625,,0
1782297484.751250,5845.678534,336.0,,100.0,604.56640625,,0
1782297484.851234,5845.778518,297.0,,100.0,604.56640625,,0
1782297484.951241,5845.878525,301.0,,100.0,604.56640625,,0
1782297485.051237,5845.978522,299.0,,100.0,604.56640625,,0
1782297485.151240,5846.078525,300.0,,100.0,604.56640625,,0
1782297485.251238,5846.178522,300.0,,100.0,604.56640625,,0
1782297485.351241,5846.278526,308.0,,100.0,604.56640625,,0
1782297485.451241,5846.378526,298.0,,100.0,604.56640625,,0
1782297485.551240,5846.478524,300.0,,100.0,604.56640625,,0
1782297485.651239,5846.578523,320.0,,100.0,604.56640625,,0
1782297485.751237,5846.678522,300.0,,100.0,604.56640625,,0
1782297485.851244,5846.778528,306.0,,100.0,604.56640625,,0
1782297485.951242,5846.878526,301.0,,100.0,604.56640625,,0
1782297486.051236,5846.978520,294.0,,100.0,604.56640625,,0
1782297486.151242,5847.078526,299.0,,100.0,604.56640625,,0
1782297486.251238,5847.178522,300.0,,100.0,604.56640625,,0
1782297486.351238,5847.278522,300.0,,100.0,604.56640625,,0
1782297486.451172,5847.378456,299.0,,100.0,604.56640625,,0
1782297486.551240,5847.478525,298.0,,100.0,604.56640625,,0
1782297486.651241,5847.578525,300.0,,100.0,604.56640625,,0
1782297486.751239,5847.678523,298.0,,100.0,604.56640625,,0
1782297486.851240,5847.778524,299.0,,100.0,604.56640625,,0
1782297486.951237,5847.878521,245.0,,100.0,604.56640625,,0
1782297487.051154,5847.978438,305.0,,100.0,604.56640625,,0
1782297487.151153,5848.078438,299.0,,100.0,604.56640625,,0
1782297487.251154,5848.178438,300.0,,100.0,604.56640625,,0
1782297487.351154,5848.278438,300.0,,100.0,604.56640625,,0
1782297487.451154,5848.378438,299.0,,100.0,604.56640625,,0
1782297487.551154,5848.478438,222.0,,100.0,604.56640625,,0
1782297487.651154,5848.578438,301.0,,100.0,604.56640625,,0
1782297487.751157,5848.678441,299.0,,100.0,604.56640625,,0
1782297487.851153,5848.778438,300.0,,100.0,604.56640625,,0
1782297487.951157,5848.878441,300.0,,100.0,604.56640625,,0
1782297488.051156,5848.978440,299.0,,100.0,604.56640625,,0
1782297488.151154,5849.078438,300.0,,100.0,604.56640625,,0
1782297488.251153,5849.178438,299.0,,100.0,604.56640625,,0
1782297488.351153,5849.278438,300.0,,100.0,604.56640625,,0
1782297488.451158,5849.378442,299.0,,100.0,604.56640625,,0
1782297488.551154,5849.478438,300.0,,100.0,604.56640625,,0
1782297488.651156,5849.578441,299.0,,100.0,604.56640625,,0
1782297488.751157,5849.678441,300.0,,100.0,604.56640625,,0
1782297488.851153,5849.778438,300.0,,100.0,604.56640625,,0
1782297488.951153,5849.878438,300.0,,100.0,604.56640625,,0
1782297489.051142,5849.978425,298.0,,100.0,604.56640625,,0
1782297489.151138,5850.078422,301.0,,100.0,604.56640625,,0
1782297489.251138,5850.178421,273.0,,100.0,604.56640625,,0
1782297489.351137,5850.278421,298.0,,100.0,604.56640625,,0
1782297489.451138,5850.378422,299.0,,100.0,604.56640625,,0
1782297489.551138,5850.478422,300.0,,100.0,604.56640625,,0
1782297489.651137,5850.578421,299.0,,100.0,604.56640625,,0
1782297489.751137,5850.678420,301.0,,100.0,604.56640625,,0
1782297489.851137,5850.778420,297.0,,100.0,604.56640625,,0
1782297489.951136,5850.878420,315.0,,100.0,604.56640625,,0
1782297490.051137,5850.978421,298.0,,100.0,604.56640625,,0
1782297490.151138,5851.078422,301.0,,100.0,604.56640625,,0
1782297490.251140,5851.178424,299.0,,100.0,604.56640625,,0
1782297490.351139,5851.278422,298.0,,100.0,604.56640625,,0
1782297490.451137,5851.378420,302.0,,100.0,604.56640625,,0
1782297490.551137,5851.478420,298.0,,100.0,604.56640625,,0
1782297490.651138,5851.578421,300.0,,100.0,604.56640625,,0
1782297490.751137,5851.678420,299.0,,100.0,604.56640625,,0
1782297490.851137,5851.778420,300.0,,100.0,604.56640625,,0
1782297490.951137,5851.878420,298.0,,100.0,604.56640625,,0
1782297491.051137,5851.978421,301.0,,100.0,604.56640625,,0
1782297491.151137,5852.078420,300.0,,100.0,604.56640625,,0
1782297491.251137,5852.178421,299.0,,100.0,604.56640625,,0
1782297491.351136,5852.278420,299.0,,100.0,604.56640625,,0
1782297491.451138,5852.378422,300.0,,100.0,604.56640625,,0
1782297491.551137,5852.478421,297.0,,100.0,604.56640625,,0
1782297491.651137,5852.578421,313.0,,100.0,604.56640625,,0
1782297491.751137,5852.678421,297.0,,100.0,604.56640625,,0
1782297491.851136,5852.778420,279.0,,100.0,604.56640625,,0
1782297491.951136,5852.878420,313.0,,100.0,604.56640625,,0
1782297492.051137,5852.978421,301.0,,100.0,604.56640625,,0
1782297492.151137,5853.078420,302.0,,100.0,604.56640625,,0
1782297492.251137,5853.178421,312.0,,100.0,604.56640625,,0
1782297492.351136,5853.278420,290.0,,100.0,604.56640625,,0
1782297492.451137,5853.378420,229.0,,100.0,604.56640625,,0
1782297492.551137,5853.478421,264.0,,100.0,604.56640625,,0
1782297492.651136,5853.578420,313.0,,100.0,604.56640625,,0
1782297492.751136,5853.678420,297.0,,100.0,604.56640625,,0
1782297492.851142,5853.778426,173.0,,100.0,604.56640625,,0
1782297492.951138,5853.878421,321.0,,100.0,604.56640625,,0
1782297493.051137,5853.978421,299.0,,100.0,604.56640625,,0
1782297493.151138,5854.078422,299.0,,100.0,604.56640625,,0
1782297493.251138,5854.178422,300.0,,100.0,604.56640625,,0
1782297493.351138,5854.278421,299.0,,100.0,604.56640625,,0
1782297493.451137,5854.378420,300.0,,100.0,604.56640625,,0
1782297493.551137,5854.478421,300.0,,100.0,604.56640625,,0
1782297493.651137,5854.578420,299.0,,100.0,604.56640625,,0
1782297493.751136,5854.678420,300.0,,100.0,604.56640625,,0
1782297493.851137,5854.778420,299.0,,100.0,604.56640625,,0
1782297493.951138,5854.878421,299.0,,100.0,604.56640625,,0
1782297494.051137,5854.978421,298.0,,100.0,604.56640625,,0
1782297494.151137,5855.078420,299.0,,100.0,604.56640625,,0
1782297494.251137,5855.178420,318.0,,100.0,604.56640625,,0
1782297494.351136,5855.278420,300.0,,100.0,604.56640625,,0
1782297494.451137,5855.378421,300.0,,100.0,604.56640625,,0
1782297494.551137,5855.478421,301.0,,100.0,604.56640625,,0
1782297494.651137,5855.578420,299.0,,100.0,604.56640625,,0
1782297494.751137,5855.678421,299.0,,100.0,604.56640625,,0
1782297494.851136,5855.778420,298.0,,100.0,604.56640625,,0
1782297494.951136,5855.878419,301.0,,100.0,604.56640625,,0
1782297495.051137,5855.978421,299.0,,100.0,604.56640625,,0
1782297495.151137,5856.078420,300.0,,100.0,604.56640625,,0
1782297495.251139,5856.178423,300.0,,100.0,604.56640625,,0
1782297495.351139,5856.278422,300.0,,100.0,604.56640625,,0
1782297495.451137,5856.378421,298.0,,100.0,604.56640625,,0
1782297495.551137,5856.478421,299.0,,100.0,604.56640625,,0
1782297495.651137,5856.578420,300.0,,100.0,604.56640625,,0
1782297495.751137,5856.678420,299.0,,100.0,604.56640625,,0
1782297495.851137,5856.778420,300.0,,100.0,604.56640625,,0
1782297495.951137,5856.878420,298.0,,100.0,604.56640625,,0
1782297496.051136,5856.978420,300.0,,100.0,604.56640625,,0
1782297496.151137,5857.078420,300.0,,100.0,604.56640625,,0
1782297496.251137,5857.178421,299.0,,100.0,604.56640625,,0
1782297496.351137,5857.278420,299.0,,100.0,604.56640625,,0
1782297496.451137,5857.378420,301.0,,100.0,604.56640625,,0
1782297496.551137,5857.478420,300.0,,100.0,604.56640625,,0
1782297496.651137,5857.578420,299.0,,100.0,604.56640625,,0
1782297496.751137,5857.678421,299.0,,100.0,604.56640625,,0
1782297496.851136,5857.778420,300.0,,100.0,604.56640625,,0
1782297496.951136,5857.878420,301.0,,100.0,604.56640625,,0
1782297497.051136,5857.978420,299.0,,100.0,604.56640625,,0
1782297497.151137,5858.078420,299.0,,100.0,604.56640625,,0
1782297497.251137,5858.178421,286.0,,100.0,604.56640625,,0
1782297497.351137,5858.278421,300.0,,100.0,604.56640625,,0
1782297497.451137,5858.378421,299.0,,100.0,604.56640625,,0
1782297497.551137,5858.478421,299.0,,100.0,604.56640625,,0
1782297497.651137,5858.578420,299.0,,100.0,604.56640625,,0
1782297497.751137,5858.678421,299.0,,100.0,604.56640625,,0
1782297497.851137,5858.778421,300.0,,100.0,604.56640625,,0
1782297497.951136,5858.878419,300.0,,100.0,604.56640625,,0
1782297498.051136,5858.978420,299.0,,100.0,604.56640625,,0
1782297498.151136,5859.078420,300.0,,100.0,604.56640625,,0
1782297498.251138,5859.178422,299.0,,100.0,604.56640625,,0
1782297498.351138,5859.278421,300.0,,100.0,604.56640625,,0
1782297498.451137,5859.378420,301.0,,100.0,604.56640625,,0
1782297498.551137,5859.478421,298.0,,100.0,604.56640625,,0
1782297498.651137,5859.578420,300.0,,100.0,604.56640625,,0
1782297498.751136,5859.678420,299.0,,100.0,604.56640625,,0
1782297498.851137,5859.778421,299.0,,100.0,604.56640625,,0
1782297498.951136,5859.878419,300.0,,100.0,604.56640625,,0
1782297499.051136,5859.978420,300.0,,100.0,604.56640625,,0
1782297499.151137,5860.078420,299.0,,100.0,604.56640625,,0
1782297499.251136,5860.178419,300.0,,100.0,604.56640625,,0
1782297499.351136,5860.278420,300.0,,100.0,604.56640625,,0
1782297499.451138,5860.378421,299.0,,100.0,604.56640625,,0
1782297499.551137,5860.478421,300.0,,100.0,604.56640625,,0
1782297499.651137,5860.578421,300.0,,100.0,604.56640625,,0
1782297499.751137,5860.678420,299.0,,100.0,604.56640625,,0
1782297499.851136,5860.778420,300.0,,100.0,604.56640625,,0
1782297499.951137,5860.878420,299.0,,100.0,604.56640625,,0
1782297500.051136,5860.978419,300.0,,100.0,604.56640625,,0
1782297500.151137,5861.078421,300.0,,100.0,604.56640625,,0
1782297500.251137,5861.178421,298.0,,100.0,604.56640625,,0
1782297500.351137,5861.278421,300.0,,100.0,604.56640625,,0
1782297500.451137,5861.378421,302.0,,100.0,604.56640625,,0
1782297500.551136,5861.478420,314.0,,100.0,604.56640625,,0
1782297500.651136,5861.578420,292.0,,100.0,604.56640625,,0
1782297500.751137,5861.678421,300.0,,100.0,604.56640625,,0
1782297500.851137,5861.778420,289.0,,100.0,604.56640625,,0
1782297500.951136,5861.878420,300.0,,100.0,604.56640625,,0
1782297501.051137,5861.978421,299.0,,100.0,604.56640625,,0
1782297501.151136,5862.078420,299.0,,100.0,604.56640625,,0
1782297501.251137,5862.178420,299.0,,100.0,604.56640625,,0
1782297501.351137,5862.278420,298.0,,100.0,604.56640625,,0
1782297501.451137,5862.378421,308.0,,100.0,604.56640625,,0
1782297501.551137,5862.478420,299.0,,100.0,604.56640625,,0
1782297501.651137,5862.578420,300.0,,100.0,604.56640625,,0
1782297501.751137,5862.678420,299.0,,100.0,604.56640625,,0
1782297501.851137,5862.778420,300.0,,100.0,604.56640625,,0
1782297501.951135,5862.878419,299.0,,100.0,604.56640625,,0
1782297502.051136,5862.978420,300.0,,100.0,604.56640625,,0
1782297502.151138,5863.078422,299.0,,100.0,604.56640625,,0
1782297502.251137,5863.178420,299.0,,100.0,604.56640625,,0
1782297502.351137,5863.278420,300.0,,100.0,604.56640625,,0
1782297502.451137,5863.378420,297.0,,100.0,604.56640625,,0
1782297502.551136,5863.478420,302.0,,100.0,604.56640625,,0
1782297502.651138,5863.578421,299.0,,100.0,604.56640625,,0
1782297502.751137,5863.678421,297.0,,100.0,604.56640625,,0
1782297502.851137,5863.778421,300.0,,100.0,604.56640625,,0
1782297502.951136,5863.878420,300.0,,100.0,604.56640625,,0
1782297503.051136,5863.978420,298.0,,100.0,604.56640625,,0
1782297503.151145,5864.078429,291.0,,94.0,604.56640625,,0
1782297503.251139,5864.178423,304.0,,100.0,604.56640625,,0
1782297503.351138,5864.278422,298.0,,100.0,604.56640625,,0
1782297503.451137,5864.378421,300.0,,100.0,604.56640625,,0
1782297503.551137,5864.478421,299.0,,100.0,604.56640625,,0
1782297503.651138,5864.578421,300.0,,100.0,604.56640625,,0
1782297503.751137,5864.678420,326.0,,100.0,604.56640625,,0
1782297503.851137,5864.778420,299.0,,100.0,604.56640625,,0
1782297503.951137,5864.878420,327.0,,100.0,604.56640625,,0
1782297504.051137,5864.978421,299.0,,100.0,604.56640625,,0
1782297504.151137,5865.078420,300.0,,100.0,604.56640625,,0
1782297504.251136,5865.178420,300.0,,100.0,604.56640625,,0
1782297504.351137,5865.278420,300.0,,100.0,604.56640625,,0
1782297504.451137,5865.378420,286.0,,100.0,604.56640625,,0
1782297504.551137,5865.478421,301.0,,100.0,604.56640625,,0
1782297504.651137,5865.578420,314.0,,100.0,604.56640625,,0
1782297504.751137,5865.678420,300.0,,100.0,604.56640625,,0
1782297504.851137,5865.778421,299.0,,100.0,604.56640625,,0
1782297504.951136,5865.878419,271.0,,100.0,604.56640625,,0
1782297505.051136,5865.978420,300.0,,100.0,604.56640625,,0
1782297505.151136,5866.078420,310.0,,100.0,604.56640625,,0
1782297505.251137,5866.178421,300.0,,100.0,604.56640625,,0
1782297505.351136,5866.278419,300.0,,100.0,604.56640625,,0
1782297505.451138,5866.378421,299.0,,100.0,604.56640625,,0
1782297505.551136,5866.478420,301.0,,100.0,604.56640625,,0
1782297505.651137,5866.578420,299.0,,100.0,604.56640625,,0
1782297505.751137,5866.678420,300.0,,100.0,604.56640625,,0
1782297505.851136,5866.778420,300.0,,100.0,604.56640625,,0
1782297505.951137,5866.878420,299.0,,100.0,604.56640625,,0
1782297506.051136,5866.978420,299.0,,100.0,604.56640625,,0
1782297506.151136,5867.078420,299.0,,100.0,604.56640625,,0
1782297506.251137,5867.178421,299.0,,100.0,604.56640625,,0
1782297506.351135,5867.278419,300.0,,100.0,604.56640625,,0
1782297506.451137,5867.378420,300.0,,100.0,604.56640625,,0
1782297506.551137,5867.478420,298.0,,100.0,604.56640625,,0
1782297506.651136,5867.578419,300.0,,100.0,604.56640625,,0
1782297506.751137,5867.678420,300.0,,100.0,604.56640625,,0
1782297506.851136,5867.778420,298.0,,100.0,604.56640625,,0
1782297506.951135,5867.878419,300.0,,100.0,604.56640625,,0
1782297507.051137,5867.978420,299.0,,100.0,604.56640625,,0
1782297507.151136,5868.078420,299.0,,100.0,604.56640625,,0
1782297507.251136,5868.178420,299.0,,100.0,604.56640625,,0
1782297507.351137,5868.278421,299.0,,100.0,604.56640625,,0
1782297507.451137,5868.378420,299.0,,100.0,604.56640625,,0
1782297507.551137,5868.478420,299.0,,100.0,604.56640625,,0
1782297507.651137,5868.578420,300.0,,100.0,604.56640625,,0
1782297507.751136,5868.678419,298.0,,100.0,604.56640625,,0
1782297507.851137,5868.778420,300.0,,100.0,604.56640625,,0
1782297507.951135,5868.878419,298.0,,100.0,604.56640625,,0
1782297508.051136,5868.978420,301.0,,100.0,604.56640625,,0
1782297508.151137,5869.078420,299.0,,100.0,604.56640625,,0
1782297508.251137,5869.178420,299.0,,100.0,604.56640625,,0
1782297508.351137,5869.278420,300.0,,100.0,604.56640625,,0
1782297508.451137,5869.378421,298.0,,100.0,604.56640625,,0
1782297508.551136,5869.478420,300.0,,100.0,604.56640625,,0
1782297508.651136,5869.578420,298.0,,100.0,604.56640625,,0
1782297508.751137,5869.678420,300.0,,100.0,604.56640625,,0
1782297508.851136,5869.778420,261.0,,100.0,604.56640625,,0
1782297508.951136,5869.878420,280.0,,100.0,604.56640625,,0
1782297509.051136,5869.978420,286.0,,100.0,604.56640625,,0
1782297509.151136,5870.078420,288.0,,100.0,604.56640625,,0
1782297509.251137,5870.178421,337.0,,100.0,604.56640625,,0
1782297509.351136,5870.278420,303.0,,100.0,604.56640625,,0
1782297509.451137,5870.378420,299.0,,100.0,604.56640625,,0
1782297509.551137,5870.478420,299.0,,100.0,604.56640625,,0
1782297509.651136,5870.578420,304.0,,100.0,604.56640625,,0
1782297509.751137,5870.678421,308.0,,100.0,604.56640625,,0
1782297509.851137,5870.778420,279.0,,100.0,604.56640625,,0
1782297509.951135,5870.878419,284.0,,100.0,604.56640625,,0
1782297510.051137,5870.978421,300.0,,100.0,604.56640625,,0
1782297510.151136,5871.078420,304.0,,100.0,604.56640625,,0
1782297510.251137,5871.178420,300.0,,100.0,604.56640625,,0
1782297510.351136,5871.278420,299.0,,100.0,604.56640625,,0
1782297510.451138,5871.378421,300.0,,100.0,604.56640625,,0
1782297510.551139,5871.478423,299.0,,100.0,604.56640625,,0
1782297510.651138,5871.578421,300.0,,100.0,604.56640625,,0
1782297510.751137,5871.678420,300.0,,100.0,604.56640625,,0
1782297510.851137,5871.778420,299.0,,100.0,604.56640625,,0
1782297510.951136,5871.878419,299.0,,100.0,604.56640625,,0
1782297511.051137,5871.978421,311.0,,100.0,604.56640625,,0
1782297511.151138,5872.078421,302.0,,100.0,604.56640625,,0
1782297511.251137,5872.178420,300.0,,100.0,604.56640625,,0
1782297511.351136,5872.278420,300.0,,100.0,604.56640625,,0
1782297511.451138,5872.378422,299.0,,100.0,604.56640625,,0
1782297511.551136,5872.478420,299.0,,100.0,604.56640625,,0
1782297511.651137,5872.578421,300.0,,100.0,604.56640625,,0
1782297511.751137,5872.678420,299.0,,100.0,604.56640625,,0
1782297511.851136,5872.778420,300.0,,100.0,604.56640625,,0
1782297511.951137,5872.878420,300.0,,100.0,604.56640625,,0
1782297512.051137,5872.978420,299.0,,100.0,604.56640625,,0
1782297512.151136,5873.078420,300.0,,100.0,604.56640625,,0
1782297512.251137,5873.178421,299.0,,100.0,604.56640625,,0
1782297512.351136,5873.278420,299.0,,100.0,604.56640625,,0
1782297512.451139,5873.378422,300.0,,100.0,604.56640625,,0
1782297512.551139,5873.478422,299.0,,100.0,604.56640625,,0
1782297512.651136,5873.578420,299.0,,100.0,604.56640625,,0
1782297512.751140,5873.678424,281.0,,100.0,604.56640625,,0
1782297512.851138,5873.778421,274.0,,100.0,604.56640625,,0
1782297512.951137,5873.878421,300.0,,100.0,604.56640625,,0
1782297513.051139,5873.978422,299.0,,100.0,604.56640625,,0
1782297513.151137,5874.078421,303.0,,100.0,604.56640625,,0
1782297513.251137,5874.178420,309.0,,100.0,604.56640625,,0
1782297513.351140,5874.278424,300.0,,100.0,604.56640625,,0
1782297513.451138,5874.378421,299.0,,100.0,604.56640625,,0
1782297513.551138,5874.478421,299.0,,100.0,604.56640625,,0
1782297513.651139,5874.578422,300.0,,100.0,604.56640625,,0
1782297513.751137,5874.678421,300.0,,100.0,604.56640625,,0
1782297513.851138,5874.778421,299.0,,100.0,604.56640625,,0
1782297513.951138,5874.878421,300.0,,100.0,604.56640625,,0
1782297514.051156,5874.978440,299.0,,100.0,604.56640625,,0
1782297514.151154,5875.078439,300.0,,100.0,604.56640625,,0
1782297514.251155,5875.178440,300.0,,100.0,604.56640625,,0
1782297514.351153,5875.278438,299.0,,100.0,604.56640625,,0
1782297514.451157,5875.378441,300.0,,100.0,604.56640625,,0
1782297514.551153,5875.478438,300.0,,100.0,604.56640625,,0
1782297514.651156,5875.578440,299.0,,100.0,604.56640625,,0
1782297514.751153,5875.678438,300.0,,100.0,604.56640625,,0
1782297514.851156,5875.778440,299.0,,100.0,604.56640625,,0
1782297514.951154,5875.878438,299.0,,100.0,604.56640625,,0
1782297515.051154,5875.978438,300.0,,100.0,604.56640625,,0
1782297515.151154,5876.078438,308.0,,100.0,604.56640625,,0
1782297515.251154,5876.178438,299.0,,100.0,604.56640625,,0
1782297515.351153,5876.278437,299.0,,100.0,604.56640625,,0
1782297515.451140,5876.378423,300.0,,100.0,604.56640625,,0
1782297515.551140,5876.478423,300.0,,100.0,604.56640625,,0
1782297515.651138,5876.578422,298.0,,100.0,604.56640625,,0
1782297515.751138,5876.678421,301.0,,100.0,604.56640625,,0
1782297515.851138,5876.778422,299.0,,100.0,604.56640625,,0
1782297515.951137,5876.878421,300.0,,100.0,604.56640625,,0
1782297516.051138,5876.978421,299.0,,100.0,604.56640625,,0
1782297516.151138,5877.078421,300.0,,100.0,604.56640625,,0
1782297516.251137,5877.178421,299.0,,100.0,604.56640625,,0
1782297516.351137,5877.278421,285.0,,100.0,604.56640625,,0
1782297516.451140,5877.378424,299.0,,100.0,604.56640625,,0
1782297516.551138,5877.478422,299.0,,100.0,604.56640625,,0
1782297516.651138,5877.578421,299.0,,100.0,604.56640625,,0
1782297516.751137,5877.678420,299.0,,100.0,604.56640625,,0
1782297516.851137,5877.778421,300.0,,100.0,604.56640625,,0
1782297516.951136,5877.878420,299.0,,100.0,604.56640625,,0
1782297517.051136,5877.978420,299.0,,100.0,604.56640625,,0
1782297517.151137,5878.078421,299.0,,100.0,604.56640625,,0
1782297517.251137,5878.178420,299.0,,100.0,604.56640625,,0
1782297517.351136,5878.278420,300.0,,100.0,604.56640625,,0
1782297517.451138,5878.378421,299.0,,100.0,604.56640625,,0
1782297517.551137,5878.478420,300.0,,100.0,604.56640625,,0
1782297517.651136,5878.578420,300.0,,100.0,604.56640625,,0
1782297517.751137,5878.678420,300.0,,100.0,604.56640625,,0
1782297517.851136,5878.778420,299.0,,100.0,604.56640625,,0
1782297517.951137,5878.878420,300.0,,100.0,604.56640625,,0
1782297518.051137,5878.978420,300.0,,100.0,604.56640625,,0
1782297518.151156,5879.078440,300.0,,100.0,604.56640625,,0
1782297518.251154,5879.178439,299.0,,100.0,604.56640625,,0
1782297518.351156,5879.278440,299.0,,100.0,604.56640625,,0
1782297518.451154,5879.378439,285.0,,100.0,604.56640625,,0
1782297518.551156,5879.478440,300.0,,100.0,604.56640625,,0
1782297518.651154,5879.578438,299.0,,100.0,604.56640625,,0
1782297518.751156,5879.678440,300.0,,100.0,604.56640625,,0
1782297518.851153,5879.778438,300.0,,100.0,604.56640625,,0
1782297518.951154,5879.878438,298.0,,100.0,604.56640625,,0
1782297519.051154,5879.978439,301.0,,100.0,604.56640625,,0
1782297519.151153,5880.078438,298.0,,100.0,604.56640625,,0
1782297519.251153,5880.178437,301.0,,100.0,604.56640625,,0
1782297519.351141,5880.278425,299.0,,100.0,604.56640625,,0
1782297519.451139,5880.378423,299.0,,100.0,604.56640625,,0
1782297519.551222,5880.478505,92.0,,27.0,604.56640625,,0
1782297519.651217,5880.578500,25.0,,3.0,604.56640625,,0
1782297519.751217,5880.678501,22.0,,4.0,604.56640625,,0
1782297519.851222,5880.778505,24.0,,3.0,604.56640625,,0
1782297519.951219,5880.878502,23.0,,2.0,604.56640625,,0
1782297520.051216,5880.978499,25.0,,3.0,604.56640625,,0
1782297520.151217,5881.078500,23.0,,3.0,604.56640625,,0
1782297520.251214,5881.178497,24.0,,2.0,604.56640625,,0
1782297520.351215,5881.278499,27.0,,4.0,604.56640625,,0
1782297520.451221,5881.378504,24.0,,2.0,604.56640625,,0
1782297520.551219,5881.478503,22.0,,3.0,604.56640625,,0
1782297520.651217,5881.578501,23.0,,2.0,604.56640625,,0
1782297520.751216,5881.678500,23.0,,3.0,604.56640625,,0
1782297520.851223,5881.778506,23.0,,1.0,604.56640625,,0
1782297520.951218,5881.878501,24.0,,3.0,604.56640625,,0
1782297521.051215,5881.978499,25.0,,3.0,604.56640625,,0
1782297521.151215,5882.078498,24.0,,3.0,604.56640625,,0
1782297521.251217,5882.178500,24.0,,3.0,604.56640625,,0
1782297521.351217,5882.278500,24.0,,2.0,604.56640625,,0
1782297521.451219,5882.378502,24.0,,3.0,604.56640625,,0
1782297521.551220,5882.478503,27.0,,5.0,604.56640625,,0
1782297521.651222,5882.578505,24.0,,3.0,604.56640625,,0
1782297521.751223,5882.678506,24.0,,3.0,604.56640625,,0
1782297521.851217,5882.778500,25.0,,2.0,604.56640625,,0
1782297521.951220,5882.878503,25.0,,3.0,604.56640625,,0
1782297522.051219,5882.978502,23.0,,3.0,604.56640625,,0
1782297522.151226,5883.078510,26.0,,3.0,604.56640625,,0
1782297522.251218,5883.178502,23.0,,3.0,604.56640625,,0
1782297522.351216,5883.278499,23.0,,3.0,604.56640625,,0
1782297522.451215,5883.378498,23.0,,3.0,604.56640625,,0
1782297522.551222,5883.478505,24.0,,3.0,604.56640625,,0
1782297522.651217,5883.578500,24.0,,3.0,604.56640625,,0
1782297522.751218,5883.678501,24.0,,3.0,604.56640625,,0
1782297522.851214,5883.778498,25.0,,2.0,604.56640625,,0
1782297522.951216,5883.878499,24.0,,3.0,604.56640625,,0
1782297523.051219,5883.978502,24.0,,3.0,604.56640625,,0
1782297523.151219,5884.078505,23.0,,3.0,604.56640625,,0
1782297523.251220,5884.178503,22.0,,3.0,604.56640625,,0
1782297523.351215,5884.278498,23.0,,2.0,604.56640625,,0
1782297523.451223,5884.378506,24.0,,4.0,604.56640625,,0
1782297523.551225,5884.478510,23.0,,3.0,604.56640625,,0
1782297523.651219,5884.578503,22.0,,3.0,604.56640625,,0
1782297523.751218,5884.678501,22.0,,3.0,604.56640625,,0
1782297523.851227,5884.778511,22.0,,3.0,604.56640625,,0
1782297523.951217,5884.878502,22.0,,3.0,604.56640625,,0
1782297524.051222,5884.978505,22.0,,3.0,604.56640625,,0
1782297524.151217,5885.078500,22.0,,2.0,604.56640625,,0
1782297524.251217,5885.178501,22.0,,3.0,604.56640625,,0
1782297524.351215,5885.278498,24.0,,3.0,604.56640625,,0
1782297524.451215,5885.378498,22.0,,3.0,604.56640625,,0
1782297524.551206,5885.478491,228.0,,100.0,604.56640625,,0
1782297524.651218,5885.578501,242.0,,100.0,604.56640625,,0
1782297524.751213,5885.678496,278.0,,100.0,604.56640625,,0
1782297524.851213,5885.778497,284.0,,100.0,604.56640625,,0
1782297524.951216,5885.878499,291.0,,100.0,604.56640625,,0
1782297525.051223,5885.978506,298.0,,100.0,604.56640625,,0
1782297525.151213,5886.078498,300.0,,100.0,604.56640625,,0
1782297525.251157,5886.178441,300.0,,100.0,604.56640625,,0
1782297525.351219,5886.278502,300.0,,100.0,604.56640625,,0
1782297525.451212,5886.378496,298.0,,100.0,604.56640625,,0
1782297525.551214,5886.478497,301.0,,100.0,604.56640625,,0
1782297525.651214,5886.578497,298.0,,100.0,604.56640625,,0
1782297525.751546,5886.678829,300.0,,100.0,604.56640625,,0
1782297525.851214,5886.778499,300.0,,100.0,604.56640625,,0
1782297525.951215,5886.878500,298.0,,100.0,604.56640625,,0
1782297526.051211,5886.978495,274.0,,100.0,604.56640625,,0
1782297526.151212,5887.078495,300.0,,100.0,604.56640625,,0
1782297526.251211,5887.178496,256.0,,100.0,604.56640625,,0
1782297526.351212,5887.278495,282.0,,100.0,604.56640625,,0
1782297526.451218,5887.378501,299.0,,100.0,604.56640625,,0
1782297526.551215,5887.478498,299.0,,100.0,604.56640625,,0
1782297526.651214,5887.578497,300.0,,100.0,604.56640625,,0
1782297526.751213,5887.678498,300.0,,100.0,604.56640625,,0
1782297526.851212,5887.778496,299.0,,100.0,604.56640625,,0
1782297526.951218,5887.878501,300.0,,100.0,604.56640625,,0
1782297527.051217,5887.978500,299.0,,100.0,604.56640625,,0
1782297527.151212,5888.078496,299.0,,100.0,604.56640625,,0
1782297527.251211,5888.178494,300.0,,100.0,604.56640625,,0
1782297527.351210,5888.278494,299.0,,100.0,604.56640625,,0
1782297527.451260,5888.378544,299.0,,100.0,604.56640625,,0
1782297527.551211,5888.478494,300.0,,100.0,604.56640625,,0
1782297527.651221,5888.578504,300.0,,100.0,604.56640625,,0
1782297527.751215,5888.678498,299.0,,100.0,604.56640625,,0
1782297527.851217,5888.778500,305.0,,100.0,604.56640625,,0
1782297527.951213,5888.878496,284.0,,100.0,604.56640625,,0
1782297528.051213,5888.978496,312.0,,100.0,604.56640625,,0
1782297528.151213,5889.078496,310.0,,100.0,604.56640625,,0
1782297528.251212,5889.178495,300.0,,100.0,604.56640625,,0
1782297528.351222,5889.278505,243.0,,100.0,604.56640625,,0
1782297528.451220,5889.378503,311.0,,100.0,604.56640625,,0
1782297528.551215,5889.478498,305.0,,100.0,604.56640625,,0
1782297528.651214,5889.578497,294.0,,100.0,604.56640625,,0
1782297528.751220,5889.678505,314.0,,100.0,604.56640625,,0
1782297528.851217,5889.778500,298.0,,100.0,604.56640625,,0
1782297528.951221,5889.878504,318.0,,100.0,604.56640625,,0
1782297529.051216,5889.978500,309.0,,100.0,604.56640625,,0
1782297529.151222,5890.078507,299.0,,100.0,604.56640625,,0
1782297529.251209,5890.178493,299.0,,100.0,604.56640625,,0
1782297529.351216,5890.278500,299.0,,100.0,604.56640625,,0
1782297529.451206,5890.378490,300.0,,100.0,604.56640625,,0
1782297529.551217,5890.478500,300.0,,100.0,604.56640625,,0
1782297529.651209,5890.578493,336.0,,100.0,604.56640625,,0
1782297529.751214,5890.678497,302.0,,100.0,604.56640625,,0
1782297529.851210,5890.778493,324.0,,100.0,604.56640625,,0
1782297529.951214,5890.878497,286.0,,100.0,604.56640625,,0
1782297530.051214,5890.978497,300.0,,100.0,604.56640625,,0
1782297530.151217,5891.078501,300.0,,100.0,604.56640625,,0
1782297530.251218,5891.178501,299.0,,100.0,604.56640625,,0
1782297530.351207,5891.278491,300.0,,100.0,604.56640625,,0
1782297530.451210,5891.378495,299.0,,100.0,604.56640625,,0
1782297530.551206,5891.478490,299.0,,100.0,604.56640625,,0
1782297530.651208,5891.578491,300.0,,100.0,604.56640625,,0
1782297530.751210,5891.678494,300.0,,100.0,604.56640625,,0
1782297530.851214,5891.778499,299.0,,100.0,604.56640625,,0
1782297530.951229,5891.878512,300.0,,100.0,604.56640625,,0
1782297531.051216,5891.978500,299.0,,100.0,604.56640625,,0
1782297531.151213,5892.078496,299.0,,100.0,604.56640625,,0
1782297531.251217,5892.178500,300.0,,100.0,604.56640625,,0
1782297531.351221,5892.278504,299.0,,100.0,604.56640625,,0
1782297531.451214,5892.378498,301.0,,100.0,604.56640625,,0
1782297531.551214,5892.478497,299.0,,100.0,604.56640625,,0
1782297531.651218,5892.578501,299.0,,100.0,604.56640625,,0
1782297531.751218,5892.678501,300.0,,100.0,604.56640625,,0
1782297531.851214,5892.778497,300.0,,100.0,604.56640625,,0
1782297531.951232,5892.878516,299.0,,100.0,604.56640625,,0
1782297532.051213,5892.978496,301.0,,100.0,604.56640625,,0
1782297532.151212,5893.078496,294.0,,100.0,604.56640625,,0
1782297532.251220,5893.178505,299.0,,100.0,604.56640625,,0
1782297532.351212,5893.278495,299.0,,100.0,604.56640625,,0
1782297532.451225,5893.378508,299.0,,100.0,604.56640625,,0
1782297532.551219,5893.478504,300.0,,100.0,604.56640625,,0
1782297532.651214,5893.578497,300.0,,100.0,604.56640625,,0
1782297532.751219,5893.678502,299.0,,100.0,604.56640625,,0
1782297532.851221,5893.778506,300.0,,100.0,604.56640625,,0
1782297532.951214,5893.878497,299.0,,100.0,604.56640625,,0
1782297533.051209,5893.978493,300.0,,100.0,604.56640625,,0
1782297533.151219,5894.078503,299.0,,100.0,604.56640625,,0
1782297533.251213,5894.178496,299.0,,100.0,604.56640625,,0
1782297533.351213,5894.278496,300.0,,100.0,604.56640625,,0
1782297533.451216,5894.378501,301.0,,100.0,604.56640625,,0
1782297533.551157,5894.478441,299.0,,100.0,604.56640625,,0
1782297533.651209,5894.578494,299.0,,100.0,604.56640625,,0
1782297533.751218,5894.678503,299.0,,100.0,604.56640625,,0
1782297533.851216,5894.778500,298.0,,100.0,604.56640625,,0
1782297533.951218,5894.878503,300.0,,100.0,604.56640625,,0
1782297534.051221,5894.978504,300.0,,100.0,604.56640625,,0
1782297534.151210,5895.078493,299.0,,100.0,604.56640625,,0
1782297534.251221,5895.178505,300.0,,100.0,604.56640625,,0
1782297534.351216,5895.278500,299.0,,100.0,604.56640625,,0
1782297534.451215,5895.378498,299.0,,100.0,604.56640625,,0
1782297534.551220,5895.478505,300.0,,100.0,604.56640625,,0
1782297534.651214,5895.578497,299.0,,100.0,604.56640625,,0
1782297534.751156,5895.678440,300.0,,100.0,604.56640625,,0
1782297534.851212,5895.778497,256.0,,100.0,604.56640625,,0
1782297534.951218,5895.878502,299.0,,100.0,604.56640625,,0
1782297535.051212,5895.978495,299.0,,100.0,604.56640625,,0
1782297535.151219,5896.078503,301.0,,100.0,604.56640625,,0
1782297535.251212,5896.178495,299.0,,100.0,604.56640625,,0
1782297535.351218,5896.278503,300.0,,100.0,604.56640625,,0
1782297535.451220,5896.378503,298.0,,100.0,604.56640625,,0
1782297535.551222,5896.478506,300.0,,100.0,604.56640625,,0
1782297535.651216,5896.578499,299.0,,100.0,604.56640625,,0
1782297535.751217,5896.678500,298.0,,100.0,604.56640625,,0
1782297535.851214,5896.778498,301.0,,100.0,604.56640625,,0
1782297535.951220,5896.878503,300.0,,100.0,604.56640625,,0
1782297536.051214,5896.978497,299.0,,100.0,604.56640625,,0
1782297536.151221,5897.078505,299.0,,100.0,604.56640625,,0
1782297536.251217,5897.178500,300.0,,100.0,604.56640625,,0
1782297536.351218,5897.278501,299.0,,100.0,604.56640625,,0
1782297536.451219,5897.378504,299.0,,100.0,604.56640625,,0
1782297536.551215,5897.478499,299.0,,100.0,604.56640625,,0
1782297536.651216,5897.578500,300.0,,100.0,604.56640625,,0
1782297536.751221,5897.678505,299.0,,100.0,604.56640625,,0
1782297536.851214,5897.778497,300.0,,100.0,604.56640625,,0
1782297536.951156,5897.878440,299.0,,100.0,604.56640625,,0
1782297537.051209,5897.978493,300.0,,100.0,604.56640625,,0
1782297537.151212,5898.078497,299.0,,100.0,604.56640625,,0
1782297537.251221,5898.178505,294.0,,100.0,604.56640625,,0
1782297537.351213,5898.278496,300.0,,100.0,604.56640625,,0
1782297537.451129,5898.378412,299.0,,100.0,604.56640625,,0
1782297537.551219,5898.478502,300.0,,100.0,604.56640625,,0
1782297537.651214,5898.578497,293.0,,100.0,604.56640625,,0
1782297537.751211,5898.678495,299.0,,100.0,604.56640625,,0
1782297537.851218,5898.778502,299.0,,100.0,604.56640625,,0
1782297537.951216,5898.878500,300.0,,100.0,604.56640625,,0
1782297538.051217,5898.978503,298.0,,100.0,604.56640625,,0
1782297538.151217,5899.078500,292.0,,100.0,604.56640625,,0
1782297538.251211,5899.178494,298.0,,100.0,604.56640625,,0
1782297538.351216,5899.278499,299.0,,100.0,604.56640625,,0
1782297538.451213,5899.378497,300.0,,100.0,604.56640625,,0
1782297538.551210,5899.478495,299.0,,100.0,604.56640625,,0
1782297538.651219,5899.578503,299.0,,100.0,604.56640625,,0
1782297538.751223,5899.678507,300.0,,100.0,604.56640625,,0
1782297538.851211,5899.778494,299.0,,100.0,604.56640625,,0
1782297538.951222,5899.878507,299.0,,100.0,604.56640625,,0
1782297539.051219,5899.978502,300.0,,100.0,604.56640625,,0
1782297539.151222,5900.078506,299.0,,100.0,604.56640625,,0
1782297539.251218,5900.178501,301.0,,100.0,604.56640625,,0
1782297539.351215,5900.278499,299.0,,100.0,604.56640625,,0
1782297539.451217,5900.378500,299.0,,100.0,604.56640625,,0
1782297539.551209,5900.478492,300.0,,100.0,604.56640625,,0
1782297539.651146,5900.578431,255.0,,100.0,604.56640625,,0
1782297539.751214,5900.678497,300.0,,100.0,604.56640625,,0
1782297539.851212,5900.778495,299.0,,100.0,604.56640625,,0
1782297539.951216,5900.878499,300.0,,100.0,604.56640625,,0
1782297540.051216,5900.978499,299.0,,100.0,604.56640625,,0
1782297540.151220,5901.078505,299.0,,100.0,604.56640625,,0
1782297540.251212,5901.178495,300.0,,100.0,604.56640625,,0
1782297540.351223,5901.278507,299.0,,100.0,604.56640625,,0
1782297540.451210,5901.378493,300.0,,100.0,604.56640625,,0
1782297540.551216,5901.478500,299.0,,100.0,604.56640625,,0
1782297540.651214,5901.578497,299.0,,100.0,604.56640625,,0
1782297540.751213,5901.678498,300.0,,100.0,604.56640625,,0
1782297540.851216,5901.778501,300.0,,100.0,604.56640625,,0
1782297540.951212,5901.878495,299.0,,100.0,604.56640625,,0
1782297541.051216,5901.978499,299.0,,100.0,604.56640625,,0
1782297541.151212,5902.078496,299.0,,100.0,604.56640625,,0
1782297541.251216,5902.178500,300.0,,100.0,604.56640625,,0
1782297541.351210,5902.278494,299.0,,100.0,604.56640625,,0
1782297541.451220,5902.378504,299.0,,100.0,604.56640625,,0
1782297541.551157,5902.478441,299.0,,100.0,604.56640625,,0
1782297541.651211,5902.578494,300.0,,100.0,604.56640625,,0
1782297541.751218,5902.678502,299.0,,100.0,604.56640625,,0
1782297541.851222,5902.778506,299.0,,100.0,604.56640625,,0
1782297541.951217,5902.878502,299.0,,100.0,604.56640625,,0
1782297542.051218,5902.978501,299.0,,100.0,604.56640625,,0
1782297542.151214,5903.078497,300.0,,100.0,604.56640625,,0
1782297542.251216,5903.178499,298.0,,100.0,604.56640625,,0
1782297542.351219,5903.278504,299.0,,100.0,604.56640625,,0
1782297542.451156,5903.378440,301.0,,100.0,604.56640625,,0
1782297542.551218,5903.478503,300.0,,100.0,604.56640625,,0
1782297542.651217,5903.578502,255.0,,100.0,604.56640625,,0
1782297542.751214,5903.678497,301.0,,100.0,604.56640625,,0
1782297542.851216,5903.778499,299.0,,100.0,604.56640625,,0
1782297542.951211,5903.878496,300.0,,100.0,604.56640625,,0
1782297543.051219,5903.978502,299.0,,100.0,604.56640625,,0
1782297543.151212,5904.078497,300.0,,100.0,604.56640625,,0
1782297543.251219,5904.178502,242.0,,100.0,604.56640625,,0
1782297543.351218,5904.278501,295.0,,100.0,604.56640625,,0
1782297543.451145,5904.378429,299.0,,100.0,604.56640625,,0
1782297543.551212,5904.478496,299.0,,100.0,604.56640625,,0
1782297543.651217,5904.578501,300.0,,100.0,604.56640625,,0
1782297543.751208,5904.678491,300.0,,100.0,604.56640625,,0
1782297543.851218,5904.778503,299.0,,100.0,604.56640625,,0
1782297543.951220,5904.878503,299.0,,100.0,604.56640625,,0
1782297544.051210,5904.978493,295.0,,100.0,604.56640625,,0
1782297544.151213,5905.078496,299.0,,100.0,604.56640625,,0
1782297544.251212,5905.178496,298.0,,100.0,604.56640625,,0
1782297544.351215,5905.278499,300.0,,100.0,604.56640625,,0
1782297544.451213,5905.378496,299.0,,100.0,604.56640625,,0
1782297544.551217,5905.478501,299.0,,100.0,604.56640625,,0
1782297544.651215,5905.578498,301.0,,100.0,604.56640625,,0
1782297544.751214,5905.678497,299.0,,100.0,604.56640625,,0
1782297544.851213,5905.778496,299.0,,100.0,604.56640625,,0
1782297544.951214,5905.878497,300.0,,100.0,604.56640625,,0
1782297545.051216,5905.978499,297.0,,100.0,604.56640625,,0
1782297545.151213,5906.078497,300.0,,100.0,604.56640625,,0
1782297545.251218,5906.178502,300.0,,100.0,604.56640625,,0
1782297545.351216,5906.278499,300.0,,100.0,604.56640625,,0
1782297545.451208,5906.378492,319.0,,100.0,604.56640625,,0
1782297545.551214,5906.478497,301.0,,100.0,604.56640625,,0
1782297545.651217,5906.578501,324.0,,100.0,604.56640625,,0
1782297545.751216,5906.678499,308.0,,100.0,604.56640625,,0
1782297545.851213,5906.778497,328.0,,100.0,604.56640625,,0
1782297545.951209,5906.878493,278.0,,100.0,604.56640625,,0
1782297546.051219,5906.978504,313.0,,100.0,604.56640625,,0
1782297546.151217,5907.078500,306.0,,100.0,604.56640625,,0
1782297546.251217,5907.178500,299.0,,100.0,604.56640625,,0
1782297546.351211,5907.278495,303.0,,100.0,604.56640625,,0
1782297546.451218,5907.378503,302.0,,100.0,604.56640625,,0
1782297546.551214,5907.478497,314.0,,100.0,604.56640625,,0
1782297546.651212,5907.578495,326.0,,100.0,604.56640625,,0
1782297546.751213,5907.678497,289.0,,100.0,604.56640625,,0
1782297546.851221,5907.778504,287.0,,100.0,604.56640625,,0
1782297546.951218,5907.878503,299.0,,100.0,604.56640625,,0
1782297547.051211,5907.978496,318.0,,100.0,604.56640625,,0
1782297547.151218,5908.078503,309.0,,100.0,604.56640625,,0
1782297547.251225,5908.178508,312.0,,100.0,604.56640625,,0
1782297547.351221,5908.278504,300.0,,100.0,604.56640625,,0
1782297547.451216,5908.378499,298.0,,100.0,604.56640625,,0
1782297547.551224,5908.478507,301.0,,100.0,604.56640625,,0
1782297547.651223,5908.578506,299.0,,100.0,604.56640625,,0
1782297547.751146,5908.678430,300.0,,100.0,604.56640625,,0
1782297547.851212,5908.778497,299.0,,100.0,604.56640625,,0
1782297547.951155,5908.878439,292.0,,100.0,604.56640625,,0
1782297548.051221,5908.978504,300.0,,100.0,604.56640625,,0
1782297548.151206,5909.078489,300.0,,100.0,604.56640625,,0
1782297548.251207,5909.178490,299.0,,100.0,604.56640625,,0
1782297548.351212,5909.278495,300.0,,100.0,604.56640625,,0
1782297548.451215,5909.378498,300.0,,100.0,604.56640625,,0
1782297548.551213,5909.478496,299.0,,100.0,604.56640625,,0
1782297548.651219,5909.578502,300.0,,100.0,604.56640625,,0
1782297548.751215,5909.678501,299.0,,100.0,604.56640625,,0
1782297548.851211,5909.778495,299.0,,100.0,604.56640625,,0
1782297548.951221,5909.878506,300.0,,100.0,604.56640625,,0
1782297549.051220,5909.978503,299.0,,100.0,604.56640625,,0
1782297549.151217,5910.078500,299.0,,100.0,604.56640625,,0
1782297549.251207,5910.178491,300.0,,100.0,604.56640625,,0
1782297549.351213,5910.278497,300.0,,100.0,604.56640625,,0
1782297549.451225,5910.378509,299.0,,100.0,604.56640625,,0
1782297549.551156,5910.478440,251.0,,100.0,604.56640625,,0
1782297549.651217,5910.578500,299.0,,100.0,604.56640625,,0
1782297549.751229,5910.678512,300.0,,100.0,604.56640625,,0
1782297549.851217,5910.778500,299.0,,100.0,604.56640625,,0
1782297549.951212,5910.878495,299.0,,100.0,604.56640625,,0
1782297550.051217,5910.978500,301.0,,100.0,604.56640625,,0
1782297550.151212,5911.078496,297.0,,100.0,604.56640625,,0
1782297550.251216,5911.178499,302.0,,100.0,604.56640625,,0
1782297550.351213,5911.278496,300.0,,100.0,604.56640625,,0
1782297550.451207,5911.378490,299.0,,100.0,604.56640625,,0
1782297550.551219,5911.478502,300.0,,100.0,604.56640625,,0
1782297550.651214,5911.578497,299.0,,100.0,604.56640625,,0
1782297550.751220,5911.678503,300.0,,100.0,604.56640625,,0
1782297550.851209,5911.778494,298.0,,100.0,604.56640625,,0
1782297550.951211,5911.878494,301.0,,100.0,604.56640625,,0
1782297551.051215,5911.978500,300.0,,100.0,604.56640625,,0
1782297551.151222,5912.078506,299.0,,100.0,604.56640625,,0
1782297551.251217,5912.178501,299.0,,100.0,604.56640625,,0
1782297551.351217,5912.278500,300.0,,100.0,604.56640625,,0
1782297551.451217,5912.378502,299.0,,100.0,604.56640625,,0
1782297551.551219,5912.478503,299.0,,100.0,604.56640625,,0
1782297551.651212,5912.578496,300.0,,100.0,604.56640625,,0
1782297551.751216,5912.678499,299.0,,100.0,604.56640625,,0
1782297551.851211,5912.778494,300.0,,100.0,604.56640625,,0
1782297551.951216,5912.878499,301.0,,100.0,604.56640625,,0
1782297552.051219,5912.978502,298.0,,100.0,604.56640625,,0
1782297552.151215,5913.078499,300.0,,100.0,604.56640625,,0
1782297552.251211,5913.178495,298.0,,100.0,604.56640625,,0
1782297552.351219,5913.278502,301.0,,100.0,604.56640625,,0
1782297552.451214,5913.378497,293.0,,100.0,604.56640625,,0
1782297552.551216,5913.478499,274.0,,100.0,604.56640625,,0
1782297552.651214,5913.578497,298.0,,100.0,604.56640625,,0
1782297552.751209,5913.678492,300.0,,100.0,604.56640625,,0
1782297552.851212,5913.778496,299.0,,100.0,604.56640625,,0
1782297552.951213,5913.878496,300.0,,100.0,604.56640625,,0
1782297553.051219,5913.978502,298.0,,100.0,604.56640625,,0
1782297553.151210,5914.078493,300.0,,100.0,604.56640625,,0
1782297553.251215,5914.178500,300.0,,100.0,604.56640625,,0
1782297553.351212,5914.278495,299.0,,100.0,604.56640625,,0
1782297553.451215,5914.378498,300.0,,100.0,604.56640625,,0
1782297553.551209,5914.478493,299.0,,100.0,604.56640625,,0
1782297553.651211,5914.578495,299.0,,100.0,604.56640625,,0
1782297553.751221,5914.678504,300.0,,100.0,604.56640625,,0
1782297553.851216,5914.778501,299.0,,100.0,604.56640625,,0
1782297553.951219,5914.878502,300.0,,100.0,604.56640625,,0
1782297554.051212,5914.978495,300.0,,100.0,604.56640625,,0
1782297554.151215,5915.078499,299.0,,100.0,604.56640625,,0
1782297554.251219,5915.178502,299.0,,100.0,604.56640625,,0
1782297554.351223,5915.278507,300.0,,100.0,604.56640625,,0
1782297554.451219,5915.378502,299.0,,100.0,604.56640625,,0
1782297554.551210,5915.478494,300.0,,100.0,604.56640625,,0
1782297554.651207,5915.578490,299.0,,100.0,604.56640625,,0
1782297554.751209,5915.678494,300.0,,100.0,604.56640625,,0
1782297554.851213,5915.778499,299.0,,100.0,604.56640625,,0
1782297554.951215,5915.878498,300.0,,100.0,604.56640625,,0
1782297555.051213,5915.978496,299.0,,100.0,604.56640625,,0
1782297555.151207,5916.078491,300.0,,100.0,604.56640625,,0
1782297555.251206,5916.178490,299.0,,100.0,604.56640625,,0
1782297555.351214,5916.278497,301.0,,100.0,604.56640625,,0
1782297555.451211,5916.378494,298.0,,100.0,604.56640625,,0
1782297555.551209,5916.478493,300.0,,100.0,604.56640625,,0
1782297555.651212,5916.578495,299.0,,100.0,604.56640625,,0
1782297555.751216,5916.678499,300.0,,100.0,604.56640625,,0
1782297555.851212,5916.778495,300.0,,100.0,604.56640625,,0
1782297555.951208,5916.878491,300.0,,100.0,604.56640625,,0
1782297556.051217,5916.978500,299.0,,100.0,604.56640625,,0
1782297556.151219,5917.078502,300.0,,100.0,604.56640625,,0
1782297556.251217,5917.178500,299.0,,100.0,604.56640625,,0
1782297556.351218,5917.278502,299.0,,100.0,604.56640625,,0
1782297556.451220,5917.378503,300.0,,100.0,604.56640625,,0
1782297556.551218,5917.478501,298.0,,100.0,604.56640625,,0
1782297556.651218,5917.578502,301.0,,100.0,604.56640625,,0
1782297556.751217,5917.678501,298.0,,100.0,604.56640625,,0
1782297556.851221,5917.778504,308.0,,100.0,604.56640625,,0
1782297556.951218,5917.878502,300.0,,100.0,604.56640625,,0
1782297557.051207,5917.978491,299.0,,100.0,604.56640625,,0
1782297557.151219,5918.078503,300.0,,100.0,604.56640625,,0
1782297557.251210,5918.178494,299.0,,100.0,604.56640625,,0
1782297557.351216,5918.278499,299.0,,100.0,604.56640625,,0
1782297557.451213,5918.378496,300.0,,100.0,604.56640625,,0
1782297557.551209,5918.478493,300.0,,100.0,604.56640625,,0
1782297557.651215,5918.578498,300.0,,100.0,604.56640625,,0
1782297557.751206,5918.678489,299.0,,100.0,604.56640625,,0
1782297557.851209,5918.778493,299.0,,100.0,604.56640625,,0
1782297557.951220,5918.878503,299.0,,100.0,604.56640625,,0
1782297558.051208,5918.978493,295.0,,100.0,604.56640625,,0
1782297558.151209,5919.078493,299.0,,100.0,604.56640625,,0
1782297558.251217,5919.178500,300.0,,100.0,604.56640625,,0
1782297558.351206,5919.278489,299.0,,100.0,604.56640625,,0
1782297558.451218,5919.378501,299.0,,100.0,604.56640625,,0
1782297558.551207,5919.478490,299.0,,100.0,604.56640625,,0
1782297558.651216,5919.578499,299.0,,100.0,604.56640625,,0
1782297558.751209,5919.678492,300.0,,100.0,604.56640625,,0
1782297558.851205,5919.778489,301.0,,100.0,604.56640625,,0
1782297558.951213,5919.878497,259.0,,100.0,604.56640625,,0
1782297559.051222,5919.978507,302.0,,100.0,604.56640625,,0
1782297559.151214,5920.078498,298.0,,100.0,604.56640625,,0
1782297559.251217,5920.178501,300.0,,100.0,604.56640625,,0
1782297559.351213,5920.278497,299.0,,100.0,604.56640625,,0
1782297559.451218,5920.378501,299.0,,100.0,604.56640625,,0
1782297559.551218,5920.478501,27.0,,3.0,604.56640625,,0
1782297559.651219,5920.578502,25.0,,3.0,604.56640625,,0
1782297559.751219,5920.678502,23.0,,3.0,604.56640625,,0
1782297559.851220,5920.778505,23.0,,3.0,604.56640625,,0
1782297559.951221,5920.878505,23.0,,3.0,604.56640625,,0
1782297560.051220,5920.978504,22.0,,3.0,604.56640625,,0
1782297560.151218,5921.078502,23.0,,3.0,604.56640625,,0
1782297560.251217,5921.178501,23.0,,2.0,604.56640625,,0
1782297560.351218,5921.278501,24.0,,3.0,604.56640625,,0
1782297560.451218,5921.378502,25.0,,3.0,604.56640625,,0
1782297560.551218,5921.478501,24.0,,3.0,604.56640625,,0
1782297560.651224,5921.578507,25.0,,3.0,604.56640625,,0
1782297560.751214,5921.678498,23.0,,3.0,604.56640625,,0
1782297560.851220,5921.778504,23.0,,2.0,604.56640625,,0
1782297560.951226,5921.878510,24.0,,3.0,604.56640625,,0
1782297561.051216,5921.978499,23.0,,3.0,604.56640625,,0
1782297561.151217,5922.078501,24.0,,3.0,604.56640625,,0
1782297561.251219,5922.178502,23.0,,3.0,604.56640625,,0
1782297561.351217,5922.278500,23.0,,2.0,604.56640625,,0
1782297561.451214,5922.378497,23.0,,3.0,604.56640625,,0
1782297561.551221,5922.478506,23.0,,3.0,604.56640625,,0
1782297561.651219,5922.578502,23.0,,3.0,604.56640625,,0
1782297561.751220,5922.678504,23.0,,3.0,604.56640625,,0
1782297561.851218,5922.778501,23.0,,3.0,604.56640625,,0
1782297561.951216,5922.878500,26.0,,3.0,604.56640625,,0
1782297562.051222,5922.978505,23.0,,3.0,604.56640625,,0
1782297562.151220,5923.078503,22.0,,3.0,604.56640625,,0
1782297562.251222,5923.178506,24.0,,3.0,604.56640625,,0
1782297562.351219,5923.278502,23.0,,3.0,604.56640625,,0
1782297562.451217,5923.378502,23.0,,3.0,604.56640625,,0
1782297562.551218,5923.478501,21.0,,3.0,604.56640625,,0
1782297562.651217,5923.578500,23.0,,3.0,604.56640625,,0
1782297562.751216,5923.678500,22.0,,2.0,604.56640625,,0
1782297562.851218,5923.778501,21.0,,3.0,604.56640625,,0
1782297562.951217,5923.878500,25.0,,2.0,604.56640625,,0
1782297563.051218,5923.978503,22.0,,3.0,604.56640625,,0
1782297563.151219,5924.078503,22.0,,3.0,604.56640625,,0
1782297563.251220,5924.178503,26.0,,3.0,604.56640625,,0
1782297563.351215,5924.278498,22.0,,3.0,604.56640625,,0
1782297563.451215,5924.378498,24.0,,4.0,604.56640625,,0
1782297563.551218,5924.478501,24.0,,3.0,604.56640625,,0
1782297563.651216,5924.578499,23.0,,3.0,604.56640625,,0
1782297563.751216,5924.678500,22.0,,3.0,604.56640625,,0
1782297563.851218,5924.778501,23.0,,3.0,604.56640625,,0
1782297563.951215,5924.878499,22.0,,3.0,604.56640625,,0
1782297564.051218,5924.978503,24.0,,3.0,604.56640625,,0
1782297564.151216,5925.078501,22.0,,3.0,604.56640625,,0
1782297564.251216,5925.178499,26.0,,3.0,604.56640625,,0
1782297564.351217,5925.278500,21.0,,3.0,604.56640625,,0
1782297564.451218,5925.378502,22.0,,3.0,604.56640625,,0
1782297564.551218,5925.478502,98.0,,40.0,604.56640625,,0
1782297564.651211,5925.578496,224.0,,100.0,604.56640625,,0
1782297564.751215,5925.678499,263.0,,100.0,604.56640625,,0
1782297564.851213,5925.778496,301.0,,100.0,604.56640625,,0
1782297564.951207,5925.878490,320.0,,100.0,604.56640625,,0
1782297565.051214,5925.978498,299.0,,100.0,604.56640625,,0
1782297565.151212,5926.078496,286.0,,100.0,604.56640625,,0
1782297565.251215,5926.178498,327.0,,100.0,604.56640625,,0
1782297565.351216,5926.278499,299.0,,100.0,604.56640625,,0
1782297565.451214,5926.378497,299.0,,100.0,604.56640625,,0
1782297565.551217,5926.478501,301.0,,100.0,604.56640625,,0
1782297565.651213,5926.578496,298.0,,100.0,604.56640625,,0
1782297565.751212,5926.678496,253.0,,100.0,604.56640625,,0
1782297565.851213,5926.778498,300.0,,100.0,604.56640625,,0
1782297565.951212,5926.878496,299.0,,100.0,604.56640625,,0
1782297566.051214,5926.978498,299.0,,100.0,604.56640625,,0
1782297566.151212,5927.078497,300.0,,100.0,604.56640625,,0
1782297566.251216,5927.178500,277.0,,100.0,604.56640625,,0
1782297566.351208,5927.278492,300.0,,100.0,604.56640625,,0
1782297566.451214,5927.378498,299.0,,100.0,604.56640625,,0
1782297566.551213,5927.478496,299.0,,100.0,604.56640625,,0
1782297566.651217,5927.578500,300.0,,100.0,604.56640625,,0
1782297566.751212,5927.678496,299.0,,100.0,604.56640625,,0
1782297566.851213,5927.778497,299.0,,100.0,604.56640625,,0
1782297566.951208,5927.878492,299.0,,100.0,604.56640625,,0
1782297567.051213,5927.978496,300.0,,100.0,604.56640625,,0
1782297567.151208,5928.078491,299.0,,100.0,604.56640625,,0
1782297567.251212,5928.178495,301.0,,100.0,604.56640625,,0
1782297567.351215,5928.278498,299.0,,100.0,604.56640625,,0
1782297567.451215,5928.378500,299.0,,100.0,604.56640625,,0
1782297567.551229,5928.478513,299.0,,100.0,604.56640625,,0
1782297567.651216,5928.578499,299.0,,100.0,604.56640625,,0
1782297567.751220,5928.678504,300.0,,100.0,604.56640625,,0
1782297567.851216,5928.778499,300.0,,100.0,604.56640625,,0
1782297567.951213,5928.878496,299.0,,100.0,604.56640625,,0
1782297568.051206,5928.978490,300.0,,100.0,604.56640625,,0
1782297568.151214,5929.078499,300.0,,100.0,604.56640625,,0
1782297568.251211,5929.178495,247.0,,100.0,604.56640625,,0
1782297568.351213,5929.278496,300.0,,100.0,604.56640625,,0
1782297568.451208,5929.378492,300.0,,100.0,604.56640625,,0
1782297568.551212,5929.478496,306.0,,100.0,604.56640625,,0
1782297568.651212,5929.578495,315.0,,100.0,604.56640625,,0
1782297568.751215,5929.678498,298.0,,100.0,604.56640625,,0
1782297568.851212,5929.778496,298.0,,100.0,604.56640625,,0
1782297568.951220,5929.878503,301.0,,100.0,604.56640625,,0
1782297569.051214,5929.978497,299.0,,100.0,604.56640625,,0
1782297569.151214,5930.078497,216.0,,100.0,604.56640625,,0
1782297569.251216,5930.178499,301.0,,100.0,604.56640625,,0
1782297569.351218,5930.278501,299.0,,100.0,604.56640625,,0
1782297569.451212,5930.378497,300.0,,100.0,604.56640625,,0
1782297569.551214,5930.478497,299.0,,100.0,604.56640625,,0
1782297569.651212,5930.578497,299.0,,100.0,604.56640625,,0
1782297569.751213,5930.678496,300.0,,100.0,604.56640625,,0
1782297569.851214,5930.778497,299.0,,100.0,604.56640625,,0
1782297569.951207,5930.878492,299.0,,100.0,604.56640625,,0
1782297570.051217,5930.978503,300.0,,100.0,604.56640625,,0
1782297570.151213,5931.078496,300.0,,100.0,604.56640625,,0
1782297570.251544,5931.178828,242.0,,100.0,604.56640625,,0
1782297570.351214,5931.278497,301.0,,100.0,604.56640625,,0
1782297570.451220,5931.378503,299.0,,100.0,604.56640625,,0
1782297570.551215,5931.478498,299.0,,100.0,604.56640625,,0
1782297570.651212,5931.578496,297.0,,100.0,604.56640625,,0
1782297570.751214,5931.678497,300.0,,100.0,604.56640625,,0
1782297570.851216,5931.778499,300.0,,100.0,604.56640625,,0
1782297570.951212,5931.878495,299.0,,100.0,604.56640625,,0
1782297571.051215,5931.978498,300.0,,100.0,604.56640625,,0
1782297571.151214,5932.078497,298.0,,100.0,604.56640625,,0
1782297571.251224,5932.178507,301.0,,100.0,604.56640625,,0
1782297571.351212,5932.278495,299.0,,100.0,604.56640625,,0
1782297571.451217,5932.378500,301.0,,100.0,604.56640625,,0
1782297571.551215,5932.478499,298.0,,100.0,604.56640625,,0
1782297571.651215,5932.578498,301.0,,100.0,604.56640625,,0
1782297571.751212,5932.678495,299.0,,100.0,604.56640625,,0
1782297571.851225,5932.778508,299.0,,100.0,604.56640625,,0
1782297571.951215,5932.878498,300.0,,100.0,604.56640625,,0
1782297572.051207,5932.978490,300.0,,100.0,604.56640625,,0
1782297572.151215,5933.078498,299.0,,100.0,604.56640625,,0
1782297572.251209,5933.178494,300.0,,100.0,604.56640625,,0
1782297572.351210,5933.278494,300.0,,100.0,604.56640625,,0
1782297572.451207,5933.378490,239.0,,100.0,604.56640625,,0
1782297572.551213,5933.478496,301.0,,100.0,604.56640625,,0
1782297572.651208,5933.578492,300.0,,100.0,604.56640625,,0
1782297572.751215,5933.678498,299.0,,100.0,604.56640625,,0
1782297572.851213,5933.778496,300.0,,100.0,604.56640625,,0
1782297572.951217,5933.878500,300.0,,100.0,604.56640625,,0
1782297573.051213,5933.978496,299.0,,100.0,604.56640625,,0
1782297573.151215,5934.078499,301.0,,100.0,604.56640625,,0
1782297573.251215,5934.178498,298.0,,100.0,604.56640625,,0
1782297573.351213,5934.278498,300.0,,100.0,604.56640625,,0
1782297573.451208,5934.378492,300.0,,100.0,604.56640625,,0
1782297573.551214,5934.478498,299.0,,100.0,604.56640625,,0
1782297573.651216,5934.578499,300.0,,100.0,604.56640625,,0
1782297573.751216,5934.678500,299.0,,100.0,604.56640625,,0
1782297573.851215,5934.778498,290.0,,100.0,604.56640625,,0
1782297573.951216,5934.878501,302.0,,100.0,604.56640625,,0
1782297574.051215,5934.978498,289.0,,100.0,604.56640625,,0
1782297574.151214,5935.078498,300.0,,100.0,604.56640625,,0
1782297574.251213,5935.178497,301.0,,100.0,604.56640625,,0
1782297574.351213,5935.278498,298.0,,100.0,604.56640625,,0
1782297574.451209,5935.378493,300.0,,100.0,604.56640625,,0
1782297574.551215,5935.478498,308.0,,100.0,604.56640625,,0
1782297574.651213,5935.578496,314.0,,100.0,604.56640625,,0
1782297574.751215,5935.678498,318.0,,100.0,604.56640625,,0
1782297574.851213,5935.778496,300.0,,100.0,604.56640625,,0
1782297574.951218,5935.878503,298.0,,100.0,604.56640625,,0
1782297575.051211,5935.978495,300.0,,100.0,604.56640625,,0
1782297575.151221,5936.078506,299.0,,100.0,604.56640625,,0
1782297575.251213,5936.178498,300.0,,100.0,604.56640625,,0
1782297575.351210,5936.278493,300.0,,100.0,604.56640625,,0
1782297575.451206,5936.378490,300.0,,100.0,604.56640625,,0
1782297575.551215,5936.478498,299.0,,100.0,604.56640625,,0
1782297575.651211,5936.578494,300.0,,100.0,604.56640625,,0
1782297575.751212,5936.678495,299.0,,100.0,604.56640625,,0
1782297575.851214,5936.778498,299.0,,100.0,604.56640625,,0
1782297575.951219,5936.878502,300.0,,100.0,604.56640625,,0
1782297576.051214,5936.978497,299.0,,100.0,604.56640625,,0
1782297576.151215,5937.078499,300.0,,100.0,604.56640625,,0
1782297576.251213,5937.178496,299.0,,100.0,604.56640625,,0
1782297576.351213,5937.278497,299.0,,100.0,604.56640625,,0
1782297576.451225,5937.378508,300.0,,100.0,604.56640625,,0
1782297576.551213,5937.478496,299.0,,100.0,604.56640625,,0
1782297576.651217,5937.578502,300.0,,100.0,604.56640625,,0
1782297576.751219,5937.678504,300.0,,100.0,604.56640625,,0
1782297576.851209,5937.778492,298.0,,100.0,604.56640625,,0
1782297576.951220,5937.878503,300.0,,100.0,604.56640625,,0
1782297577.051213,5937.978496,300.0,,100.0,604.56640625,,0
1782297577.151213,5938.078496,298.0,,100.0,604.56640625,,0
1782297577.251216,5938.178499,300.0,,100.0,604.56640625,,0
1782297577.351213,5938.278498,300.0,,100.0,604.56640625,,0
1782297577.451214,5938.378497,261.0,,100.0,604.56640625,,0
1782297577.551219,5938.478504,300.0,,100.0,604.56640625,,0
1782297577.651207,5938.578490,299.0,,100.0,604.56640625,,0
1782297577.751218,5938.678501,300.0,,100.0,604.56640625,,0
1782297577.851211,5938.778495,300.0,,100.0,604.56640625,,0
1782297577.951215,5938.878500,299.0,,100.0,604.56640625,,0
1782297578.051209,5938.978494,300.0,,100.0,604.56640625,,0
1782297578.151209,5939.078495,299.0,,100.0,604.56640625,,0
1782297578.251215,5939.178498,300.0,,100.0,604.56640625,,0
1782297578.351208,5939.278492,299.0,,100.0,604.56640625,,0
1782297578.451217,5939.378502,299.0,,100.0,604.56640625,,0
1782297578.551219,5939.478503,300.0,,100.0,604.56640625,,0
1782297578.651221,5939.578506,300.0,,100.0,604.56640625,,0
1782297578.751210,5939.678493,300.0,,100.0,604.56640625,,0
1782297578.851214,5939.778497,300.0,,100.0,604.56640625,,0
1782297578.951209,5939.878494,300.0,,100.0,604.56640625,,0
1782297579.051207,5939.978491,299.0,,100.0,604.56640625,,0
1782297579.151209,5940.078494,300.0,,100.0,604.56640625,,0
1782297579.251216,5940.178499,298.0,,100.0,604.56640625,,0
1782297579.351215,5940.278500,299.0,,100.0,604.56640625,,0
1782297579.451214,5940.378497,299.0,,100.0,604.56640625,,0
1782297579.551214,5940.478497,300.0,,100.0,604.56640625,,0
1782297579.651210,5940.578493,299.0,,100.0,604.56640625,,0
1782297579.751220,5940.678503,300.0,,100.0,604.56640625,,0
1782297579.851213,5940.778496,298.0,,100.0,604.56640625,,0
1782297579.951215,5940.878500,300.0,,100.0,604.56640625,,0
1782297580.051214,5940.978497,299.0,,100.0,604.56640625,,0
1782297580.151213,5941.078497,299.0,,100.0,604.56640625,,0
1782297580.251209,5941.178492,301.0,,100.0,604.56640625,,0
1782297580.351216,5941.278499,299.0,,100.0,604.56640625,,0
1782297580.451227,5941.378510,299.0,,100.0,604.56640625,,0
1782297580.551221,5941.478504,299.0,,100.0,604.56640625,,0
1782297580.651214,5941.578497,299.0,,100.0,604.56640625,,0
1782297580.751214,5941.678497,300.0,,100.0,604.56640625,,0
1782297580.851214,5941.778497,311.0,,100.0,604.56640625,,0
1782297580.951211,5941.878495,328.0,,100.0,604.56640625,,0
1782297581.051210,5941.978495,308.0,,100.0,604.56640625,,0
1782297581.151213,5942.078496,301.0,,100.0,604.56640625,,0
1782297581.251212,5942.178496,295.0,,100.0,604.56640625,,0
1782297581.351217,5942.278500,321.0,,100.0,604.56640625,,0
1782297581.451217,5942.378502,304.0,,100.0,604.56640625,,0
1782297581.551219,5942.478503,267.0,,100.0,604.56640625,,0
1782297581.651214,5942.578497,323.0,,100.0,604.56640625,,0
1782297581.751212,5942.678497,317.0,,100.0,604.56640625,,0
1782297581.851215,5942.778498,280.0,,100.0,604.56640625,,0
1782297581.951213,5942.878496,314.0,,100.0,604.56640625,,0
1782297582.051218,5942.978502,277.0,,100.0,604.56640625,,0
1782297582.151210,5943.078493,314.0,,100.0,604.56640625,,0
1782297582.251216,5943.178500,304.0,,100.0,604.56640625,,0
1782297582.351219,5943.278504,296.0,,100.0,604.56640625,,0
1782297582.451216,5943.378501,296.0,,100.0,604.56640625,,0
1782297582.551214,5943.478499,310.0,,100.0,604.56640625,,0
1782297582.651218,5943.578501,300.0,,100.0,604.56640625,,0
1782297582.751212,5943.678495,299.0,,100.0,604.56640625,,0
1782297582.851210,5943.778493,299.0,,100.0,604.56640625,,0
1782297582.951218,5943.878501,301.0,,100.0,604.56640625,,0
1782297583.051213,5943.978497,298.0,,100.0,604.56640625,,0
1782297583.151213,5944.078496,300.0,,100.0,604.56640625,,0
1782297583.251214,5944.178499,300.0,,100.0,604.56640625,,0
1782297583.351211,5944.278494,300.0,,100.0,604.56640625,,0
1782297583.451212,5944.378496,300.0,,100.0,604.56640625,,0
1782297583.551207,5944.478490,299.0,,100.0,604.56640625,,0
1782297583.651214,5944.578497,300.0,,100.0,604.56640625,,0
1782297583.751219,5944.678502,300.0,,100.0,604.56640625,,0
1782297583.851208,5944.778492,299.0,,100.0,604.56640625,,0
1782297583.951215,5944.878500,299.0,,100.0,604.56640625,,0
1782297584.051216,5944.978499,300.0,,100.0,604.56640625,,0
1782297584.151213,5945.078498,300.0,,100.0,604.56640625,,0
1782297584.251216,5945.178499,300.0,,100.0,604.56640625,,0
1782297584.351214,5945.278499,282.0,,100.0,604.56640625,,0
1782297584.451208,5945.378492,300.0,,100.0,604.56640625,,0
1782297584.551210,5945.478494,299.0,,100.0,604.56640625,,0
1782297584.651208,5945.578491,299.0,,100.0,604.56640625,,0
1782297584.751211,5945.678495,299.0,,100.0,604.56640625,,0
1782297584.851216,5945.778501,301.0,,100.0,604.56640625,,0
1782297584.951214,5945.878498,267.0,,100.0,604.56640625,,0
1782297585.051216,5945.978500,279.0,,100.0,604.56640625,,0
1782297585.151220,5946.078503,289.0,,100.0,604.56640625,,0
1782297585.251208,5946.178492,299.0,,100.0,604.56640625,,0
1782297585.351220,5946.278503,277.0,,100.0,604.56640625,,0
1782297585.451217,5946.378501,300.0,,100.0,604.56640625,,0
1782297585.551213,5946.478496,298.0,,100.0,604.56640625,,0
1782297585.651215,5946.578499,303.0,,100.0,604.56640625,,0
1782297585.751211,5946.678495,281.0,,100.0,604.56640625,,0
1782297585.851214,5946.778497,301.0,,100.0,604.56640625,,0
1782297585.951211,5946.878494,299.0,,100.0,604.56640625,,0
1782297586.051219,5946.978504,299.0,,100.0,604.56640625,,0
1782297586.151214,5947.078498,300.0,,100.0,604.56640625,,0
1782297586.251213,5947.178496,299.0,,100.0,604.56640625,,0
1782297586.351213,5947.278499,299.0,,100.0,604.56640625,,0
1782297586.451210,5947.378495,300.0,,100.0,604.56640625,,0
1782297586.551214,5947.478498,300.0,,100.0,604.56640625,,0
1782297586.651206,5947.578489,299.0,,100.0,604.56640625,,0
1782297586.751210,5947.678494,300.0,,100.0,604.56640625,,0
1782297586.851219,5947.778503,298.0,,100.0,604.56640625,,0
1782297586.951215,5947.878499,300.0,,100.0,604.56640625,,0
1782297587.051208,5947.978492,257.0,,100.0,604.56640625,,0
1782297587.151214,5948.078497,281.0,,100.0,604.56640625,,0
1782297587.251208,5948.178491,301.0,,100.0,604.56640625,,0
1782297587.351215,5948.278498,299.0,,100.0,604.56640625,,0
1782297587.451217,5948.378501,299.0,,100.0,604.56640625,,0
1782297587.551212,5948.478495,300.0,,100.0,604.56640625,,0
1782297587.651212,5948.578497,299.0,,100.0,604.56640625,,0
1782297587.751214,5948.678497,300.0,,100.0,604.56640625,,0
1782297587.851213,5948.778496,298.0,,100.0,604.56640625,,0
1782297587.951217,5948.878500,300.0,,100.0,604.56640625,,0
1782297588.051215,5948.978499,300.0,,100.0,604.56640625,,0
1782297588.151212,5949.078496,299.0,,100.0,604.56640625,,0
1782297588.251209,5949.178493,303.0,,100.0,604.56640625,,0
1782297588.351213,5949.278496,276.0,,100.0,604.56640625,,0
1782297588.451215,5949.378499,299.0,,100.0,604.56640625,,0
1782297588.551214,5949.478497,299.0,,100.0,604.56640625,,0
1782297588.651218,5949.578501,300.0,,100.0,604.56640625,,0
1782297588.751214,5949.678497,298.0,,100.0,604.56640625,,0
1782297588.851215,5949.778500,301.0,,100.0,604.56640625,,0
1782297588.951217,5949.878501,299.0,,100.0,604.56640625,,0
1782297589.051216,5949.978500,300.0,,100.0,604.56640625,,0
1782297589.151213,5950.078496,300.0,,100.0,604.56640625,,0
1782297589.251210,5950.178494,300.0,,100.0,604.56640625,,0
1782297589.351213,5950.278496,299.0,,100.0,604.56640625,,0
1782297589.451214,5950.378497,299.0,,100.0,604.56640625,,0
1782297589.551213,5950.478497,299.0,,100.0,604.56640625,,0
1782297589.651212,5950.578496,300.0,,100.0,604.56640625,,0
1782297589.751210,5950.678493,299.0,,100.0,604.56640625,,0
1782297589.851213,5950.778496,300.0,,100.0,604.56640625,,0
1782297589.951213,5950.878498,300.0,,100.0,604.56640625,,0
1782297590.051206,5950.978489,299.0,,100.0,604.56640625,,0
1782297590.151221,5951.078506,299.0,,100.0,604.56640625,,0
1782297590.251207,5951.178491,300.0,,100.0,604.56640625,,0
1782297590.351212,5951.278495,299.0,,100.0,604.56640625,,0
1782297590.451214,5951.378499,300.0,,100.0,604.56640625,,0
1782297590.551207,5951.478490,300.0,,100.0,604.56640625,,0
1782297590.651213,5951.578496,300.0,,100.0,604.56640625,,0
1782297590.751214,5951.678499,299.0,,100.0,604.56640625,,0
1782297590.851212,5951.778495,298.0,,100.0,604.56640625,,0
1782297590.951214,5951.878498,303.0,,100.0,604.56640625,,0
1782297591.051213,5951.978497,300.0,,100.0,604.56640625,,0
1782297591.151149,5952.078434,299.0,,100.0,604.56640625,,0
1782297591.251214,5952.178497,300.0,,100.0,604.56640625,,0
1782297591.351216,5952.278499,300.0,,100.0,604.56640625,,0
1782297591.451251,5952.378535,296.0,,100.0,604.56640625,,0
1782297591.551208,5952.478492,312.0,,100.0,604.56640625,,0
1782297591.651210,5952.578494,299.0,,100.0,604.56640625,,0
1782297591.751209,5952.678492,300.0,,100.0,604.56640625,,0
1782297591.851217,5952.778500,301.0,,100.0,604.56640625,,0
1782297591.951219,5952.878503,296.0,,100.0,604.56640625,,0
1782297592.051208,5952.978493,301.0,,100.0,604.56640625,,0
1782297592.151209,5953.078493,283.0,,100.0,604.56640625,,0
1782297592.251211,5953.178495,278.0,,100.0,604.56640625,,0
1782297592.351213,5953.278496,300.0,,100.0,604.56640625,,0
1782297592.451217,5953.378500,303.0,,100.0,604.56640625,,0
1782297592.551218,5953.478502,281.0,,100.0,604.56640625,,0
1782297592.651211,5953.578494,299.0,,100.0,604.56640625,,0
1782297592.751207,5953.678490,300.0,,100.0,604.56640625,,0
1782297592.851213,5953.778497,299.0,,100.0,604.56640625,,0
1782297592.951208,5953.878492,300.0,,100.0,604.56640625,,0
1782297593.051213,5953.978496,300.0,,100.0,604.56640625,,0
1782297593.151214,5954.078497,300.0,,100.0,604.56640625,,0
1782297593.251214,5954.178498,299.0,,100.0,604.56640625,,0
1782297593.351224,5954.278507,299.0,,100.0,604.56640625,,0
1782297593.451217,5954.378501,300.0,,100.0,604.56640625,,0
1782297593.551208,5954.478491,299.0,,100.0,604.56640625,,0
1782297593.651214,5954.578499,299.0,,100.0,604.56640625,,0
1782297593.751215,5954.678498,301.0,,100.0,604.56640625,,0
1782297593.851213,5954.778498,286.0,,100.0,604.56640625,,0
1782297593.951219,5954.878503,301.0,,100.0,604.56640625,,0
1782297594.051210,5954.978493,299.0,,100.0,604.56640625,,0
1782297594.151208,5955.078493,299.0,,100.0,604.56640625,,0
1782297594.251216,5955.178499,299.0,,100.0,604.56640625,,0
1782297594.351213,5955.278496,265.0,,100.0,604.56640625,,0
1782297594.451220,5955.378505,301.0,,100.0,604.56640625,,0
1782297594.551156,5955.478440,243.0,,100.0,604.56640625,,0
1782297594.651207,5955.578490,301.0,,100.0,604.56640625,,0
1782297594.751221,5955.678506,299.0,,100.0,604.56640625,,0
1782297594.851209,5955.778493,299.0,,100.0,604.56640625,,0
1782297594.951216,5955.878500,300.0,,100.0,604.56640625,,0
1782297595.051213,5955.978497,300.0,,100.0,604.56640625,,0
1782297595.151207,5956.078492,300.0,,100.0,604.56640625,,0
1782297595.251148,5956.178432,299.0,,100.0,604.56640625,,0
1782297595.351219,5956.278502,300.0,,100.0,604.56640625,,0
1782297595.451211,5956.378495,299.0,,100.0,604.56640625,,0
1782297595.551220,5956.478503,300.0,,100.0,604.56640625,,0
1782297595.651215,5956.578499,298.0,,100.0,604.56640625,,0
1782297595.751220,5956.678503,300.0,,100.0,604.56640625,,0
1782297595.851212,5956.778497,300.0,,100.0,604.56640625,,0
1782297595.951154,5956.878439,298.0,,100.0,604.56640625,,0
1782297596.051207,5956.978490,301.0,,100.0,604.56640625,,0
1782297596.151207,5957.078490,280.0,,100.0,604.56640625,,0
1782297596.251211,5957.178494,301.0,,100.0,604.56640625,,0
1782297596.351220,5957.278503,314.0,,100.0,604.56640625,,0
1782297596.451217,5957.378502,299.0,,100.0,604.56640625,,0
1782297596.551208,5957.478491,299.0,,100.0,604.56640625,,0
1782297596.651216,5957.578500,241.0,,100.0,604.56640625,,0
1782297596.751223,5957.678506,301.0,,100.0,604.56640625,,0
1782297596.851220,5957.778504,299.0,,100.0,604.56640625,,0
1782297596.951156,5957.878440,299.0,,100.0,604.56640625,,0
1782297597.051212,5957.978495,299.0,,100.0,604.56640625,,0
1782297597.151211,5958.078495,311.0,,100.0,604.56640625,,0
1782297597.251211,5958.178495,299.0,,100.0,604.56640625,,0
1782297597.351206,5958.278489,300.0,,100.0,604.56640625,,0
1782297597.451268,5958.378554,300.0,,100.0,604.56640625,,0
1782297597.551156,5958.478440,301.0,,100.0,604.56640625,,0
1782297597.651218,5958.578501,300.0,,100.0,604.56640625,,0
1782297597.751210,5958.678493,298.0,,100.0,604.56640625,,0
1782297597.851218,5958.778503,300.0,,100.0,604.56640625,,0
1782297597.951209,5958.878493,300.0,,100.0,604.56640625,,0
1782297598.051219,5958.978503,299.0,,100.0,604.56640625,,0
1782297598.151212,5959.078495,300.0,,100.0,604.56640625,,0
1782297598.251206,5959.178489,314.0,,100.0,604.56640625,,0
1782297598.351215,5959.278498,276.0,,100.0,604.56640625,,0
1782297598.451212,5959.378496,302.0,,100.0,604.56640625,,0
1782297598.551157,5959.478441,299.0,,100.0,604.56640625,,0
1782297598.651211,5959.578494,301.0,,100.0,604.56640625,,0
1782297598.751221,5959.678504,299.0,,100.0,604.56640625,,0
1782297598.851214,5959.778498,274.0,,100.0,604.56640625,,0
1782297598.951217,5959.878502,312.0,,100.0,604.56640625,,0
1782297599.051214,5959.978497,299.0,,100.0,604.56640625,,0
1782297599.151218,5960.078501,303.0,,100.0,604.56640625,,0
1782297599.251206,5960.178489,319.0,,100.0,604.56640625,,0
1782297599.351213,5960.278497,295.0,,100.0,604.56640625,,0
1782297599.451212,5960.378496,299.0,,100.0,604.56640625,,0
1782297599.551219,5960.478502,288.0,,96.0,604.56640625,,0
1782297599.651218,5960.578501,31.0,,3.0,604.56640625,,0
1782297599.751226,5960.678509,25.0,,3.0,604.56640625,,0
1782297599.851217,5960.778500,25.0,,3.0,604.56640625,,0
1782297599.951218,5960.878502,25.0,,3.0,604.56640625,,0
1782297600.051215,5960.978499,23.0,,3.0,604.56640625,,0
1782297600.151216,5961.078500,23.0,,3.0,604.56640625,,0
1782297600.251214,5961.178497,20.0,,3.0,604.56640625,,0
1782297600.351225,5961.278509,26.0,,3.0,604.56640625,,0
1782297600.451224,5961.378508,23.0,,3.0,604.56640625,,0
1782297600.551223,5961.478507,25.0,,3.0,604.56640625,,0
1782297600.651215,5961.578498,21.0,,3.0,604.56640625,,0
1782297600.751156,5961.678440,28.0,,3.0,604.56640625,,0
1782297600.851219,5961.778503,23.0,,3.0,604.56640625,,0
1782297600.951215,5961.878499,23.0,,3.0,604.56640625,,0
1782297601.051217,5961.978501,23.0,,2.0,604.56640625,,0
1782297601.151221,5962.078504,24.0,,3.0,604.56640625,,0
1782297601.251219,5962.178503,24.0,,3.0,604.56640625,,0
1782297601.351217,5962.278500,23.0,,3.0,604.56640625,,0
1782297601.451223,5962.378507,23.0,,4.0,604.56640625,,0
1782297601.551219,5962.478503,26.0,,4.0,604.56640625,,0
1782297601.651221,5962.578505,27.0,,3.0,604.56640625,,0
1782297601.751224,5962.678508,23.0,,3.0,604.56640625,,0
1782297601.851221,5962.778505,22.0,,3.0,604.56640625,,0
1782297601.951223,5962.878507,22.0,,3.0,604.56640625,,0
1782297602.051224,5962.978507,22.0,,3.0,604.56640625,,0
1782297602.151222,5963.078507,22.0,,3.0,604.56640625,,0
1782297602.251224,5963.178509,23.0,,3.0,604.56640625,,0
1782297602.351218,5963.278502,23.0,,3.0,604.56640625,,0
1782297602.451225,5963.378508,22.0,,3.0,604.56640625,,0
1782297602.551224,5963.478507,22.0,,3.0,604.56640625,,0
1782297602.651221,5963.578504,22.0,,3.0,604.56640625,,0
1782297602.751220,5963.678504,22.0,,1.0,604.56640625,,0
1782297602.851216,5963.778500,23.0,,3.0,604.56640625,,0
1782297602.951218,5963.878501,23.0,,2.0,604.56640625,,0
1782297603.051217,5963.978502,23.0,,2.0,604.56640625,,0
1782297603.151227,5964.078510,23.0,,3.0,604.56640625,,0
1782297603.251221,5964.178504,24.0,,4.0,604.56640625,,0
1782297603.351218,5964.278501,22.0,,3.0,604.56640625,,0
1782297603.451221,5964.378504,22.0,,3.0,604.56640625,,0
1782297603.551216,5964.478500,21.0,,4.0,604.56640625,,0
1782297603.651226,5964.578509,23.0,,2.0,604.56640625,,0
1782297603.751220,5964.678504,24.0,,2.0,604.56640625,,0
1782297603.851218,5964.778503,22.0,,3.0,604.56640625,,0
1782297603.951218,5964.878501,22.0,,3.0,604.56640625,,0
1782297604.051217,5964.978500,22.0,,3.0,604.56640625,,0
1782297604.151218,5965.078502,25.0,,2.0,604.56640625,,0
1782297604.251226,5965.178510,23.0,,3.0,604.56640625,,0
1782297604.351221,5965.278505,23.0,,3.0,604.56640625,,0
1782297604.451216,5965.378499,23.0,,3.0,604.56640625,,0
1782297604.551214,5965.478498,30.0,,7.0,604.56640625,,0
1782297604.651214,5965.578497,224.0,,100.0,604.56640625,,0
1782297604.751220,5965.678503,251.0,,100.0,604.56640625,,0
1782297604.851211,5965.778494,289.0,,100.0,604.56640625,,0
1782297604.951220,5965.878504,326.0,,100.0,604.56640625,,0
1782297605.051213,5965.978496,299.0,,100.0,604.56640625,,0
1782297605.151231,5966.078515,300.0,,100.0,604.56640625,,0
1782297605.251215,5966.178499,299.0,,100.0,604.56640625,,0
1782297605.351219,5966.278502,300.0,,100.0,604.56640625,,0
1782297605.451217,5966.378502,296.0,,100.0,604.56640625,,0
1782297605.551217,5966.478500,298.0,,100.0,604.56640625,,0
1782297605.651211,5966.578495,300.0,,100.0,604.56640625,,0
1782297605.751218,5966.678501,299.0,,100.0,604.56640625,,0
1782297605.851215,5966.778498,299.0,,100.0,604.56640625,,0
1782297605.951218,5966.878502,300.0,,100.0,604.56640625,,0
1782297606.051214,5966.978497,237.0,,100.0,604.56640625,,0
1782297606.151213,5967.078497,300.0,,100.0,604.56640625,,0
1782297606.251220,5967.178504,299.0,,100.0,604.56640625,,0
1782297606.351218,5967.278503,299.0,,100.0,604.56640625,,0
1782297606.451220,5967.378504,300.0,,100.0,604.56640625,,0
1782297606.551218,5967.478501,298.0,,100.0,604.56640625,,0
1782297606.651218,5967.578502,299.0,,100.0,604.56640625,,0
1782297606.751216,5967.678500,300.0,,100.0,604.56640625,,0
1782297606.851217,5967.778500,299.0,,100.0,604.56640625,,0
1782297606.951211,5967.878495,299.0,,100.0,604.56640625,,0
1782297607.051220,5967.978504,300.0,,100.0,604.56640625,,0
1782297607.151218,5968.078503,299.0,,100.0,604.56640625,,0
1782297607.251220,5968.178503,299.0,,100.0,604.56640625,,0
1782297607.351212,5968.278495,301.0,,100.0,604.56640625,,0
1782297607.451217,5968.378500,323.0,,100.0,604.56640625,,0
1782297607.551211,5968.478495,300.0,,100.0,604.56640625,,0
1782297607.651215,5968.578499,300.0,,100.0,604.56640625,,0
1782297607.751224,5968.678508,299.0,,100.0,604.56640625,,0
1782297607.851219,5968.778502,283.0,,100.0,604.56640625,,0
1782297607.951213,5968.878496,301.0,,100.0,604.56640625,,0
1782297608.051218,5968.978501,298.0,,100.0,604.56640625,,0
1782297608.151217,5969.078500,300.0,,100.0,604.56640625,,0
1782297608.251219,5969.178504,299.0,,100.0,604.56640625,,0
1782297608.351213,5969.278497,299.0,,100.0,604.56640625,,0
1782297608.451217,5969.378500,300.0,,100.0,604.56640625,,0
1782297608.551218,5969.478501,299.0,,100.0,604.56640625,,0
1782297608.651221,5969.578504,299.0,,100.0,604.56640625,,0
1782297608.751217,5969.678501,299.0,,100.0,604.56640625,,0
1782297608.851221,5969.778504,301.0,,100.0,604.56640625,,0
1782297608.951220,5969.878505,259.0,,100.0,604.56640625,,0
1782297609.051216,5969.978501,301.0,,100.0,604.56640625,,0
1782297609.151210,5970.078493,261.0,,100.0,604.56640625,,0
1782297609.251215,5970.178498,285.0,,100.0,604.56640625,,0
1782297609.351222,5970.278505,300.0,,100.0,604.56640625,,0
1782297609.451216,5970.378501,299.0,,100.0,604.56640625,,0
1782297609.551215,5970.478499,300.0,,100.0,604.56640625,,0
1782297609.651217,5970.578500,299.0,,100.0,604.56640625,,0
1782297609.751227,5970.678510,299.0,,100.0,604.56640625,,0
1782297609.851221,5970.778505,300.0,,100.0,604.56640625,,0
1782297609.951220,5970.878503,300.0,,100.0,604.56640625,,0
1782297610.051224,5970.978507,299.0,,100.0,604.56640625,,0
1782297610.151217,5971.078501,300.0,,100.0,604.56640625,,0
1782297610.251218,5971.178501,299.0,,100.0,604.56640625,,0
1782297610.351226,5971.278509,299.0,,100.0,604.56640625,,0
1782297610.451219,5971.378502,299.0,,100.0,604.56640625,,0
1782297610.551221,5971.478504,300.0,,100.0,604.56640625,,0
1782297610.651212,5971.578497,298.0,,100.0,604.56640625,,0
1782297610.751214,5971.678498,245.0,,100.0,604.56640625,,0
1782297610.851219,5971.778502,300.0,,100.0,604.56640625,,0
1782297610.951217,5971.878502,236.0,,100.0,604.56640625,,0
1782297611.051212,5971.978495,300.0,,100.0,604.56640625,,0
1782297611.151218,5972.078503,300.0,,100.0,604.56640625,,0
1782297611.251217,5972.178501,300.0,,100.0,604.56640625,,0
1782297611.351218,5972.278501,298.0,,100.0,604.56640625,,0
1782297611.451219,5972.378502,300.0,,100.0,604.56640625,,0
1782297611.551220,5972.478505,300.0,,100.0,604.56640625,,0
1782297611.651211,5972.578494,298.0,,100.0,604.56640625,,0
1782297611.751223,5972.678507,300.0,,100.0,604.56640625,,0
1782297611.851220,5972.778503,300.0,,100.0,604.56640625,,0
1782297611.951218,5972.878501,299.0,,100.0,604.56640625,,0
1782297612.051219,5972.978503,300.0,,100.0,604.56640625,,0
1782297612.151221,5973.078504,300.0,,100.0,604.56640625,,0
1782297612.251220,5973.178504,309.0,,100.0,604.56640625,,0
1782297612.351222,5973.278505,300.0,,100.0,604.56640625,,0
1782297612.451223,5973.378506,319.0,,100.0,604.56640625,,0
1782297612.551220,5973.478505,299.0,,100.0,604.56640625,,0
1782297612.651222,5973.578505,300.0,,100.0,604.56640625,,0
1782297612.751216,5973.678500,299.0,,100.0,604.56640625,,0
1782297612.851215,5973.778500,298.0,,100.0,604.56640625,,0
1782297612.951219,5973.878504,300.0,,100.0,604.56640625,,0
1782297613.051214,5973.978498,298.0,,100.0,604.56640625,,0
1782297613.151216,5974.078501,300.0,,100.0,604.56640625,,0
1782297613.251217,5974.178500,299.0,,100.0,604.56640625,,0
1782297613.351221,5974.278504,299.0,,100.0,604.56640625,,0
1782297613.451216,5974.378500,301.0,,100.0,604.56640625,,0
1782297613.551220,5974.478503,299.0,,100.0,604.56640625,,0
1782297613.651217,5974.578500,299.0,,100.0,604.56640625,,0
1782297613.751226,5974.678509,299.0,,100.0,604.56640625,,0
1782297613.851217,5974.778500,300.0,,100.0,604.56640625,,0
1782297613.951215,5974.878499,299.0,,100.0,604.56640625,,0
1782297614.051220,5974.978504,300.0,,100.0,604.56640625,,0
1782297614.151214,5975.078499,299.0,,100.0,604.56640625,,0
1782297614.251220,5975.178503,301.0,,100.0,604.56640625,,0
1782297614.351545,5975.278828,299.0,,100.0,604.56640625,,0
1782297614.451222,5975.378506,300.0,,100.0,604.56640625,,0
1782297614.551213,5975.478497,300.0,,100.0,604.56640625,,0
1782297614.651226,5975.578509,299.0,,100.0,604.56640625,,0
1782297614.751216,5975.678501,299.0,,100.0,604.56640625,,0
1782297614.851215,5975.778498,300.0,,100.0,604.56640625,,0
1782297614.951220,5975.878504,299.0,,100.0,604.56640625,,0
1782297615.051156,5975.978440,292.0,,100.0,604.56640625,,0
1782297615.151217,5976.078500,301.0,,100.0,604.56640625,,0
1782297615.251216,5976.178499,298.0,,100.0,604.56640625,,0
1782297615.351213,5976.278496,301.0,,100.0,604.56640625,,0
1782297615.451218,5976.378502,300.0,,100.0,604.56640625,,0
1782297615.551214,5976.478498,297.0,,100.0,604.56640625,,0
1782297615.651219,5976.578502,301.0,,100.0,604.56640625,,0
1782297615.751216,5976.678499,299.0,,100.0,604.56640625,,0
1782297615.851219,5976.778503,299.0,,100.0,604.56640625,,0
1782297615.951213,5976.878496,300.0,,100.0,604.56640625,,0
1782297616.051218,5976.978502,299.0,,100.0,604.56640625,,0
1782297616.151217,5977.078500,263.0,,100.0,604.56640625,,0
1782297616.251222,5977.178506,303.0,,100.0,604.56640625,,0
1782297616.351209,5977.278492,319.0,,100.0,604.56640625,,0
1782297616.451215,5977.378500,300.0,,100.0,604.56640625,,0
1782297616.551218,5977.478502,305.0,,100.0,604.56640625,,0
1782297616.651211,5977.578495,312.0,,100.0,604.56640625,,0
1782297616.751220,5977.678504,319.0,,100.0,604.56640625,,0
1782297616.851217,5977.778502,302.0,,100.0,604.56640625,,0
1782297616.951129,5977.878412,299.0,,100.0,604.56640625,,0
1782297617.051221,5977.978505,300.0,,100.0,604.56640625,,0
1782297617.151217,5978.078500,298.0,,100.0,604.56640625,,0
1782297617.251156,5978.178440,282.0,,100.0,604.56640625,,0
1782297617.351208,5978.278492,316.0,,100.0,604.56640625,,0
1782297617.451213,5978.378496,285.0,,100.0,604.56640625,,0
1782297617.551216,5978.478500,328.0,,100.0,604.56640625,,0
1782297617.651217,5978.578501,300.0,,100.0,604.56640625,,0
1782297617.751144,5978.678429,299.0,,100.0,604.56640625,,0
1782297617.851218,5978.778501,289.0,,100.0,604.56640625,,0
1782297617.951221,5978.878504,299.0,,100.0,604.56640625,,0
1782297618.051213,5978.978498,281.0,,100.0,604.56640625,,0
1782297618.151217,5979.078500,301.0,,100.0,604.56640625,,0
1782297618.251216,5979.178501,298.0,,100.0,604.56640625,,0
1782297618.351213,5979.278498,277.0,,100.0,604.56640625,,0
1782297618.451212,5979.378496,299.0,,100.0,604.56640625,,0
1782297618.551212,5979.478495,311.0,,100.0,604.56640625,,0
1782297618.651216,5979.578499,300.0,,100.0,604.56640625,,0
1782297618.751212,5979.678497,300.0,,100.0,604.56640625,,0
1782297618.851222,5979.778505,298.0,,100.0,604.56640625,,0
1782297618.951221,5979.878504,300.0,,100.0,604.56640625,,0
1782297619.051225,5979.978508,298.0,,100.0,604.56640625,,0
1782297619.151221,5980.078504,301.0,,100.0,604.56640625,,0
1782297619.251213,5980.178497,299.0,,100.0,604.56640625,,0
1782297619.351212,5980.278495,299.0,,100.0,604.56640625,,0
1782297619.451216,5980.378500,299.0,,100.0,604.56640625,,0
1782297619.551212,5980.478496,299.0,,100.0,604.56640625,,0
1782297619.651212,5980.578495,300.0,,100.0,604.56640625,,0
1782297619.751220,5980.678504,299.0,,100.0,604.56640625,,0
1782297619.851219,5980.778502,299.0,,100.0,604.56640625,,0
1782297619.951146,5980.878430,300.0,,100.0,604.56640625,,0
1782297620.051221,5980.978505,299.0,,100.0,604.56640625,,0
1782297620.151208,5981.078492,299.0,,100.0,604.56640625,,0
1782297620.251217,5981.178500,300.0,,100.0,604.56640625,,0
1782297620.351216,5981.278500,299.0,,100.0,604.56640625,,0
1782297620.451213,5981.378497,300.0,,100.0,604.56640625,,0
1782297620.551216,5981.478500,300.0,,100.0,604.56640625,,0
1782297620.651215,5981.578499,298.0,,100.0,604.56640625,,0
1782297620.751222,5981.678505,300.0,,100.0,604.56640625,,0
1782297620.851211,5981.778495,299.0,,100.0,604.56640625,,0
1782297620.951216,5981.878499,299.0,,100.0,604.56640625,,0
1782297621.051216,5981.978500,300.0,,100.0,604.56640625,,0
1782297621.151207,5982.078490,298.0,,100.0,604.56640625,,0
1782297621.251213,5982.178497,299.0,,100.0,604.56640625,,0
1782297621.351216,5982.278500,299.0,,100.0,604.56640625,,0
1782297621.451218,5982.378503,296.0,,100.0,604.56640625,,0
1782297621.551219,5982.478502,242.0,,100.0,604.56640625,,0
1782297621.651217,5982.578501,293.0,,100.0,604.56640625,,0
1782297621.751219,5982.678502,301.0,,100.0,604.56640625,,0
1782297621.851221,5982.778504,300.0,,100.0,604.56640625,,0
1782297621.951215,5982.878499,298.0,,100.0,604.56640625,,0
1782297622.051215,5982.978498,300.0,,100.0,604.56640625,,0
1782297622.151209,5983.078494,300.0,,100.0,604.56640625,,0
1782297622.251216,5983.178500,325.0,,100.0,604.56640625,,0
1782297622.351218,5983.278503,299.0,,100.0,604.56640625,,0
1782297622.451215,5983.378498,300.0,,100.0,604.56640625,,0
1782297622.551212,5983.478495,299.0,,100.0,604.56640625,,0
1782297622.651214,5983.578499,300.0,,100.0,604.56640625,,0
1782297622.751218,5983.678501,299.0,,100.0,604.56640625,,0
1782297622.851217,5983.778500,300.0,,100.0,604.56640625,,0
1782297622.951209,5983.878492,300.0,,100.0,604.56640625,,0
1782297623.051214,5983.978497,299.0,,100.0,604.56640625,,0
1782297623.151227,5984.078510,300.0,,100.0,604.56640625,,0
1782297623.251215,5984.178498,300.0,,100.0,604.56640625,,0
1782297623.351208,5984.278491,298.0,,100.0,604.56640625,,0
1782297623.451220,5984.378505,299.0,,100.0,604.56640625,,0
1782297623.551217,5984.478500,300.0,,100.0,604.56640625,,0
1782297623.651208,5984.578492,299.0,,100.0,604.56640625,,0
1782297623.751213,5984.678497,299.0,,100.0,604.56640625,,0
1782297623.851222,5984.778505,300.0,,100.0,604.56640625,,0
1782297623.951218,5984.878502,299.0,,100.0,604.56640625,,0
1782297624.051219,5984.978502,300.0,,100.0,604.56640625,,0
1782297624.151214,5985.078498,299.0,,100.0,604.56640625,,0
1782297624.251216,5985.178499,299.0,,100.0,604.56640625,,0
1782297624.351208,5985.278491,300.0,,100.0,604.56640625,,0
1782297624.451152,5985.378437,299.0,,100.0,604.56640625,,0
1782297624.551209,5985.478492,299.0,,100.0,604.56640625,,0
1782297624.651211,5985.578495,300.0,,100.0,604.56640625,,0
1782297624.751223,5985.678506,299.0,,100.0,604.56640625,,0
1782297624.851216,5985.778500,300.0,,100.0,604.56640625,,0
1782297624.951155,5985.878439,300.0,,100.0,604.56640625,,0
1782297625.051216,5985.978499,299.0,,100.0,604.56640625,,0
1782297625.151212,5986.078496,300.0,,100.0,604.56640625,,0
1782297625.251208,5986.178491,299.0,,100.0,604.56640625,,0
1782297625.351220,5986.278503,299.0,,100.0,604.56640625,,0
1782297625.451205,5986.378488,299.0,,100.0,604.56640625,,0
1782297625.551212,5986.478495,299.0,,100.0,604.56640625,,0
1782297625.651215,5986.578499,299.0,,100.0,604.56640625,,0
1782297625.751214,5986.678499,299.0,,100.0,604.56640625,,0
1782297625.851220,5986.778504,301.0,,100.0,604.56640625,,0
1782297625.951216,5986.878500,299.0,,100.0,604.56640625,,0
1782297626.051214,5986.978498,299.0,,100.0,604.56640625,,0
1782297626.151213,5987.078496,300.0,,100.0,604.56640625,,0
1782297626.251212,5987.178495,299.0,,100.0,604.56640625,,0
1782297626.351217,5987.278500,300.0,,100.0,604.56640625,,0
1782297626.451215,5987.378499,300.0,,100.0,604.56640625,,0
1782297626.551213,5987.478496,300.0,,100.0,604.56640625,,0
1782297626.651215,5987.578498,299.0,,100.0,604.56640625,,0
1782297626.751220,5987.678504,300.0,,100.0,604.56640625,,0
1782297626.851221,5987.778504,299.0,,100.0,604.56640625,,0
1782297626.951207,5987.878490,299.0,,100.0,604.56640625,,0
1782297627.051216,5987.978499,300.0,,100.0,604.56640625,,0
1782297627.151221,5988.078504,299.0,,100.0,604.56640625,,0
1782297627.251223,5988.178506,300.0,,100.0,604.56640625,,0
1782297627.351222,5988.278505,300.0,,100.0,604.56640625,,0
1782297627.451239,5988.378522,299.0,,100.0,604.56640625,,0
1782297627.551217,5988.478500,299.0,,100.0,604.56640625,,0
1782297627.651207,5988.578491,299.0,,100.0,604.56640625,,0
1782297627.751220,5988.678504,300.0,,100.0,604.56640625,,0
1782297627.851223,5988.778506,300.0,,100.0,604.56640625,,0
1782297627.951212,5988.878495,300.0,,100.0,604.56640625,,0
1782297628.051220,5988.978504,298.0,,100.0,604.56640625,,0
1782297628.151220,5989.078503,300.0,,100.0,604.56640625,,0
1782297628.251224,5989.178508,300.0,,100.0,604.56640625,,0
1782297628.351224,5989.278507,299.0,,100.0,604.56640625,,0
1782297628.451216,5989.378500,299.0,,100.0,604.56640625,,0
1782297628.551208,5989.478492,300.0,,100.0,604.56640625,,0
1782297628.651217,5989.578502,299.0,,100.0,604.56640625,,0
1782297628.751221,5989.678506,299.0,,100.0,604.56640625,,0
1782297628.851223,5989.778506,299.0,,100.0,604.56640625,,0
1782297628.951218,5989.878502,300.0,,100.0,604.56640625,,0
1782297629.051218,5989.978501,300.0,,100.0,604.56640625,,0
1782297629.151218,5990.078501,299.0,,100.0,604.56640625,,0
1782297629.251218,5990.178502,300.0,,100.0,604.56640625,,0
1782297629.351219,5990.278502,300.0,,100.0,604.56640625,,0
1782297629.451220,5990.378504,298.0,,100.0,604.56640625,,0
1782297629.551218,5990.478501,301.0,,100.0,604.56640625,,0
1782297629.651213,5990.578496,323.0,,100.0,604.56640625,,0
1782297629.751211,5990.678495,259.0,,100.0,604.56640625,,0
1782297629.851216,5990.778499,302.0,,100.0,604.56640625,,0
1782297629.951214,5990.878497,298.0,,100.0,604.56640625,,0
1782297630.051213,5990.978498,293.0,,100.0,604.56640625,,0
1782297630.151212,5991.078495,300.0,,100.0,604.56640625,,0
1782297630.251211,5991.178494,299.0,,100.0,604.56640625,,0
1782297630.351211,5991.278495,300.0,,100.0,604.56640625,,0
1782297630.451209,5991.378492,300.0,,100.0,604.56640625,,0
1782297630.551209,5991.478492,300.0,,100.0,604.56640625,,0
1782297630.651208,5991.578491,298.0,,100.0,604.56640625,,0
1782297630.751214,5991.678497,300.0,,100.0,604.56640625,,0
1782297630.851218,5991.778501,308.0,,100.0,604.56640625,,0
1782297630.951208,5991.878491,300.0,,100.0,604.56640625,,0
1782297631.051220,5991.978503,299.0,,100.0,604.56640625,,0
1782297631.151207,5992.078492,300.0,,100.0,604.56640625,,0
1782297631.251211,5992.178494,299.0,,100.0,604.56640625,,0
1782297631.351216,5992.278499,299.0,,100.0,604.56640625,,0
1782297631.451217,5992.378502,303.0,,100.0,604.56640625,,0
1782297631.551217,5992.478501,300.0,,100.0,604.56640625,,0
1782297631.651213,5992.578498,295.0,,100.0,604.56640625,,0
1782297631.751214,5992.678498,300.0,,100.0,604.56640625,,0
1782297631.851213,5992.778496,300.0,,100.0,604.56640625,,0
1782297631.951227,5992.878511,299.0,,100.0,604.56640625,,0
1782297632.051214,5992.978497,299.0,,100.0,604.56640625,,0
1782297632.151217,5993.078500,300.0,,100.0,604.56640625,,0
1782297632.251225,5993.178508,299.0,,100.0,604.56640625,,0
1782297632.351220,5993.278503,298.0,,100.0,604.56640625,,0
1782297632.451221,5993.378505,301.0,,100.0,604.56640625,,0
1782297632.551221,5993.478504,299.0,,100.0,604.56640625,,0
1782297632.651211,5993.578495,299.0,,100.0,604.56640625,,0
1782297632.751217,5993.678501,300.0,,100.0,604.56640625,,0
1782297632.851218,5993.778501,299.0,,100.0,604.56640625,,0
1782297632.951218,5993.878502,300.0,,100.0,604.56640625,,0
1782297633.051219,5993.978503,299.0,,100.0,604.56640625,,0
1782297633.151221,5994.078504,299.0,,100.0,604.56640625,,0
1782297633.251219,5994.178502,333.0,,100.0,604.56640625,,0
1782297633.351218,5994.278501,307.0,,100.0,604.56640625,,0
1782297633.451220,5994.378503,303.0,,100.0,604.56640625,,0
1782297633.551219,5994.478503,306.0,,100.0,604.56640625,,0
1782297633.651220,5994.578504,307.0,,100.0,604.56640625,,0
1782297633.751217,5994.678500,300.0,,100.0,604.56640625,,0
1782297633.851219,5994.778504,310.0,,100.0,604.56640625,,0
1782297633.951219,5994.878502,287.0,,100.0,604.56640625,,0
1782297634.051228,5994.978511,296.0,,100.0,604.56640625,,0
1782297634.151214,5995.078499,314.0,,100.0,604.56640625,,0
1782297634.251217,5995.178501,312.0,,100.0,604.56640625,,0
1782297634.351215,5995.278499,307.0,,100.0,604.56640625,,0
1782297634.451214,5995.378497,262.0,,100.0,604.56640625,,0
1782297634.551220,5995.478503,314.0,,100.0,604.56640625,,0
1782297634.651217,5995.578500,306.0,,100.0,604.56640625,,0
1782297634.751213,5995.678496,286.0,,100.0,604.56640625,,0
1782297634.851215,5995.778499,300.0,,100.0,604.56640625,,0
1782297634.951215,5995.878499,300.0,,100.0,604.56640625,,0
1782297635.051213,5995.978497,300.0,,100.0,604.56640625,,0
1782297635.151211,5996.078495,299.0,,100.0,604.56640625,,0
1782297635.251206,5996.178490,299.0,,100.0,604.56640625,,0
1782297635.351215,5996.278498,301.0,,100.0,604.56640625,,0
1782297635.451213,5996.378497,298.0,,100.0,604.56640625,,0
1782297635.551213,5996.478497,299.0,,100.0,604.56640625,,0
1782297635.651208,5996.578491,301.0,,100.0,604.56640625,,0
1782297635.751214,5996.678497,298.0,,100.0,604.56640625,,0
1782297635.851215,5996.778498,243.0,,100.0,604.56640625,,0
1782297635.951404,5996.878688,297.0,,100.0,604.56640625,,0
1782297636.051227,5996.978511,299.0,,100.0,604.56640625,,0
1782297636.151209,5997.078492,300.0,,100.0,604.56640625,,0
1782297636.251209,5997.178492,299.0,,100.0,604.56640625,,0
1782297636.351212,5997.278495,299.0,,100.0,604.56640625,,0
1782297636.451220,5997.378504,300.0,,100.0,604.56640625,,0
1782297636.551209,5997.478493,299.0,,100.0,604.56640625,,0
1782297636.651219,5997.578502,299.0,,100.0,604.56640625,,0
1782297636.751206,5997.678489,299.0,,100.0,604.56640625,,0
1782297636.851214,5997.778498,300.0,,100.0,604.56640625,,0
1782297636.951209,5997.878492,300.0,,100.0,604.56640625,,0
1782297637.051207,5997.978490,299.0,,100.0,604.56640625,,0
1782297637.151212,5998.078496,258.0,,100.0,604.56640625,,0
1782297637.251209,5998.178492,303.0,,100.0,604.56640625,,0
1782297637.351213,5998.278496,298.0,,100.0,604.56640625,,0
1782297637.451206,5998.378489,301.0,,100.0,604.56640625,,0
1782297637.551212,5998.478495,300.0,,100.0,604.56640625,,0
1782297637.651210,5998.578493,299.0,,100.0,604.56640625,,0
1782297637.751218,5998.678501,300.0,,100.0,604.56640625,,0
1782297637.851213,5998.778497,300.0,,100.0,604.56640625,,0
1782297637.951211,5998.878496,319.0,,100.0,604.56640625,,0
1782297638.051214,5998.978499,299.0,,100.0,604.56640625,,0
1782297638.151214,5999.078498,300.0,,100.0,604.56640625,,0
1782297638.251214,5999.178497,300.0,,100.0,604.56640625,,0
1782297638.351218,5999.278502,247.0,,100.0,604.56640625,,0
1782297638.451213,5999.378496,300.0,,100.0,604.56640625,,0
1782297638.551169,5999.478452,300.0,,100.0,604.56640625,,0
1782297638.651213,5999.578496,300.0,,100.0,604.56640625,,0
1782297638.751213,5999.678496,300.0,,100.0,604.56640625,,0
1782297638.851213,5999.778498,299.0,,100.0,604.56640625,,0
1782297638.951219,5999.878502,270.0,,100.0,604.56640625,,0
1782297639.051213,5999.978498,283.0,,100.0,604.56640625,,0
1782297639.151208,6000.078491,263.0,,100.0,604.56640625,,0
1782297639.251209,6000.178494,300.0,,100.0,604.56640625,,0
1782297639.351210,6000.278493,297.0,,100.0,604.56640625,,0
1782297639.451211,6000.378494,299.0,,100.0,604.56640625,,0
1782297639.551214,6000.478497,299.0,,100.0,604.56640625,,0
1782297639.651218,6000.578501,24.0,,1.0,604.56640625,,0
1782297639.751226,6000.678511,26.0,,3.0,604.56640625,,0
1782297639.851218,6000.778502,22.0,,3.0,604.56640625,,0
1782297639.951216,6000.878499,21.0,,3.0,604.56640625,,0
1782297640.051219,6000.978502,22.0,,3.0,604.56640625,,0
1782297640.151214,6001.078498,22.0,,3.0,604.56640625,,0
1782297640.251216,6001.178499,23.0,,3.0,604.56640625,,0
1782297640.351219,6001.278502,23.0,,2.0,604.56640625,,0
1782297640.451217,6001.378500,26.0,,2.0,604.56640625,,0
1782297640.551219,6001.478502,23.0,,3.0,604.56640625,,0
1782297640.651218,6001.578501,26.0,,4.0,604.56640625,,0
1782297640.751221,6001.678505,25.0,,3.0,604.56640625,,0
1782297640.851218,6001.778501,22.0,,3.0,604.56640625,,0
1782297640.951219,6001.878502,23.0,,3.0,604.56640625,,0
1782297641.051218,6001.978502,25.0,,3.0,604.56640625,,0
1782297641.151217,6002.078501,23.0,,3.0,604.56640625,,0
1782297641.251218,6002.178501,23.0,,3.0,604.56640625,,0
1782297641.351219,6002.278502,24.0,,3.0,604.56640625,,0
1782297641.451214,6002.378497,25.0,,3.0,604.56640625,,0
1782297641.551216,6002.478501,23.0,,3.0,604.56640625,,0
1782297641.651218,6002.578501,23.0,,3.0,604.56640625,,0
1782297641.751216,6002.678501,23.0,,3.0,604.56640625,,0
1782297641.851213,6002.778496,23.0,,3.0,604.56640625,,0
1782297641.951215,6002.878498,23.0,,3.0,604.56640625,,0
1782297642.051219,6002.978502,25.0,,3.0,604.56640625,,0
1782297642.151222,6003.078505,23.0,,3.0,604.56640625,,0
1782297642.251217,6003.178501,24.0,,3.0,604.56640625,,0
1782297642.351219,6003.278504,23.0,,3.0,604.56640625,,0
1782297642.451215,6003.378498,26.0,,3.0,604.56640625,,0
1782297642.551226,6003.478509,26.0,,2.0,604.56640625,,0
1782297642.651216,6003.578499,21.0,,3.0,604.56640625,,0
1782297642.751221,6003.678504,22.0,,3.0,604.56640625,,0
1782297642.851217,6003.778502,22.0,,3.0,604.56640625,,0
1782297642.951218,6003.878502,22.0,,3.0,604.56640625,,0
1782297643.051217,6003.978502,24.0,,3.0,604.56640625,,0
1782297643.151215,6004.078499,24.0,,3.0,604.56640625,,0
1782297643.251218,6004.178503,23.0,,3.0,604.56640625,,0
1782297643.351218,6004.278501,23.0,,3.0,604.56640625,,0
1782297643.451217,6004.378501,23.0,,3.0,604.56640625,,0
1782297643.551217,6004.478500,22.0,,3.0,604.56640625,,0
1782297643.651214,6004.578497,22.0,,3.0,604.56640625,,0
1782297643.751216,6004.678501,22.0,,3.0,604.56640625,,0
1782297643.851218,6004.778501,22.0,,3.0,604.56640625,,0
1782297643.951218,6004.878501,22.0,,3.0,604.56640625,,0
1782297644.051215,6004.978498,21.0,,3.0,604.56640625,,0
1782297644.151220,6005.078503,24.0,,2.0,604.56640625,,0
1782297644.251217,6005.178500,22.0,,3.0,604.56640625,,0
1782297644.351218,6005.278501,22.0,,3.0,604.56640625,,0
1782297644.451217,6005.378500,23.0,,3.0,604.56640625,,0
1782297644.551216,6005.478499,22.0,,3.0,604.56640625,,0
1782297644.651209,6005.578493,208.0,,93.0,604.56640625,,0
1782297644.751209,6005.678492,243.0,,100.0,604.56640625,,0
1782297644.851219,6005.778503,282.0,,100.0,604.56640625,,0
1782297644.951216,6005.878500,328.0,,100.0,604.56640625,,0
1782297645.051214,6005.978497,298.0,,100.0,604.56640625,,0
1782297645.151214,6006.078499,299.0,,100.0,604.56640625,,0
1782297645.251214,6006.178498,300.0,,100.0,604.56640625,,0
1782297645.351215,6006.278499,298.0,,100.0,604.56640625,,0
1782297645.451213,6006.378496,300.0,,100.0,604.56640625,,0
1782297645.551214,6006.478499,303.0,,100.0,604.56640625,,0
1782297645.651211,6006.578494,307.0,,100.0,604.56640625,,0
1782297645.751217,6006.678501,283.0,,100.0,604.56640625,,0
1782297645.851223,6006.778506,272.0,,100.0,604.56640625,,0
1782297645.951214,6006.878498,301.0,,100.0,604.56640625,,0
1782297646.051212,6006.978495,300.0,,100.0,604.56640625,,0
1782297646.151214,6007.078497,299.0,,100.0,604.56640625,,0
1782297646.251214,6007.178497,300.0,,100.0,604.56640625,,0
1782297646.351214,6007.278498,299.0,,100.0,604.56640625,,0
1782297646.451217,6007.378502,299.0,,100.0,604.56640625,,0
1782297646.551229,6007.478512,298.0,,100.0,604.56640625,,0
1782297646.651213,6007.578496,301.0,,100.0,604.56640625,,0
1782297646.751217,6007.678500,300.0,,100.0,604.56640625,,0
1782297646.851213,6007.778497,299.0,,100.0,604.56640625,,0
1782297646.951213,6007.878498,301.0,,100.0,604.56640625,,0
1782297647.051213,6007.978498,299.0,,100.0,604.56640625,,0
1782297647.151210,6008.078493,300.0,,100.0,604.56640625,,0
1782297647.251208,6008.178492,299.0,,100.0,604.56640625,,0
1782297647.351215,6008.278499,299.0,,100.0,604.56640625,,0
1782297647.451217,6008.378500,299.0,,100.0,604.56640625,,0
1782297647.551214,6008.478498,300.0,,100.0,604.56640625,,0
1782297647.651217,6008.578500,300.0,,100.0,604.56640625,,0
1782297647.751217,6008.678501,300.0,,100.0,604.56640625,,0
1782297647.851214,6008.778497,299.0,,100.0,604.56640625,,0
1782297647.951218,6008.878501,300.0,,100.0,604.56640625,,0
1782297648.051217,6008.978501,299.0,,100.0,604.56640625,,0
1782297648.151215,6009.078499,299.0,,100.0,604.56640625,,0
1782297648.251220,6009.178503,299.0,,100.0,604.56640625,,0
1782297648.351218,6009.278502,300.0,,100.0,604.56640625,,0
1782297648.451215,6009.378498,299.0,,100.0,604.56640625,,0
1782297648.551219,6009.478503,299.0,,100.0,604.56640625,,0
1782297648.651215,6009.578498,270.0,,100.0,604.56640625,,0
1782297648.751217,6009.678500,299.0,,100.0,604.56640625,,0
1782297648.851218,6009.778502,300.0,,100.0,604.56640625,,0
1782297648.951218,6009.878502,300.0,,100.0,604.56640625,,0
1782297649.051217,6009.978500,300.0,,100.0,604.56640625,,0
1782297649.151222,6010.078506,300.0,,100.0,604.56640625,,0
1782297649.251219,6010.178502,282.0,,100.0,604.56640625,,0
1782297649.351222,6010.278507,301.0,,100.0,604.56640625,,0
1782297649.451215,6010.378498,299.0,,100.0,604.56640625,,0
1782297649.551217,6010.478500,299.0,,100.0,604.56640625,,0
1782297649.651217,6010.578501,300.0,,100.0,604.56640625,,0
1782297649.751219,6010.678502,300.0,,100.0,604.56640625,,0
1782297649.851222,6010.778507,298.0,,100.0,604.56640625,,0
1782297649.951214,6010.878498,301.0,,100.0,604.56640625,,0
1782297650.051213,6010.978499,325.0,,100.0,604.56640625,,0
1782297650.151218,6011.078502,299.0,,100.0,604.56640625,,0
1782297650.251221,6011.178505,300.0,,100.0,604.56640625,,0
1782297650.351219,6011.278502,303.0,,100.0,604.56640625,,0
1782297650.451214,6011.378497,299.0,,100.0,604.56640625,,0
1782297650.551217,6011.478501,300.0,,100.0,604.56640625,,0
1782297650.651214,6011.578497,305.0,,100.0,604.56640625,,0
1782297650.751215,6011.678500,320.0,,100.0,604.56640625,,0
1782297650.851214,6011.778498,303.0,,100.0,604.56640625,,0
1782297650.951213,6011.878497,299.0,,100.0,604.56640625,,0
1782297651.051212,6011.978495,286.0,,100.0,604.56640625,,0
1782297651.151214,6012.078498,300.0,,100.0,604.56640625,,0
1782297651.251218,6012.178501,299.0,,100.0,604.56640625,,0
1782297651.351212,6012.278496,300.0,,100.0,604.56640625,,0
1782297651.451225,6012.378508,325.0,,100.0,604.56640625,,0
1782297651.551219,6012.478502,295.0,,100.0,604.56640625,,0
1782297651.651207,6012.578490,285.0,,100.0,604.56640625,,0
1782297651.751209,6012.678493,311.0,,100.0,604.56640625,,0
1782297651.851214,6012.778499,289.0,,99.0,604.56640625,,0
1782297651.951156,6012.878440,300.0,,100.0,604.56640625,,0
1782297652.051218,6012.978503,299.0,,100.0,604.56640625,,0
1782297652.151211,6013.078495,300.0,,100.0,604.56640625,,0
1782297652.251213,6013.178496,299.0,,100.0,604.56640625,,0
1782297652.351227,6013.278510,299.0,,100.0,604.56640625,,0
1782297652.451224,6013.378507,299.0,,100.0,604.56640625,,0
1782297652.551219,6013.478503,299.0,,100.0,604.56640625,,0
1782297652.651219,6013.578502,324.0,,100.0,604.56640625,,0
1782297652.751218,6013.678503,314.0,,100.0,604.56640625,,0
1782297652.851208,6013.778492,320.0,,100.0,604.56640625,,0
1782297652.951216,6013.878500,299.0,,100.0,604.56640625,,0
1782297653.051216,6013.978500,301.0,,100.0,604.56640625,,0
1782297653.151211,6014.078495,298.0,,100.0,604.56640625,,0
1782297653.251215,6014.178498,301.0,,100.0,604.56640625,,0
1782297653.351211,6014.278494,299.0,,100.0,604.56640625,,0
1782297653.451220,6014.378503,299.0,,100.0,604.56640625,,0
1782297653.551211,6014.478494,300.0,,100.0,604.56640625,,0
1782297653.651212,6014.578495,300.0,,100.0,604.56640625,,0
1782297653.751214,6014.678497,299.0,,100.0,604.56640625,,0
1782297653.851212,6014.778495,300.0,,100.0,604.56640625,,0
1782297653.951218,6014.878502,300.0,,100.0,604.56640625,,0
1782297654.051214,6014.978497,299.0,,100.0,604.56640625,,0
1782297654.151219,6015.078504,235.0,,100.0,604.56640625,,0
1782297654.251208,6015.178491,301.0,,100.0,604.56640625,,0
1782297654.351210,6015.278494,299.0,,100.0,604.56640625,,0
1782297654.451219,6015.378502,300.0,,100.0,604.56640625,,0
1782297654.551216,6015.478500,299.0,,100.0,604.56640625,,0
1782297654.651215,6015.578498,300.0,,100.0,604.56640625,,0
1782297654.751220,6015.678503,299.0,,100.0,604.56640625,,0
1782297654.851216,6015.778499,299.0,,100.0,604.56640625,,0
1782297654.951217,6015.878500,300.0,,100.0,604.56640625,,0
1782297655.051212,6015.978496,299.0,,100.0,604.56640625,,0
1782297655.151156,6016.078440,247.0,,100.0,604.56640625,,0
1782297655.251215,6016.178498,301.0,,100.0,604.56640625,,0
1782297655.351211,6016.278494,299.0,,100.0,604.56640625,,0
1782297655.451216,6016.378499,300.0,,100.0,604.56640625,,0
1782297655.551213,6016.478497,304.0,,100.0,604.56640625,,0
1782297655.651215,6016.578499,299.0,,100.0,604.56640625,,0
1782297655.751207,6016.678490,301.0,,100.0,604.56640625,,0
1782297655.851211,6016.778494,299.0,,100.0,604.56640625,,0
1782297655.951211,6016.878495,299.0,,100.0,604.56640625,,0
1782297656.051215,6016.978499,299.0,,100.0,604.56640625,,0
1782297656.151214,6017.078499,273.0,,100.0,604.56640625,,0
1782297656.251214,6017.178497,300.0,,100.0,604.56640625,,0
1782297656.351217,6017.278500,299.0,,100.0,604.56640625,,0
1782297656.451215,6017.378499,299.0,,100.0,604.56640625,,0
1782297656.551156,6017.478440,301.0,,100.0,604.56640625,,0
1782297656.651222,6017.578505,299.0,,100.0,604.56640625,,0
1782297656.751214,6017.678497,300.0,,100.0,604.56640625,,0
1782297656.851216,6017.778500,300.0,,100.0,604.56640625,,0
1782297656.951207,6017.878490,299.0,,100.0,604.56640625,,0
1782297657.051217,6017.978501,300.0,,100.0,604.56640625,,0
1782297657.151220,6018.078504,299.0,,100.0,604.56640625,,0
1782297657.251211,6018.178494,299.0,,100.0,604.56640625,,0
1782297657.351209,6018.278492,300.0,,100.0,604.56640625,,0
1782297657.451207,6018.378490,299.0,,100.0,604.56640625,,0
1782297657.551220,6018.478503,300.0,,100.0,604.56640625,,0
1782297657.651212,6018.578495,299.0,,100.0,604.56640625,,0
1782297657.751225,6018.678508,299.0,,100.0,604.56640625,,0
1782297657.851212,6018.778495,301.0,,100.0,604.56640625,,0
1782297657.951211,6018.878496,298.0,,100.0,604.56640625,,0
1782297658.051211,6018.978495,300.0,,100.0,604.56640625,,0
1782297658.151212,6019.078496,300.0,,100.0,604.56640625,,0
1782297658.251206,6019.178489,299.0,,100.0,604.56640625,,0
1782297658.351209,6019.278492,300.0,,100.0,604.56640625,,0
1782297658.451213,6019.378497,300.0,,100.0,604.56640625,,0
1782297658.551212,6019.478496,299.0,,100.0,604.56640625,,0
1782297658.651217,6019.578500,300.0,,100.0,604.56640625,,0
1782297658.751146,6019.678431,300.0,,100.0,604.56640625,,0
1782297658.851546,6019.778829,296.0,,100.0,604.56640625,,0
1782297658.951214,6019.878498,300.0,,100.0,604.56640625,,0
1782297659.051210,6019.978493,299.0,,100.0,604.56640625,,0
1782297659.151215,6020.078498,300.0,,100.0,604.56640625,,0
1782297659.251129,6020.178412,299.0,,100.0,604.56640625,,0
1782297659.351216,6020.278499,300.0,,100.0,604.56640625,,0
1782297659.451217,6020.378501,300.0,,100.0,604.56640625,,0
1782297659.551215,6020.478500,300.0,,100.0,604.56640625,,0
1782297659.651220,6020.578503,298.0,,100.0,604.56640625,,0
1782297659.751211,6020.678494,300.0,,100.0,604.56640625,,0
1782297659.851210,6020.778493,300.0,,100.0,604.56640625,,0
1782297659.951212,6020.878495,290.0,,100.0,604.56640625,,0
1782297660.051215,6020.978499,299.0,,100.0,604.56640625,,0
1782297660.151207,6021.078490,299.0,,100.0,604.56640625,,0
1782297660.251211,6021.178494,300.0,,100.0,604.56640625,,0
1782297660.351213,6021.278496,299.0,,100.0,604.56640625,,0
1782297660.451214,6021.378497,300.0,,100.0,604.56640625,,0
1782297660.551212,6021.478496,299.0,,100.0,604.56640625,,0
1782297660.651215,6021.578498,299.0,,100.0,604.56640625,,0
1782297660.751215,6021.678498,300.0,,100.0,604.56640625,,0
1782297660.851214,6021.778498,299.0,,100.0,604.56640625,,0
1782297660.951215,6021.878499,299.0,,100.0,604.56640625,,0
1782297661.051212,6021.978495,301.0,,100.0,604.56640625,,0
1782297661.151217,6022.078500,299.0,,100.0,604.56640625,,0
1782297661.251221,6022.178505,299.0,,100.0,604.56640625,,0
1782297661.351214,6022.278498,299.0,,100.0,604.56640625,,0
1782297661.451217,6022.378501,299.0,,100.0,604.56640625,,0
1782297661.551209,6022.478492,300.0,,100.0,604.56640625,,0
1782297661.651215,6022.578499,299.0,,100.0,604.56640625,,0
1782297661.751209,6022.678494,299.0,,100.0,604.56640625,,0
1782297661.851213,6022.778497,299.0,,100.0,604.56640625,,0
1782297661.951218,6022.878502,301.0,,100.0,604.56640625,,0
1782297662.051212,6022.978496,299.0,,100.0,604.56640625,,0
1782297662.151214,6023.078497,299.0,,100.0,604.56640625,,0
1782297662.251208,6023.178491,310.0,,100.0,604.56640625,,0
1782297662.351218,6023.278502,279.0,,100.0,604.56640625,,0
1782297662.451210,6023.378493,299.0,,100.0,604.56640625,,0
1782297662.551207,6023.478491,300.0,,100.0,604.56640625,,0
1782297662.651211,6023.578495,299.0,,100.0,604.56640625,,0
1782297662.751206,6023.678490,301.0,,100.0,604.56640625,,0
1782297662.851218,6023.778501,299.0,,100.0,604.56640625,,0
1782297662.951214,6023.878497,300.0,,100.0,604.56640625,,0
1782297663.051213,6023.978497,298.0,,100.0,604.56640625,,0
1782297663.151207,6024.078492,301.0,,100.0,604.56640625,,0
1782297663.251206,6024.178489,299.0,,100.0,604.56640625,,0
1782297663.351213,6024.278496,300.0,,100.0,604.56640625,,0
1782297663.451213,6024.378497,300.0,,100.0,604.56640625,,0
1782297663.551208,6024.478491,299.0,,100.0,604.56640625,,0
1782297663.651214,6024.578497,300.0,,100.0,604.56640625,,0
1782297663.751214,6024.678497,299.0,,100.0,604.56640625,,0
1782297663.851217,6024.778500,300.0,,100.0,604.56640625,,0
1782297663.951219,6024.878502,299.0,,100.0,604.56640625,,0
1782297664.051209,6024.978493,300.0,,100.0,604.56640625,,0
1782297664.151218,6025.078501,298.0,,100.0,604.56640625,,0
1782297664.251210,6025.178493,301.0,,100.0,604.56640625,,0
1782297664.351221,6025.278505,305.0,,100.0,604.56640625,,0
1782297664.451211,6025.378494,300.0,,100.0,604.56640625,,0
1782297664.551212,6025.478495,300.0,,100.0,604.56640625,,0
1782297664.651213,6025.578497,299.0,,100.0,604.56640625,,0
1782297664.751215,6025.678498,300.0,,100.0,604.56640625,,0
1782297664.851206,6025.778490,301.0,,100.0,604.56640625,,0
1782297664.951215,6025.878498,299.0,,100.0,604.56640625,,0
1782297665.051215,6025.978498,302.0,,100.0,604.56640625,,0
1782297665.151214,6026.078497,297.0,,100.0,604.56640625,,0
1782297665.251214,6026.178498,299.0,,100.0,604.56640625,,0
1782297665.351210,6026.278493,300.0,,100.0,604.56640625,,0
1782297665.451215,6026.378498,299.0,,100.0,604.56640625,,0
1782297665.551212,6026.478496,300.0,,100.0,604.56640625,,0
1782297665.651213,6026.578496,299.0,,100.0,604.56640625,,0
1782297665.751213,6026.678496,299.0,,100.0,604.56640625,,0
1782297665.851213,6026.778496,301.0,,100.0,604.56640625,,0
1782297665.951207,6026.878491,299.0,,100.0,604.56640625,,0
1782297666.051215,6026.978499,300.0,,100.0,604.56640625,,0
1782297666.151208,6027.078492,299.0,,100.0,604.56640625,,0
1782297666.251213,6027.178496,300.0,,100.0,604.56640625,,0
1782297666.351215,6027.278500,286.0,,100.0,604.56640625,,0
1782297666.451219,6027.378503,299.0,,100.0,604.56640625,,0
1782297666.551221,6027.478507,299.0,,100.0,604.56640625,,0
1782297666.651212,6027.578495,301.0,,100.0,604.56640625,,0
1782297666.751219,6027.678502,299.0,,100.0,604.56640625,,0
1782297666.851213,6027.778497,300.0,,100.0,604.56640625,,0
1782297666.951207,6027.878492,300.0,,100.0,604.56640625,,0
1782297667.051215,6027.978498,300.0,,100.0,604.56640625,,0
1782297667.151217,6028.078500,299.0,,100.0,604.56640625,,0
1782297667.251211,6028.178494,300.0,,100.0,604.56640625,,0
1782297667.351215,6028.278498,299.0,,100.0,604.56640625,,0
1782297667.451218,6028.378501,300.0,,100.0,604.56640625,,0
1782297667.551215,6028.478498,300.0,,100.0,604.56640625,,0
1782297667.651212,6028.578496,299.0,,100.0,604.56640625,,0
1782297667.751220,6028.678504,300.0,,100.0,604.56640625,,0
1782297667.851211,6028.778495,298.0,,100.0,604.56640625,,0
1782297667.951218,6028.878501,300.0,,100.0,604.56640625,,0
1782297668.051217,6028.978500,300.0,,100.0,604.56640625,,0
1782297668.151218,6029.078501,299.0,,100.0,604.56640625,,0
1782297668.251226,6029.178509,300.0,,100.0,604.56640625,,0
1782297668.351218,6029.278502,292.0,,100.0,604.56640625,,0
1782297668.451218,6029.378502,301.0,,100.0,604.56640625,,0
1782297668.551219,6029.478503,282.0,,100.0,604.56640625,,0
1782297668.651221,6029.578504,292.0,,100.0,604.56640625,,0
1782297668.751220,6029.678504,294.0,,100.0,604.56640625,,0
1782297668.851218,6029.778503,297.0,,100.0,604.56640625,,0
1782297668.951217,6029.878501,320.0,,99.0,604.56640625,,0
1782297669.051223,6029.978506,304.0,,100.0,604.56640625,,0
1782297669.151218,6030.078502,305.0,,100.0,604.56640625,,0
1782297669.251207,6030.178490,300.0,,100.0,604.56640625,,0
1782297669.351223,6030.278506,307.0,,100.0,604.56640625,,0
1782297669.451214,6030.378497,293.0,,100.0,604.56640625,,0
1782297669.551225,6030.478510,274.0,,100.0,604.56640625,,0
1782297669.651219,6030.578503,293.0,,100.0,604.56640625,,0
1782297669.751225,6030.678509,296.0,,100.0,604.56640625,,0
1782297669.851211,6030.778494,315.0,,100.0,604.56640625,,0
1782297669.951218,6030.878503,310.0,,100.0,604.56640625,,0
1782297670.051211,6030.978496,302.0,,100.0,604.56640625,,0
1782297670.151219,6031.078503,300.0,,100.0,604.56640625,,0
1782297670.251211,6031.178495,299.0,,100.0,604.56640625,,0
1782297670.351213,6031.278497,300.0,,100.0,604.56640625,,0
1782297670.451216,6031.378500,298.0,,100.0,604.56640625,,0
1782297670.551223,6031.478507,300.0,,100.0,604.56640625,,0
1782297670.651207,6031.578490,300.0,,100.0,604.56640625,,0
1782297670.751212,6031.678495,299.0,,100.0,604.56640625,,0
1782297670.851216,6031.778500,300.0,,100.0,604.56640625,,0
1782297670.951225,6031.878508,300.0,,100.0,604.56640625,,0
1782297671.051220,6031.978503,299.0,,100.0,604.56640625,,0
1782297671.151216,6032.078500,300.0,,100.0,604.56640625,,0
1782297671.251210,6032.178494,298.0,,100.0,604.56640625,,0
1782297671.351209,6032.278494,322.0,,100.0,604.56640625,,0
1782297671.451222,6032.378507,300.0,,100.0,604.56640625,,0
1782297671.551219,6032.478502,298.0,,100.0,604.56640625,,0
1782297671.651221,6032.578504,302.0,,100.0,604.56640625,,0
1782297671.751207,6032.678490,298.0,,100.0,604.56640625,,0
1782297671.851212,6032.778495,300.0,,100.0,604.56640625,,0
1782297671.951221,6032.878504,299.0,,100.0,604.56640625,,0
1782297672.051219,6032.978503,300.0,,100.0,604.56640625,,0
1782297672.151214,6033.078498,299.0,,100.0,604.56640625,,0
1782297672.251224,6033.178507,299.0,,100.0,604.56640625,,0
1782297672.351211,6033.278494,299.0,,100.0,604.56640625,,0
1782297672.451226,6033.378509,249.0,,100.0,604.56640625,,0
1782297672.551214,6033.478497,300.0,,100.0,604.56640625,,0
1782297672.651219,6033.578504,299.0,,100.0,604.56640625,,0
1782297672.751210,6033.678493,300.0,,100.0,604.56640625,,0
1782297672.851224,6033.778507,299.0,,100.0,604.56640625,,0
1782297672.951218,6033.878501,266.0,,100.0,604.56640625,,0
1782297673.051210,6033.978493,301.0,,100.0,604.56640625,,0
1782297673.151218,6034.078502,299.0,,100.0,604.56640625,,0
1782297673.251214,6034.178497,301.0,,100.0,604.56640625,,0
1782297673.351230,6034.278513,299.0,,100.0,604.56640625,,0
1782297673.451214,6034.378498,300.0,,100.0,604.56640625,,0
1782297673.551216,6034.478499,299.0,,100.0,604.56640625,,0
1782297673.651206,6034.578489,300.0,,100.0,604.56640625,,0
1782297673.751218,6034.678501,300.0,,100.0,604.56640625,,0
1782297673.851221,6034.778504,298.0,,100.0,604.56640625,,0
1782297673.951222,6034.878506,300.0,,100.0,604.56640625,,0
1782297674.051219,6034.978502,300.0,,100.0,604.56640625,,0
1782297674.151214,6035.078497,299.0,,100.0,604.56640625,,0
1782297674.251215,6035.178498,300.0,,100.0,604.56640625,,0
1782297674.351210,6035.278494,300.0,,100.0,604.56640625,,0
1782297674.451214,6035.378497,298.0,,100.0,604.56640625,,0
1782297674.551211,6035.478494,300.0,,100.0,604.56640625,,0
1782297674.651215,6035.578498,268.0,,100.0,604.56640625,,0
1782297674.751211,6035.678495,300.0,,100.0,604.56640625,,0
1782297674.851216,6035.778499,299.0,,100.0,604.56640625,,0
1782297674.951217,6035.878502,299.0,,100.0,604.56640625,,0
1782297675.051213,6035.978496,299.0,,100.0,604.56640625,,0
1782297675.151208,6036.078491,301.0,,100.0,604.56640625,,0
1782297675.251212,6036.178495,298.0,,100.0,604.56640625,,0
1782297675.351213,6036.278496,301.0,,100.0,604.56640625,,0
1782297675.451219,6036.378503,298.0,,100.0,604.56640625,,0
1782297675.551218,6036.478501,300.0,,100.0,604.56640625,,0
1782297675.651217,6036.578502,299.0,,100.0,604.56640625,,0
1782297675.751217,6036.678500,299.0,,100.0,604.56640625,,0
1782297675.851212,6036.778496,300.0,,100.0,604.56640625,,0
1782297675.951214,6036.878497,329.0,,100.0,604.56640625,,0
1782297676.051217,6036.978500,299.0,,100.0,604.56640625,,0
1782297676.151219,6037.078502,300.0,,100.0,604.56640625,,0
1782297676.251222,6037.178505,300.0,,100.0,604.56640625,,0
1782297676.351222,6037.278505,300.0,,100.0,604.56640625,,0
1782297676.451220,6037.378504,300.0,,100.0,604.56640625,,0
1782297676.551223,6037.478507,298.0,,100.0,604.56640625,,0
1782297676.651221,6037.578506,300.0,,100.0,604.56640625,,0
1782297676.751221,6037.678505,299.0,,100.0,604.56640625,,0
1782297676.851222,6037.778507,300.0,,100.0,604.56640625,,0
1782297676.951224,6037.878507,299.0,,100.0,604.56640625,,0
1782297677.051218,6037.978501,300.0,,100.0,604.56640625,,0
1782297677.151221,6038.078504,300.0,,100.0,604.56640625,,0
1782297677.251221,6038.178505,299.0,,100.0,604.56640625,,0
1782297677.351222,6038.278505,300.0,,100.0,604.56640625,,0
1782297677.451225,6038.378508,300.0,,100.0,604.56640625,,0
1782297677.551223,6038.478508,298.0,,100.0,604.56640625,,0
1782297677.651218,6038.578502,300.0,,100.0,604.56640625,,0
1782297677.751223,6038.678506,299.0,,100.0,604.56640625,,0
1782297677.851223,6038.778508,298.0,,100.0,604.56640625,,0
1782297677.951221,6038.878505,299.0,,100.0,604.56640625,,0
1782297678.051222,6038.978505,299.0,,100.0,604.56640625,,0
1782297678.151219,6039.078502,300.0,,100.0,604.56640625,,0
1782297678.251217,6039.178500,299.0,,100.0,604.56640625,,0
1782297678.351244,6039.278528,298.0,,100.0,604.56640625,,0
1782297678.451227,6039.378510,286.0,,100.0,604.56640625,,0
1782297678.551222,6039.478505,299.0,,100.0,604.56640625,,0
1782297678.651221,6039.578505,299.0,,100.0,604.56640625,,0
1782297678.751220,6039.678503,300.0,,100.0,604.56640625,,0
1782297678.851223,6039.778508,299.0,,100.0,604.56640625,,0
1782297678.951228,6039.878512,300.0,,100.0,604.56640625,,0
1782297679.051221,6039.978504,299.0,,100.0,604.56640625,,0
1782297679.151221,6040.078504,300.0,,100.0,604.56640625,,0
1782297679.251228,6040.178513,299.0,,100.0,604.56640625,,0
1782297679.351223,6040.278506,299.0,,100.0,604.56640625,,0
1782297679.451225,6040.378509,275.0,,100.0,604.56640625,,0
1782297679.551214,6040.478498,301.0,,100.0,604.56640625,,0
1782297679.651234,6040.578518,191.0,,61.0,568.55078125,,0
1782297679.751227,6040.678511,41.0,,3.0,568.55078125,,0
1782297679.851166,6040.778451,43.0,,10.0,399.20703125,,0
1782297679.951236,6040.878522,40.0,,2.0,338.27734375,,0
1782297680.051231,6040.978515,29.0,,,338.27734375,,0
1782297680.151227,6041.078511,16.0,,,338.27734375,,0
1782297680.251224,6041.178509,16.0,,,338.27734375,,0
1782297680.351221,6041.278506,17.0,,,338.27734375,,0
