sample_epoch,mono_s,power_w,energy_uj,gfx_busy_pct,vram_used_mb,sclk_mhz,device_id
1782299573.781108,7934.708391,25.0,,5.0,354.71484375,,0
1782299573.881263,7934.808548,16.0,,1.0,354.71484375,,0
1782299573.981256,7934.908541,17.0,,1.0,354.71484375,,0
1782299574.081196,7935.008480,15.0,,,354.71484375,,0
1782299574.181262,7935.108547,19.0,,,354.71484375,,0
1782299574.282725,7935.210008,14.0,,,354.71484375,,0
1782299574.384723,7935.312006,14.0,,,354.71484375,,0
1782299574.481279,7935.408563,15.0,,,354.71484375,,0
1782299574.581259,7935.508543,16.0,,1.0,354.71484375,,0
1782299574.681262,7935.608546,15.0,,,354.71484375,,0
1782299574.781267,7935.708551,17.0,,,354.71484375,,0
1782299574.881265,7935.808549,16.0,,,354.71484375,,0
1782299574.981263,7935.908547,16.0,,,354.71484375,,0
1782299575.081197,7936.008481,16.0,,,354.71484375,,0
1782299575.181261,7936.108545,17.0,,1.0,354.71484375,,0
1782299575.281261,7936.208545,16.0,,,354.71484375,,0
1782299575.381258,7936.308542,19.0,,,354.71484375,,0
1782299575.481263,7936.408547,15.0,,,354.71484375,,0
1782299575.581191,7936.508476,15.0,,,354.71484375,,0
1782299575.681260,7936.608543,15.0,,,354.71484375,,0
1782299575.781264,7936.708548,16.0,,2.0,354.71484375,,0
1782299575.881262,7936.808546,15.0,,,354.71484375,,0
1782299575.981260,7936.908545,20.0,,,354.71484375,,0
1782299576.081265,7937.008550,15.0,,,354.71484375,,0
1782299576.181262,7937.108546,15.0,,,354.71484375,,0
1782299576.281267,7937.208551,16.0,,,354.71484375,,0
1782299576.381260,7937.308544,19.0,,,354.71484375,,0
1782299576.481257,7937.408540,16.0,,,354.71484375,,0
1782299576.581257,7937.508541,16.0,,,354.71484375,,0
1782299576.681261,7937.608545,20.0,,,354.71484375,,0
1782299576.781261,7937.708545,16.0,,,354.71484375,,0
1782299576.881266,7937.808550,20.0,,,354.71484375,,0
1782299576.981262,7937.908547,17.0,,2.0,354.71484375,,0
1782299577.081258,7938.008542,16.0,,,354.71484375,,0
1782299577.181254,7938.108538,15.0,,,354.71484375,,0
1782299577.281261,7938.208545,14.0,,,354.71484375,,0
1782299577.381261,7938.308545,14.0,,,354.71484375,,0
1782299577.481260,7938.408543,14.0,,,354.71484375,,0
1782299577.581263,7938.508548,16.0,,1.0,354.71484375,,0
1782299577.681262,7938.608546,19.0,,,354.71484375,,0
1782299577.781256,7938.708541,15.0,,,354.71484375,,0
1782299577.881266,7938.808550,15.0,,,354.71484375,,0
1782299577.981257,7938.908541,16.0,,,354.71484375,,0
1782299578.081198,7939.008483,16.0,,,354.71484375,,0
1782299578.181261,7939.108545,17.0,,1.0,354.71484375,,0
1782299578.281193,7939.208479,17.0,,,354.71484375,,0
1782299578.381270,7939.308554,15.0,,,354.71484375,,0
1782299578.481259,7939.408543,19.0,,,354.71484375,,0
1782299578.581258,7939.508542,15.0,,,354.71484375,,0
1782299578.681261,7939.608544,15.0,,,354.71484375,,0
1782299578.781264,7939.708548,15.0,,,354.71484375,,0
1782299578.881183,7939.808468,23.0,,4.0,354.76171875,,0
1782299578.981179,7939.908464,18.0,,,354.76171875,,0
1782299579.081201,7940.008486,15.0,,,354.76171875,,0
1782299579.181195,7940.108480,17.0,,2.0,555.515625,,0
1782299579.281188,7940.208473,28.0,,30.0,588.94140625,,0
1782299579.381190,7940.308474,37.0,,44.0,588.9453125,,0
1782299579.481190,7940.408474,79.0,,100.0,588.9453125,,0
1782299579.581189,7940.508473,101.0,,100.0,588.9453125,,0
1782299579.681189,7940.608473,133.0,,100.0,588.9453125,,0
1782299579.781189,7940.708473,178.0,,100.0,588.9453125,,0
1782299579.881188,7940.808473,239.0,,100.0,588.9453125,,0
1782299579.981185,7940.908469,239.0,,100.0,588.9453125,,0
1782299580.081187,7941.008471,240.0,,100.0,588.9453125,,0
1782299580.181184,7941.108468,242.0,,100.0,588.9453125,,0
1782299580.281173,7941.208456,245.0,,100.0,588.9453125,,0
1782299580.381171,7941.308455,250.0,,100.0,588.9453125,,0
1782299580.481171,7941.408455,253.0,,100.0,588.9453125,,0
1782299580.581172,7941.508455,254.0,,100.0,588.9453125,,0
1782299580.681172,7941.608456,255.0,,100.0,588.9453125,,0
1782299580.781177,7941.708461,255.0,,100.0,588.9453125,,0
1782299580.881172,7941.808456,255.0,,100.0,588.9453125,,0
1782299580.981169,7941.908453,255.0,,100.0,588.9453125,,0
1782299581.081187,7942.008471,257.0,,100.0,588.9453125,,0
1782299581.181182,7942.108467,260.0,,100.0,588.9453125,,0
1782299581.281172,7942.208455,260.0,,100.0,588.9453125,,0
1782299581.381172,7942.308456,259.0,,100.0,588.9453125,,0
1782299581.481171,7942.408455,260.0,,100.0,588.9453125,,0
1782299581.581171,7942.508455,260.0,,100.0,588.9453125,,0
1782299581.681171,7942.608454,265.0,,100.0,588.9453125,,0
1782299581.781170,7942.708454,259.0,,100.0,588.9453125,,0
1782299581.881172,7942.808456,260.0,,100.0,588.9453125,,0
1782299581.981170,7942.908454,260.0,,100.0,588.9453125,,0
1782299582.081173,7943.008456,260.0,,100.0,588.9453125,,0
1782299582.181171,7943.108455,258.0,,100.0,588.9453125,,0
1782299582.281170,7943.208454,260.0,,100.0,588.9453125,,0
1782299582.381174,7943.308458,260.0,,100.0,588.9453125,,0
1782299582.481191,7943.408475,261.0,,100.0,588.9453125,,0
1782299582.581187,7943.508472,259.0,,100.0,588.9453125,,0
1782299582.681187,7943.608472,261.0,,100.0,588.9453125,,0
1782299582.781187,7943.708471,261.0,,100.0,588.9453125,,0
1782299582.881181,7943.808465,260.0,,100.0,588.9453125,,0
1782299582.981173,7943.908456,259.0,,100.0,588.9453125,,0
1782299583.081172,7944.008456,259.0,,100.0,588.9453125,,0
1782299583.181171,7944.108455,261.0,,100.0,588.9453125,,0
1782299583.281171,7944.208455,260.0,,100.0,588.9453125,,0
1782299583.381171,7944.308455,261.0,,100.0,588.9453125,,0
1782299583.481170,7944.408454,260.0,,100.0,588.9453125,,0
1782299583.581171,7944.508455,259.0,,100.0,588.9453125,,0
1782299583.681170,7944.608454,259.0,,100.0,588.9453125,,0
1782299583.781172,7944.708455,261.0,,100.0,588.9453125,,0
1782299583.881170,7944.808453,261.0,,100.0,588.9453125,,0
1782299583.981169,7944.908453,261.0,,100.0,588.9453125,,0
1782299584.081171,7945.008454,261.0,,100.0,588.9453125,,0
1782299584.181169,7945.108453,260.0,,100.0,588.9453125,,0
1782299584.281170,7945.208453,260.0,,100.0,588.9453125,,0
1782299584.381170,7945.308453,260.0,,100.0,588.9453125,,0
1782299584.481170,7945.408454,260.0,,100.0,588.9453125,,0
1782299584.581170,7945.508454,259.0,,100.0,588.9453125,,0
1782299584.681171,7945.608454,261.0,,100.0,588.9453125,,0
1782299584.781169,7945.708453,261.0,,100.0,588.9453125,,0
1782299584.881170,7945.808454,262.0,,100.0,588.9453125,,0
1782299584.981170,7945.908454,260.0,,100.0,588.9453125,,0
1782299585.081170,7946.008454,261.0,,100.0,588.9453125,,0
1782299585.181171,7946.108454,259.0,,100.0,588.9453125,,0
1782299585.281170,7946.208453,260.0,,100.0,588.9453125,,0
1782299585.381170,7946.308454,260.0,,100.0,588.9453125,,0
1782299585.481171,7946.408454,261.0,,100.0,588.9453125,,0
1782299585.581170,7946.508454,261.0,,100.0,588.9453125,,0
1782299585.681170,7946.608454,260.0,,100.0,588.9453125,,0
1782299585.781171,7946.708455,250.0,,100.0,588.9453125,,0
1782299585.881172,7946.808456,262.0,,100.0,588.9453125,,0
1782299585.981172,7946.908456,261.0,,100.0,588.9453125,,0
1782299586.081172,7947.008455,261.0,,100.0,588.9453125,,0
1782299586.181171,7947.108454,260.0,,100.0,588.9453125,,0
1782299586.281171,7947.208454,261.0,,100.0,588.9453125,,0
1782299586.381170,7947.308453,233.0,,100.0,588.9453125,,0
1782299586.481170,7947.408453,263.0,,100.0,588.9453125,,0
1782299586.581171,7947.508454,249.0,,100.0,588.9453125,,0
1782299586.681170,7947.608453,248.0,,100.0,588.9453125,,0
1782299586.781170,7947.708453,261.0,,100.0,588.9453125,,0
1782299586.881171,7947.808454,259.0,,100.0,588.9453125,,0
1782299586.981170,7947.908453,247.0,,100.0,588.9453125,,0
1782299587.081171,7948.008454,239.0,,100.0,588.9453125,,0
1782299587.181170,7948.108453,245.0,,100.0,588.9453125,,0
1782299587.281169,7948.208453,260.0,,100.0,588.9453125,,0
1782299587.381171,7948.308455,261.0,,100.0,588.9453125,,0
1782299587.481171,7948.408454,261.0,,100.0,588.9453125,,0
1782299587.581170,7948.508454,262.0,,100.0,588.9453125,,0
1782299587.681171,7948.608455,260.0,,100.0,588.9453125,,0
1782299587.781170,7948.708454,260.0,,100.0,588.9453125,,0
1782299587.881171,7948.808454,262.0,,100.0,588.9453125,,0
1782299587.981170,7948.908454,262.0,,100.0,588.9453125,,0
1782299588.081187,7949.008471,261.0,,100.0,588.9453125,,0
1782299588.181190,7949.108475,261.0,,100.0,588.9453125,,0
1782299588.281190,7949.208474,262.0,,100.0,588.9453125,,0
1782299588.381184,7949.308468,261.0,,100.0,588.9453125,,0
1782299588.481188,7949.408472,260.0,,100.0,588.9453125,,0
1782299588.581187,7949.508471,262.0,,100.0,588.9453125,,0
1782299588.681187,7949.608471,262.0,,100.0,588.9453125,,0
1782299588.781187,7949.708472,263.0,,100.0,588.9453125,,0
1782299588.881190,7949.808474,262.0,,100.0,588.9453125,,0
1782299588.981187,7949.908471,262.0,,100.0,588.9453125,,0
1782299589.081187,7950.008471,262.0,,100.0,588.9453125,,0
1782299589.181187,7950.108471,262.0,,100.0,588.9453125,,0
1782299589.281187,7950.208472,260.0,,100.0,588.9453125,,0
1782299589.381174,7950.308458,262.0,,100.0,588.9453125,,0
1782299589.481172,7950.408456,263.0,,100.0,588.9453125,,0
1782299589.581171,7950.508455,263.0,,100.0,588.9453125,,0
1782299589.681171,7950.608455,263.0,,100.0,588.9453125,,0
1782299589.781172,7950.708456,264.0,,100.0,588.9453125,,0
1782299589.881171,7950.808455,263.0,,100.0,588.9453125,,0
1782299589.981171,7950.908454,261.0,,100.0,588.9453125,,0
1782299590.081170,7951.008454,263.0,,100.0,588.9453125,,0
1782299590.181170,7951.108453,261.0,,100.0,588.9453125,,0
1782299590.281172,7951.208455,263.0,,100.0,588.9453125,,0
1782299590.381172,7951.308456,263.0,,100.0,588.9453125,,0
1782299590.481170,7951.408454,272.0,,99.0,588.9453125,,0
1782299590.581171,7951.508454,273.0,,100.0,588.9453125,,0
1782299590.681171,7951.608454,271.0,,100.0,588.9453125,,0
1782299590.781170,7951.708453,259.0,,99.0,588.9453125,,0
1782299590.881169,7951.808453,264.0,,100.0,588.9453125,,0
1782299590.981170,7951.908454,274.0,,99.0,588.9453125,,0
1782299591.081170,7952.008453,272.0,,100.0,588.9453125,,0
1782299591.181171,7952.108454,263.0,,100.0,588.9453125,,0
1782299591.281169,7952.208453,264.0,,100.0,588.9453125,,0
1782299591.381170,7952.308453,271.0,,100.0,588.9453125,,0
1782299591.481170,7952.408453,245.0,,100.0,588.9453125,,0
1782299591.581170,7952.508453,260.0,,100.0,588.9453125,,0
1782299591.681170,7952.608453,262.0,,100.0,588.9453125,,0
1782299591.781171,7952.708454,263.0,,100.0,588.9453125,,0
1782299591.881170,7952.808454,264.0,,100.0,588.9453125,,0
1782299591.981169,7952.908452,263.0,,100.0,588.9453125,,0
1782299592.081171,7953.008454,264.0,,100.0,588.9453125,,0
1782299592.181170,7953.108453,264.0,,100.0,588.9453125,,0
1782299592.281171,7953.208454,264.0,,100.0,588.9453125,,0
1782299592.381171,7953.308455,263.0,,100.0,588.9453125,,0
1782299592.481171,7953.408454,262.0,,100.0,588.9453125,,0
1782299592.581170,7953.508454,259.0,,100.0,588.9453125,,0
1782299592.681170,7953.608454,250.0,,100.0,588.9453125,,0
1782299592.781170,7953.708453,252.0,,100.0,588.9453125,,0
1782299592.881171,7953.808455,264.0,,100.0,588.9453125,,0
1782299592.981169,7953.908453,266.0,,100.0,588.9453125,,0
1782299593.081171,7954.008454,264.0,,100.0,588.9453125,,0
1782299593.181171,7954.108454,262.0,,100.0,588.9453125,,0
1782299593.281170,7954.208453,263.0,,100.0,588.9453125,,0
1782299593.381170,7954.308454,265.0,,100.0,588.9453125,,0
1782299593.481170,7954.408453,265.0,,100.0,588.9453125,,0
1782299593.581170,7954.508453,264.0,,100.0,588.9453125,,0
1782299593.681170,7954.608454,264.0,,100.0,588.9453125,,0
1782299593.781171,7954.708454,265.0,,100.0,588.9453125,,0
1782299593.881171,7954.808454,264.0,,100.0,588.9453125,,0
1782299593.981170,7954.908454,264.0,,100.0,588.9453125,,0
1782299594.081171,7955.008454,263.0,,100.0,588.9453125,,0
1782299594.181171,7955.108454,264.0,,100.0,588.9453125,,0
1782299594.281171,7955.208454,263.0,,100.0,588.9453125,,0
1782299594.381170,7955.308453,263.0,,100.0,588.9453125,,0
1782299594.481170,7955.408454,264.0,,100.0,588.9453125,,0
1782299594.581170,7955.508454,265.0,,100.0,588.9453125,,0
1782299594.681170,7955.608454,266.0,,100.0,588.9453125,,0
1782299594.781171,7955.708454,264.0,,100.0,588.9453125,,0
1782299594.881171,7955.808454,263.0,,100.0,588.9453125,,0
1782299594.981170,7955.908453,265.0,,100.0,588.9453125,,0
1782299595.081171,7956.008454,265.0,,100.0,588.9453125,,0
1782299595.181170,7956.108453,265.0,,100.0,588.9453125,,0
1782299595.281170,7956.208453,265.0,,100.0,588.9453125,,0
1782299595.381170,7956.308453,266.0,,100.0,588.9453125,,0
1782299595.481169,7956.408453,265.0,,100.0,588.9453125,,0
1782299595.581171,7956.508454,264.0,,100.0,588.9453125,,0
1782299595.681170,7956.608454,263.0,,100.0,588.9453125,,0
1782299595.781170,7956.708454,265.0,,100.0,588.9453125,,0
1782299595.881169,7956.808453,266.0,,100.0,588.9453125,,0
1782299595.981170,7956.908453,265.0,,100.0,588.9453125,,0
1782299596.081170,7957.008454,266.0,,100.0,588.9453125,,0
1782299596.181170,7957.108454,265.0,,100.0,588.9453125,,0
1782299596.281171,7957.208454,264.0,,100.0,588.9453125,,0
1782299596.381170,7957.308453,265.0,,100.0,588.9453125,,0
1782299596.481171,7957.408454,263.0,,100.0,588.9453125,,0
1782299596.581170,7957.508454,266.0,,100.0,588.9453125,,0
1782299596.681170,7957.608454,265.0,,100.0,588.9453125,,0
1782299596.781170,7957.708454,264.0,,100.0,588.9453125,,0
1782299596.881170,7957.808453,264.0,,100.0,588.9453125,,0
1782299596.981170,7957.908453,267.0,,100.0,588.9453125,,0
1782299597.081170,7958.008454,266.0,,100.0,588.9453125,,0
1782299597.181170,7958.108453,265.0,,100.0,588.9453125,,0
1782299597.281170,7958.208453,263.0,,100.0,588.9453125,,0
1782299597.381172,7958.308456,264.0,,100.0,588.9453125,,0
1782299597.481172,7958.408455,264.0,,100.0,588.9453125,,0
1782299597.581170,7958.508454,262.0,,100.0,588.9453125,,0
1782299597.681170,7958.608453,265.0,,100.0,588.9453125,,0
1782299597.781171,7958.708454,265.0,,100.0,588.9453125,,0
1782299597.881170,7958.808453,263.0,,100.0,588.9453125,,0
1782299597.981170,7958.908454,265.0,,100.0,588.9453125,,0
1782299598.081171,7959.008454,265.0,,100.0,588.9453125,,0
1782299598.181170,7959.108454,264.0,,100.0,588.9453125,,0
1782299598.281172,7959.208455,263.0,,100.0,588.9453125,,0
1782299598.381170,7959.308454,264.0,,100.0,588.9453125,,0
1782299598.481171,7959.408454,262.0,,100.0,588.9453125,,0
1782299598.581171,7959.508454,264.0,,100.0,588.9453125,,0
1782299598.681170,7959.608453,265.0,,100.0,588.9453125,,0
1782299598.781170,7959.708453,230.0,,100.0,588.9453125,,0
1782299598.881171,7959.808454,228.0,,100.0,588.9453125,,0
1782299598.981170,7959.908453,265.0,,100.0,588.9453125,,0
1782299599.081170,7960.008453,231.0,,99.0,588.9453125,,0
1782299599.181170,7960.108454,264.0,,100.0,588.9453125,,0
1782299599.281169,7960.208453,265.0,,100.0,588.9453125,,0
1782299599.381170,7960.308454,263.0,,100.0,588.9453125,,0
1782299599.481171,7960.408455,263.0,,100.0,588.9453125,,0
1782299599.581171,7960.508455,263.0,,100.0,588.9453125,,0
1782299599.681171,7960.608455,265.0,,100.0,588.9453125,,0
1782299599.781169,7960.708453,264.0,,100.0,588.9453125,,0
1782299599.881170,7960.808453,263.0,,100.0,588.9453125,,0
1782299599.981170,7960.908454,263.0,,100.0,588.9453125,,0
1782299600.081171,7961.008454,259.0,,100.0,588.9453125,,0
1782299600.181170,7961.108453,256.0,,100.0,588.9453125,,0
1782299600.281171,7961.208454,263.0,,100.0,588.9453125,,0
1782299600.381170,7961.308453,263.0,,100.0,588.9453125,,0
1782299600.481170,7961.408454,264.0,,100.0,588.9453125,,0
1782299600.581171,7961.508454,265.0,,100.0,588.9453125,,0
1782299600.681171,7961.608454,262.0,,100.0,588.9453125,,0
1782299600.781171,7961.708455,262.0,,100.0,588.9453125,,0
1782299600.881170,7961.808453,264.0,,100.0,588.9453125,,0
1782299600.981169,7961.908453,264.0,,100.0,588.9453125,,0
1782299601.081171,7962.008454,263.0,,100.0,588.9453125,,0
1782299601.181170,7962.108454,263.0,,100.0,588.9453125,,0
1782299601.281170,7962.208454,265.0,,100.0,588.9453125,,0
1782299601.381171,7962.308454,264.0,,100.0,588.9453125,,0
1782299601.481170,7962.408453,264.0,,100.0,588.9453125,,0
1782299601.581171,7962.508454,263.0,,100.0,588.9453125,,0
1782299601.681170,7962.608453,264.0,,100.0,588.9453125,,0
1782299601.781170,7962.708454,265.0,,100.0,588.9453125,,0
1782299601.881171,7962.808454,263.0,,100.0,588.9453125,,0
1782299601.981169,7962.908453,264.0,,100.0,588.9453125,,0
1782299602.081170,7963.008453,264.0,,100.0,588.9453125,,0
1782299602.181170,7963.108454,263.0,,100.0,588.9453125,,0
1782299602.281171,7963.208454,263.0,,100.0,588.9453125,,0
1782299602.381175,7963.308458,265.0,,100.0,588.9453125,,0
1782299602.481171,7963.408454,264.0,,100.0,588.9453125,,0
1782299602.581187,7963.508472,265.0,,100.0,588.9453125,,0
1782299602.681190,7963.608475,265.0,,100.0,588.9453125,,0
1782299602.781187,7963.708471,262.0,,100.0,588.9453125,,0
1782299602.881190,7963.808474,264.0,,100.0,588.9453125,,0
1782299602.981187,7963.908471,264.0,,100.0,588.9453125,,0
1782299603.081187,7964.008471,263.0,,100.0,588.9453125,,0
1782299603.181187,7964.108471,263.0,,100.0,588.9453125,,0
1782299603.281180,7964.208465,265.0,,100.0,588.9453125,,0
1782299603.381173,7964.308457,265.0,,100.0,588.9453125,,0
1782299603.481173,7964.408456,265.0,,100.0,588.9453125,,0
1782299603.581171,7964.508455,263.0,,100.0,588.9453125,,0
1782299603.681171,7964.608454,264.0,,100.0,588.9453125,,0
1782299603.781172,7964.708456,263.0,,100.0,588.9453125,,0
1782299603.881171,7964.808455,263.0,,100.0,588.9453125,,0
1782299603.981170,7964.908454,264.0,,100.0,588.9453125,,0
1782299604.081172,7965.008455,264.0,,100.0,588.9453125,,0
1782299604.181171,7965.108454,263.0,,100.0,588.9453125,,0
1782299604.281171,7965.208455,263.0,,100.0,588.9453125,,0
1782299604.381172,7965.308456,262.0,,100.0,588.9453125,,0
1782299604.481171,7965.408454,264.0,,100.0,588.9453125,,0
1782299604.581171,7965.508454,263.0,,100.0,588.9453125,,0
1782299604.681170,7965.608454,264.0,,100.0,588.9453125,,0
1782299604.781170,7965.708454,263.0,,100.0,588.9453125,,0
1782299604.881170,7965.808453,264.0,,100.0,588.9453125,,0
1782299604.981172,7965.908455,264.0,,100.0,588.9453125,,0
1782299605.081172,7966.008455,262.0,,100.0,588.9453125,,0
1782299605.181173,7966.108456,264.0,,100.0,588.9453125,,0
1782299605.281187,7966.208471,264.0,,100.0,588.9453125,,0
1782299605.381187,7966.308472,265.0,,100.0,588.9453125,,0
1782299605.481187,7966.408471,263.0,,100.0,588.9453125,,0
1782299605.581187,7966.508471,264.0,,100.0,588.9453125,,0
1782299605.681187,7966.608472,264.0,,100.0,588.9453125,,0
1782299605.781190,7966.708474,262.0,,100.0,588.9453125,,0
1782299605.881186,7966.808471,251.0,,99.0,588.9453125,,0
1782299605.981187,7966.908472,265.0,,100.0,588.9453125,,0
1782299606.081187,7967.008471,264.0,,100.0,588.9453125,,0
1782299606.181186,7967.108471,265.0,,100.0,588.9453125,,0
1782299606.281175,7967.208459,264.0,,100.0,588.9453125,,0
1782299606.381172,7967.308456,264.0,,100.0,588.9453125,,0
1782299606.481173,7967.408456,252.0,,100.0,588.9453125,,0
1782299606.581171,7967.508454,265.0,,100.0,588.9453125,,0
1782299606.681172,7967.608456,263.0,,100.0,588.9453125,,0
1782299606.781171,7967.708454,234.0,,100.0,588.9453125,,0
1782299606.881170,7967.808454,259.0,,99.0,588.9453125,,0
1782299606.981171,7967.908455,264.0,,100.0,588.9453125,,0
1782299607.081174,7968.008457,251.0,,99.0,588.9453125,,0
1782299607.181187,7968.108471,265.0,,100.0,588.9453125,,0
1782299607.281186,7968.208470,265.0,,100.0,588.9453125,,0
1782299607.381174,7968.308458,263.0,,100.0,588.9453125,,0
1782299607.481173,7968.408456,263.0,,100.0,588.9453125,,0
1782299607.581172,7968.508456,265.0,,100.0,588.9453125,,0
1782299607.681171,7968.608455,265.0,,100.0,588.9453125,,0
1782299607.781172,7968.708455,265.0,,100.0,588.9453125,,0
1782299607.881171,7968.808455,264.0,,100.0,588.9453125,,0
1782299607.981170,7968.908453,263.0,,100.0,588.9453125,,0
1782299608.081170,7969.008454,264.0,,100.0,588.9453125,,0
1782299608.181170,7969.108454,265.0,,100.0,588.9453125,,0
1782299608.281170,7969.208453,259.0,,100.0,588.9453125,,0
1782299608.381171,7969.308455,257.0,,100.0,588.9453125,,0
1782299608.481170,7969.408454,263.0,,99.0,588.9453125,,0
1782299608.581170,7969.508454,259.0,,100.0,588.9453125,,0
1782299608.681171,7969.608454,248.0,,100.0,588.9453125,,0
1782299608.781170,7969.708454,253.0,,100.0,588.9453125,,0
1782299608.881173,7969.808456,263.0,,100.0,588.9453125,,0
1782299608.981187,7969.908471,273.0,,100.0,588.9453125,,0
1782299609.081186,7970.008471,272.0,,100.0,588.9453125,,0
1782299609.181174,7970.108458,263.0,,100.0,588.9453125,,0
1782299609.281173,7970.208456,263.0,,99.0,588.9453125,,0
1782299609.381171,7970.308454,247.0,,100.0,588.9453125,,0
1782299609.481171,7970.408455,260.0,,99.0,588.9453125,,0
1782299609.581172,7970.508456,265.0,,100.0,588.9453125,,0
1782299609.681171,7970.608455,265.0,,100.0,588.9453125,,0
1782299609.781172,7970.708455,265.0,,100.0,588.9453125,,0
1782299609.881171,7970.808454,266.0,,99.0,588.9453125,,0
1782299609.981170,7970.908454,270.0,,99.0,588.9453125,,0
1782299610.081172,7971.008455,259.0,,100.0,588.9453125,,0
1782299610.181171,7971.108454,264.0,,100.0,588.9453125,,0
1782299610.281171,7971.208455,266.0,,100.0,588.9453125,,0
1782299610.381171,7971.308454,266.0,,100.0,588.9453125,,0
1782299610.481171,7971.408454,266.0,,100.0,588.9453125,,0
1782299610.581174,7971.508458,264.0,,100.0,588.9453125,,0
1782299610.681172,7971.608456,263.0,,100.0,588.9453125,,0
1782299610.781170,7971.708454,264.0,,100.0,588.9453125,,0
1782299610.881171,7971.808454,265.0,,100.0,588.9453125,,0
1782299610.981170,7971.908453,266.0,,100.0,588.9453125,,0
1782299611.081172,7972.008455,266.0,,100.0,588.9453125,,0
1782299611.181171,7972.108454,266.0,,100.0,588.9453125,,0
1782299611.281170,7972.208454,266.0,,100.0,588.9453125,,0
1782299611.381170,7972.308453,266.0,,100.0,588.9453125,,0
1782299611.481170,7972.408454,264.0,,100.0,588.9453125,,0
1782299611.581170,7972.508453,265.0,,100.0,588.9453125,,0
1782299611.681170,7972.608454,263.0,,100.0,588.9453125,,0
1782299611.781172,7972.708455,264.0,,100.0,588.9453125,,0
1782299611.881171,7972.808454,266.0,,100.0,588.9453125,,0
1782299611.981170,7972.908453,266.0,,100.0,588.9453125,,0
1782299612.081170,7973.008454,265.0,,100.0,588.9453125,,0
1782299612.181170,7973.108454,264.0,,100.0,588.9453125,,0
1782299612.281170,7973.208454,266.0,,100.0,588.9453125,,0
1782299612.381172,7973.308455,266.0,,100.0,588.9453125,,0
1782299612.481170,7973.408454,266.0,,100.0,588.9453125,,0
1782299612.581170,7973.508454,264.0,,100.0,588.9453125,,0
1782299612.681170,7973.608453,265.0,,100.0,588.9453125,,0
1782299612.781170,7973.708453,265.0,,100.0,588.9453125,,0
1782299612.881170,7973.808453,266.0,,100.0,588.9453125,,0
1782299612.981170,7973.908453,266.0,,100.0,588.9453125,,0
1782299613.081170,7974.008454,266.0,,100.0,588.9453125,,0
1782299613.181170,7974.108453,265.0,,100.0,588.9453125,,0
1782299613.281170,7974.208453,264.0,,100.0,588.9453125,,0
1782299613.381171,7974.308454,265.0,,100.0,588.9453125,,0
1782299613.481170,7974.408454,266.0,,100.0,588.9453125,,0
1782299613.581169,7974.508453,267.0,,100.0,588.9453125,,0
1782299613.681171,7974.608454,267.0,,100.0,588.9453125,,0
1782299613.781170,7974.708454,266.0,,100.0,588.9453125,,0
1782299613.881170,7974.808454,264.0,,100.0,588.9453125,,0
1782299613.981169,7974.908453,265.0,,100.0,588.9453125,,0
1782299614.081171,7975.008454,265.0,,100.0,588.9453125,,0
1782299614.181170,7975.108454,265.0,,100.0,588.9453125,,0
1782299614.281170,7975.208454,266.0,,100.0,588.9453125,,0
1782299614.381272,7975.308555,218.0,,79.0,588.9453125,,0
1782299614.481250,7975.408533,25.0,,2.0,588.9453125,,0
1782299614.581251,7975.508536,22.0,,3.0,588.9453125,,0
1782299614.681250,7975.608533,22.0,,3.0,588.9453125,,0
1782299614.781250,7975.708534,23.0,,3.0,588.9453125,,0
1782299614.881251,7975.808535,22.0,,3.0,588.9453125,,0
1782299614.981249,7975.908532,20.0,,3.0,588.9453125,,0
1782299615.081252,7976.008535,21.0,,3.0,588.9453125,,0
1782299615.181251,7976.108535,25.0,,3.0,588.9453125,,0
1782299615.281182,7976.208466,22.0,,3.0,588.9453125,,0
1782299615.381250,7976.308533,22.0,,2.0,588.9453125,,0
1782299615.481257,7976.408540,24.0,,3.0,588.9453125,,0
1782299615.581252,7976.508535,22.0,,3.0,588.9453125,,0
1782299615.681250,7976.608535,22.0,,2.0,588.9453125,,0
1782299615.781249,7976.708532,24.0,,3.0,588.9453125,,0
1782299615.881249,7976.808534,21.0,,3.0,588.9453125,,0
1782299615.981251,7976.908534,21.0,,3.0,588.9453125,,0
1782299616.081251,7977.008534,22.0,,3.0,588.9453125,,0
1782299616.181252,7977.108535,19.0,,3.0,588.9453125,,0
1782299616.281250,7977.208533,21.0,,3.0,588.9453125,,0
1782299616.381249,7977.308532,20.0,,3.0,588.9453125,,0
1782299616.481251,7977.408534,22.0,,3.0,588.9453125,,0
1782299616.581253,7977.508537,22.0,,3.0,588.9453125,,0
1782299616.681252,7977.608535,21.0,,3.0,588.9453125,,0
1782299616.781250,7977.708533,20.0,,3.0,588.9453125,,0
1782299616.881260,7977.808543,21.0,,3.0,588.9453125,,0
1782299616.981250,7977.908533,21.0,,3.0,588.9453125,,0
1782299617.081252,7978.008535,22.0,,3.0,588.9453125,,0
1782299617.181253,7978.108538,22.0,,3.0,588.9453125,,0
1782299617.281250,7978.208533,21.0,,3.0,588.9453125,,0
1782299617.381251,7978.308535,23.0,,3.0,588.9453125,,0
1782299617.481252,7978.408536,20.0,,3.0,588.9453125,,0
1782299617.581250,7978.508533,20.0,,2.0,588.9453125,,0
1782299617.681255,7978.608539,23.0,,3.0,588.9453125,,0
1782299617.781249,7978.708532,20.0,,3.0,588.9453125,,0
1782299617.881254,7978.808537,22.0,,2.0,588.9453125,,0
1782299617.981247,7978.908530,22.0,,3.0,588.9453125,,0
1782299618.081258,7979.008542,21.0,,3.0,588.9453125,,0
1782299618.181250,7979.108533,24.0,,3.0,588.9453125,,0
1782299618.281252,7979.208535,20.0,,3.0,588.9453125,,0
1782299618.381251,7979.308534,20.0,,3.0,588.9453125,,0
1782299618.481250,7979.408533,22.0,,3.0,588.9453125,,0
1782299618.581256,7979.508539,23.0,,3.0,588.9453125,,0
1782299618.681259,7979.608542,22.0,,3.0,588.9453125,,0
1782299618.781249,7979.708532,23.0,,3.0,588.9453125,,0
1782299618.881253,7979.808536,23.0,,3.0,588.9453125,,0
1782299618.981250,7979.908534,24.0,,3.0,588.9453125,,0
1782299619.081248,7980.008531,23.0,,3.0,588.9453125,,0
1782299619.181250,7980.108534,21.0,,3.0,588.9453125,,0
1782299619.281255,7980.208539,21.0,,3.0,588.9453125,,0
1782299619.381167,7980.308450,45.0,,23.0,588.9453125,,0
1782299619.481166,7980.408449,198.0,,100.0,588.9453125,,0
1782299619.581166,7980.508449,223.0,,100.0,588.9453125,,0
1782299619.681166,7980.608449,233.0,,100.0,588.9453125,,0
1782299619.781164,7980.708447,229.0,,100.0,588.9453125,,0
1782299619.881165,7980.808448,231.0,,100.0,588.9453125,,0
1782299619.981163,7980.908447,208.0,,99.0,588.9453125,,0
1782299620.081166,7981.008449,236.0,,100.0,588.9453125,,0
1782299620.181165,7981.108448,240.0,,100.0,588.9453125,,0
1782299620.281165,7981.208448,235.0,,99.0,588.9453125,,0
1782299620.381165,7981.308449,244.0,,100.0,588.9453125,,0
1782299620.481166,7981.408449,248.0,,100.0,588.9453125,,0
1782299620.581165,7981.508448,272.0,,100.0,588.9453125,,0
1782299620.681165,7981.608448,259.0,,100.0,588.9453125,,0
1782299620.781165,7981.708448,262.0,,99.0,588.9453125,,0
1782299620.881166,7981.808449,269.0,,100.0,588.9453125,,0
1782299620.981165,7981.908448,261.0,,100.0,588.9453125,,0
1782299621.081190,7982.008474,262.0,,100.0,588.9453125,,0
1782299621.181187,7982.108471,261.0,,100.0,588.9453125,,0
1782299621.281190,7982.208475,261.0,,100.0,588.9453125,,0
1782299621.381187,7982.308471,262.0,,100.0,588.9453125,,0
1782299621.481189,7982.408474,262.0,,100.0,588.9453125,,0
1782299621.581187,7982.508472,260.0,,100.0,588.9453125,,0
1782299621.681190,7982.608474,262.0,,100.0,588.9453125,,0
1782299621.781189,7982.708474,263.0,,100.0,588.9453125,,0
1782299621.881189,7982.808474,263.0,,100.0,588.9453125,,0
1782299621.981189,7982.908474,263.0,,100.0,588.9453125,,0
1782299622.081189,7983.008474,261.0,,100.0,588.9453125,,0
1782299622.181189,7983.108474,261.0,,100.0,588.9453125,,0
1782299622.281189,7983.208474,262.0,,100.0,588.9453125,,0
1782299622.381190,7983.308475,262.0,,100.0,588.9453125,,0
1782299622.481189,7983.408474,263.0,,100.0,588.9453125,,0
1782299622.581187,7983.508472,262.0,,100.0,588.9453125,,0
1782299622.681187,7983.608471,263.0,,100.0,588.9453125,,0
1782299622.781187,7983.708471,264.0,,100.0,588.9453125,,0
1782299622.881187,7983.808471,262.0,,100.0,588.9453125,,0
1782299622.981184,7983.908468,263.0,,100.0,588.9453125,,0
1782299623.081182,7984.008466,263.0,,100.0,588.9453125,,0
1782299623.181173,7984.108457,261.0,,100.0,588.9453125,,0
1782299623.281172,7984.208455,263.0,,100.0,588.9453125,,0
1782299623.381171,7984.308454,263.0,,100.0,588.9453125,,0
1782299623.481171,7984.408455,263.0,,100.0,588.9453125,,0
1782299623.581171,7984.508455,263.0,,100.0,588.9453125,,0
1782299623.681171,7984.608455,262.0,,100.0,588.9453125,,0
1782299623.781171,7984.708455,262.0,,100.0,588.9453125,,0
1782299623.881170,7984.808453,263.0,,100.0,588.9453125,,0
1782299623.981171,7984.908455,263.0,,100.0,588.9453125,,0
1782299624.081171,7985.008455,261.0,,100.0,588.9453125,,0
1782299624.181170,7985.108454,263.0,,100.0,588.9453125,,0
1782299624.281171,7985.208454,261.0,,100.0,588.9453125,,0
1782299624.381170,7985.308454,262.0,,100.0,588.9453125,,0
1782299624.481171,7985.408454,262.0,,100.0,588.9453125,,0
1782299624.581173,7985.508456,262.0,,100.0,588.9453125,,0
1782299624.681189,7985.608474,263.0,,100.0,588.9453125,,0
1782299624.781187,7985.708471,262.0,,100.0,588.9453125,,0
1782299624.881190,7985.808474,241.0,,99.0,588.9453125,,0
1782299624.981181,7985.908466,264.0,,100.0,588.9453125,,0
1782299625.081174,7986.008458,263.0,,100.0,588.9453125,,0
1782299625.181172,7986.108455,262.0,,100.0,588.9453125,,0
1782299625.281171,7986.208454,262.0,,100.0,588.9453125,,0
1782299625.381171,7986.308455,263.0,,100.0,588.9453125,,0
1782299625.481170,7986.408454,261.0,,100.0,588.9453125,,0
1782299625.581170,7986.508454,261.0,,100.0,588.9453125,,0
1782299625.681171,7986.608454,263.0,,100.0,588.9453125,,0
1782299625.781170,7986.708454,271.0,,100.0,588.9453125,,0
1782299625.881171,7986.808454,263.0,,99.0,588.9453125,,0
1782299625.981169,7986.908453,263.0,,99.0,588.9453125,,0
1782299626.081171,7987.008454,265.0,,100.0,588.9453125,,0
1782299626.181171,7987.108454,264.0,,99.0,588.9453125,,0
1782299626.281170,7987.208453,256.0,,100.0,588.9453125,,0
1782299626.381186,7987.308471,269.0,,100.0,588.9453125,,0
1782299626.481184,7987.408469,270.0,,99.0,588.9453125,,0
1782299626.581172,7987.508455,263.0,,100.0,588.9453125,,0
1782299626.681171,7987.608455,271.0,,100.0,588.9453125,,0
1782299626.781171,7987.708455,249.0,,100.0,588.9453125,,0
1782299626.881171,7987.808454,271.0,,99.0,588.9453125,,0
1782299626.981172,7987.908456,263.0,,100.0,588.9453125,,0
1782299627.081171,7988.008455,263.0,,100.0,588.9453125,,0
1782299627.181170,7988.108454,262.0,,100.0,588.9453125,,0
1782299627.281172,7988.208456,264.0,,100.0,588.9453125,,0
1782299627.381172,7988.308456,264.0,,100.0,588.9453125,,0
1782299627.481174,7988.408457,262.0,,100.0,588.9453125,,0
1782299627.581173,7988.508456,263.0,,100.0,588.9453125,,0
1782299627.681170,7988.608453,262.0,,100.0,588.9453125,,0
1782299627.781171,7988.708455,263.0,,100.0,588.9453125,,0
1782299627.881175,7988.808459,263.0,,100.0,588.9453125,,0
1782299627.981173,7988.908456,263.0,,100.0,588.9453125,,0
1782299628.081173,7989.008457,262.0,,100.0,588.9453125,,0
1782299628.181172,7989.108456,258.0,,100.0,588.9453125,,0
1782299628.281172,7989.208455,264.0,,100.0,588.9453125,,0
1782299628.381172,7989.308456,265.0,,100.0,588.9453125,,0
1782299628.481172,7989.408455,263.0,,100.0,588.9453125,,0
1782299628.581172,7989.508455,264.0,,100.0,588.9453125,,0
1782299628.681173,7989.608456,263.0,,100.0,588.9453125,,0
1782299628.781172,7989.708456,261.0,,100.0,588.9453125,,0
1782299628.881171,7989.808454,263.0,,100.0,588.9453125,,0
1782299628.981170,7989.908454,263.0,,100.0,588.9453125,,0
1782299629.081171,7990.008454,264.0,,100.0,588.9453125,,0
1782299629.181170,7990.108454,263.0,,100.0,588.9453125,,0
1782299629.281170,7990.208454,264.0,,100.0,588.9453125,,0
1782299629.381169,7990.308453,264.0,,100.0,588.9453125,,0
1782299629.481171,7990.408454,263.0,,100.0,588.9453125,,0
1782299629.581170,7990.508453,263.0,,100.0,588.9453125,,0
1782299629.681170,7990.608453,264.0,,100.0,588.9453125,,0
1782299629.781170,7990.708454,264.0,,100.0,588.9453125,,0
1782299629.881171,7990.808454,264.0,,100.0,588.9453125,,0
1782299629.981170,7990.908454,264.0,,100.0,588.9453125,,0
1782299630.081170,7991.008454,264.0,,100.0,588.9453125,,0
1782299630.181170,7991.108454,265.0,,100.0,588.9453125,,0
1782299630.281171,7991.208454,265.0,,100.0,588.9453125,,0
1782299630.381170,7991.308453,263.0,,100.0,588.9453125,,0
1782299630.481170,7991.408453,263.0,,100.0,588.9453125,,0
1782299630.581172,7991.508455,264.0,,100.0,588.9453125,,0
1782299630.681174,7991.608458,263.0,,100.0,588.9453125,,0
1782299630.781170,7991.708453,264.0,,100.0,588.9453125,,0
1782299630.881171,7991.808455,265.0,,100.0,588.9453125,,0
1782299630.981170,7991.908453,265.0,,100.0,588.9453125,,0
1782299631.081170,7992.008454,264.0,,100.0,588.9453125,,0
1782299631.181170,7992.108453,263.0,,100.0,588.9453125,,0
1782299631.281170,7992.208453,265.0,,100.0,588.9453125,,0
1782299631.381171,7992.308455,264.0,,100.0,588.9453125,,0
1782299631.481170,7992.408454,264.0,,100.0,588.9453125,,0
1782299631.581169,7992.508453,263.0,,100.0,588.9453125,,0
1782299631.681170,7992.608453,265.0,,100.0,588.9453125,,0
1782299631.781172,7992.708455,265.0,,100.0,588.9453125,,0
1782299631.881171,7992.808454,264.0,,100.0,588.9453125,,0
1782299631.981170,7992.908453,264.0,,100.0,588.9453125,,0
1782299632.081170,7993.008454,264.0,,100.0,588.9453125,,0
1782299632.181171,7993.108455,264.0,,100.0,588.9453125,,0
1782299632.281169,7993.208453,263.0,,100.0,588.9453125,,0
1782299632.381171,7993.308454,264.0,,100.0,588.9453125,,0
1782299632.481171,7993.408454,265.0,,100.0,588.9453125,,0
1782299632.581171,7993.508455,266.0,,100.0,588.9453125,,0
1782299632.681170,7993.608453,264.0,,100.0,588.9453125,,0
1782299632.781170,7993.708454,264.0,,100.0,588.9453125,,0
1782299632.881170,7993.808454,265.0,,100.0,588.9453125,,0
1782299632.981171,7993.908454,265.0,,100.0,588.9453125,,0
1782299633.081170,7994.008454,264.0,,100.0,588.9453125,,0
1782299633.181170,7994.108454,264.0,,100.0,588.9453125,,0
1782299633.281170,7994.208453,265.0,,100.0,588.9453125,,0
1782299633.381170,7994.308453,265.0,,100.0,588.9453125,,0
1782299633.481170,7994.408453,265.0,,100.0,588.9453125,,0
1782299633.581171,7994.508454,265.0,,100.0,588.9453125,,0
1782299633.681170,7994.608453,264.0,,100.0,588.9453125,,0
1782299633.781170,7994.708454,264.0,,100.0,588.9453125,,0
1782299633.881171,7994.808454,264.0,,100.0,588.9453125,,0
1782299633.981169,7994.908452,265.0,,100.0,588.9453125,,0
1782299634.081170,7995.008454,266.0,,100.0,588.9453125,,0
1782299634.181170,7995.108453,267.0,,100.0,588.9453125,,0
1782299634.281170,7995.208454,265.0,,100.0,588.9453125,,0
1782299634.381170,7995.308454,264.0,,100.0,588.9453125,,0
1782299634.481170,7995.408453,266.0,,100.0,588.9453125,,0
1782299634.581170,7995.508454,265.0,,100.0,588.9453125,,0
1782299634.681171,7995.608454,264.0,,100.0,588.9453125,,0
1782299634.781170,7995.708453,264.0,,100.0,588.9453125,,0
1782299634.881170,7995.808453,265.0,,100.0,588.9453125,,0
1782299634.981170,7995.908453,266.0,,100.0,588.9453125,,0
1782299635.081170,7996.008453,265.0,,100.0,588.9453125,,0
1782299635.181171,7996.108454,264.0,,100.0,588.9453125,,0
1782299635.281170,7996.208453,266.0,,100.0,588.9453125,,0
1782299635.381170,7996.308453,265.0,,100.0,588.9453125,,0
1782299635.481170,7996.408453,264.0,,100.0,588.9453125,,0
1782299635.581170,7996.508453,265.0,,100.0,588.9453125,,0
1782299635.681170,7996.608453,265.0,,100.0,588.9453125,,0
1782299635.781171,7996.708454,266.0,,100.0,588.9453125,,0
1782299635.881170,7996.808453,265.0,,100.0,588.9453125,,0
1782299635.981170,7996.908454,266.0,,100.0,588.9453125,,0
1782299636.081170,7997.008453,265.0,,100.0,588.9453125,,0
1782299636.181170,7997.108453,266.0,,100.0,588.9453125,,0
1782299636.281170,7997.208454,266.0,,100.0,588.9453125,,0
1782299636.381170,7997.308453,265.0,,100.0,588.9453125,,0
1782299636.481170,7997.408453,266.0,,100.0,588.9453125,,0
1782299636.581188,7997.508473,266.0,,100.0,588.9453125,,0
1782299636.681187,7997.608472,264.0,,100.0,588.9453125,,0
1782299636.781179,7997.708463,265.0,,100.0,588.9453125,,0
1782299636.881174,7997.808458,265.0,,100.0,588.9453125,,0
1782299636.981170,7997.908454,266.0,,100.0,588.9453125,,0
1782299637.081171,7998.008455,266.0,,100.0,588.9453125,,0
1782299637.181171,7998.108455,267.0,,100.0,588.9453125,,0
1782299637.281171,7998.208455,266.0,,100.0,588.9453125,,0
1782299637.381172,7998.308456,265.0,,100.0,588.9453125,,0
1782299637.481171,7998.408455,264.0,,100.0,588.9453125,,0
1782299637.581170,7998.508454,264.0,,100.0,588.9453125,,0
1782299637.681171,7998.608455,267.0,,100.0,588.9453125,,0
1782299637.781171,7998.708455,266.0,,100.0,588.9453125,,0
1782299637.881170,7998.808453,266.0,,100.0,588.9453125,,0
1782299637.981171,7998.908454,269.0,,100.0,588.9453125,,0
1782299638.081171,7999.008454,266.0,,100.0,588.9453125,,0
1782299638.181171,7999.108455,266.0,,100.0,588.9453125,,0
1782299638.281171,7999.208454,265.0,,100.0,588.9453125,,0
1782299638.381171,7999.308454,265.0,,100.0,588.9453125,,0
1782299638.481171,7999.408455,266.0,,100.0,588.9453125,,0
1782299638.581170,7999.508454,266.0,,100.0,588.9453125,,0
1782299638.681170,7999.608454,240.0,,99.0,588.9453125,,0
1782299638.781171,7999.708455,265.0,,100.0,588.9453125,,0
1782299638.881170,7999.808453,267.0,,100.0,588.9453125,,0
1782299638.981171,7999.908455,265.0,,100.0,588.9453125,,0
1782299639.081171,8000.008455,265.0,,100.0,588.9453125,,0
1782299639.181171,8000.108455,258.0,,99.0,588.9453125,,0
1782299639.281171,8000.208455,252.0,,99.0,588.9453125,,0
1782299639.381171,8000.308454,265.0,,100.0,588.9453125,,0
1782299639.481170,8000.408454,266.0,,100.0,588.9453125,,0
1782299639.581171,8000.508454,253.0,,99.0,588.9453125,,0
1782299639.681170,8000.608454,256.0,,100.0,588.9453125,,0
1782299639.781171,8000.708454,266.0,,100.0,588.9453125,,0
1782299639.881171,8000.808454,242.0,,99.0,588.9453125,,0
1782299639.981170,8000.908454,257.0,,100.0,588.9453125,,0
1782299640.081171,8001.008455,271.0,,100.0,588.9453125,,0
1782299640.181172,8001.108456,265.0,,100.0,588.9453125,,0
1782299640.281170,8001.208454,263.0,,100.0,588.9453125,,0
1782299640.381171,8001.308455,262.0,,100.0,588.9453125,,0
1782299640.481171,8001.408454,262.0,,100.0,588.9453125,,0
1782299640.581188,8001.508472,263.0,,100.0,588.9453125,,0
1782299640.681189,8001.608474,263.0,,100.0,588.9453125,,0
1782299640.781188,8001.708472,263.0,,100.0,588.9453125,,0
1782299640.881182,8001.808467,263.0,,100.0,588.9453125,,0
1782299640.981173,8001.908457,261.0,,100.0,588.9453125,,0
1782299641.081172,8002.008456,264.0,,100.0,588.9453125,,0
1782299641.181172,8002.108456,265.0,,100.0,588.9453125,,0
1782299641.281172,8002.208455,267.0,,100.0,588.9453125,,0
1782299641.381171,8002.308454,266.0,,100.0,588.9453125,,0
1782299641.481171,8002.408455,266.0,,100.0,588.9453125,,0
1782299641.581171,8002.508454,268.0,,100.0,588.9453125,,0
1782299641.681171,8002.608455,266.0,,100.0,588.9453125,,0
1782299641.781171,8002.708455,266.0,,100.0,588.9453125,,0
1782299641.881172,8002.808455,267.0,,100.0,588.9453125,,0
1782299641.981170,8002.908454,267.0,,100.0,588.9453125,,0
1782299642.081172,8003.008456,265.0,,100.0,588.9453125,,0
1782299642.181171,8003.108455,267.0,,100.0,588.9453125,,0
1782299642.281171,8003.208455,266.0,,100.0,588.9453125,,0
1782299642.381171,8003.308455,266.0,,100.0,588.9453125,,0
1782299642.481171,8003.408455,267.0,,100.0,588.9453125,,0
1782299642.581171,8003.508455,267.0,,100.0,588.9453125,,0
1782299642.681171,8003.608454,265.0,,100.0,588.9453125,,0
1782299642.781171,8003.708455,267.0,,100.0,588.9453125,,0
1782299642.881172,8003.808456,265.0,,100.0,588.9453125,,0
1782299642.981170,8003.908454,266.0,,100.0,588.9453125,,0
1782299643.081172,8004.008455,268.0,,100.0,588.9453125,,0
1782299643.181171,8004.108455,268.0,,100.0,588.9453125,,0
1782299643.281171,8004.208455,268.0,,100.0,588.9453125,,0
1782299643.381171,8004.308455,266.0,,100.0,588.9453125,,0
1782299643.481172,8004.408456,267.0,,100.0,588.9453125,,0
1782299643.581171,8004.508455,267.0,,100.0,588.9453125,,0
1782299643.681171,8004.608454,277.0,,99.0,588.9453125,,0
1782299643.781170,8004.708454,273.0,,100.0,588.9453125,,0
1782299643.881171,8004.808454,260.0,,100.0,588.9453125,,0
1782299643.981171,8004.908454,251.0,,100.0,588.9453125,,0
1782299644.081171,8005.008454,250.0,,100.0,588.9453125,,0
1782299644.181171,8005.108454,245.0,,100.0,588.9453125,,0
1782299644.281171,8005.208454,272.0,,99.0,588.9453125,,0
1782299644.381171,8005.308454,275.0,,100.0,588.9453125,,0
1782299644.481171,8005.408455,266.0,,100.0,588.9453125,,0
1782299644.581172,8005.508456,269.0,,99.0,588.9453125,,0
1782299644.681187,8005.608471,245.0,,100.0,588.9453125,,0
1782299644.781187,8005.708472,241.0,,100.0,588.9453125,,0
1782299644.881176,8005.808460,278.0,,99.0,588.9453125,,0
1782299644.981172,8005.908455,278.0,,100.0,588.9453125,,0
1782299645.081172,8006.008456,245.0,,100.0,588.9453125,,0
1782299645.181172,8006.108456,251.0,,99.0,588.9453125,,0
1782299645.281171,8006.208455,268.0,,100.0,588.9453125,,0
1782299645.381171,8006.308454,249.0,,100.0,588.9453125,,0
1782299645.481171,8006.408454,267.0,,100.0,588.9453125,,0
1782299645.581171,8006.508454,268.0,,100.0,588.9453125,,0
1782299645.681170,8006.608453,267.0,,100.0,588.9453125,,0
1782299645.781170,8006.708454,267.0,,100.0,588.9453125,,0
1782299645.881171,8006.808454,268.0,,100.0,588.9453125,,0
1782299645.981171,8006.908454,267.0,,100.0,588.9453125,,0
1782299646.081171,8007.008455,266.0,,100.0,588.9453125,,0
1782299646.181172,8007.108455,266.0,,100.0,588.9453125,,0
1782299646.281171,8007.208454,268.0,,100.0,588.9453125,,0
1782299646.381171,8007.308454,268.0,,100.0,588.9453125,,0
1782299646.481170,8007.408453,267.0,,100.0,588.9453125,,0
1782299646.581170,8007.508454,266.0,,100.0,588.9453125,,0
1782299646.681171,8007.608454,268.0,,100.0,588.9453125,,0
1782299646.781170,8007.708453,268.0,,100.0,588.9453125,,0
1782299646.881172,8007.808456,268.0,,100.0,588.9453125,,0
1782299646.981171,8007.908455,267.0,,100.0,588.9453125,,0
1782299647.081171,8008.008454,266.0,,100.0,588.9453125,,0
1782299647.181170,8008.108454,268.0,,100.0,588.9453125,,0
1782299647.281171,8008.208455,267.0,,100.0,588.9453125,,0
1782299647.381170,8008.308454,267.0,,100.0,588.9453125,,0
1782299647.481171,8008.408455,268.0,,100.0,588.9453125,,0
1782299647.581170,8008.508454,268.0,,100.0,588.9453125,,0
1782299647.681170,8008.608454,266.0,,100.0,588.9453125,,0
1782299647.781171,8008.708455,266.0,,100.0,588.9453125,,0
1782299647.881170,8008.808454,267.0,,100.0,588.9453125,,0
1782299647.981171,8008.908455,267.0,,100.0,588.9453125,,0
1782299648.081172,8009.008455,267.0,,100.0,588.9453125,,0
1782299648.181170,8009.108454,268.0,,100.0,588.9453125,,0
1782299648.281171,8009.208454,268.0,,100.0,588.9453125,,0
1782299648.381170,8009.308454,267.0,,100.0,588.9453125,,0
1782299648.481170,8009.408453,267.0,,100.0,588.9453125,,0
1782299648.581171,8009.508455,267.0,,100.0,588.9453125,,0
1782299648.681171,8009.608454,268.0,,100.0,588.9453125,,0
1782299648.781170,8009.708454,268.0,,100.0,588.9453125,,0
1782299648.881171,8009.808454,268.0,,100.0,588.9453125,,0
1782299648.981169,8009.908452,266.0,,100.0,588.9453125,,0
1782299649.081170,8010.008454,267.0,,100.0,588.9453125,,0
1782299649.181171,8010.108455,267.0,,100.0,588.9453125,,0
1782299649.281171,8010.208454,266.0,,100.0,588.9453125,,0
1782299649.381171,8010.308454,267.0,,100.0,588.9453125,,0
1782299649.481170,8010.408453,269.0,,100.0,588.9453125,,0
1782299649.581171,8010.508454,269.0,,100.0,588.9453125,,0
1782299649.681170,8010.608454,267.0,,100.0,588.9453125,,0
1782299649.781170,8010.708454,265.0,,100.0,588.9453125,,0
1782299649.881170,8010.808454,266.0,,100.0,588.9453125,,0
1782299649.981170,8010.908454,266.0,,100.0,588.9453125,,0
1782299650.081170,8011.008454,266.0,,100.0,588.9453125,,0
1782299650.181171,8011.108455,268.0,,100.0,588.9453125,,0
1782299650.281173,8011.208457,268.0,,100.0,588.9453125,,0
1782299650.381171,8011.308454,268.0,,100.0,588.9453125,,0
1782299650.481172,8011.408455,267.0,,100.0,588.9453125,,0
1782299650.581171,8011.508455,267.0,,100.0,588.9453125,,0
1782299650.681170,8011.608453,268.0,,100.0,588.9453125,,0
1782299650.781170,8011.708454,267.0,,100.0,588.9453125,,0
1782299650.881171,8011.808454,265.0,,100.0,588.9453125,,0
1782299650.981170,8011.908453,266.0,,100.0,588.9453125,,0
1782299651.081171,8012.008455,269.0,,100.0,588.9453125,,0
1782299651.181171,8012.108455,269.0,,100.0,588.9453125,,0
1782299651.281170,8012.208454,267.0,,100.0,588.9453125,,0
1782299651.381171,8012.308454,267.0,,100.0,588.9453125,,0
1782299651.481173,8012.408457,268.0,,100.0,588.9453125,,0
1782299651.581171,8012.508455,267.0,,100.0,588.9453125,,0
1782299651.681170,8012.608454,265.0,,100.0,588.9453125,,0
1782299651.781171,8012.708455,267.0,,100.0,588.9453125,,0
1782299651.881172,8012.808455,269.0,,100.0,588.9453125,,0
1782299651.981171,8012.908455,268.0,,100.0,588.9453125,,0
1782299652.081171,8013.008455,268.0,,100.0,588.9453125,,0
1782299652.181171,8013.108454,267.0,,100.0,588.9453125,,0
1782299652.281171,8013.208454,267.0,,100.0,588.9453125,,0
1782299652.381171,8013.308455,266.0,,100.0,588.9453125,,0
1782299652.481170,8013.408454,266.0,,100.0,588.9453125,,0
1782299652.581170,8013.508454,266.0,,100.0,588.9453125,,0
1782299652.681172,8013.608455,268.0,,100.0,588.9453125,,0
1782299652.781171,8013.708454,268.0,,100.0,588.9453125,,0
1782299652.881170,8013.808453,268.0,,100.0,588.9453125,,0
1782299652.981170,8013.908454,268.0,,100.0,588.9453125,,0
1782299653.081171,8014.008454,269.0,,100.0,588.9453125,,0
1782299653.181170,8014.108454,268.0,,100.0,588.9453125,,0
1782299653.281170,8014.208454,268.0,,100.0,588.9453125,,0
1782299653.381171,8014.308454,266.0,,100.0,588.9453125,,0
1782299653.481171,8014.408454,267.0,,100.0,588.9453125,,0
1782299653.581170,8014.508454,269.0,,100.0,588.9453125,,0
1782299653.681171,8014.608454,268.0,,100.0,588.9453125,,0
1782299653.781171,8014.708455,268.0,,100.0,588.9453125,,0
1782299653.881171,8014.808454,269.0,,100.0,588.9453125,,0
1782299653.981170,8014.908454,266.0,,100.0,588.9453125,,0
1782299654.081171,8015.008455,266.0,,100.0,588.9453125,,0
1782299654.181171,8015.108454,267.0,,100.0,588.9453125,,0
1782299654.281171,8015.208454,268.0,,100.0,588.9453125,,0
1782299654.381174,8015.308457,225.0,,83.0,588.9453125,,0
1782299654.481251,8015.408536,26.0,,3.0,588.9453125,,0
1782299654.581251,8015.508535,23.0,,3.0,588.9453125,,0
1782299654.681253,8015.608538,22.0,,3.0,588.9453125,,0
1782299654.781250,8015.708534,21.0,,3.0,588.9453125,,0
1782299654.881251,8015.808534,21.0,,3.0,588.9453125,,0
1782299654.981250,8015.908533,22.0,,3.0,588.9453125,,0
1782299655.081250,8016.008533,22.0,,3.0,588.9453125,,0
1782299655.181248,8016.108532,22.0,,3.0,588.9453125,,0
1782299655.281250,8016.208533,21.0,,3.0,588.9453125,,0
1782299655.381255,8016.308538,21.0,,3.0,588.9453125,,0
1782299655.481250,8016.408534,21.0,,3.0,588.9453125,,0
1782299655.581260,8016.508543,22.0,,3.0,588.9453125,,0
1782299655.681254,8016.608539,21.0,,3.0,588.9453125,,0
1782299655.781249,8016.708532,22.0,,2.0,588.9453125,,0
1782299655.881249,8016.808532,22.0,,2.0,588.9453125,,0
1782299655.981251,8016.908536,24.0,,3.0,588.9453125,,0
1782299656.081251,8017.008535,24.0,,3.0,588.9453125,,0
1782299656.181252,8017.108535,23.0,,3.0,588.9453125,,0
1782299656.281249,8017.208532,22.0,,2.0,588.9453125,,0
1782299656.381250,8017.308533,24.0,,3.0,588.9453125,,0
1782299656.481251,8017.408535,25.0,,3.0,588.9453125,,0
1782299656.581251,8017.508535,25.0,,3.0,588.9453125,,0
1782299656.681253,8017.608536,22.0,,2.0,588.9453125,,0
1782299656.781250,8017.708534,23.0,,3.0,588.9453125,,0
1782299656.881249,8017.808533,21.0,,3.0,588.9453125,,0
1782299656.981251,8017.908535,23.0,,3.0,588.9453125,,0
1782299657.081248,8018.008531,21.0,,3.0,588.9453125,,0
1782299657.181251,8018.108535,22.0,,3.0,588.9453125,,0
1782299657.281251,8018.208534,21.0,,3.0,588.9453125,,0
1782299657.381253,8018.308536,21.0,,3.0,588.9453125,,0
1782299657.481252,8018.408535,20.0,,3.0,588.9453125,,0
1782299657.581250,8018.508534,22.0,,3.0,588.9453125,,0
1782299657.681257,8018.608541,21.0,,3.0,588.9453125,,0
1782299657.781252,8018.708536,22.0,,3.0,588.9453125,,0
1782299657.881253,8018.808536,22.0,,2.0,588.9453125,,0
1782299657.981250,8018.908533,22.0,,2.0,588.9453125,,0
1782299658.081163,8019.008447,22.0,,3.0,588.9453125,,0
1782299658.181253,8019.108536,21.0,,3.0,588.9453125,,0
1782299658.281249,8019.208532,21.0,,3.0,588.9453125,,0
1782299658.381252,8019.308535,22.0,,3.0,588.9453125,,0
1782299658.481251,8019.408534,23.0,,3.0,588.9453125,,0
1782299658.581249,8019.508534,21.0,,3.0,588.9453125,,0
1782299658.681251,8019.608535,25.0,,3.0,588.9453125,,0
1782299658.781252,8019.708535,21.0,,3.0,588.9453125,,0
1782299658.881251,8019.808534,21.0,,3.0,588.9453125,,0
1782299658.981253,8019.908538,23.0,,3.0,588.9453125,,0
1782299659.081248,8020.008531,22.0,,3.0,588.9453125,,0
1782299659.181251,8020.108537,22.0,,3.0,588.9453125,,0
1782299659.281250,8020.208534,21.0,,3.0,588.9453125,,0
1782299659.381167,8020.308450,42.0,,18.0,588.9453125,,0
1782299659.481248,8020.408531,175.0,,100.0,588.9453125,,0
1782299659.581247,8020.508531,214.0,,100.0,588.9453125,,0
1782299659.681249,8020.608532,229.0,,100.0,588.9453125,,0
1782299659.781243,8020.708526,233.0,,100.0,588.9453125,,0
1782299659.881249,8020.808532,231.0,,100.0,588.9453125,,0
1782299659.981251,8020.908534,211.0,,100.0,588.9453125,,0
1782299660.081247,8021.008530,237.0,,100.0,588.9453125,,0
1782299660.181263,8021.108546,241.0,,100.0,588.9453125,,0
1782299660.281252,8021.208535,246.0,,100.0,588.9453125,,0
1782299660.381251,8021.308535,247.0,,100.0,588.9453125,,0
1782299660.481254,8021.408538,252.0,,100.0,588.9453125,,0
1782299660.581252,8021.508536,255.0,,100.0,588.9453125,,0
1782299660.681254,8021.608537,260.0,,100.0,588.9453125,,0
1782299660.781246,8021.708529,260.0,,100.0,588.9453125,,0
1782299660.881247,8021.808530,262.0,,100.0,588.9453125,,0
1782299660.981248,8021.908532,262.0,,100.0,588.9453125,,0
1782299661.081256,8022.008539,263.0,,100.0,588.9453125,,0
1782299661.181250,8022.108534,261.0,,100.0,588.9453125,,0
1782299661.281249,8022.208532,261.0,,100.0,588.9453125,,0
1782299661.381251,8022.308535,263.0,,100.0,588.9453125,,0
1782299661.481243,8022.408527,263.0,,100.0,588.9453125,,0
1782299661.581249,8022.508532,262.0,,100.0,588.9453125,,0
1782299661.681245,8022.608529,264.0,,100.0,588.9453125,,0
1782299661.781250,8022.708534,264.0,,100.0,588.9453125,,0
1782299661.881246,8022.808529,264.0,,100.0,588.9453125,,0
1782299661.981251,8022.908535,262.0,,100.0,588.9453125,,0
1782299662.081260,8023.008543,263.0,,100.0,588.9453125,,0
1782299662.181245,8023.108528,262.0,,100.0,588.9453125,,0
1782299662.281243,8023.208528,263.0,,100.0,588.9453125,,0
1782299662.381248,8023.308531,262.0,,100.0,588.9453125,,0
1782299662.481250,8023.408534,268.0,,100.0,588.9453125,,0
1782299662.581248,8023.508532,274.0,,99.0,588.9453125,,0
1782299662.681242,8023.608525,272.0,,100.0,588.9453125,,0
1782299662.781243,8023.708528,272.0,,99.0,588.9453125,,0
1782299662.881249,8023.808532,275.0,,99.0,588.9453125,,0
1782299662.981247,8023.908531,261.0,,100.0,588.9453125,,0
1782299663.081244,8024.008527,265.0,,99.0,588.9453125,,0
1782299663.181248,8024.108532,259.0,,100.0,588.9453125,,0
1782299663.281250,8024.208533,267.0,,100.0,588.9453125,,0
1782299663.381260,8024.308543,266.0,,100.0,588.9453125,,0
1782299663.481257,8024.408541,273.0,,100.0,588.9453125,,0
1782299663.581251,8024.508534,265.0,,100.0,588.9453125,,0
1782299663.681250,8024.608533,260.0,,100.0,588.9453125,,0
1782299663.781254,8024.708538,262.0,,100.0,588.9453125,,0
1782299663.881248,8024.808532,263.0,,100.0,588.9453125,,0
1782299663.981256,8024.908539,251.0,,100.0,588.9453125,,0
1782299664.081250,8025.008533,264.0,,99.0,588.9453125,,0
1782299664.181249,8025.108533,250.0,,99.0,588.9453125,,0
1782299664.281249,8025.208533,258.0,,100.0,588.9453125,,0
1782299664.381261,8025.308545,262.0,,100.0,588.9453125,,0
1782299664.481251,8025.408535,263.0,,100.0,588.9453125,,0
1782299664.581243,8025.508527,263.0,,100.0,588.9453125,,0
1782299664.681244,8025.608527,262.0,,100.0,588.9453125,,0
1782299664.781247,8025.708532,263.0,,100.0,588.9453125,,0
1782299664.881252,8025.808536,264.0,,100.0,588.9453125,,0
1782299664.981247,8025.908531,264.0,,100.0,588.9453125,,0
1782299665.081248,8026.008531,228.0,,99.0,588.9453125,,0
1782299665.181247,8026.108531,231.0,,100.0,588.9453125,,0
1782299665.281243,8026.208526,258.0,,100.0,588.9453125,,0
1782299665.381255,8026.308539,229.0,,99.0,588.9453125,,0
1782299665.481251,8026.408535,264.0,,100.0,588.9453125,,0
1782299665.581251,8026.508535,262.0,,100.0,588.9453125,,0
1782299665.681243,8026.608526,264.0,,100.0,588.9453125,,0
1782299665.781247,8026.708530,264.0,,100.0,588.9453125,,0
1782299665.881250,8026.808535,264.0,,100.0,588.9453125,,0
1782299665.981244,8026.908527,263.0,,100.0,588.9453125,,0
1782299666.081252,8027.008535,263.0,,100.0,588.9453125,,0
1782299666.181246,8027.108529,264.0,,100.0,588.9453125,,0
1782299666.281243,8027.208527,264.0,,100.0,588.9453125,,0
1782299666.381242,8027.308527,262.0,,100.0,588.9453125,,0
1782299666.481242,8027.408525,264.0,,100.0,588.9453125,,0
1782299666.581251,8027.508534,262.0,,100.0,588.9453125,,0
1782299666.681248,8027.608533,261.0,,100.0,588.9453125,,0
1782299666.781243,8027.708526,263.0,,100.0,588.9453125,,0
1782299666.881246,8027.808529,264.0,,100.0,588.9453125,,0
1782299666.981251,8027.908535,264.0,,100.0,588.9453125,,0
1782299667.081249,8028.008533,262.0,,100.0,588.9453125,,0
1782299667.181251,8028.108534,264.0,,100.0,588.9453125,,0
1782299667.281253,8028.208536,263.0,,100.0,588.9453125,,0
1782299667.381250,8028.308533,264.0,,100.0,588.9453125,,0
1782299667.481250,8028.408533,262.0,,100.0,588.9453125,,0
1782299667.581250,8028.508534,263.0,,100.0,588.9453125,,0
1782299667.681250,8028.608534,264.0,,100.0,588.9453125,,0
1782299667.781252,8028.708537,262.0,,100.0,588.9453125,,0
1782299667.881247,8028.808530,263.0,,100.0,588.9453125,,0
1782299667.981242,8028.908527,264.0,,100.0,588.9453125,,0
1782299668.081246,8029.008529,263.0,,100.0,588.9453125,,0
1782299668.181262,8029.108545,263.0,,100.0,588.9453125,,0
1782299668.281247,8029.208530,263.0,,100.0,588.9453125,,0
1782299668.381247,8029.308531,264.0,,100.0,588.9453125,,0
1782299668.481247,8029.408532,264.0,,100.0,588.9453125,,0
1782299668.581249,8029.508534,264.0,,100.0,588.9453125,,0
1782299668.681245,8029.608529,263.0,,100.0,588.9453125,,0
1782299668.781248,8029.708531,264.0,,100.0,588.9453125,,0
1782299668.881248,8029.808532,265.0,,100.0,588.9453125,,0
1782299668.981253,8029.908537,264.0,,100.0,588.9453125,,0
1782299669.081249,8030.008533,264.0,,100.0,588.9453125,,0
1782299669.181257,8030.108541,265.0,,100.0,588.9453125,,0
1782299669.281245,8030.208530,265.0,,100.0,588.9453125,,0
1782299669.381249,8030.308532,263.0,,100.0,588.9453125,,0
1782299669.481244,8030.408527,262.0,,100.0,588.9453125,,0
1782299669.581257,8030.508540,264.0,,100.0,588.9453125,,0
1782299669.681248,8030.608532,265.0,,100.0,588.9453125,,0
1782299669.781257,8030.708540,265.0,,100.0,588.9453125,,0
1782299669.881189,8030.808473,264.0,,100.0,588.9453125,,0
1782299669.981249,8030.908532,265.0,,100.0,588.9453125,,0
1782299670.081248,8031.008531,266.0,,100.0,588.9453125,,0
1782299670.181247,8031.108531,266.0,,100.0,588.9453125,,0
1782299670.281248,8031.208533,262.0,,100.0,588.9453125,,0
1782299670.381248,8031.308531,263.0,,100.0,588.9453125,,0
1782299670.481247,8031.408530,264.0,,100.0,588.9453125,,0
1782299670.581244,8031.508527,264.0,,100.0,588.9453125,,0
1782299670.681253,8031.608537,265.0,,100.0,588.9453125,,0
1782299670.781246,8031.708530,265.0,,100.0,588.9453125,,0
1782299670.881245,8031.808529,266.0,,100.0,588.9453125,,0
1782299670.981240,8031.908525,265.0,,100.0,588.9453125,,0
1782299671.081249,8032.008532,265.0,,100.0,588.9453125,,0
1782299671.181243,8032.108526,265.0,,100.0,588.9453125,,0
1782299671.281245,8032.208530,265.0,,100.0,588.9453125,,0
1782299671.381263,8032.308546,264.0,,100.0,588.9453125,,0
1782299671.481246,8032.408530,263.0,,100.0,588.9453125,,0
1782299671.581249,8032.508532,265.0,,100.0,588.9453125,,0
1782299671.681243,8032.608527,265.0,,100.0,588.9453125,,0
1782299671.781250,8032.708533,266.0,,100.0,588.9453125,,0
1782299671.881248,8032.808533,264.0,,100.0,588.9453125,,0
1782299671.981248,8032.908531,266.0,,100.0,588.9453125,,0
1782299672.081246,8033.008530,267.0,,100.0,588.9453125,,0
1782299672.181244,8033.108528,266.0,,100.0,588.9453125,,0
1782299672.281254,8033.208537,265.0,,100.0,588.9453125,,0
1782299672.381264,8033.308549,265.0,,100.0,588.9453125,,0
1782299672.481253,8033.408536,265.0,,100.0,588.9453125,,0
1782299672.581249,8033.508533,264.0,,100.0,588.9453125,,0
1782299672.681256,8033.608541,264.0,,100.0,588.9453125,,0
1782299672.781256,8033.708540,265.0,,100.0,588.9453125,,0
1782299672.881248,8033.808533,264.0,,100.0,588.9453125,,0
1782299672.981256,8033.908539,264.0,,100.0,588.9453125,,0
1782299673.081251,8034.008534,265.0,,100.0,588.9453125,,0
1782299673.181182,8034.108466,267.0,,100.0,588.9453125,,0
1782299673.281248,8034.208531,266.0,,100.0,588.9453125,,0
1782299673.381247,8034.308530,266.0,,100.0,588.9453125,,0
1782299673.481250,8034.408534,265.0,,100.0,588.9453125,,0
1782299673.581246,8034.508530,265.0,,100.0,588.9453125,,0
1782299673.681180,8034.608465,266.0,,100.0,588.9453125,,0
1782299673.781249,8034.708533,265.0,,100.0,588.9453125,,0
1782299673.881190,8034.808475,264.0,,100.0,588.9453125,,0
1782299673.981254,8034.908537,265.0,,100.0,588.9453125,,0
1782299674.081250,8035.008535,266.0,,100.0,588.9453125,,0
1782299674.181244,8035.108527,264.0,,100.0,588.9453125,,0
1782299674.281255,8035.208538,265.0,,100.0,588.9453125,,0
1782299674.381252,8035.308535,266.0,,100.0,588.9453125,,0
1782299674.481251,8035.408536,266.0,,100.0,588.9453125,,0
1782299674.581248,8035.508531,266.0,,100.0,588.9453125,,0
1782299674.681250,8035.608535,265.0,,100.0,588.9453125,,0
1782299674.781252,8035.708536,266.0,,100.0,588.9453125,,0
1782299674.881251,8035.808534,264.0,,100.0,588.9453125,,0
1782299674.981257,8035.908540,264.0,,100.0,588.9453125,,0
1782299675.081246,8036.008530,266.0,,100.0,588.9453125,,0
1782299675.181250,8036.108534,266.0,,100.0,588.9453125,,0
1782299675.281256,8036.208539,266.0,,100.0,588.9453125,,0
1782299675.381254,8036.308538,266.0,,100.0,588.9453125,,0
1782299675.481253,8036.408538,266.0,,100.0,588.9453125,,0
1782299675.581252,8036.508535,267.0,,100.0,588.9453125,,0
1782299675.681254,8036.608537,265.0,,100.0,588.9453125,,0
1782299675.781250,8036.708533,265.0,,100.0,588.9453125,,0
1782299675.881253,8036.808538,265.0,,100.0,588.9453125,,0
1782299675.981247,8036.908530,267.0,,100.0,588.9453125,,0
1782299676.081251,8037.008534,267.0,,100.0,588.9453125,,0
1782299676.181248,8037.108533,266.0,,100.0,588.9453125,,0
1782299676.281250,8037.208533,267.0,,100.0,588.9453125,,0
1782299676.381247,8037.308530,267.0,,100.0,588.9453125,,0
1782299676.481251,8037.408535,267.0,,100.0,588.9453125,,0
1782299676.581257,8037.508541,265.0,,100.0,588.9453125,,0
1782299676.681250,8037.608534,265.0,,100.0,588.9453125,,0
1782299676.781246,8037.708529,267.0,,100.0,588.9453125,,0
1782299676.881260,8037.808543,266.0,,100.0,588.9453125,,0
1782299676.981257,8037.908541,266.0,,100.0,588.9453125,,0
1782299677.081251,8038.008535,266.0,,100.0,588.9453125,,0
1782299677.181250,8038.108533,266.0,,100.0,588.9453125,,0
1782299677.281249,8038.208534,265.0,,100.0,588.9453125,,0
1782299677.381247,8038.308530,265.0,,100.0,588.9453125,,0
1782299677.481249,8038.408532,265.0,,100.0,588.9453125,,0
1782299677.581247,8038.508532,267.0,,100.0,588.9453125,,0
1782299677.681252,8038.608536,267.0,,100.0,588.9453125,,0
1782299677.781249,8038.708532,266.0,,100.0,588.9453125,,0
1782299677.881251,8038.808536,266.0,,100.0,588.9453125,,0
1782299677.981254,8038.908537,267.0,,100.0,588.9453125,,0
1782299678.081259,8039.008543,267.0,,100.0,588.9453125,,0
1782299678.181249,8039.108532,216.0,,100.0,588.9453125,,0
1782299678.281260,8039.208543,245.0,,99.0,588.9453125,,0
1782299678.381250,8039.308535,267.0,,100.0,588.9453125,,0
1782299678.481250,8039.408534,266.0,,100.0,588.9453125,,0
1782299678.581256,8039.508540,266.0,,100.0,588.9453125,,0
1782299678.681256,8039.608540,265.0,,100.0,588.9453125,,0
1782299678.781251,8039.708534,267.0,,100.0,588.9453125,,0
1782299678.881249,8039.808532,267.0,,100.0,588.9453125,,0
1782299678.981252,8039.908536,266.0,,100.0,588.9453125,,0
1782299679.081249,8040.008532,267.0,,100.0,588.9453125,,0
1782299679.181242,8040.108525,266.0,,100.0,588.9453125,,0
1782299679.281246,8040.208530,264.0,,100.0,588.9453125,,0
1782299679.381253,8040.308537,265.0,,100.0,588.9453125,,0
1782299679.481184,8040.408469,271.0,,99.0,588.9453125,,0
1782299679.581245,8040.508529,268.0,,100.0,588.9453125,,0
1782299679.681246,8040.608529,268.0,,100.0,588.9453125,,0
1782299679.781250,8040.708533,266.0,,100.0,588.9453125,,0
1782299679.881258,8040.808541,268.0,,100.0,588.9453125,,0
1782299679.981188,8040.908472,274.0,,99.0,588.9453125,,0
1782299680.081178,8041.008462,272.0,,100.0,588.9453125,,0
1782299680.181251,8041.108535,265.0,,99.0,588.9453125,,0
1782299680.281249,8041.208533,272.0,,100.0,588.9453125,,0
1782299680.381244,8041.308527,260.0,,100.0,588.9453125,,0
1782299680.481257,8041.408540,267.0,,99.0,588.9453125,,0
1782299680.581268,8041.508553,274.0,,100.0,588.9453125,,0
1782299680.681253,8041.608538,275.0,,100.0,588.9453125,,0
1782299680.781189,8041.708474,279.0,,100.0,588.9453125,,0
1782299680.881190,8041.808474,276.0,,100.0,588.9453125,,0
1782299680.981244,8041.908528,278.0,,100.0,588.9453125,,0
1782299681.081249,8042.008532,274.0,,99.0,588.9453125,,0
1782299681.181247,8042.108531,275.0,,100.0,588.9453125,,0
1782299681.281250,8042.208535,266.0,,100.0,588.9453125,,0
1782299681.381253,8042.308537,268.0,,100.0,588.9453125,,0
1782299681.481243,8042.408527,268.0,,100.0,588.9453125,,0
1782299681.581243,8042.508528,267.0,,100.0,588.9453125,,0
1782299681.681242,8042.608525,266.0,,100.0,588.9453125,,0
1782299681.781247,8042.708530,267.0,,100.0,588.9453125,,0
1782299681.881247,8042.808532,267.0,,100.0,588.9453125,,0
1782299681.981247,8042.908531,267.0,,100.0,588.9453125,,0
1782299682.081242,8043.008525,266.0,,100.0,588.9453125,,0
1782299682.181252,8043.108535,266.0,,100.0,588.9453125,,0
1782299682.281254,8043.208537,265.0,,100.0,588.9453125,,0
1782299682.381244,8043.308529,277.0,,99.0,588.9453125,,0
1782299682.481247,8043.408531,266.0,,100.0,588.9453125,,0
1782299682.581256,8043.508540,268.0,,100.0,588.9453125,,0
1782299682.681251,8043.608534,267.0,,100.0,588.9453125,,0
1782299682.781252,8043.708535,267.0,,100.0,588.9453125,,0
1782299682.881254,8043.808537,266.0,,100.0,588.9453125,,0
1782299682.981255,8043.908538,255.0,,100.0,588.9453125,,0
1782299683.081259,8044.008542,251.0,,100.0,588.9453125,,0
1782299683.181252,8044.108536,267.0,,100.0,588.9453125,,0
1782299683.281254,8044.208537,268.0,,100.0,588.9453125,,0
1782299683.381255,8044.308539,266.0,,100.0,588.9453125,,0
1782299683.481251,8044.408536,268.0,,100.0,588.9453125,,0
1782299683.581249,8044.508534,266.0,,100.0,588.9453125,,0
1782299683.681244,8044.608528,266.0,,100.0,588.9453125,,0
1782299683.781262,8044.708546,266.0,,100.0,588.9453125,,0
1782299683.881249,8044.808533,267.0,,100.0,588.9453125,,0
1782299683.981252,8044.908535,268.0,,100.0,588.9453125,,0
1782299684.081250,8045.008534,267.0,,100.0,588.9453125,,0
1782299684.181253,8045.108539,263.0,,100.0,588.9453125,,0
1782299684.281247,8045.208531,264.0,,99.0,588.9453125,,0
1782299684.381246,8045.308529,258.0,,100.0,588.9453125,,0
1782299684.481250,8045.408534,268.0,,100.0,588.9453125,,0
1782299684.581253,8045.508538,266.0,,100.0,588.9453125,,0
1782299684.681252,8045.608537,255.0,,99.0,588.9453125,,0
1782299684.781252,8045.708537,268.0,,100.0,588.9453125,,0
1782299684.881250,8045.808534,266.0,,100.0,588.9453125,,0
1782299684.981256,8045.908539,267.0,,100.0,588.9453125,,0
1782299685.081252,8046.008536,267.0,,100.0,588.9453125,,0
1782299685.181243,8046.108527,267.0,,100.0,588.9453125,,0
1782299685.281250,8046.208533,238.0,,99.0,588.9453125,,0
1782299685.381248,8046.308531,268.0,,100.0,588.9453125,,0
1782299685.481247,8046.408530,267.0,,100.0,588.9453125,,0
1782299685.581247,8046.508530,266.0,,100.0,588.9453125,,0
1782299685.681247,8046.608531,266.0,,100.0,588.9453125,,0
1782299685.781243,8046.708526,268.0,,100.0,588.9453125,,0
1782299685.881256,8046.808540,269.0,,100.0,588.9453125,,0
1782299685.981249,8046.908532,268.0,,100.0,588.9453125,,0
1782299686.081248,8047.008532,266.0,,100.0,588.9453125,,0
1782299686.181244,8047.108527,265.0,,100.0,588.9453125,,0
1782299686.281245,8047.208528,267.0,,100.0,588.9453125,,0
1782299686.381254,8047.308538,268.0,,100.0,588.9453125,,0
1782299686.481249,8047.408533,267.0,,100.0,588.9453125,,0
1782299686.581249,8047.508532,269.0,,100.0,588.9453125,,0
1782299686.681259,8047.608543,268.0,,100.0,588.9453125,,0
1782299686.781250,8047.708535,268.0,,100.0,588.9453125,,0
1782299686.881253,8047.808536,266.0,,100.0,588.9453125,,0
1782299686.981253,8047.908536,268.0,,100.0,588.9453125,,0
1782299687.081253,8048.008538,268.0,,100.0,588.9453125,,0
1782299687.181255,8048.108540,267.0,,100.0,588.9453125,,0
1782299687.281191,8048.208475,265.0,,100.0,588.9453125,,0
1782299687.381246,8048.308529,267.0,,100.0,588.9453125,,0
1782299687.481248,8048.408531,268.0,,100.0,588.9453125,,0
1782299687.581242,8048.508526,268.0,,100.0,588.9453125,,0
1782299687.681255,8048.608540,267.0,,100.0,588.9453125,,0
1782299687.781251,8048.708534,269.0,,100.0,588.9453125,,0
1782299687.881241,8048.808525,268.0,,100.0,588.9453125,,0
1782299687.981256,8048.908540,267.0,,100.0,588.9453125,,0
1782299688.081246,8049.008530,268.0,,100.0,588.9453125,,0
1782299688.181245,8049.108528,267.0,,100.0,588.9453125,,0
1782299688.281248,8049.208531,268.0,,100.0,588.9453125,,0
1782299688.381257,8049.308540,265.0,,100.0,588.9453125,,0
1782299688.481245,8049.408530,266.0,,100.0,588.9453125,,0
1782299688.581253,8049.508537,269.0,,100.0,588.9453125,,0
1782299688.681253,8049.608537,269.0,,100.0,588.9453125,,0
1782299688.781247,8049.708530,268.0,,100.0,588.9453125,,0
1782299688.881248,8049.808531,267.0,,100.0,588.9453125,,0
1782299688.981248,8049.908531,268.0,,100.0,588.9453125,,0
1782299689.081249,8050.008533,268.0,,100.0,588.9453125,,0
1782299689.181243,8050.108527,267.0,,100.0,588.9453125,,0
1782299689.281251,8050.208535,266.0,,100.0,588.9453125,,0
1782299689.381255,8050.308540,267.0,,100.0,588.9453125,,0
1782299689.481249,8050.408532,268.0,,100.0,588.9453125,,0
1782299689.581245,8050.508528,267.0,,100.0,588.9453125,,0
1782299689.681259,8050.608542,268.0,,100.0,588.9453125,,0
1782299689.781246,8050.708529,269.0,,100.0,588.9453125,,0
1782299689.881247,8050.808530,268.0,,100.0,588.9453125,,0
1782299689.981258,8050.908542,266.0,,100.0,588.9453125,,0
1782299690.081246,8051.008529,267.0,,100.0,588.9453125,,0
1782299690.181251,8051.108535,267.0,,100.0,588.9453125,,0
1782299690.281255,8051.208539,267.0,,100.0,588.9453125,,0
1782299690.381266,8051.308549,268.0,,100.0,588.9453125,,0
1782299690.481250,8051.408533,267.0,,100.0,588.9453125,,0
1782299690.581258,8051.508541,268.0,,100.0,588.9453125,,0
1782299690.681247,8051.608531,268.0,,100.0,588.9453125,,0
1782299690.781256,8051.708539,267.0,,100.0,588.9453125,,0
1782299690.881248,8051.808532,267.0,,100.0,588.9453125,,0
1782299690.981249,8051.908533,268.0,,100.0,588.9453125,,0
1782299691.081253,8052.008538,268.0,,100.0,588.9453125,,0
1782299691.181252,8052.108537,267.0,,100.0,588.9453125,,0
1782299691.281249,8052.208532,267.0,,100.0,588.9453125,,0
1782299691.381256,8052.308539,268.0,,100.0,588.9453125,,0
1782299691.481251,8052.408535,267.0,,100.0,588.9453125,,0
1782299691.581257,8052.508540,267.0,,100.0,588.9453125,,0
1782299691.681248,8052.608532,268.0,,100.0,588.9453125,,0
1782299691.781250,8052.708534,268.0,,100.0,588.9453125,,0
1782299691.881251,8052.808534,268.0,,100.0,588.9453125,,0
1782299691.981249,8052.908533,267.0,,100.0,588.9453125,,0
1782299692.081251,8053.008534,266.0,,100.0,588.9453125,,0
1782299692.181246,8053.108530,267.0,,100.0,588.9453125,,0
1782299692.281256,8053.208539,268.0,,100.0,588.9453125,,0
1782299692.381266,8053.308549,268.0,,100.0,588.9453125,,0
1782299692.481259,8053.408542,267.0,,100.0,588.9453125,,0
1782299692.581254,8053.508538,268.0,,100.0,588.9453125,,0
1782299692.681249,8053.608534,268.0,,100.0,588.9453125,,0
1782299692.781252,8053.708537,266.0,,100.0,588.9453125,,0
1782299692.881247,8053.808531,267.0,,100.0,588.9453125,,0
1782299692.981249,8053.908534,267.0,,100.0,588.9453125,,0
1782299693.081252,8054.008536,267.0,,100.0,588.9453125,,0
1782299693.181252,8054.108537,267.0,,100.0,588.9453125,,0
1782299693.281250,8054.208534,268.0,,100.0,588.9453125,,0
1782299693.381256,8054.308539,268.0,,100.0,588.9453125,,0
1782299693.481247,8054.408530,268.0,,100.0,588.9453125,,0
1782299693.581246,8054.508529,267.0,,100.0,588.9453125,,0
1782299693.681252,8054.608535,267.0,,100.0,588.9453125,,0
1782299693.781248,8054.708531,267.0,,100.0,588.9453125,,0
1782299693.881254,8054.808538,266.0,,100.0,588.9453125,,0
1782299693.981244,8054.908527,267.0,,100.0,588.9453125,,0
1782299694.081247,8055.008530,268.0,,100.0,588.9453125,,0
1782299694.181251,8055.108535,269.0,,100.0,588.9453125,,0
1782299694.281246,8055.208531,268.0,,100.0,588.9453125,,0
1782299694.381249,8055.308534,233.0,,85.0,588.9453125,,0
1782299694.481259,8055.408544,23.0,,3.0,588.9453125,,0
1782299694.581255,8055.508538,21.0,,3.0,588.9453125,,0
1782299694.681254,8055.608539,22.0,,3.0,588.9453125,,0
1782299694.781253,8055.708536,21.0,,3.0,588.9453125,,0
1782299694.881255,8055.808540,22.0,,3.0,588.9453125,,0
1782299694.981253,8055.908538,22.0,,3.0,588.9453125,,0
1782299695.081252,8056.008536,23.0,,3.0,588.9453125,,0
1782299695.181254,8056.108538,24.0,,3.0,588.9453125,,0
1782299695.281252,8056.208535,23.0,,3.0,588.9453125,,0
1782299695.381255,8056.308538,23.0,,2.0,588.9453125,,0
1782299695.481248,8056.408532,24.0,,3.0,588.9453125,,0
1782299695.581258,8056.508543,22.0,,3.0,588.9453125,,0
1782299695.681254,8056.608537,22.0,,3.0,588.9453125,,0
1782299695.781255,8056.708538,22.0,,3.0,588.9453125,,0
1782299695.881251,8056.808534,22.0,,3.0,588.9453125,,0
1782299695.981254,8056.908539,21.0,,2.0,588.9453125,,0
1782299696.081258,8057.008541,22.0,,3.0,588.9453125,,0
1782299696.181251,8057.108534,24.0,,3.0,588.9453125,,0
1782299696.281253,8057.208538,22.0,,3.0,588.9453125,,0
1782299696.381256,8057.308539,22.0,,3.0,588.9453125,,0
1782299696.481250,8057.408534,22.0,,3.0,588.9453125,,0
1782299696.581256,8057.508539,25.0,,3.0,588.9453125,,0
1782299696.681252,8057.608537,22.0,,3.0,588.9453125,,0
1782299696.781255,8057.708538,23.0,,3.0,588.9453125,,0
1782299696.881255,8057.808539,22.0,,3.0,588.9453125,,0
1782299696.981253,8057.908537,23.0,,3.0,588.9453125,,0
1782299697.081256,8058.008540,22.0,,3.0,588.9453125,,0
1782299697.181255,8058.108538,22.0,,3.0,588.9453125,,0
1782299697.281251,8058.208534,24.0,,2.0,588.9453125,,0
1782299697.381250,8058.308534,24.0,,3.0,588.9453125,,0
1782299697.481251,8058.408534,20.0,,3.0,588.9453125,,0
1782299697.581258,8058.508543,21.0,,3.0,588.9453125,,0
1782299697.681250,8058.608535,21.0,,3.0,588.9453125,,0
1782299697.781254,8058.708537,21.0,,3.0,588.9453125,,0
1782299697.881254,8058.808539,22.0,,3.0,588.9453125,,0
1782299697.981255,8058.908538,22.0,,1.0,588.9453125,,0
1782299698.081253,8059.008538,22.0,,3.0,588.9453125,,0
1782299698.181254,8059.108537,26.0,,2.0,588.9453125,,0
1782299698.281260,8059.208543,25.0,,3.0,588.9453125,,0
1782299698.381253,8059.308538,26.0,,2.0,588.9453125,,0
1782299698.481254,8059.408537,23.0,,3.0,588.9453125,,0
1782299698.581255,8059.508539,24.0,,3.0,588.9453125,,0
1782299698.681254,8059.608538,22.0,,3.0,588.9453125,,0
1782299698.781254,8059.708537,21.0,,3.0,588.9453125,,0
1782299698.881254,8059.808537,22.0,,3.0,588.9453125,,0
1782299698.981253,8059.908537,21.0,,3.0,588.9453125,,0
1782299699.081255,8060.008539,21.0,,3.0,588.9453125,,0
1782299699.181252,8060.108535,20.0,,3.0,588.9453125,,0
1782299699.281257,8060.208541,25.0,,4.0,588.9453125,,0
1782299699.381167,8060.308451,39.0,,17.0,588.9453125,,0
1782299699.481166,8060.408449,175.0,,100.0,588.9453125,,0
1782299699.581163,8060.508447,210.0,,100.0,588.9453125,,0
1782299699.681165,8060.608449,235.0,,100.0,588.9453125,,0
1782299699.781166,8060.708449,234.0,,100.0,588.9453125,,0
1782299699.881165,8060.808449,234.0,,100.0,588.9453125,,0
1782299699.981333,8060.908618,245.0,,99.0,588.9453125,,0
1782299700.081275,8061.008558,238.0,,100.0,588.9453125,,0
1782299700.181247,8061.108530,243.0,,100.0,588.9453125,,0
1782299700.281251,8061.208535,244.0,,100.0,588.9453125,,0
1782299700.381247,8061.308531,247.0,,100.0,588.9453125,,0
1782299700.481250,8061.408533,253.0,,100.0,588.9453125,,0
1782299700.581252,8061.508536,256.0,,100.0,588.9453125,,0
1782299700.681250,8061.608533,257.0,,100.0,588.9453125,,0
1782299700.781249,8061.708534,257.0,,100.0,588.9453125,,0
1782299700.881262,8061.808545,257.0,,100.0,588.9453125,,0
1782299700.981259,8061.908544,258.0,,100.0,588.9453125,,0
1782299701.081250,8062.008534,259.0,,100.0,588.9453125,,0
1782299701.181254,8062.108538,263.0,,100.0,588.9453125,,0
1782299701.281252,8062.208537,263.0,,100.0,588.9453125,,0
1782299701.381257,8062.308540,261.0,,100.0,588.9453125,,0
1782299701.481261,8062.408544,261.0,,100.0,588.9453125,,0
1782299701.581254,8062.508537,261.0,,100.0,588.9453125,,0
1782299701.681257,8062.608540,263.0,,100.0,588.9453125,,0
1782299701.781255,8062.708539,263.0,,100.0,588.9453125,,0
1782299701.881248,8062.808531,261.0,,100.0,588.9453125,,0
1782299701.981254,8062.908539,261.0,,100.0,588.9453125,,0
1782299702.081248,8063.008531,262.0,,100.0,588.9453125,,0
1782299702.181254,8063.108537,263.0,,100.0,588.9453125,,0
1782299702.281257,8063.208540,261.0,,100.0,588.9453125,,0
1782299702.381248,8063.308531,263.0,,100.0,588.9453125,,0
1782299702.481251,8063.408535,263.0,,100.0,588.9453125,,0
1782299702.581258,8063.508541,264.0,,100.0,588.9453125,,0
1782299702.681254,8063.608538,262.0,,100.0,588.9453125,,0
1782299702.781255,8063.708538,263.0,,100.0,588.9453125,,0
1782299702.881251,8063.808536,263.0,,100.0,588.9453125,,0
1782299702.981246,8063.908529,263.0,,100.0,588.9453125,,0
1782299703.081249,8064.008534,262.0,,100.0,588.9453125,,0
1782299703.181248,8064.108533,247.0,,100.0,588.9453125,,0
1782299703.281249,8064.208533,235.0,,100.0,588.9453125,,0
1782299703.381251,8064.308536,264.0,,100.0,588.9453125,,0
1782299703.481246,8064.408529,262.0,,100.0,588.9453125,,0
1782299703.581255,8064.508539,264.0,,100.0,588.9453125,,0
1782299703.681254,8064.608538,261.0,,100.0,588.9453125,,0
1782299703.781251,8064.708536,262.0,,100.0,588.9453125,,0
1782299703.881250,8064.808534,263.0,,100.0,588.9453125,,0
1782299703.981246,8064.908530,263.0,,100.0,588.9453125,,0
1782299704.081252,8065.008536,263.0,,100.0,588.9453125,,0
1782299704.181258,8065.108543,261.0,,100.0,588.9453125,,0
1782299704.281248,8065.208531,260.0,,100.0,588.9453125,,0
1782299704.381190,8065.308474,248.0,,99.0,588.9453125,,0
1782299704.481249,8065.408532,263.0,,100.0,588.9453125,,0
1782299704.581242,8065.508526,261.0,,100.0,588.9453125,,0
1782299704.681251,8065.608536,262.0,,100.0,588.9453125,,0
1782299704.781252,8065.708536,263.0,,100.0,588.9453125,,0
1782299704.881252,8065.808537,263.0,,100.0,588.9453125,,0
1782299704.981253,8065.908536,262.0,,100.0,588.9453125,,0
1782299705.081251,8066.008536,262.0,,100.0,588.9453125,,0
1782299705.181252,8066.108536,262.0,,100.0,588.9453125,,0
1782299705.281252,8066.208537,263.0,,100.0,588.9453125,,0
1782299705.381248,8066.308531,263.0,,100.0,588.9453125,,0
1782299705.481253,8066.408538,262.0,,100.0,588.9453125,,0
1782299705.581248,8066.508532,263.0,,100.0,588.9453125,,0
1782299705.681245,8066.608528,263.0,,100.0,588.9453125,,0
1782299705.781250,8066.708533,263.0,,100.0,588.9453125,,0
1782299705.881248,8066.808531,262.0,,100.0,588.9453125,,0
1782299705.981253,8066.908538,263.0,,100.0,588.9453125,,0
1782299706.081190,8067.008475,263.0,,100.0,588.9453125,,0
1782299706.181246,8067.108529,262.0,,100.0,588.9453125,,0
1782299706.281247,8067.208532,263.0,,100.0,588.9453125,,0
1782299706.381244,8067.308527,263.0,,100.0,588.9453125,,0
1782299706.481190,8067.408474,263.0,,100.0,588.9453125,,0
1782299706.581247,8067.508530,261.0,,100.0,588.9453125,,0
1782299706.681252,8067.608535,262.0,,100.0,588.9453125,,0
1782299706.781252,8067.708537,265.0,,100.0,588.9453125,,0
1782299706.881248,8067.808531,264.0,,100.0,588.9453125,,0
1782299706.981249,8067.908534,263.0,,100.0,588.9453125,,0
1782299707.081249,8068.008533,262.0,,100.0,588.9453125,,0
1782299707.181258,8068.108542,263.0,,100.0,588.9453125,,0
1782299707.281247,8068.208532,262.0,,100.0,588.9453125,,0
1782299707.381251,8068.308536,262.0,,100.0,588.9453125,,0
1782299707.481253,8068.408536,263.0,,100.0,588.9453125,,0
1782299707.581253,8068.508537,263.0,,100.0,588.9453125,,0
1782299707.681251,8068.608535,263.0,,100.0,588.9453125,,0
1782299707.781256,8068.708541,262.0,,100.0,588.9453125,,0
1782299707.881242,8068.808527,262.0,,100.0,588.9453125,,0
1782299707.981249,8068.908533,263.0,,100.0,588.9453125,,0
1782299708.081254,8069.008538,263.0,,100.0,588.9453125,,0
1782299708.181252,8069.108536,262.0,,100.0,588.9453125,,0
1782299708.281247,8069.208532,262.0,,100.0,588.9453125,,0
1782299708.381246,8069.308530,263.0,,100.0,588.9453125,,0
1782299708.481246,8069.408529,263.0,,100.0,588.9453125,,0
1782299708.581253,8069.508536,262.0,,100.0,588.9453125,,0
1782299708.681249,8069.608532,264.0,,100.0,588.9453125,,0
1782299708.781246,8069.708529,263.0,,100.0,588.9453125,,0
1782299708.881249,8069.808532,265.0,,100.0,588.9453125,,0
1782299708.981254,8069.908539,263.0,,100.0,588.9453125,,0
1782299709.081246,8070.008530,263.0,,100.0,588.9453125,,0
1782299709.181248,8070.108532,263.0,,100.0,588.9453125,,0
1782299709.281242,8070.208525,262.0,,100.0,588.9453125,,0
1782299709.381249,8070.308532,262.0,,100.0,588.9453125,,0
1782299709.481251,8070.408534,263.0,,100.0,588.9453125,,0
1782299709.581251,8070.508534,264.0,,100.0,588.9453125,,0
1782299709.681251,8070.608534,265.0,,100.0,588.9453125,,0
1782299709.781255,8070.708538,263.0,,100.0,588.9453125,,0
1782299709.881252,8070.808536,265.0,,100.0,588.9453125,,0
1782299709.981246,8070.908530,264.0,,100.0,588.9453125,,0
1782299710.081253,8071.008536,263.0,,100.0,588.9453125,,0
1782299710.181248,8071.108532,262.0,,100.0,588.9453125,,0
1782299710.281251,8071.208535,264.0,,100.0,588.9453125,,0
1782299710.381247,8071.308531,265.0,,100.0,588.9453125,,0
1782299710.481256,8071.408540,265.0,,100.0,588.9453125,,0
1782299710.581247,8071.508531,264.0,,100.0,588.9453125,,0
1782299710.681251,8071.608534,265.0,,100.0,588.9453125,,0
1782299710.781249,8071.708533,265.0,,100.0,588.9453125,,0
1782299710.881248,8071.808531,263.0,,100.0,588.9453125,,0
1782299710.981249,8071.908532,263.0,,100.0,588.9453125,,0
1782299711.081242,8072.008525,264.0,,100.0,588.9453125,,0
1782299711.181251,8072.108535,265.0,,100.0,588.9453125,,0
1782299711.281250,8072.208533,264.0,,100.0,588.9453125,,0
1782299711.381242,8072.308527,263.0,,100.0,588.9453125,,0
1782299711.481253,8072.408536,264.0,,100.0,588.9453125,,0
1782299711.581254,8072.508537,265.0,,100.0,588.9453125,,0
1782299711.681248,8072.608532,263.0,,100.0,588.9453125,,0
1782299711.781255,8072.708538,263.0,,100.0,588.9453125,,0
1782299711.881247,8072.808530,264.0,,100.0,588.9453125,,0
1782299711.981251,8072.908535,264.0,,100.0,588.9453125,,0
1782299712.081258,8073.008541,264.0,,100.0,588.9453125,,0
1782299712.181269,8073.108553,264.0,,100.0,588.9453125,,0
1782299712.281242,8073.208525,265.0,,100.0,588.9453125,,0
1782299712.381278,8073.308562,264.0,,100.0,588.9453125,,0
1782299712.481250,8073.408533,264.0,,100.0,588.9453125,,0
1782299712.581256,8073.508540,264.0,,100.0,588.9453125,,0
1782299712.681254,8073.608538,264.0,,100.0,588.9453125,,0
1782299712.781255,8073.708538,263.0,,100.0,588.9453125,,0
1782299712.881246,8073.808529,264.0,,100.0,588.9453125,,0
1782299712.981243,8073.908527,263.0,,100.0,588.9453125,,0
1782299713.081248,8074.008532,268.0,,100.0,588.9453125,,0
1782299713.181251,8074.108534,265.0,,100.0,588.9453125,,0
1782299713.281249,8074.208532,264.0,,100.0,588.9453125,,0
1782299713.381242,8074.308526,264.0,,100.0,588.9453125,,0
1782299713.481247,8074.408531,265.0,,100.0,588.9453125,,0
1782299713.581251,8074.508534,265.0,,100.0,588.9453125,,0
1782299713.681258,8074.608542,264.0,,100.0,588.9453125,,0
1782299713.781249,8074.708532,264.0,,100.0,588.9453125,,0
1782299713.881251,8074.808534,265.0,,100.0,588.9453125,,0
1782299713.981251,8074.908535,265.0,,100.0,588.9453125,,0
1782299714.081248,8075.008533,264.0,,100.0,588.9453125,,0
1782299714.181267,8075.108550,264.0,,100.0,588.9453125,,0
1782299714.281243,8075.208526,265.0,,100.0,588.9453125,,0
1782299714.381247,8075.308532,265.0,,100.0,588.9453125,,0
1782299714.481245,8075.408528,264.0,,100.0,588.9453125,,0
1782299714.581251,8075.508534,263.0,,100.0,588.9453125,,0
1782299714.681253,8075.608537,265.0,,100.0,588.9453125,,0
1782299714.781193,8075.708477,275.0,,99.0,588.9453125,,0
1782299714.881243,8075.808527,264.0,,100.0,588.9453125,,0
1782299714.981253,8075.908536,266.0,,100.0,588.9453125,,0
1782299715.081268,8076.008552,266.0,,100.0,588.9453125,,0
1782299715.181248,8076.108532,255.0,,100.0,588.9453125,,0
1782299715.281245,8076.208529,263.0,,100.0,588.9453125,,0
1782299715.381253,8076.308536,264.0,,100.0,588.9453125,,0
1782299715.481246,8076.408530,260.0,,100.0,588.9453125,,0
1782299715.581244,8076.508528,250.0,,100.0,588.9453125,,0
1782299715.681245,8076.608528,276.0,,99.0,588.9453125,,0
1782299715.781267,8076.708551,266.0,,100.0,588.9453125,,0
1782299715.881247,8076.808530,276.0,,100.0,588.9453125,,0
1782299715.981246,8076.908529,267.0,,99.0,588.9453125,,0
1782299716.081252,8077.008536,263.0,,99.0,588.9453125,,0
1782299716.181264,8077.108548,254.0,,100.0,588.9453125,,0
1782299716.281246,8077.208529,245.0,,100.0,588.9453125,,0
1782299716.381248,8077.308533,262.0,,99.0,588.9453125,,0
1782299716.481247,8077.408531,250.0,,99.0,588.9453125,,0
1782299716.581252,8077.508535,266.0,,100.0,588.9453125,,0
1782299716.681247,8077.608530,266.0,,100.0,588.9453125,,0
1782299716.781242,8077.708525,265.0,,100.0,588.9453125,,0
1782299716.881247,8077.808532,235.0,,100.0,588.9453125,,0
1782299716.981250,8077.908533,265.0,,100.0,588.9453125,,0
1782299717.081248,8078.008533,266.0,,100.0,588.9453125,,0
1782299717.181251,8078.108536,268.0,,100.0,588.9453125,,0
1782299717.281249,8078.208532,264.0,,100.0,588.9453125,,0
1782299717.381254,8078.308537,263.0,,100.0,588.9453125,,0
1782299717.481192,8078.408477,259.0,,100.0,588.9453125,,0
1782299717.581248,8078.508533,270.0,,100.0,588.9453125,,0
1782299717.681248,8078.608533,268.0,,99.0,588.9453125,,0
1782299717.781250,8078.708534,241.0,,99.0,588.9453125,,0
1782299717.881246,8078.808529,250.0,,100.0,588.9453125,,0
1782299717.981249,8078.908532,240.0,,100.0,588.9453125,,0
1782299718.081242,8079.008526,234.0,,100.0,588.9453125,,0
1782299718.181251,8079.108535,250.0,,99.0,588.9453125,,0
1782299718.281245,8079.208528,248.0,,99.0,588.9453125,,0
1782299718.381243,8079.308526,264.0,,100.0,588.9453125,,0
1782299718.481191,8079.408476,264.0,,100.0,588.9453125,,0
1782299718.581245,8079.508528,265.0,,100.0,588.9453125,,0
1782299718.681247,8079.608532,267.0,,100.0,588.9453125,,0
1782299718.781242,8079.708525,266.0,,100.0,588.9453125,,0
1782299718.881245,8079.808530,264.0,,100.0,588.9453125,,0
1782299718.981192,8079.908477,265.0,,100.0,588.9453125,,0
1782299719.081248,8080.008533,265.0,,100.0,588.9453125,,0
1782299719.181257,8080.108542,265.0,,100.0,588.9453125,,0
1782299719.281247,8080.208532,264.0,,100.0,588.9453125,,0
1782299719.381251,8080.308534,267.0,,100.0,588.9453125,,0
1782299719.481248,8080.408533,266.0,,100.0,588.9453125,,0
1782299719.581260,8080.508544,265.0,,100.0,588.9453125,,0
1782299719.681252,8080.608537,264.0,,100.0,588.9453125,,0
1782299719.781250,8080.708535,266.0,,100.0,588.9453125,,0
1782299719.881249,8080.808533,265.0,,100.0,588.9453125,,0
1782299719.981191,8080.908476,266.0,,100.0,588.9453125,,0
1782299720.081248,8081.008531,265.0,,100.0,588.9453125,,0
1782299720.181247,8081.108531,267.0,,100.0,588.9453125,,0
1782299720.281193,8081.208477,267.0,,100.0,588.9453125,,0
1782299720.381165,8081.308448,265.0,,100.0,588.9453125,,0
1782299720.481191,8081.408476,265.0,,100.0,588.9453125,,0
1782299720.581181,8081.508466,265.0,,100.0,588.9453125,,0
1782299720.681250,8081.608534,266.0,,100.0,588.9453125,,0
1782299720.781255,8081.708539,264.0,,100.0,588.9453125,,0
1782299720.881243,8081.808526,265.0,,100.0,588.9453125,,0
1782299720.981243,8081.908527,266.0,,100.0,588.9453125,,0
1782299721.081244,8082.008527,264.0,,100.0,588.9453125,,0
1782299721.181243,8082.108528,265.0,,100.0,588.9453125,,0
1782299721.281243,8082.208526,266.0,,100.0,588.9453125,,0
1782299721.381252,8082.308536,266.0,,100.0,588.9453125,,0
1782299721.481247,8082.408531,267.0,,100.0,588.9453125,,0
1782299721.581256,8082.508541,271.0,,100.0,588.9453125,,0
1782299721.681244,8082.608529,265.0,,100.0,588.9453125,,0
1782299721.781248,8082.708532,276.0,,100.0,588.9453125,,0
1782299721.881247,8082.808530,265.0,,100.0,588.9453125,,0
1782299721.981246,8082.908529,264.0,,100.0,588.9453125,,0
1782299722.081252,8083.008535,265.0,,100.0,588.9453125,,0
1782299722.181252,8083.108536,276.0,,100.0,588.9453125,,0
1782299722.281246,8083.208530,265.0,,100.0,588.9453125,,0
1782299722.381249,8083.308534,267.0,,100.0,588.9453125,,0
1782299722.481251,8083.408534,265.0,,100.0,588.9453125,,0
1782299722.581248,8083.508531,266.0,,100.0,588.9453125,,0
1782299722.681249,8083.608533,267.0,,100.0,588.9453125,,0
1782299722.781189,8083.708474,265.0,,100.0,588.9453125,,0
1782299722.881247,8083.808530,266.0,,100.0,588.9453125,,0
1782299722.981248,8083.908531,267.0,,100.0,588.9453125,,0
1782299723.081249,8084.008533,265.0,,100.0,588.9453125,,0
1782299723.181244,8084.108527,265.0,,100.0,588.9453125,,0
1782299723.281249,8084.208533,258.0,,100.0,588.9453125,,0
1782299723.381247,8084.308532,222.0,,100.0,588.9453125,,0
1782299723.481244,8084.408528,266.0,,100.0,588.9453125,,0
1782299723.581250,8084.508534,266.0,,100.0,588.9453125,,0
1782299723.681244,8084.608529,265.0,,100.0,588.9453125,,0
1782299723.781250,8084.708536,267.0,,100.0,588.9453125,,0
1782299723.881252,8084.808535,267.0,,100.0,588.9453125,,0
1782299723.981246,8084.908529,267.0,,100.0,588.9453125,,0
1782299724.081249,8085.008532,267.0,,100.0,588.9453125,,0
1782299724.181256,8085.108541,267.0,,100.0,588.9453125,,0
1782299724.281251,8085.208534,266.0,,100.0,588.9453125,,0
1782299724.381250,8085.308533,265.0,,100.0,588.9453125,,0
1782299724.481244,8085.408529,266.0,,100.0,588.9453125,,0
1782299724.581265,8085.508548,267.0,,100.0,588.9453125,,0
1782299724.681249,8085.608534,265.0,,100.0,588.9453125,,0
1782299724.781244,8085.708527,265.0,,100.0,588.9453125,,0
1782299724.881244,8085.808527,268.0,,100.0,588.9453125,,0
1782299724.981247,8085.908532,241.0,,100.0,588.9453125,,0
1782299725.081247,8086.008530,267.0,,100.0,588.9453125,,0
1782299725.181248,8086.108531,265.0,,100.0,588.9453125,,0
1782299725.281245,8086.208528,266.0,,100.0,588.9453125,,0
1782299725.381247,8086.308532,267.0,,100.0,588.9453125,,0
1782299725.481246,8086.408530,266.0,,100.0,588.9453125,,0
1782299725.581250,8086.508535,267.0,,100.0,588.9453125,,0
1782299725.681188,8086.608473,265.0,,100.0,588.9453125,,0
1782299725.781253,8086.708536,266.0,,100.0,588.9453125,,0
1782299725.881248,8086.808532,266.0,,100.0,588.9453125,,0
1782299725.981256,8086.908539,266.0,,100.0,588.9453125,,0
1782299726.081260,8087.008545,267.0,,100.0,588.9453125,,0
1782299726.181245,8087.108529,267.0,,100.0,588.9453125,,0
1782299726.281247,8087.208532,267.0,,100.0,588.9453125,,0
1782299726.381251,8087.308535,265.0,,100.0,588.9453125,,0
1782299726.481249,8087.408532,266.0,,100.0,588.9453125,,0
1782299726.581250,8087.508533,266.0,,100.0,588.9453125,,0
1782299726.681248,8087.608531,266.0,,100.0,588.9453125,,0
1782299726.781243,8087.708526,265.0,,100.0,588.9453125,,0
1782299726.881245,8087.808528,266.0,,100.0,588.9453125,,0
1782299726.981246,8087.908530,267.0,,100.0,588.9453125,,0
1782299727.081243,8088.008526,265.0,,100.0,588.9453125,,0
1782299727.181248,8088.108532,266.0,,100.0,588.9453125,,0
1782299727.281250,8088.208534,267.0,,100.0,588.9453125,,0
1782299727.381251,8088.308535,266.0,,100.0,588.9453125,,0
1782299727.481276,8088.408559,266.0,,100.0,588.9453125,,0
1782299727.581250,8088.508535,267.0,,100.0,588.9453125,,0
1782299727.681244,8088.608527,267.0,,100.0,588.9453125,,0
1782299727.781246,8088.708530,267.0,,100.0,588.9453125,,0
1782299727.881244,8088.808528,266.0,,100.0,588.9453125,,0
1782299727.981245,8088.908529,265.0,,100.0,588.9453125,,0
1782299728.081247,8089.008532,267.0,,100.0,588.9453125,,0
1782299728.181259,8089.108542,267.0,,100.0,588.9453125,,0
1782299728.281241,8089.208525,266.0,,100.0,588.9453125,,0
1782299728.381250,8089.308533,265.0,,100.0,588.9453125,,0
1782299728.481254,8089.408537,267.0,,100.0,588.9453125,,0
1782299728.581253,8089.508537,268.0,,100.0,588.9453125,,0
1782299728.681247,8089.608530,267.0,,100.0,588.9453125,,0
1782299728.781251,8089.708535,267.0,,100.0,588.9453125,,0
1782299728.881251,8089.808534,266.0,,100.0,588.9453125,,0
1782299728.981244,8089.908527,266.0,,100.0,588.9453125,,0
1782299729.081191,8090.008475,265.0,,100.0,588.9453125,,0
1782299729.181249,8090.108532,267.0,,100.0,588.9453125,,0
1782299729.281251,8090.208534,268.0,,100.0,588.9453125,,0
1782299729.381248,8090.308531,268.0,,100.0,588.9453125,,0
1782299729.481247,8090.408532,266.0,,100.0,588.9453125,,0
1782299729.581256,8090.508540,266.0,,100.0,588.9453125,,0
1782299729.681243,8090.608527,266.0,,100.0,588.9453125,,0
1782299729.781249,8090.708534,266.0,,100.0,588.9453125,,0
1782299729.881247,8090.808531,267.0,,100.0,588.9453125,,0
1782299729.981255,8090.908540,266.0,,100.0,588.9453125,,0
1782299730.081190,8091.008474,267.0,,100.0,588.9453125,,0
1782299730.181250,8091.108533,267.0,,100.0,588.9453125,,0
1782299730.281249,8091.208533,267.0,,100.0,588.9453125,,0
1782299730.381252,8091.308536,267.0,,100.0,588.9453125,,0
1782299730.481255,8091.408538,267.0,,100.0,588.9453125,,0
1782299730.581254,8091.508537,266.0,,100.0,588.9453125,,0
1782299730.681247,8091.608532,265.0,,100.0,588.9453125,,0
1782299730.781245,8091.708528,266.0,,100.0,588.9453125,,0
1782299730.881247,8091.808531,268.0,,100.0,588.9453125,,0
1782299730.981248,8091.908531,268.0,,100.0,588.9453125,,0
1782299731.081249,8092.008532,266.0,,100.0,588.9453125,,0
1782299731.181249,8092.108532,267.0,,100.0,588.9453125,,0
1782299731.281241,8092.208524,267.0,,100.0,588.9453125,,0
1782299731.381250,8092.308533,267.0,,100.0,588.9453125,,0
1782299731.481254,8092.408537,265.0,,100.0,588.9453125,,0
1782299731.581249,8092.508532,266.0,,100.0,588.9453125,,0
1782299731.681260,8092.608543,268.0,,100.0,588.9453125,,0
1782299731.781245,8092.708530,268.0,,100.0,588.9453125,,0
1782299731.881263,8092.808546,266.0,,100.0,588.9453125,,0
1782299731.981252,8092.908537,267.0,,100.0,588.9453125,,0
1782299732.081256,8093.008539,267.0,,100.0,588.9453125,,0
1782299732.181249,8093.108532,267.0,,100.0,588.9453125,,0
1782299732.281250,8093.208533,265.0,,100.0,588.9453125,,0
1782299732.381243,8093.308527,266.0,,100.0,588.9453125,,0
1782299732.481244,8093.408529,267.0,,100.0,588.9453125,,0
1782299732.581249,8093.508534,265.0,,100.0,588.9453125,,0
1782299732.681247,8093.608530,268.0,,100.0,588.9453125,,0
1782299732.781250,8093.708534,265.0,,99.0,588.9453125,,0
1782299732.881260,8093.808543,267.0,,100.0,588.9453125,,0
1782299732.981254,8093.908537,266.0,,100.0,588.9453125,,0
1782299733.081245,8094.008529,264.0,,100.0,588.9453125,,0
1782299733.181246,8094.108530,268.0,,99.0,588.9453125,,0
1782299733.281250,8094.208533,266.0,,100.0,588.9453125,,0
1782299733.381249,8094.308534,278.0,,99.0,588.9453125,,0
1782299733.481245,8094.408528,268.0,,100.0,588.9453125,,0
1782299733.581247,8094.508530,265.0,,99.0,588.9453125,,0
1782299733.681244,8094.608527,267.0,,100.0,588.9453125,,0
1782299733.781245,8094.708529,265.0,,100.0,588.9453125,,0
1782299733.881254,8094.808538,268.0,,100.0,588.9453125,,0
1782299733.981251,8094.908534,266.0,,100.0,588.9453125,,0
1782299734.081250,8095.008533,268.0,,100.0,588.9453125,,0
1782299734.181251,8095.108534,267.0,,100.0,588.9453125,,0
1782299734.281250,8095.208533,279.0,,100.0,588.9453125,,0
1782299734.381251,8095.308534,238.0,,88.0,588.9453125,,0
1782299734.481250,8095.408533,24.0,,3.0,588.9453125,,0
1782299734.581250,8095.508533,24.0,,2.0,588.9453125,,0
1782299734.681254,8095.608538,22.0,,3.0,588.9453125,,0
1782299734.781251,8095.708535,22.0,,3.0,588.9453125,,0
1782299734.881251,8095.808534,22.0,,3.0,588.9453125,,0
1782299734.981250,8095.908533,22.0,,3.0,588.9453125,,0
1782299735.081253,8096.008538,21.0,,4.0,588.9453125,,0
1782299735.181251,8096.108534,24.0,,1.0,588.9453125,,0
1782299735.281252,8096.208536,22.0,,3.0,588.9453125,,0
1782299735.381251,8096.308536,22.0,,3.0,588.9453125,,0
1782299735.481254,8096.408538,22.0,,3.0,588.9453125,,0
1782299735.581250,8096.508534,24.0,,3.0,588.9453125,,0
1782299735.681253,8096.608536,24.0,,3.0,588.9453125,,0
1782299735.781251,8096.708534,22.0,,3.0,588.9453125,,0
1782299735.881249,8096.808533,24.0,,3.0,588.9453125,,0
1782299735.981254,8096.908538,23.0,,3.0,588.9453125,,0
1782299736.081252,8097.008536,22.0,,2.0,588.9453125,,0
1782299736.181250,8097.108534,22.0,,3.0,588.9453125,,0
1782299736.281250,8097.208533,22.0,,3.0,588.9453125,,0
1782299736.381255,8097.308538,22.0,,3.0,588.9453125,,0
1782299736.481253,8097.408537,22.0,,3.0,588.9453125,,0
1782299736.581252,8097.508535,21.0,,3.0,588.9453125,,0
1782299736.681248,8097.608532,22.0,,3.0,588.9453125,,0
1782299736.781252,8097.708535,21.0,,3.0,588.9453125,,0
1782299736.881250,8097.808533,22.0,,3.0,588.9453125,,0
1782299736.981251,8097.908535,22.0,,4.0,588.9453125,,0
1782299737.081255,8098.008538,22.0,,3.0,588.9453125,,0
1782299737.181253,8098.108537,21.0,,3.0,588.9453125,,0
1782299737.281254,8098.208538,21.0,,3.0,588.9453125,,0
1782299737.381252,8098.308535,21.0,,3.0,588.9453125,,0
1782299737.481251,8098.408535,22.0,,3.0,588.9453125,,0
1782299737.581255,8098.508538,26.0,,5.0,588.9453125,,0
1782299737.681256,8098.608539,25.0,,2.0,588.9453125,,0
1782299737.781250,8098.708535,23.0,,3.0,588.9453125,,0
1782299737.881255,8098.808538,23.0,,3.0,588.9453125,,0
1782299737.981255,8098.908540,22.0,,3.0,588.9453125,,0
1782299738.081251,8099.008534,22.0,,3.0,588.9453125,,0
1782299738.181264,8099.108547,20.0,,3.0,588.9453125,,0
1782299738.281250,8099.208533,21.0,,3.0,588.9453125,,0
1782299738.381250,8099.308534,25.0,,3.0,588.9453125,,0
1782299738.481251,8099.408534,22.0,,3.0,588.9453125,,0
1782299738.581252,8099.508535,21.0,,3.0,588.9453125,,0
1782299738.681249,8099.608533,22.0,,3.0,588.9453125,,0
1782299738.781251,8099.708535,23.0,,1.0,588.9453125,,0
1782299738.881252,8099.808536,22.0,,3.0,588.9453125,,0
1782299738.981255,8099.908538,24.0,,3.0,588.9453125,,0
1782299739.081249,8100.008532,23.0,,3.0,588.9453125,,0
1782299739.181252,8100.108535,25.0,,5.0,588.9453125,,0
1782299739.281253,8100.208537,23.0,,3.0,588.9453125,,0
1782299739.381167,8100.308450,38.0,,15.0,588.9453125,,0
1782299739.481166,8100.408449,173.0,,100.0,588.9453125,,0
1782299739.581164,8100.508447,210.0,,100.0,588.9453125,,0
1782299739.681165,8100.608448,231.0,,100.0,588.9453125,,0
1782299739.781165,8100.708448,230.0,,100.0,588.9453125,,0
1782299739.881165,8100.808448,232.0,,100.0,588.9453125,,0
1782299739.981166,8100.908449,235.0,,100.0,588.9453125,,0
1782299740.081165,8101.008448,236.0,,100.0,588.9453125,,0
1782299740.181165,8101.108448,243.0,,100.0,588.9453125,,0
1782299740.281165,8101.208449,242.0,,100.0,588.9453125,,0
1782299740.381164,8101.308448,248.0,,100.0,588.9453125,,0
1782299740.481164,8101.408448,249.0,,100.0,588.9453125,,0
1782299740.581165,8101.508448,254.0,,100.0,588.9453125,,0
1782299740.681165,8101.608448,258.0,,100.0,588.9453125,,0
1782299740.781165,8101.708448,261.0,,100.0,588.9453125,,0
1782299740.881166,8101.808449,261.0,,100.0,588.9453125,,0
1782299740.981165,8101.908448,260.0,,100.0,588.9453125,,0
1782299741.081188,8102.008473,261.0,,100.0,588.9453125,,0
1782299741.181237,8102.108520,262.0,,100.0,588.9453125,,0
1782299741.281197,8102.208481,262.0,,100.0,588.9453125,,0
1782299741.381242,8102.308526,261.0,,100.0,588.9453125,,0
1782299741.481241,8102.408524,262.0,,100.0,588.9453125,,0
1782299741.581241,8102.508525,263.0,,100.0,588.9453125,,0
1782299741.681168,8102.608452,263.0,,100.0,588.9453125,,0
1782299741.781241,8102.708525,261.0,,100.0,588.9453125,,0
1782299741.881242,8102.808526,262.0,,100.0,588.9453125,,0
1782299741.981241,8102.908524,262.0,,100.0,588.9453125,,0
1782299742.081242,8103.008526,260.0,,100.0,588.9453125,,0
1782299742.181243,8103.108527,261.0,,100.0,588.9453125,,0
1782299742.281240,8103.208523,226.0,,100.0,588.9453125,,0
1782299742.381232,8103.308516,241.0,,99.0,588.9453125,,0
1782299742.481235,8103.408519,245.0,,100.0,588.9453125,,0
1782299742.581243,8103.508528,263.0,,100.0,588.9453125,,0
1782299742.681168,8103.608452,262.0,,100.0,588.9453125,,0
1782299742.781240,8103.708524,254.0,,100.0,588.9453125,,0
1782299742.881241,8103.808525,263.0,,100.0,588.9453125,,0
1782299742.981169,8103.908452,261.0,,100.0,588.9453125,,0
1782299743.081239,8104.008524,263.0,,100.0,588.9453125,,0
1782299743.181238,8104.108521,263.0,,100.0,588.9453125,,0
1782299743.281235,8104.208518,250.0,,99.0,588.9453125,,0
1782299743.381193,8104.308477,251.0,,99.0,588.9453125,,0
1782299743.481240,8104.408524,242.0,,100.0,588.9453125,,0
1782299743.581241,8104.508525,263.0,,100.0,588.9453125,,0
1782299743.681168,8104.608452,262.0,,100.0,588.9453125,,0
1782299743.781249,8104.708533,262.0,,100.0,588.9453125,,0
1782299743.881236,8104.808520,236.0,,100.0,588.9453125,,0
1782299743.981247,8104.908530,243.0,,100.0,588.9453125,,0
1782299744.081234,8105.008518,263.0,,100.0,588.9453125,,0
1782299744.181235,8105.108519,261.0,,100.0,588.9453125,,0
1782299744.281168,8105.208452,263.0,,100.0,588.9453125,,0
1782299744.381197,8105.308481,263.0,,100.0,588.9453125,,0
1782299744.481246,8105.408530,256.0,,100.0,588.9453125,,0
1782299744.581168,8105.508452,260.0,,99.0,588.9453125,,0
1782299744.681238,8105.608522,263.0,,100.0,588.9453125,,0
1782299744.781237,8105.708520,264.0,,100.0,588.9453125,,0
1782299744.881203,8105.808486,262.0,,100.0,588.9453125,,0
1782299744.981234,8105.908517,261.0,,100.0,588.9453125,,0
1782299745.081242,8106.008526,263.0,,100.0,588.9453125,,0
1782299745.181234,8106.108518,263.0,,100.0,588.9453125,,0
1782299745.281195,8106.208480,263.0,,100.0,588.9453125,,0
1782299745.381240,8106.308523,262.0,,100.0,588.9453125,,0
1782299745.481242,8106.408526,263.0,,100.0,588.9453125,,0
1782299745.581232,8106.508516,263.0,,100.0,588.9453125,,0
1782299745.681253,8106.608536,262.0,,100.0,588.9453125,,0
1782299745.781241,8106.708525,262.0,,100.0,588.9453125,,0
1782299745.881235,8106.808519,264.0,,100.0,588.9453125,,0
1782299745.981236,8106.908519,262.0,,100.0,588.9453125,,0
1782299746.081234,8107.008518,262.0,,100.0,588.9453125,,0
1782299746.181241,8107.108524,263.0,,100.0,588.9453125,,0
1782299746.281197,8107.208481,263.0,,100.0,588.9453125,,0
1782299746.381235,8107.308518,262.0,,100.0,588.9453125,,0
1782299746.481241,8107.408524,261.0,,100.0,588.9453125,,0
1782299746.581235,8107.508519,262.0,,100.0,588.9453125,,0
1782299746.681241,8107.608524,263.0,,100.0,588.9453125,,0
1782299746.781245,8107.708528,263.0,,100.0,588.9453125,,0
1782299746.881168,8107.808451,262.0,,100.0,588.9453125,,0
1782299746.981243,8107.908527,262.0,,100.0,588.9453125,,0
1782299747.081243,8108.008527,264.0,,100.0,588.9453125,,0
1782299747.181240,8108.108523,264.0,,100.0,588.9453125,,0
1782299747.281242,8108.208525,264.0,,100.0,588.9453125,,0
1782299747.381251,8108.308536,262.0,,100.0,588.9453125,,0
1782299747.481249,8108.408534,263.0,,100.0,588.9453125,,0
1782299747.581248,8108.508532,264.0,,100.0,588.9453125,,0
1782299747.681252,8108.608536,262.0,,100.0,588.9453125,,0
1782299747.781255,8108.708540,263.0,,100.0,588.9453125,,0
1782299747.881244,8108.808528,263.0,,100.0,588.9453125,,0
1782299747.981248,8108.908532,263.0,,100.0,588.9453125,,0
1782299748.081243,8109.008527,262.0,,100.0,588.9453125,,0
1782299748.181179,8109.108464,264.0,,100.0,588.9453125,,0
1782299748.281248,8109.208532,263.0,,100.0,588.9453125,,0
1782299748.381246,8109.308529,262.0,,100.0,588.9453125,,0
1782299748.481247,8109.408531,263.0,,100.0,588.9453125,,0
1782299748.581248,8109.508531,263.0,,100.0,588.9453125,,0
1782299748.681253,8109.608538,264.0,,100.0,588.9453125,,0
1782299748.781251,8109.708536,264.0,,100.0,588.9453125,,0
1782299748.881248,8109.808532,263.0,,100.0,588.9453125,,0
1782299748.981252,8109.908535,263.0,,100.0,588.9453125,,0
1782299749.081257,8110.008541,264.0,,100.0,588.9453125,,0
1782299749.181243,8110.108528,263.0,,100.0,588.9453125,,0
1782299749.281244,8110.208528,263.0,,100.0,588.9453125,,0
1782299749.381251,8110.308536,264.0,,100.0,588.9453125,,0
1782299749.481250,8110.408534,264.0,,100.0,588.9453125,,0
1782299749.581252,8110.508537,263.0,,100.0,588.9453125,,0
1782299749.681244,8110.608528,263.0,,100.0,588.9453125,,0
1782299749.781246,8110.708530,265.0,,100.0,588.9453125,,0
1782299749.881249,8110.808534,265.0,,100.0,588.9453125,,0
1782299749.981242,8110.908526,264.0,,100.0,588.9453125,,0
1782299750.081260,8111.008544,263.0,,100.0,588.9453125,,0
1782299750.181247,8111.108530,254.0,,100.0,588.9453125,,0
1782299750.281245,8111.208529,270.0,,99.0,588.9453125,,0
1782299750.381244,8111.308529,272.0,,100.0,588.9453125,,0
1782299750.481253,8111.408538,263.0,,100.0,588.9453125,,0
1782299750.581244,8111.508529,273.0,,99.0,588.9453125,,0
1782299750.681248,8111.608533,271.0,,100.0,588.9453125,,0
1782299750.781242,8111.708527,253.0,,99.0,588.9453125,,0
1782299750.881268,8111.808552,261.0,,99.0,588.9453125,,0
1782299750.981247,8111.908531,262.0,,99.0,588.9453125,,0
1782299751.081248,8112.008532,260.0,,100.0,588.9453125,,0
1782299751.181245,8112.108528,263.0,,99.0,588.9453125,,0
1782299751.281256,8112.208541,262.0,,100.0,588.9453125,,0
1782299751.381249,8112.308534,256.0,,100.0,588.9453125,,0
1782299751.481247,8112.408531,270.0,,99.0,588.9453125,,0
1782299751.581249,8112.508533,273.0,,99.0,588.9453125,,0
1782299751.681247,8112.608532,271.0,,99.0,588.9453125,,0
1782299751.781252,8112.708536,261.0,,100.0,588.9453125,,0
1782299751.881244,8112.808528,265.0,,100.0,588.9453125,,0
1782299751.981250,8112.908533,264.0,,100.0,588.9453125,,0
1782299752.081247,8113.008531,264.0,,100.0,588.9453125,,0
1782299752.181243,8113.108528,265.0,,100.0,588.9453125,,0
1782299752.281244,8113.208529,264.0,,100.0,588.9453125,,0
1782299752.381250,8113.308533,263.0,,100.0,588.9453125,,0
1782299752.481247,8113.408531,265.0,,100.0,588.9453125,,0
1782299752.581249,8113.508534,264.0,,100.0,588.9453125,,0
1782299752.681247,8113.608532,264.0,,100.0,588.9453125,,0
1782299752.781250,8113.708533,264.0,,100.0,588.9453125,,0
1782299752.881248,8113.808533,264.0,,100.0,588.9453125,,0
1782299752.981251,8113.908536,265.0,,100.0,588.9453125,,0
1782299753.081251,8114.008536,266.0,,100.0,588.9453125,,0
1782299753.181246,8114.108530,263.0,,100.0,588.9453125,,0
1782299753.281254,8114.208539,264.0,,100.0,588.9453125,,0
1782299753.381245,8114.308529,265.0,,100.0,588.9453125,,0
1782299753.481248,8114.408532,264.0,,100.0,588.9453125,,0
1782299753.581254,8114.508538,265.0,,100.0,588.9453125,,0
1782299753.681245,8114.608529,264.0,,100.0,588.9453125,,0
1782299753.781250,8114.708534,265.0,,100.0,588.9453125,,0
1782299753.881245,8114.808529,266.0,,100.0,588.9453125,,0
1782299753.981250,8114.908533,265.0,,100.0,588.9453125,,0
1782299754.081248,8115.008531,265.0,,100.0,588.9453125,,0
1782299754.181248,8115.108533,266.0,,100.0,588.9453125,,0
1782299754.281250,8115.208534,265.0,,100.0,588.9453125,,0
1782299754.381244,8115.308528,263.0,,100.0,588.9453125,,0
1782299754.481251,8115.408534,264.0,,100.0,588.9453125,,0
1782299754.581246,8115.508531,265.0,,100.0,588.9453125,,0
1782299754.681244,8115.608529,266.0,,100.0,588.9453125,,0
1782299754.781250,8115.708533,267.0,,100.0,588.9453125,,0
1782299754.881249,8115.808533,265.0,,100.0,588.9453125,,0
1782299754.981251,8115.908536,265.0,,100.0,588.9453125,,0
1782299755.081254,8116.008538,266.0,,100.0,588.9453125,,0
1782299755.181250,8116.108534,264.0,,100.0,588.9453125,,0
1782299755.281254,8116.208537,265.0,,100.0,588.9453125,,0
1782299755.381255,8116.308538,266.0,,100.0,588.9453125,,0
1782299755.481252,8116.408537,265.0,,100.0,588.9453125,,0
1782299755.581249,8116.508532,264.0,,100.0,588.9453125,,0
1782299755.681244,8116.608528,265.0,,100.0,588.9453125,,0
1782299755.781249,8116.708532,231.0,,100.0,588.9453125,,0
1782299755.881247,8116.808532,242.0,,99.0,588.9453125,,0
1782299755.981253,8116.908537,265.0,,100.0,588.9453125,,0
1782299756.081254,8117.008539,245.0,,100.0,588.9453125,,0
1782299756.181254,8117.108539,241.0,,100.0,588.9453125,,0
1782299756.281247,8117.208532,230.0,,100.0,588.9453125,,0
1782299756.381253,8117.308538,240.0,,100.0,588.9453125,,0
1782299756.481251,8117.408535,265.0,,100.0,588.9453125,,0
1782299756.581249,8117.508534,266.0,,100.0,588.9453125,,0
1782299756.681244,8117.608528,266.0,,100.0,588.9453125,,0
1782299756.781252,8117.708536,264.0,,100.0,588.9453125,,0
1782299756.881249,8117.808534,265.0,,100.0,588.9453125,,0
1782299756.981252,8117.908537,270.0,,100.0,588.9453125,,0
1782299757.081248,8118.008533,264.0,,100.0,588.9453125,,0
1782299757.181243,8118.108528,264.0,,100.0,588.9453125,,0
1782299757.281246,8118.208530,264.0,,100.0,588.9453125,,0
1782299757.381249,8118.308534,246.0,,99.0,588.9453125,,0
1782299757.481255,8118.408539,268.0,,99.0,588.9453125,,0
1782299757.581246,8118.508531,268.0,,100.0,588.9453125,,0
1782299757.681250,8118.608534,266.0,,100.0,588.9453125,,0
1782299757.781256,8118.708539,267.0,,100.0,588.9453125,,0
1782299757.881241,8118.808526,265.0,,100.0,588.9453125,,0
1782299757.981244,8118.908529,264.0,,100.0,588.9453125,,0
1782299758.081257,8119.008540,265.0,,100.0,588.9453125,,0
1782299758.181247,8119.108531,265.0,,100.0,588.9453125,,0
1782299758.281246,8119.208530,266.0,,100.0,588.9453125,,0
1782299758.381252,8119.308537,268.0,,100.0,588.9453125,,0
1782299758.481249,8119.408534,267.0,,100.0,588.9453125,,0
1782299758.581255,8119.508540,265.0,,100.0,588.9453125,,0
1782299758.681251,8119.608536,264.0,,100.0,588.9453125,,0
1782299758.781254,8119.708538,264.0,,100.0,588.9453125,,0
1782299758.881250,8119.808534,266.0,,100.0,588.9453125,,0
1782299758.981253,8119.908537,265.0,,100.0,588.9453125,,0
1782299759.081246,8120.008530,266.0,,100.0,588.9453125,,0
1782299759.181248,8120.108533,265.0,,100.0,588.9453125,,0
1782299759.281251,8120.208535,267.0,,100.0,588.9453125,,0
1782299759.381249,8120.308533,267.0,,100.0,588.9453125,,0
1782299759.481244,8120.408528,267.0,,100.0,588.9453125,,0
1782299759.581250,8120.508535,265.0,,100.0,588.9453125,,0
1782299759.681246,8120.608529,266.0,,100.0,588.9453125,,0
1782299759.781256,8120.708540,265.0,,100.0,588.9453125,,0
1782299759.881257,8120.808540,267.0,,100.0,588.9453125,,0
1782299759.981252,8120.908537,265.0,,100.0,588.9453125,,0
1782299760.081253,8121.008537,264.0,,100.0,588.9453125,,0
1782299760.181248,8121.108532,262.0,,100.0,588.9453125,,0
1782299760.281249,8121.208533,263.0,,100.0,588.9453125,,0
1782299760.381249,8121.308534,262.0,,100.0,588.9453125,,0
1782299760.481252,8121.408537,262.0,,100.0,588.9453125,,0
1782299760.581249,8121.508534,262.0,,100.0,588.9453125,,0
1782299760.681244,8121.608528,262.0,,100.0,588.9453125,,0
1782299760.781244,8121.708529,262.0,,100.0,588.9453125,,0
1782299760.881247,8121.808532,261.0,,100.0,588.9453125,,0
1782299760.981246,8121.908531,262.0,,100.0,588.9453125,,0
1782299761.081251,8122.008536,265.0,,100.0,588.9453125,,0
1782299761.181247,8122.108531,266.0,,100.0,588.9453125,,0
1782299761.281253,8122.208537,265.0,,100.0,588.9453125,,0
1782299761.381253,8122.308537,267.0,,100.0,588.9453125,,0
1782299761.481252,8122.408535,266.0,,100.0,588.9453125,,0
1782299761.581258,8122.508543,265.0,,100.0,588.9453125,,0
1782299761.681247,8122.608532,266.0,,100.0,588.9453125,,0
1782299761.781248,8122.708532,267.0,,100.0,588.9453125,,0
1782299761.881243,8122.808528,265.0,,100.0,588.9453125,,0
1782299761.981245,8122.908530,267.0,,100.0,588.9453125,,0
1782299762.081243,8123.008527,266.0,,100.0,588.9453125,,0
1782299762.181251,8123.108535,267.0,,100.0,588.9453125,,0
1782299762.281249,8123.208534,265.0,,100.0,588.9453125,,0
1782299762.381255,8123.308538,265.0,,100.0,588.9453125,,0
1782299762.481253,8123.408538,244.0,,100.0,588.9453125,,0
1782299762.581247,8123.508532,267.0,,100.0,588.9453125,,0
1782299762.681248,8123.608532,265.0,,100.0,588.9453125,,0
1782299762.781247,8123.708531,255.0,,99.0,588.9453125,,0
1782299762.881256,8123.808541,265.0,,100.0,588.9453125,,0
1782299762.981246,8123.908531,267.0,,100.0,588.9453125,,0
1782299763.081253,8124.008538,265.0,,100.0,588.9453125,,0
1782299763.181249,8124.108533,267.0,,100.0,588.9453125,,0
1782299763.281256,8124.208539,267.0,,100.0,588.9453125,,0
1782299763.381250,8124.308534,267.0,,100.0,588.9453125,,0
1782299763.481256,8124.408540,265.0,,100.0,588.9453125,,0
1782299763.581243,8124.508528,265.0,,100.0,588.9453125,,0
1782299763.681254,8124.608539,267.0,,100.0,588.9453125,,0
1782299763.781191,8124.708475,249.0,,100.0,588.9453125,,0
1782299763.881252,8124.808536,265.0,,100.0,588.9453125,,0
1782299763.981249,8124.908534,265.0,,100.0,588.9453125,,0
1782299764.081248,8125.008533,243.0,,99.0,588.9453125,,0
1782299764.181251,8125.108535,257.0,,100.0,588.9453125,,0
1782299764.281253,8125.208538,246.0,,99.0,588.9453125,,0
1782299764.381258,8125.308542,267.0,,100.0,588.9453125,,0
1782299764.481247,8125.408531,267.0,,100.0,588.9453125,,0
1782299764.581257,8125.508541,267.0,,100.0,588.9453125,,0
1782299764.681245,8125.608529,266.0,,100.0,588.9453125,,0
1782299764.781162,8125.708445,266.0,,100.0,588.9453125,,0
1782299764.881259,8125.808544,266.0,,100.0,588.9453125,,0
1782299764.981254,8125.908539,264.0,,100.0,588.9453125,,0
1782299765.081257,8126.008541,265.0,,100.0,588.9453125,,0
1782299765.181254,8126.108537,266.0,,100.0,588.9453125,,0
1782299765.281251,8126.208535,267.0,,100.0,588.9453125,,0
1782299765.381250,8126.308534,267.0,,100.0,588.9453125,,0
1782299765.481250,8126.408534,265.0,,100.0,588.9453125,,0
1782299765.581253,8126.508538,266.0,,100.0,588.9453125,,0
1782299765.681245,8126.608528,267.0,,100.0,588.9453125,,0
1782299765.781253,8126.708537,265.0,,100.0,588.9453125,,0
1782299765.881249,8126.808534,265.0,,100.0,588.9453125,,0
1782299765.981249,8126.908532,265.0,,100.0,588.9453125,,0
1782299766.081264,8127.008549,266.0,,100.0,588.9453125,,0
1782299766.181251,8127.108536,267.0,,100.0,588.9453125,,0
1782299766.281247,8127.208531,265.0,,100.0,588.9453125,,0
1782299766.381249,8127.308532,267.0,,100.0,588.9453125,,0
1782299766.481255,8127.408540,267.0,,100.0,588.9453125,,0
1782299766.581254,8127.508539,266.0,,100.0,588.9453125,,0
1782299766.681248,8127.608532,265.0,,100.0,588.9453125,,0
1782299766.781244,8127.708528,266.0,,100.0,588.9453125,,0
1782299766.881255,8127.808538,265.0,,100.0,588.9453125,,0
1782299766.981246,8127.908531,265.0,,100.0,588.9453125,,0
1782299767.081252,8128.008537,267.0,,100.0,588.9453125,,0
1782299767.181249,8128.108534,265.0,,100.0,588.9453125,,0
1782299767.281246,8128.208531,266.0,,100.0,588.9453125,,0
1782299767.381256,8128.308539,266.0,,100.0,588.9453125,,0
1782299767.481248,8128.408532,266.0,,100.0,588.9453125,,0
1782299767.581253,8128.508537,266.0,,100.0,588.9453125,,0
1782299767.681249,8128.608533,257.0,,100.0,588.9453125,,0
1782299767.781243,8128.708528,272.0,,99.0,588.9453125,,0
1782299767.881252,8128.808537,274.0,,100.0,588.9453125,,0
1782299767.981242,8128.908527,276.0,,100.0,588.9453125,,0
1782299768.081252,8129.008537,278.0,,100.0,588.9453125,,0
1782299768.181251,8129.108534,251.0,,100.0,588.9453125,,0
1782299768.281252,8129.208536,265.0,,100.0,588.9453125,,0
1782299768.381248,8129.308532,266.0,,100.0,588.9453125,,0
1782299768.481251,8129.408536,277.0,,99.0,588.9453125,,0
1782299768.581249,8129.508534,274.0,,100.0,588.9453125,,0
1782299768.681251,8129.608536,260.0,,99.0,588.9453125,,0
1782299768.781255,8129.708540,252.0,,99.0,588.9453125,,0
1782299768.881245,8129.808528,266.0,,100.0,588.9453125,,0
1782299768.981244,8129.908529,269.0,,99.0,588.9453125,,0
1782299769.081246,8130.008531,266.0,,100.0,588.9453125,,0
1782299769.181258,8130.108543,268.0,,100.0,588.9453125,,0
1782299769.281254,8130.208539,266.0,,100.0,588.9453125,,0
1782299769.381242,8130.308527,265.0,,100.0,588.9453125,,0
1782299769.481249,8130.408533,265.0,,100.0,588.9453125,,0
1782299769.581251,8130.508536,266.0,,100.0,588.9453125,,0
1782299769.681248,8130.608532,267.0,,100.0,588.9453125,,0
1782299769.781249,8130.708534,263.0,,99.0,588.9453125,,0
1782299769.881254,8130.808538,269.0,,100.0,588.9453125,,0
1782299769.981254,8130.908538,254.0,,99.0,588.9453125,,0
1782299770.081244,8131.008527,267.0,,100.0,588.9453125,,0
1782299770.181252,8131.108535,266.0,,100.0,588.9453125,,0
1782299770.281251,8131.208535,266.0,,99.0,588.9453125,,0
1782299770.381248,8131.308533,267.0,,100.0,588.9453125,,0
1782299770.481247,8131.408532,266.0,,100.0,588.9453125,,0
1782299770.581253,8131.508538,265.0,,100.0,588.9453125,,0
1782299770.681244,8131.608529,266.0,,100.0,588.9453125,,0
1782299770.781264,8131.708549,267.0,,100.0,588.9453125,,0
1782299770.881254,8131.808538,266.0,,100.0,588.9453125,,0
1782299770.981255,8131.908540,267.0,,100.0,588.9453125,,0
1782299771.081250,8132.008535,268.0,,100.0,588.9453125,,0
1782299771.181245,8132.108531,267.0,,100.0,588.9453125,,0
1782299771.281245,8132.208530,266.0,,100.0,588.9453125,,0
1782299771.381246,8132.308530,264.0,,100.0,588.9453125,,0
1782299771.481248,8132.408533,265.0,,100.0,588.9453125,,0
1782299771.581250,8132.508534,267.0,,100.0,588.9453125,,0
1782299771.681260,8132.608544,268.0,,100.0,588.9453125,,0
1782299771.781252,8132.708537,267.0,,100.0,588.9453125,,0
1782299771.881253,8132.808537,267.0,,100.0,588.9453125,,0
1782299771.981249,8132.908534,267.0,,100.0,588.9453125,,0
1782299772.081246,8133.008531,267.0,,100.0,588.9453125,,0
1782299772.181248,8133.108532,265.0,,100.0,588.9453125,,0
1782299772.281257,8133.208540,264.0,,100.0,588.9453125,,0
1782299772.381250,8133.308535,267.0,,100.0,588.9453125,,0
1782299772.481251,8133.408534,268.0,,100.0,588.9453125,,0
1782299772.581245,8133.508530,266.0,,100.0,588.9453125,,0
1782299772.681242,8133.608526,267.0,,100.0,588.9453125,,0
1782299772.781249,8133.708534,267.0,,100.0,588.9453125,,0
1782299772.881247,8133.808531,266.0,,100.0,588.9453125,,0
1782299772.981253,8133.908537,266.0,,100.0,588.9453125,,0
1782299773.081247,8134.008532,266.0,,100.0,588.9453125,,0
1782299773.181243,8134.108528,266.0,,100.0,588.9453125,,0
1782299773.281252,8134.208536,266.0,,100.0,588.9453125,,0
1782299773.381254,8134.308538,267.0,,100.0,588.9453125,,0
1782299773.481247,8134.408532,267.0,,100.0,588.9453125,,0
1782299773.581244,8134.508528,267.0,,100.0,588.9453125,,0
1782299773.681251,8134.608536,267.0,,100.0,588.9453125,,0
1782299773.781244,8134.708528,265.0,,100.0,588.9453125,,0
1782299773.881249,8134.808534,265.0,,100.0,588.9453125,,0
1782299773.981255,8134.908539,266.0,,100.0,588.9453125,,0
1782299774.081248,8135.008533,266.0,,100.0,588.9453125,,0
1782299774.181247,8135.108532,267.0,,100.0,588.9453125,,0
1782299774.281247,8135.208532,268.0,,100.0,588.9453125,,0
1782299774.381198,8135.308483,38.0,,3.0,584.92578125,,0
1782299774.481261,8135.408545,27.0,,2.0,584.92578125,,0
1782299774.581250,8135.508534,22.0,,3.0,584.92578125,,0
1782299774.681275,8135.608561,36.0,,13.0,354.71484375,,0
1782299774.781260,8135.708545,30.0,,,354.71484375,,0
1782299774.881255,8135.808539,29.0,,,354.71484375,,0
1782299774.981194,8135.908479,20.0,,1.0,354.71484375,,0
1782299775.081261,8136.008546,30.0,,,354.71484375,,0
