sample_epoch,mono_s,power_w,energy_uj,gfx_busy_pct,vram_used_mb,sclk_mhz,device_id
1782300625.941070,8986.868353,16.0,,,354.71484375,,0
1782300626.041226,8986.968512,17.0,,2.0,354.71484375,,0
1782300626.141226,8987.068511,17.0,,,354.71484375,,0
1782300626.241224,8987.168509,16.0,,,354.71484375,,0
1782300626.341220,8987.268505,17.0,,1.0,354.71484375,,0
1782300626.443736,8987.371020,18.0,,,354.71484375,,0
1782300626.541136,8987.468420,17.0,,,354.71484375,,0
1782300626.641143,8987.568427,16.0,,,354.71484375,,0
1782300626.741230,8987.668514,16.0,,,354.71484375,,0
1782300626.841224,8987.768508,16.0,,,354.71484375,,0
1782300626.941227,8987.868511,16.0,,,354.71484375,,0
1782300627.041224,8987.968509,16.0,,,354.71484375,,0
1782300627.141225,8988.068509,16.0,,,354.71484375,,0
1782300627.241223,8988.168507,16.0,,,354.71484375,,0
1782300627.341226,8988.268510,17.0,,,354.71484375,,0
1782300627.441227,8988.368511,15.0,,,354.71484375,,0
1782300627.541228,8988.468511,16.0,,,354.71484375,,0
1782300627.641186,8988.568469,16.0,,,354.71484375,,0
1782300627.741225,8988.668509,17.0,,,354.71484375,,0
1782300627.841223,8988.768507,20.0,,,354.71484375,,0
1782300627.941227,8988.868511,16.0,,,354.71484375,,0
1782300628.041223,8988.968507,16.0,,,354.71484375,,0
1782300628.141225,8989.068509,20.0,,,354.71484375,,0
1782300628.241224,8989.168508,20.0,,,354.71484375,,0
1782300628.341222,8989.268507,20.0,,,354.71484375,,0
1782300628.441225,8989.368509,20.0,,,354.71484375,,0
1782300628.541217,8989.468501,16.0,,,354.71484375,,0
1782300628.641224,8989.568508,16.0,,,354.71484375,,0
1782300628.741226,8989.668510,17.0,,2.0,354.71484375,,0
1782300628.841231,8989.768515,21.0,,,354.71484375,,0
1782300628.941228,8989.868512,16.0,,,354.71484375,,0
1782300629.041226,8989.968510,15.0,,,354.71484375,,0
1782300629.141226,8990.068510,16.0,,,354.71484375,,0
1782300629.241221,8990.168505,15.0,,,354.71484375,,0
1782300629.341224,8990.268508,18.0,,,354.71484375,,0
1782300629.441220,8990.368504,17.0,,,354.71484375,,0
1782300629.541224,8990.468507,16.0,,,354.71484375,,0
1782300629.641223,8990.568508,15.0,,,354.71484375,,0
1782300629.741233,8990.668518,15.0,,,354.71484375,,0
1782300629.841227,8990.768511,21.0,,,354.71484375,,0
1782300629.941225,8990.868509,15.0,,,354.71484375,,0
1782300630.041229,8990.968513,16.0,,,354.71484375,,0
1782300630.141226,8991.068510,20.0,,,354.71484375,,0
1782300630.241221,8991.168505,15.0,,,354.71484375,,0
1782300630.341227,8991.268511,25.0,,3.0,354.71484375,,0
1782300630.441223,8991.368512,19.0,,3.0,354.71484375,,0
1782300630.541221,8991.468505,16.0,,,354.71484375,,0
1782300630.641221,8991.568505,16.0,,,354.71484375,,0
1782300630.741226,8991.668510,16.0,,,354.71484375,,0
1782300630.841224,8991.768508,17.0,,,354.71484375,,0
1782300630.941230,8991.868518,16.0,,,354.7265625,,0
1782300631.041151,8991.968435,20.0,,4.0,354.76171875,,0
1782300631.141145,8992.068430,17.0,,2.0,354.76171875,,0
1782300631.241160,8992.168445,16.0,,,354.76171875,,0
1782300631.341242,8992.268527,20.0,,3.0,555.5,,0
1782300631.441249,8992.368533,28.0,,29.0,588.9453125,,0
1782300631.541223,8992.468506,36.0,,43.0,588.9453125,,0
1782300631.641206,8992.568489,93.0,,100.0,588.9453125,,0
1782300631.741213,8992.668497,114.0,,100.0,588.9453125,,0
1782300631.841214,8992.768497,159.0,,100.0,588.9453125,,0
1782300631.941214,8992.868498,199.0,,100.0,588.9453125,,0
1782300632.041212,8992.968496,255.0,,100.0,588.9453125,,0
1782300632.141206,8993.068489,263.0,,100.0,588.9453125,,0
1782300632.241217,8993.168500,260.0,,100.0,588.9453125,,0
1782300632.341215,8993.268499,249.0,,100.0,588.9453125,,0
1782300632.441211,8993.368495,266.0,,100.0,588.9453125,,0
1782300632.541210,8993.468493,266.0,,100.0,588.9453125,,0
1782300632.641214,8993.568499,260.0,,100.0,588.9453125,,0
1782300632.741225,8993.668509,256.0,,100.0,588.9453125,,0
1782300632.841208,8993.768491,255.0,,100.0,588.9453125,,0
1782300632.941208,8993.868491,257.0,,99.0,588.9453125,,0
1782300633.041213,8993.968496,268.0,,99.0,588.9453125,,0
1782300633.141218,8994.068501,268.0,,100.0,588.9453125,,0
1782300633.241219,8994.168502,269.0,,99.0,588.9453125,,0
1782300633.341217,8994.268501,276.0,,100.0,588.9453125,,0
1782300633.441215,8994.368498,260.0,,100.0,588.9453125,,0
1782300633.541211,8994.468495,260.0,,100.0,588.9453125,,0
1782300633.641215,8994.568499,261.0,,100.0,588.9453125,,0
1782300633.741211,8994.668494,260.0,,100.0,588.9453125,,0
1782300633.841221,8994.768505,261.0,,100.0,588.9453125,,0
1782300633.941211,8994.868494,261.0,,100.0,588.9453125,,0
1782300634.041219,8994.968502,261.0,,100.0,588.9453125,,0
1782300634.141216,8995.068499,259.0,,100.0,588.9453125,,0
1782300634.241222,8995.168505,260.0,,100.0,588.9453125,,0
1782300634.341209,8995.268493,261.0,,100.0,588.9453125,,0
1782300634.441209,8995.368492,261.0,,100.0,588.9453125,,0
1782300634.541213,8995.468496,258.0,,100.0,588.9453125,,0
1782300634.641217,8995.568500,257.0,,100.0,588.9453125,,0
1782300634.741221,8995.668504,260.0,,100.0,588.9453125,,0
1782300634.841208,8995.768492,261.0,,100.0,588.9453125,,0
1782300634.941217,8995.868500,260.0,,100.0,588.9453125,,0
1782300635.041214,8995.968498,260.0,,100.0,588.9453125,,0
1782300635.141216,8996.068499,261.0,,100.0,588.9453125,,0
1782300635.241219,8996.168502,260.0,,100.0,588.9453125,,0
1782300635.341214,8996.268498,260.0,,100.0,588.9453125,,0
1782300635.441219,8996.368502,262.0,,100.0,588.9453125,,0
1782300635.541203,8996.468487,261.0,,100.0,588.9453125,,0
1782300635.641217,8996.568500,262.0,,100.0,588.9453125,,0
1782300635.741207,8996.668490,249.0,,99.0,588.9453125,,0
1782300635.841208,8996.768491,238.0,,100.0,588.9453125,,0
1782300635.941215,8996.868499,261.0,,100.0,588.9453125,,0
1782300636.041211,8996.968494,262.0,,100.0,588.9453125,,0
1782300636.141214,8997.068499,259.0,,100.0,588.9453125,,0
1782300636.241219,8997.168502,261.0,,100.0,588.9453125,,0
1782300636.341213,8997.268498,262.0,,100.0,588.9453125,,0
1782300636.441210,8997.368493,262.0,,100.0,588.9453125,,0
1782300636.541205,8997.468490,261.0,,100.0,588.9453125,,0
1782300636.641216,8997.568499,260.0,,100.0,588.9453125,,0
1782300636.741214,8997.668499,260.0,,100.0,588.9453125,,0
1782300636.841214,8997.768498,260.0,,100.0,588.9453125,,0
1782300636.941204,8997.868487,260.0,,100.0,588.9453125,,0
1782300637.041205,8997.968490,261.0,,100.0,588.9453125,,0
1782300637.141220,8998.068503,262.0,,100.0,588.9453125,,0
1782300637.241211,8998.168494,262.0,,100.0,588.9453125,,0
1782300637.341212,8998.268495,260.0,,100.0,588.9453125,,0
1782300637.441219,8998.368502,262.0,,100.0,588.9453125,,0
1782300637.541218,8998.468501,262.0,,100.0,588.9453125,,0
1782300637.641217,8998.568502,260.0,,100.0,588.9453125,,0
1782300637.741210,8998.668495,243.0,,100.0,588.9453125,,0
1782300637.841208,8998.768492,261.0,,100.0,588.9453125,,0
1782300637.941211,8998.868495,245.0,,99.0,588.9453125,,0
1782300638.041216,8998.968500,262.0,,100.0,588.9453125,,0
1782300638.141213,8999.068497,260.0,,100.0,588.9453125,,0
1782300638.241213,8999.168496,262.0,,100.0,588.9453125,,0
1782300638.341215,8999.268498,262.0,,100.0,588.9453125,,0
1782300638.441214,8999.368498,262.0,,100.0,588.9453125,,0
1782300638.541215,8999.468498,260.0,,100.0,588.9453125,,0
1782300638.641210,8999.568493,262.0,,100.0,588.9453125,,0
1782300638.741211,8999.668494,262.0,,100.0,588.9453125,,0
1782300638.841223,8999.768507,261.0,,100.0,588.9453125,,0
1782300638.941211,8999.868495,260.0,,100.0,588.9453125,,0
1782300639.041207,8999.968490,262.0,,100.0,588.9453125,,0
1782300639.141211,9000.068494,262.0,,100.0,588.9453125,,0
1782300639.241217,9000.168502,260.0,,100.0,588.9453125,,0
1782300639.341208,9000.268491,261.0,,100.0,588.9453125,,0
1782300639.441210,9000.368493,262.0,,100.0,588.9453125,,0
1782300639.541216,9000.468499,262.0,,100.0,588.9453125,,0
1782300639.641212,9000.568495,262.0,,100.0,588.9453125,,0
1782300639.741211,9000.668494,261.0,,100.0,588.9453125,,0
1782300639.841215,9000.768498,262.0,,100.0,588.9453125,,0
1782300639.941206,9000.868489,262.0,,100.0,588.9453125,,0
1782300640.041234,9000.968517,261.0,,100.0,588.9453125,,0
1782300640.141210,9001.068495,262.0,,100.0,588.9453125,,0
1782300640.241215,9001.168498,263.0,,100.0,588.9453125,,0
1782300640.341213,9001.268496,262.0,,100.0,588.9453125,,0
1782300640.441217,9001.368500,261.0,,100.0,588.9453125,,0
1782300640.541213,9001.468498,260.0,,100.0,588.9453125,,0
1782300640.641218,9001.568501,262.0,,100.0,588.9453125,,0
1782300640.741212,9001.668495,262.0,,100.0,588.9453125,,0
1782300640.841216,9001.768499,262.0,,100.0,588.9453125,,0
1782300640.941212,9001.868495,261.0,,100.0,588.9453125,,0
1782300641.041212,9001.968496,262.0,,100.0,588.9453125,,0
1782300641.141240,9002.068523,262.0,,100.0,588.9453125,,0
1782300641.241211,9002.168495,262.0,,100.0,588.9453125,,0
1782300641.341211,9002.268494,260.0,,100.0,588.9453125,,0
1782300641.441214,9002.368498,262.0,,100.0,588.9453125,,0
1782300641.541219,9002.468502,260.0,,100.0,588.9453125,,0
1782300641.641228,9002.568512,262.0,,100.0,588.9453125,,0
1782300641.741213,9002.668496,263.0,,100.0,588.9453125,,0
1782300641.841213,9002.768497,263.0,,100.0,588.9453125,,0
1782300641.941215,9002.868499,263.0,,100.0,588.9453125,,0
1782300642.041209,9002.968493,261.0,,100.0,588.9453125,,0
1782300642.141223,9003.068506,261.0,,100.0,588.9453125,,0
1782300642.241210,9003.168493,262.0,,100.0,588.9453125,,0
1782300642.341212,9003.268495,263.0,,100.0,588.9453125,,0
1782300642.441211,9003.368496,262.0,,100.0,588.9453125,,0
1782300642.541209,9003.468492,262.0,,100.0,588.9453125,,0
1782300642.641210,9003.568493,264.0,,100.0,588.9453125,,0
1782300642.741210,9003.668493,263.0,,100.0,588.9453125,,0
1782300642.841218,9003.768502,263.0,,100.0,588.9453125,,0
1782300642.941205,9003.868488,261.0,,100.0,588.9453125,,0
1782300643.041216,9003.968499,262.0,,100.0,588.9453125,,0
1782300643.141203,9004.068487,262.0,,100.0,588.9453125,,0
1782300643.241209,9004.168493,261.0,,100.0,588.9453125,,0
1782300643.341203,9004.268486,263.0,,100.0,588.9453125,,0
1782300643.441210,9004.368493,264.0,,100.0,588.9453125,,0
1782300643.541205,9004.468488,264.0,,100.0,588.9453125,,0
1782300643.641215,9004.568498,262.0,,100.0,588.9453125,,0
1782300643.741218,9004.668502,263.0,,100.0,588.9453125,,0
1782300643.841210,9004.768493,262.0,,100.0,588.9453125,,0
1782300643.941208,9004.868491,261.0,,100.0,588.9453125,,0
1782300644.041214,9004.968499,261.0,,100.0,588.9453125,,0
1782300644.141211,9005.068494,264.0,,100.0,588.9453125,,0
1782300644.241216,9005.168500,264.0,,100.0,588.9453125,,0
1782300644.341230,9005.268515,264.0,,100.0,588.9453125,,0
1782300644.441213,9005.368497,262.0,,100.0,588.9453125,,0
1782300644.541205,9005.468489,263.0,,100.0,588.9453125,,0
1782300644.641211,9005.568495,263.0,,100.0,588.9453125,,0
1782300644.741206,9005.668490,262.0,,100.0,588.9453125,,0
1782300644.841207,9005.768491,263.0,,100.0,588.9453125,,0
1782300644.941206,9005.868492,264.0,,100.0,588.9453125,,0
1782300645.041208,9005.968492,265.0,,100.0,588.9453125,,0
1782300645.141206,9006.068491,264.0,,100.0,588.9453125,,0
1782300645.241212,9006.168497,263.0,,100.0,588.9453125,,0
1782300645.341207,9006.268490,264.0,,100.0,588.9453125,,0
1782300645.441211,9006.368496,264.0,,100.0,588.9453125,,0
1782300645.541211,9006.468494,264.0,,100.0,588.9453125,,0
1782300645.641209,9006.568493,262.0,,100.0,588.9453125,,0
1782300645.741215,9006.668500,263.0,,100.0,588.9453125,,0
1782300645.841206,9006.768491,264.0,,100.0,588.9453125,,0
1782300645.941214,9006.868498,264.0,,100.0,588.9453125,,0
1782300646.041214,9006.968498,262.0,,100.0,588.9453125,,0
1782300646.141211,9007.068494,263.0,,100.0,588.9453125,,0
1782300646.241207,9007.168491,264.0,,100.0,588.9453125,,0
1782300646.341206,9007.268489,263.0,,100.0,588.9453125,,0
1782300646.441211,9007.368494,264.0,,100.0,588.9453125,,0
1782300646.541207,9007.468490,264.0,,100.0,588.9453125,,0
1782300646.641213,9007.568496,264.0,,100.0,588.9453125,,0
1782300646.741217,9007.668502,264.0,,100.0,588.9453125,,0
1782300646.841209,9007.768494,263.0,,100.0,588.9453125,,0
1782300646.941213,9007.868498,265.0,,100.0,588.9453125,,0
1782300647.041152,9007.968437,265.0,,100.0,588.9453125,,0
1782300647.141214,9008.068499,265.0,,100.0,588.9453125,,0
1782300647.241207,9008.168490,262.0,,100.0,588.9453125,,0
1782300647.341206,9008.268491,263.0,,100.0,588.9453125,,0
1782300647.441207,9008.368490,263.0,,100.0,588.9453125,,0
1782300647.541211,9008.468495,262.0,,100.0,588.9453125,,0
1782300647.641211,9008.568494,265.0,,100.0,588.9453125,,0
1782300647.741212,9008.668495,265.0,,100.0,588.9453125,,0
1782300647.841209,9008.768492,264.0,,100.0,588.9453125,,0
1782300647.941208,9008.868492,263.0,,100.0,588.9453125,,0
1782300648.041207,9008.968491,263.0,,100.0,588.9453125,,0
1782300648.141213,9009.068498,264.0,,100.0,588.9453125,,0
1782300648.241214,9009.168497,264.0,,100.0,588.9453125,,0
1782300648.341216,9009.268499,263.0,,100.0,588.9453125,,0
1782300648.441215,9009.368500,263.0,,100.0,588.9453125,,0
1782300648.541207,9009.468490,265.0,,100.0,588.9453125,,0
1782300648.641211,9009.568494,265.0,,100.0,588.9453125,,0
1782300648.741209,9009.668494,265.0,,100.0,588.9453125,,0
1782300648.841209,9009.768494,265.0,,100.0,588.9453125,,0
1782300648.941207,9009.868490,270.0,,99.0,588.9453125,,0
1782300649.041208,9009.968492,273.0,,100.0,588.9453125,,0
1782300649.141211,9010.068496,272.0,,100.0,588.9453125,,0
1782300649.241210,9010.168493,274.0,,100.0,588.9453125,,0
1782300649.341206,9010.268490,267.0,,99.0,588.9453125,,0
1782300649.441207,9010.368492,255.0,,100.0,588.9453125,,0
1782300649.541212,9010.468496,266.0,,100.0,588.9453125,,0
1782300649.641207,9010.568492,272.0,,99.0,588.9453125,,0
1782300649.741209,9010.668492,265.0,,100.0,588.9453125,,0
1782300649.841209,9010.768492,271.0,,100.0,588.9453125,,0
1782300649.941206,9010.868489,273.0,,100.0,588.9453125,,0
1782300650.041207,9010.968491,272.0,,100.0,588.9453125,,0
1782300650.141212,9011.068495,262.0,,100.0,588.9453125,,0
1782300650.241210,9011.168493,266.0,,100.0,588.9453125,,0
1782300650.341206,9011.268491,263.0,,100.0,588.9453125,,0
1782300650.441207,9011.368492,264.0,,100.0,588.9453125,,0
1782300650.541209,9011.468493,265.0,,100.0,588.9453125,,0
1782300650.641206,9011.568489,243.0,,100.0,588.9453125,,0
1782300650.741206,9011.668489,264.0,,100.0,588.9453125,,0
1782300650.841204,9011.768489,266.0,,100.0,588.9453125,,0
1782300650.941210,9011.868495,265.0,,100.0,588.9453125,,0
1782300651.041208,9011.968493,266.0,,100.0,588.9453125,,0
1782300651.141206,9012.068490,273.0,,100.0,588.9453125,,0
1782300651.241212,9012.168497,274.0,,99.0,588.9453125,,0
1782300651.341212,9012.268497,265.0,,100.0,588.9453125,,0
1782300651.441215,9012.368498,265.0,,100.0,588.9453125,,0
1782300651.541213,9012.468498,264.0,,100.0,588.9453125,,0
1782300651.641205,9012.568490,264.0,,100.0,588.9453125,,0
1782300651.741207,9012.668490,265.0,,100.0,588.9453125,,0
1782300651.841208,9012.768492,266.0,,100.0,588.9453125,,0
1782300651.941206,9012.868489,264.0,,100.0,588.9453125,,0
1782300652.041208,9012.968492,264.0,,100.0,588.9453125,,0
1782300652.141229,9013.068515,266.0,,100.0,588.9453125,,0
1782300652.241207,9013.168491,267.0,,100.0,588.9453125,,0
1782300652.341207,9013.268491,267.0,,100.0,588.9453125,,0
1782300652.441220,9013.368504,266.0,,100.0,588.9453125,,0
1782300652.541211,9013.468494,263.0,,100.0,588.9453125,,0
1782300652.641207,9013.568490,263.0,,100.0,588.9453125,,0
1782300652.741210,9013.668494,265.0,,100.0,588.9453125,,0
1782300652.841208,9013.768493,264.0,,100.0,588.9453125,,0
1782300652.941210,9013.868493,267.0,,100.0,588.9453125,,0
1782300653.041205,9013.968490,267.0,,100.0,588.9453125,,0
1782300653.141217,9014.068502,267.0,,100.0,588.9453125,,0
1782300653.241215,9014.168498,265.0,,100.0,588.9453125,,0
1782300653.341207,9014.268490,266.0,,100.0,588.9453125,,0
1782300653.441208,9014.368493,266.0,,100.0,588.9453125,,0
1782300653.541207,9014.468492,264.0,,100.0,588.9453125,,0
1782300653.641206,9014.568489,266.0,,100.0,588.9453125,,0
1782300653.741220,9014.668504,264.0,,100.0,588.9453125,,0
1782300653.841211,9014.768495,266.0,,100.0,588.9453125,,0
1782300653.941207,9014.868490,267.0,,100.0,588.9453125,,0
1782300654.041209,9014.968494,265.0,,100.0,588.9453125,,0
1782300654.141205,9015.068490,266.0,,100.0,588.9453125,,0
1782300654.241218,9015.168501,265.0,,100.0,588.9453125,,0
1782300654.341215,9015.268500,264.0,,100.0,588.9453125,,0
1782300654.441216,9015.368501,265.0,,100.0,588.9453125,,0
1782300654.541207,9015.468490,265.0,,100.0,588.9453125,,0
1782300654.641211,9015.568496,267.0,,100.0,588.9453125,,0
1782300654.741207,9015.668491,265.0,,100.0,588.9453125,,0
1782300654.841207,9015.768491,267.0,,100.0,588.9453125,,0
1782300654.941209,9015.868493,266.0,,100.0,588.9453125,,0
1782300655.041206,9015.968491,266.0,,100.0,588.9453125,,0
1782300655.141209,9016.068492,265.0,,100.0,588.9453125,,0
1782300655.241216,9016.168500,228.0,,100.0,588.9453125,,0
1782300655.341207,9016.268492,266.0,,100.0,588.9453125,,0
1782300655.441206,9016.368490,267.0,,100.0,588.9453125,,0
1782300655.541207,9016.468492,264.0,,100.0,588.9453125,,0
1782300655.641210,9016.568493,266.0,,100.0,588.9453125,,0
1782300655.741209,9016.668494,267.0,,100.0,588.9453125,,0
1782300655.841208,9016.768492,267.0,,100.0,588.9453125,,0
1782300655.941208,9016.868492,266.0,,100.0,588.9453125,,0
1782300656.041213,9016.968497,267.0,,100.0,588.9453125,,0
1782300656.141213,9017.068496,265.0,,100.0,588.9453125,,0
1782300656.241214,9017.168498,263.0,,100.0,588.9453125,,0
1782300656.341207,9017.268490,266.0,,100.0,588.9453125,,0
1782300656.441206,9017.368489,267.0,,100.0,588.9453125,,0
1782300656.541210,9017.468495,268.0,,100.0,588.9453125,,0
1782300656.641209,9017.568493,266.0,,100.0,588.9453125,,0
1782300656.741229,9017.668513,266.0,,100.0,588.9453125,,0
1782300656.841208,9017.768492,248.0,,100.0,588.9453125,,0
1782300656.941216,9017.868501,264.0,,100.0,588.9453125,,0
1782300657.041210,9017.968493,267.0,,100.0,588.9453125,,0
1782300657.141221,9018.068505,264.0,,100.0,588.9453125,,0
1782300657.241207,9018.168490,266.0,,100.0,588.9453125,,0
1782300657.341206,9018.268490,267.0,,100.0,588.9453125,,0
1782300657.441211,9018.368496,263.0,,99.0,588.9453125,,0
1782300657.541209,9018.468493,267.0,,100.0,588.9453125,,0
1782300657.641207,9018.568491,267.0,,100.0,588.9453125,,0
1782300657.741205,9018.668490,267.0,,100.0,588.9453125,,0
1782300657.841206,9018.768489,265.0,,100.0,588.9453125,,0
1782300657.941212,9018.868496,265.0,,100.0,588.9453125,,0
1782300658.041212,9018.968497,266.0,,100.0,588.9453125,,0
1782300658.141207,9019.068491,266.0,,100.0,588.9453125,,0
1782300658.241207,9019.168491,265.0,,100.0,588.9453125,,0
1782300658.341206,9019.268491,265.0,,100.0,588.9453125,,0
1782300658.441209,9019.368492,267.0,,100.0,588.9453125,,0
1782300658.541208,9019.468491,266.0,,100.0,588.9453125,,0
1782300658.641212,9019.568496,266.0,,100.0,588.9453125,,0
1782300658.741206,9019.668491,267.0,,100.0,588.9453125,,0
1782300658.841206,9019.768491,265.0,,100.0,588.9453125,,0
1782300658.941207,9019.868490,265.0,,100.0,588.9453125,,0
1782300659.041209,9019.968493,264.0,,100.0,588.9453125,,0
1782300659.141210,9020.068494,265.0,,100.0,588.9453125,,0
1782300659.241209,9020.168493,267.0,,100.0,588.9453125,,0
1782300659.341213,9020.268497,267.0,,100.0,588.9453125,,0
1782300659.441207,9020.368491,267.0,,100.0,588.9453125,,0
1782300659.541207,9020.468491,265.0,,100.0,588.9453125,,0
1782300659.641206,9020.568490,267.0,,100.0,588.9453125,,0
1782300659.741207,9020.668492,267.0,,100.0,588.9453125,,0
1782300659.841207,9020.768490,266.0,,100.0,588.9453125,,0
1782300659.941211,9020.868496,266.0,,100.0,588.9453125,,0
1782300660.041209,9020.968494,269.0,,100.0,588.9453125,,0
1782300660.141214,9021.068499,273.0,,100.0,588.9453125,,0
1782300660.241210,9021.168493,268.0,,100.0,588.9453125,,0
1782300660.341215,9021.268500,263.0,,100.0,588.9453125,,0
1782300660.441206,9021.368490,262.0,,100.0,588.9453125,,0
1782300660.541207,9021.468492,263.0,,100.0,588.9453125,,0
1782300660.641213,9021.568496,263.0,,100.0,588.9453125,,0
1782300660.741216,9021.668500,262.0,,100.0,588.9453125,,0
1782300660.841213,9021.768497,262.0,,100.0,588.9453125,,0
1782300660.941207,9021.868492,263.0,,100.0,588.9453125,,0
1782300661.041208,9021.968491,263.0,,100.0,588.9453125,,0
1782300661.141209,9022.068493,266.0,,100.0,588.9453125,,0
1782300661.241210,9022.168493,267.0,,100.0,588.9453125,,0
1782300661.341207,9022.268492,267.0,,100.0,588.9453125,,0
1782300661.441206,9022.368492,265.0,,100.0,588.9453125,,0
1782300661.541209,9022.468492,265.0,,100.0,588.9453125,,0
1782300661.641216,9022.568499,267.0,,100.0,588.9453125,,0
1782300661.741210,9022.668495,267.0,,100.0,588.9453125,,0
1782300661.841207,9022.768492,265.0,,100.0,588.9453125,,0
1782300661.941206,9022.868491,267.0,,100.0,588.9453125,,0
1782300662.041210,9022.968494,268.0,,100.0,588.9453125,,0
1782300662.141215,9023.068499,267.0,,100.0,588.9453125,,0
1782300662.241207,9023.168491,266.0,,100.0,588.9453125,,0
1782300662.341207,9023.268491,267.0,,100.0,588.9453125,,0
1782300662.441210,9023.368494,266.0,,100.0,588.9453125,,0
1782300662.541206,9023.468490,265.0,,100.0,588.9453125,,0
1782300662.641209,9023.568492,265.0,,100.0,588.9453125,,0
1782300662.741208,9023.668493,268.0,,100.0,588.9453125,,0
1782300662.841218,9023.768502,268.0,,100.0,588.9453125,,0
1782300662.941213,9023.868497,268.0,,100.0,588.9453125,,0
1782300663.041207,9023.968492,266.0,,100.0,588.9453125,,0
1782300663.141206,9024.068491,267.0,,100.0,588.9453125,,0
1782300663.241211,9024.168496,267.0,,100.0,588.9453125,,0
1782300663.341208,9024.268492,265.0,,100.0,588.9453125,,0
1782300663.441206,9024.368490,266.0,,100.0,588.9453125,,0
1782300663.541212,9024.468496,267.0,,100.0,588.9453125,,0
1782300663.641207,9024.568492,267.0,,100.0,588.9453125,,0
1782300663.741208,9024.668492,266.0,,100.0,588.9453125,,0
1782300663.841205,9024.768490,264.0,,100.0,588.9453125,,0
1782300663.941208,9024.868492,267.0,,100.0,588.9453125,,0
1782300664.041209,9024.968494,268.0,,100.0,588.9453125,,0
1782300664.141212,9025.068496,267.0,,100.0,588.9453125,,0
1782300664.241208,9025.168492,267.0,,100.0,588.9453125,,0
1782300664.341207,9025.268491,267.0,,100.0,588.9453125,,0
1782300664.441216,9025.368500,267.0,,100.0,588.9453125,,0
1782300664.541210,9025.468494,266.0,,100.0,588.9453125,,0
1782300664.641209,9025.568494,266.0,,100.0,588.9453125,,0
1782300664.741209,9025.668493,267.0,,100.0,588.9453125,,0
1782300664.841207,9025.768491,267.0,,100.0,588.9453125,,0
1782300664.941208,9025.868493,265.0,,100.0,588.9453125,,0
1782300665.041214,9025.968499,266.0,,100.0,588.9453125,,0
1782300665.141213,9026.068496,267.0,,100.0,588.9453125,,0
1782300665.241208,9026.168493,267.0,,100.0,588.9453125,,0
1782300665.341207,9026.268492,268.0,,100.0,588.9453125,,0
1782300665.441218,9026.368502,266.0,,100.0,588.9453125,,0
1782300665.541214,9026.468497,267.0,,100.0,588.9453125,,0
1782300665.641208,9026.568491,267.0,,100.0,588.9453125,,0
1782300665.741213,9026.668497,266.0,,100.0,588.9453125,,0
1782300665.841206,9026.768490,266.0,,100.0,588.9453125,,0
1782300665.941208,9026.868492,269.0,,99.0,588.9453125,,0
1782300666.041210,9026.968493,274.0,,99.0,588.9453125,,0
1782300666.141214,9027.068498,267.0,,100.0,588.9453125,,0
1782300666.241211,9027.168495,249.0,,99.0,588.9453125,,0
1782300666.341206,9027.268490,265.0,,99.0,588.9453125,,0
1782300666.441206,9027.368491,267.0,,100.0,588.9453125,,0
1782300666.541212,9027.468497,229.0,,85.0,588.9453125,,0
1782300666.641214,9027.568498,28.0,,3.0,588.9453125,,0
1782300666.741214,9027.668498,25.0,,4.0,588.9453125,,0
1782300666.841217,9027.768502,22.0,,3.0,588.9453125,,0
1782300666.941214,9027.868497,26.0,,3.0,588.9453125,,0
1782300667.041214,9027.968497,22.0,,4.0,588.9453125,,0
1782300667.141214,9028.068499,22.0,,3.0,588.9453125,,0
1782300667.241213,9028.168496,25.0,,3.0,588.9453125,,0
1782300667.341218,9028.268501,24.0,,3.0,588.9453125,,0
1782300667.441220,9028.368503,23.0,,3.0,588.9453125,,0
1782300667.541212,9028.468495,24.0,,3.0,588.9453125,,0
1782300667.641215,9028.568498,26.0,,3.0,588.9453125,,0
1782300667.741215,9028.668498,23.0,,3.0,588.9453125,,0
1782300667.841212,9028.768495,22.0,,3.0,588.9453125,,0
1782300667.941213,9028.868497,22.0,,3.0,588.9453125,,0
1782300668.041215,9028.968498,25.0,,3.0,588.9453125,,0
1782300668.141212,9029.068495,24.0,,3.0,588.9453125,,0
1782300668.241210,9029.168493,22.0,,3.0,588.9453125,,0
1782300668.341214,9029.268497,22.0,,3.0,588.9453125,,0
1782300668.441216,9029.368499,25.0,,3.0,588.9453125,,0
1782300668.541214,9029.468497,24.0,,4.0,588.9453125,,0
1782300668.641214,9029.568499,22.0,,3.0,588.9453125,,0
1782300668.741214,9029.668497,23.0,,3.0,588.9453125,,0
1782300668.841214,9029.768497,22.0,,3.0,588.9453125,,0
1782300668.941215,9029.868498,22.0,,3.0,588.9453125,,0
1782300669.041213,9029.968496,22.0,,3.0,588.9453125,,0
1782300669.141214,9030.068497,25.0,,2.0,588.9453125,,0
1782300669.241213,9030.168497,22.0,,3.0,588.9453125,,0
1782300669.341210,9030.268494,23.0,,3.0,588.9453125,,0
1782300669.441217,9030.368501,26.0,,3.0,588.9453125,,0
1782300669.541212,9030.468495,21.0,,3.0,588.9453125,,0
1782300669.641213,9030.568496,26.0,,2.0,588.9453125,,0
1782300669.741212,9030.668497,23.0,,3.0,588.9453125,,0
1782300669.841211,9030.768494,21.0,,3.0,588.9453125,,0
1782300669.941210,9030.868493,20.0,,3.0,588.9453125,,0
1782300670.041215,9030.968498,24.0,,3.0,588.9453125,,0
1782300670.141214,9031.068498,23.0,,2.0,588.9453125,,0
1782300670.241215,9031.168499,22.0,,3.0,588.9453125,,0
1782300670.341214,9031.268498,22.0,,3.0,588.9453125,,0
1782300670.441212,9031.368497,22.0,,3.0,588.9453125,,0
1782300670.541213,9031.468496,23.0,,3.0,588.9453125,,0
1782300670.641214,9031.568498,22.0,,3.0,588.9453125,,0
1782300670.741218,9031.668501,21.0,,4.0,588.9453125,,0
1782300670.841215,9031.768499,23.0,,3.0,588.9453125,,0
1782300670.941215,9031.868498,23.0,,3.0,588.9453125,,0
1782300671.041212,9031.968496,21.0,,3.0,588.9453125,,0
1782300671.141214,9032.068499,25.0,,2.0,588.9453125,,0
1782300671.241211,9032.168495,21.0,,3.0,588.9453125,,0
1782300671.341212,9032.268497,24.0,,3.0,588.9453125,,0
1782300671.441213,9032.368497,21.0,,3.0,588.9453125,,0
1782300671.541130,9032.468413,40.0,,17.0,588.9453125,,0
1782300671.641128,9032.568411,172.0,,100.0,588.9453125,,0
1782300671.741128,9032.668411,210.0,,100.0,588.9453125,,0
1782300671.841126,9032.768409,234.0,,100.0,588.9453125,,0
1782300671.941125,9032.868408,232.0,,100.0,588.9453125,,0
1782300672.041125,9032.968408,233.0,,100.0,588.9453125,,0
1782300672.141126,9033.068409,237.0,,100.0,588.9453125,,0
1782300672.241150,9033.168434,240.0,,100.0,588.9453125,,0
1782300672.341157,9033.268442,241.0,,100.0,588.9453125,,0
1782300672.441129,9033.368412,243.0,,100.0,588.9453125,,0
1782300672.541141,9033.468426,246.0,,100.0,588.9453125,,0
1782300672.641234,9033.568517,249.0,,100.0,588.9453125,,0
1782300672.741132,9033.668416,257.0,,100.0,588.9453125,,0
1782300672.841157,9033.768442,259.0,,100.0,588.9453125,,0
1782300672.941133,9033.868416,262.0,,100.0,588.9453125,,0
1782300673.041131,9033.968414,262.0,,100.0,588.9453125,,0
1782300673.141203,9034.068487,261.0,,100.0,588.9453125,,0
1782300673.241207,9034.168491,261.0,,100.0,588.9453125,,0
1782300673.341207,9034.268490,261.0,,100.0,588.9453125,,0
1782300673.441203,9034.368487,262.0,,100.0,588.9453125,,0
1782300673.541129,9034.468412,261.0,,100.0,588.9453125,,0
1782300673.641202,9034.568486,261.0,,100.0,588.9453125,,0
1782300673.741130,9034.668413,262.0,,100.0,588.9453125,,0
1782300673.841200,9034.768484,263.0,,100.0,588.9453125,,0
1782300673.941206,9034.868490,263.0,,100.0,588.9453125,,0
1782300674.041203,9034.968487,263.0,,100.0,588.9453125,,0
1782300674.141204,9035.068487,262.0,,100.0,588.9453125,,0
1782300674.241202,9035.168485,262.0,,100.0,588.9453125,,0
1782300674.341158,9035.268442,263.0,,100.0,588.9453125,,0
1782300674.441203,9035.368487,262.0,,100.0,588.9453125,,0
1782300674.541192,9035.468475,261.0,,100.0,588.9453125,,0
1782300674.641156,9035.568441,262.0,,100.0,588.9453125,,0
1782300674.741204,9035.668488,263.0,,100.0,588.9453125,,0
1782300674.841179,9035.768463,262.0,,100.0,588.9453125,,0
1782300674.941201,9035.868485,264.0,,100.0,588.9453125,,0
1782300675.041150,9035.968435,264.0,,100.0,588.9453125,,0
1782300675.141136,9036.068420,264.0,,100.0,588.9453125,,0
1782300675.241134,9036.168418,262.0,,100.0,588.9453125,,0
1782300675.341134,9036.268417,264.0,,100.0,588.9453125,,0
1782300675.441135,9036.368419,263.0,,100.0,588.9453125,,0
1782300675.541132,9036.468416,263.0,,100.0,588.9453125,,0
1782300675.641135,9036.568418,262.0,,100.0,588.9453125,,0
1782300675.741135,9036.668418,262.0,,100.0,588.9453125,,0
1782300675.841149,9036.768434,264.0,,100.0,588.9453125,,0
1782300675.941139,9036.868423,264.0,,100.0,588.9453125,,0
1782300676.041143,9036.968428,262.0,,100.0,588.9453125,,0
1782300676.141137,9037.068421,264.0,,100.0,588.9453125,,0
1782300676.241135,9037.168419,264.0,,100.0,588.9453125,,0
1782300676.341134,9037.268418,264.0,,100.0,588.9453125,,0
1782300676.441134,9037.368418,262.0,,100.0,588.9453125,,0
1782300676.541133,9037.468417,263.0,,100.0,588.9453125,,0
1782300676.641136,9037.568419,264.0,,100.0,588.9453125,,0
1782300676.741149,9037.668433,263.0,,100.0,588.9453125,,0
1782300676.841138,9037.768422,261.0,,100.0,588.9453125,,0
1782300676.941136,9037.868420,239.0,,100.0,588.9453125,,0
1782300677.041149,9037.968434,264.0,,100.0,588.9453125,,0
1782300677.141149,9038.068433,264.0,,100.0,588.9453125,,0
1782300677.241137,9038.168421,262.0,,100.0,588.9453125,,0
1782300677.341134,9038.268417,263.0,,100.0,588.9453125,,0
1782300677.441134,9038.368417,255.0,,100.0,588.9453125,,0
1782300677.541134,9038.468417,244.0,,99.0,588.9453125,,0
1782300677.641134,9038.568417,263.0,,100.0,588.9453125,,0
1782300677.741134,9038.668418,263.0,,100.0,588.9453125,,0
1782300677.841134,9038.768417,263.0,,100.0,588.9453125,,0
1782300677.941133,9038.868416,262.0,,100.0,588.9453125,,0
1782300678.041133,9038.968417,263.0,,100.0,588.9453125,,0
1782300678.141133,9039.068416,263.0,,100.0,588.9453125,,0
1782300678.241133,9039.168417,264.0,,100.0,588.9453125,,0
1782300678.341133,9039.268417,264.0,,100.0,588.9453125,,0
1782300678.441133,9039.368416,262.0,,100.0,588.9453125,,0
1782300678.541132,9039.468416,264.0,,100.0,588.9453125,,0
1782300678.641133,9039.568416,264.0,,100.0,588.9453125,,0
1782300678.741132,9039.668416,264.0,,100.0,588.9453125,,0
1782300678.841133,9039.768416,263.0,,100.0,588.9453125,,0
1782300678.941134,9039.868418,262.0,,100.0,588.9453125,,0
1782300679.041136,9039.968419,262.0,,100.0,588.9453125,,0
1782300679.141135,9040.068418,262.0,,100.0,588.9453125,,0
1782300679.241133,9040.168416,263.0,,100.0,588.9453125,,0
1782300679.341133,9040.268416,263.0,,100.0,588.9453125,,0
1782300679.441133,9040.368416,264.0,,100.0,588.9453125,,0
1782300679.541132,9040.468416,262.0,,100.0,588.9453125,,0
1782300679.641134,9040.568417,263.0,,100.0,588.9453125,,0
1782300679.741136,9040.668419,264.0,,100.0,588.9453125,,0
1782300679.841133,9040.768416,264.0,,100.0,588.9453125,,0
1782300679.941133,9040.868416,263.0,,100.0,588.9453125,,0
1782300680.041133,9040.968417,262.0,,100.0,588.9453125,,0
1782300680.141133,9041.068416,263.0,,100.0,588.9453125,,0
1782300680.241133,9041.168417,264.0,,100.0,588.9453125,,0
1782300680.341133,9041.268416,263.0,,100.0,588.9453125,,0
1782300680.441132,9041.368416,263.0,,100.0,588.9453125,,0
1782300680.541132,9041.468416,264.0,,100.0,588.9453125,,0
1782300680.641132,9041.568415,264.0,,100.0,588.9453125,,0
1782300680.741132,9041.668416,263.0,,100.0,588.9453125,,0
1782300680.841133,9041.768417,262.0,,100.0,588.9453125,,0
1782300680.941132,9041.868415,263.0,,100.0,588.9453125,,0
1782300681.041132,9041.968416,264.0,,100.0,588.9453125,,0
1782300681.141132,9042.068415,263.0,,100.0,588.9453125,,0
1782300681.241132,9042.168416,264.0,,100.0,588.9453125,,0
1782300681.341133,9042.268416,265.0,,100.0,588.9453125,,0
1782300681.441133,9042.368416,265.0,,100.0,588.9453125,,0
1782300681.541132,9042.468416,263.0,,100.0,588.9453125,,0
1782300681.641133,9042.568417,262.0,,100.0,588.9453125,,0
1782300681.741132,9042.668416,263.0,,100.0,588.9453125,,0
1782300681.841133,9042.768416,262.0,,99.0,588.9453125,,0
1782300681.941133,9042.868416,264.0,,100.0,588.9453125,,0
1782300682.041133,9042.968416,264.0,,100.0,588.9453125,,0
1782300682.141133,9043.068416,254.0,,99.0,588.9453125,,0
1782300682.241133,9043.168416,265.0,,99.0,588.9453125,,0
1782300682.341133,9043.268416,264.0,,100.0,588.9453125,,0
1782300682.441133,9043.368416,261.0,,99.0,588.9453125,,0
1782300682.541132,9043.468416,261.0,,99.0,588.9453125,,0
1782300682.641132,9043.568415,262.0,,100.0,588.9453125,,0
1782300682.741133,9043.668417,253.0,,99.0,588.9453125,,0
1782300682.841132,9043.768415,266.0,,100.0,588.9453125,,0
1782300682.941133,9043.868417,262.0,,100.0,588.9453125,,0
1782300683.041132,9043.968416,268.0,,100.0,588.9453125,,0
1782300683.141133,9044.068417,273.0,,99.0,588.9453125,,0
1782300683.241134,9044.168418,261.0,,100.0,588.9453125,,0
1782300683.341133,9044.268416,263.0,,100.0,588.9453125,,0
1782300683.441133,9044.368416,264.0,,100.0,588.9453125,,0
1782300683.541133,9044.468416,264.0,,100.0,588.9453125,,0
1782300683.641136,9044.568419,266.0,,100.0,588.9453125,,0
1782300683.741149,9044.668434,265.0,,100.0,588.9453125,,0
1782300683.841149,9044.768434,263.0,,100.0,588.9453125,,0
1782300683.941149,9044.868434,264.0,,100.0,588.9453125,,0
1782300684.041150,9044.968435,265.0,,100.0,588.9453125,,0
1782300684.141150,9045.068434,264.0,,100.0,588.9453125,,0
1782300684.241149,9045.168434,263.0,,100.0,588.9453125,,0
1782300684.341137,9045.268421,263.0,,100.0,588.9453125,,0
1782300684.441134,9045.368418,265.0,,100.0,588.9453125,,0
1782300684.541134,9045.468418,266.0,,100.0,588.9453125,,0
1782300684.641134,9045.568417,266.0,,100.0,588.9453125,,0
1782300684.741133,9045.668416,264.0,,100.0,588.9453125,,0
1782300684.841133,9045.768416,264.0,,100.0,588.9453125,,0
1782300684.941133,9045.868417,265.0,,100.0,588.9453125,,0
1782300685.041133,9045.968417,265.0,,100.0,588.9453125,,0
1782300685.141133,9046.068417,265.0,,100.0,588.9453125,,0
1782300685.241133,9046.168416,265.0,,100.0,588.9453125,,0
1782300685.341133,9046.268417,264.0,,100.0,588.9453125,,0
1782300685.441135,9046.368418,264.0,,100.0,588.9453125,,0
1782300685.541134,9046.468417,264.0,,100.0,588.9453125,,0
1782300685.641137,9046.568421,266.0,,100.0,588.9453125,,0
1782300685.741135,9046.668419,266.0,,100.0,588.9453125,,0
1782300685.841135,9046.768418,265.0,,100.0,588.9453125,,0
1782300685.941133,9046.868417,264.0,,100.0,588.9453125,,0
1782300686.041133,9046.968416,265.0,,100.0,588.9453125,,0
1782300686.141139,9047.068424,265.0,,100.0,588.9453125,,0
1782300686.241135,9047.168419,266.0,,100.0,588.9453125,,0
1782300686.341134,9047.268418,265.0,,100.0,588.9453125,,0
1782300686.441133,9047.368417,265.0,,100.0,588.9453125,,0
1782300686.541134,9047.468417,266.0,,100.0,588.9453125,,0
1782300686.641133,9047.568416,266.0,,100.0,588.9453125,,0
1782300686.741132,9047.668416,264.0,,100.0,588.9453125,,0
1782300686.841133,9047.768416,266.0,,100.0,588.9453125,,0
1782300686.941134,9047.868418,265.0,,100.0,588.9453125,,0
1782300687.041134,9047.968418,265.0,,100.0,588.9453125,,0
1782300687.141133,9048.068417,264.0,,100.0,588.9453125,,0
1782300687.241133,9048.168417,266.0,,100.0,588.9453125,,0
1782300687.341133,9048.268416,266.0,,100.0,588.9453125,,0
1782300687.441132,9048.368415,264.0,,100.0,588.9453125,,0
1782300687.541132,9048.468416,265.0,,100.0,588.9453125,,0
1782300687.641134,9048.568417,266.0,,100.0,588.9453125,,0
1782300687.741133,9048.668416,265.0,,100.0,588.9453125,,0
1782300687.841133,9048.768416,265.0,,100.0,588.9453125,,0
1782300687.941133,9048.868417,264.0,,100.0,588.9453125,,0
1782300688.041133,9048.968416,265.0,,100.0,588.9453125,,0
1782300688.141133,9049.068416,266.0,,100.0,588.9453125,,0
1782300688.241133,9049.168416,265.0,,100.0,588.9453125,,0
1782300688.341133,9049.268416,266.0,,100.0,588.9453125,,0
1782300688.441133,9049.368417,214.0,,100.0,588.9453125,,0
1782300688.541132,9049.468416,266.0,,100.0,588.9453125,,0
1782300688.641133,9049.568416,264.0,,100.0,588.9453125,,0
1782300688.741132,9049.668416,265.0,,100.0,588.9453125,,0
1782300688.841133,9049.768416,266.0,,100.0,588.9453125,,0
1782300688.941132,9049.868416,266.0,,100.0,588.9453125,,0
1782300689.041132,9049.968416,266.0,,100.0,588.9453125,,0
1782300689.141133,9050.068416,239.0,,100.0,588.9453125,,0
1782300689.241133,9050.168417,267.0,,100.0,588.9453125,,0
1782300689.341133,9050.268416,244.0,,99.0,588.9453125,,0
1782300689.441133,9050.368416,264.0,,100.0,588.9453125,,0
1782300689.541133,9050.468416,265.0,,100.0,588.9453125,,0
1782300689.641134,9050.568418,266.0,,100.0,588.9453125,,0
1782300689.741133,9050.668417,266.0,,100.0,588.9453125,,0
1782300689.841133,9050.768416,265.0,,100.0,588.9453125,,0
1782300689.941132,9050.868416,266.0,,100.0,588.9453125,,0
1782300690.041133,9050.968417,255.0,,99.0,588.9453125,,0
1782300690.141133,9051.068417,266.0,,100.0,588.9453125,,0
1782300690.241133,9051.168416,265.0,,100.0,588.9453125,,0
1782300690.341133,9051.268416,264.0,,99.0,588.9453125,,0
1782300690.441133,9051.368416,266.0,,100.0,588.9453125,,0
1782300690.541132,9051.468416,267.0,,100.0,588.9453125,,0
1782300690.641133,9051.568416,264.0,,100.0,588.9453125,,0
1782300690.741132,9051.668416,264.0,,100.0,588.9453125,,0
1782300690.841133,9051.768416,267.0,,100.0,588.9453125,,0
1782300690.941135,9051.868419,267.0,,100.0,588.9453125,,0
1782300691.041134,9051.968417,266.0,,100.0,588.9453125,,0
1782300691.141134,9052.068417,266.0,,100.0,588.9453125,,0
1782300691.241133,9052.168416,266.0,,100.0,588.9453125,,0
1782300691.341134,9052.268417,267.0,,100.0,588.9453125,,0
1782300691.441134,9052.368417,265.0,,100.0,588.9453125,,0
1782300691.541134,9052.468417,266.0,,100.0,588.9453125,,0
1782300691.641134,9052.568418,266.0,,100.0,588.9453125,,0
1782300691.741133,9052.668417,265.0,,100.0,588.9453125,,0
1782300691.841134,9052.768417,265.0,,100.0,588.9453125,,0
1782300691.941133,9052.868417,266.0,,100.0,588.9453125,,0
1782300692.041132,9052.968416,267.0,,100.0,588.9453125,,0
1782300692.141133,9053.068416,265.0,,100.0,588.9453125,,0
1782300692.241132,9053.168416,265.0,,100.0,588.9453125,,0
1782300692.341132,9053.268416,266.0,,100.0,588.9453125,,0
1782300692.441132,9053.368415,265.0,,100.0,588.9453125,,0
1782300692.541133,9053.468416,266.0,,100.0,588.9453125,,0
1782300692.641132,9053.568416,265.0,,100.0,588.9453125,,0
1782300692.741132,9053.668416,266.0,,100.0,588.9453125,,0
1782300692.841133,9053.768416,267.0,,100.0,588.9453125,,0
1782300692.941132,9053.868415,267.0,,100.0,588.9453125,,0
1782300693.041133,9053.968417,265.0,,100.0,588.9453125,,0
1782300693.141133,9054.068417,266.0,,100.0,588.9453125,,0
1782300693.241132,9054.168416,267.0,,100.0,588.9453125,,0
1782300693.341132,9054.268416,264.0,,100.0,588.9453125,,0
1782300693.441135,9054.368419,265.0,,100.0,588.9453125,,0
1782300693.541149,9054.468434,266.0,,100.0,588.9453125,,0
1782300693.641153,9054.568437,267.0,,100.0,588.9453125,,0
1782300693.741149,9054.668433,267.0,,100.0,588.9453125,,0
1782300693.841137,9054.768420,265.0,,100.0,588.9453125,,0
1782300693.941135,9054.868418,266.0,,100.0,588.9453125,,0
1782300694.041135,9054.968418,267.0,,100.0,588.9453125,,0
1782300694.141135,9055.068418,267.0,,100.0,588.9453125,,0
1782300694.241134,9055.168418,265.0,,100.0,588.9453125,,0
1782300694.341133,9055.268416,267.0,,100.0,588.9453125,,0
1782300694.441134,9055.368417,264.0,,100.0,588.9453125,,0
1782300694.541133,9055.468417,264.0,,100.0,588.9453125,,0
1782300694.641133,9055.568416,265.0,,100.0,588.9453125,,0
1782300694.741133,9055.668417,267.0,,100.0,588.9453125,,0
1782300694.841133,9055.768416,268.0,,100.0,588.9453125,,0
1782300694.941134,9055.868418,268.0,,100.0,588.9453125,,0
1782300695.041134,9055.968417,265.0,,100.0,588.9453125,,0
1782300695.141133,9056.068416,267.0,,100.0,588.9453125,,0
1782300695.241133,9056.168417,266.0,,100.0,588.9453125,,0
1782300695.341133,9056.268416,265.0,,100.0,588.9453125,,0
1782300695.441132,9056.368416,265.0,,100.0,588.9453125,,0
1782300695.541133,9056.468417,265.0,,100.0,588.9453125,,0
1782300695.641133,9056.568417,252.0,,99.0,588.9453125,,0
1782300695.741133,9056.668417,266.0,,100.0,588.9453125,,0
1782300695.841134,9056.768417,255.0,,100.0,588.9453125,,0
1782300695.941135,9056.868419,268.0,,100.0,588.9453125,,0
1782300696.041134,9056.968417,268.0,,100.0,588.9453125,,0
1782300696.141133,9057.068417,249.0,,99.0,588.9453125,,0
1782300696.241133,9057.168417,247.0,,100.0,588.9453125,,0
1782300696.341133,9057.268417,266.0,,100.0,588.9453125,,0
1782300696.441135,9057.368419,268.0,,100.0,588.9453125,,0
1782300696.541134,9057.468417,266.0,,100.0,588.9453125,,0
1782300696.641135,9057.568418,267.0,,100.0,588.9453125,,0
1782300696.741133,9057.668416,267.0,,100.0,588.9453125,,0
1782300696.841132,9057.768415,266.0,,100.0,588.9453125,,0
1782300696.941134,9057.868418,253.0,,99.0,588.9453125,,0
1782300697.041128,9057.968412,264.0,,100.0,588.9453125,,0
1782300697.141130,9058.068414,264.0,,100.0,588.9453125,,0
1782300697.241128,9058.168411,268.0,,100.0,588.9453125,,0
1782300697.341127,9058.268410,267.0,,100.0,588.9453125,,0
1782300697.441127,9058.368410,266.0,,100.0,588.9453125,,0
1782300697.541127,9058.468411,266.0,,100.0,588.9453125,,0
1782300697.641127,9058.568410,265.0,,100.0,588.9453125,,0
1782300697.741127,9058.668410,265.0,,100.0,588.9453125,,0
1782300697.841214,9058.768498,267.0,,100.0,588.9453125,,0
1782300697.941128,9058.868411,268.0,,100.0,588.9453125,,0
1782300698.041128,9058.968411,266.0,,100.0,588.9453125,,0
1782300698.141128,9059.068411,266.0,,100.0,588.9453125,,0
1782300698.241127,9059.168410,266.0,,100.0,588.9453125,,0
1782300698.341126,9059.268409,267.0,,100.0,588.9453125,,0
1782300698.441127,9059.368410,265.0,,100.0,588.9453125,,0
1782300698.541127,9059.468410,265.0,,100.0,588.9453125,,0
1782300698.641127,9059.568410,266.0,,100.0,588.9453125,,0
1782300698.741125,9059.668408,267.0,,100.0,588.9453125,,0
1782300698.841207,9059.768490,268.0,,100.0,588.9453125,,0
1782300698.941206,9059.868490,267.0,,100.0,588.9453125,,0
1782300699.041209,9059.968494,266.0,,100.0,588.9453125,,0
1782300699.141210,9060.068494,266.0,,100.0,588.9453125,,0
1782300699.241211,9060.168495,267.0,,100.0,588.9453125,,0
1782300699.341215,9060.268499,266.0,,100.0,588.9453125,,0
1782300699.441206,9060.368490,266.0,,100.0,588.9453125,,0
1782300699.541215,9060.468500,266.0,,100.0,588.9453125,,0
1782300699.641211,9060.568496,265.0,,100.0,588.9453125,,0
1782300699.741210,9060.668495,266.0,,100.0,588.9453125,,0
1782300699.841212,9060.768496,268.0,,100.0,588.9453125,,0
1782300699.941213,9060.868497,268.0,,100.0,588.9453125,,0
1782300700.041206,9060.968490,267.0,,100.0,588.9453125,,0
1782300700.141207,9061.068491,266.0,,100.0,588.9453125,,0
1782300700.241209,9061.168493,267.0,,100.0,588.9453125,,0
1782300700.341219,9061.268503,267.0,,100.0,588.9453125,,0
1782300700.441219,9061.368503,267.0,,100.0,588.9453125,,0
1782300700.541220,9061.468504,278.0,,100.0,588.9453125,,0
1782300700.641209,9061.568493,267.0,,100.0,588.9453125,,0
1782300700.741215,9061.668499,264.0,,99.0,588.9453125,,0
1782300700.841144,9061.768428,268.0,,100.0,588.9453125,,0
1782300700.941211,9061.868495,265.0,,99.0,588.9453125,,0
1782300701.041207,9061.968491,268.0,,100.0,588.9453125,,0
1782300701.141211,9062.068496,267.0,,99.0,588.9453125,,0
1782300701.241207,9062.168491,264.0,,100.0,588.9453125,,0
1782300701.341207,9062.268492,265.0,,100.0,588.9453125,,0
1782300701.441206,9062.368491,276.0,,100.0,588.9453125,,0
1782300701.541212,9062.468496,274.0,,99.0,588.9453125,,0
1782300701.641213,9062.568498,276.0,,99.0,588.9453125,,0
1782300701.741207,9062.668490,271.0,,100.0,588.9453125,,0
1782300701.841208,9062.768493,267.0,,99.0,588.9453125,,0
1782300701.941151,9062.868436,268.0,,100.0,588.9453125,,0
1782300702.041208,9062.968492,263.0,,99.0,588.9453125,,0
1782300702.141205,9063.068490,267.0,,100.0,588.9453125,,0
1782300702.241206,9063.168489,268.0,,100.0,588.9453125,,0
1782300702.341207,9063.268492,266.0,,100.0,588.9453125,,0
1782300702.441211,9063.368496,266.0,,100.0,588.9453125,,0
1782300702.541207,9063.468490,267.0,,100.0,588.9453125,,0
1782300702.641206,9063.568489,267.0,,100.0,588.9453125,,0
1782300702.741207,9063.668491,267.0,,100.0,588.9453125,,0
1782300702.841208,9063.768493,267.0,,100.0,588.9453125,,0
1782300702.941205,9063.868489,266.0,,100.0,588.9453125,,0
1782300703.041208,9063.968493,266.0,,100.0,588.9453125,,0
1782300703.141211,9064.068496,267.0,,100.0,588.9453125,,0
1782300703.241209,9064.168492,266.0,,100.0,588.9453125,,0
1782300703.341208,9064.268493,266.0,,100.0,588.9453125,,0
1782300703.441219,9064.368504,267.0,,100.0,588.9453125,,0
1782300703.541212,9064.468497,267.0,,100.0,588.9453125,,0
1782300703.641215,9064.568498,267.0,,100.0,588.9453125,,0
1782300703.741212,9064.668496,266.0,,100.0,588.9453125,,0
1782300703.841208,9064.768492,269.0,,100.0,588.9453125,,0
1782300703.941208,9064.868493,268.0,,100.0,588.9453125,,0
1782300704.041207,9064.968491,267.0,,100.0,588.9453125,,0
1782300704.141207,9065.068492,266.0,,100.0,588.9453125,,0
1782300704.241207,9065.168492,266.0,,100.0,588.9453125,,0
1782300704.341209,9065.268493,267.0,,100.0,588.9453125,,0
1782300704.441206,9065.368490,265.0,,100.0,588.9453125,,0
1782300704.541209,9065.468493,267.0,,100.0,588.9453125,,0
1782300704.641212,9065.568496,269.0,,100.0,588.9453125,,0
1782300704.741212,9065.668496,267.0,,100.0,588.9453125,,0
1782300704.841206,9065.768491,267.0,,100.0,588.9453125,,0
1782300704.941207,9065.868492,266.0,,100.0,588.9453125,,0
1782300705.041207,9065.968490,265.0,,100.0,588.9453125,,0
1782300705.141212,9066.068496,267.0,,100.0,588.9453125,,0
1782300705.241206,9066.168489,266.0,,100.0,588.9453125,,0
1782300705.341211,9066.268495,266.0,,100.0,588.9453125,,0
1782300705.441211,9066.368496,267.0,,100.0,588.9453125,,0
1782300705.541209,9066.468493,269.0,,100.0,588.9453125,,0
1782300705.641216,9066.568500,267.0,,100.0,588.9453125,,0
1782300705.741206,9066.668491,268.0,,100.0,588.9453125,,0
1782300705.841222,9066.768507,267.0,,100.0,588.9453125,,0
1782300705.941208,9066.868493,265.0,,100.0,588.9453125,,0
1782300706.041211,9066.968496,264.0,,100.0,588.9453125,,0
1782300706.141212,9067.068495,266.0,,100.0,588.9453125,,0
1782300706.241205,9067.168490,267.0,,100.0,588.9453125,,0
1782300706.341207,9067.268491,268.0,,100.0,588.9453125,,0
1782300706.441206,9067.368490,267.0,,100.0,588.9453125,,0
1782300706.541211,9067.468495,27.0,,3.0,588.9453125,,0
1782300706.641213,9067.568498,24.0,,3.0,588.9453125,,0
1782300706.741220,9067.668503,23.0,,3.0,588.9453125,,0
1782300706.841214,9067.768497,22.0,,3.0,588.9453125,,0
1782300706.941214,9067.868499,23.0,,4.0,588.9453125,,0
1782300707.041212,9067.968495,24.0,,3.0,588.9453125,,0
1782300707.141214,9068.068498,23.0,,3.0,588.9453125,,0
1782300707.241211,9068.168494,23.0,,3.0,588.9453125,,0
1782300707.341216,9068.268499,22.0,,3.0,588.9453125,,0
1782300707.441217,9068.368501,23.0,,3.0,588.9453125,,0
1782300707.541212,9068.468495,22.0,,3.0,588.9453125,,0
1782300707.641218,9068.568503,23.0,,3.0,588.9453125,,0
1782300707.741215,9068.668499,22.0,,3.0,588.9453125,,0
1782300707.841215,9068.768500,23.0,,3.0,588.9453125,,0
1782300707.941216,9068.868499,23.0,,3.0,588.9453125,,0
1782300708.041219,9068.968503,26.0,,3.0,588.9453125,,0
1782300708.141215,9069.068498,23.0,,3.0,588.9453125,,0
1782300708.241213,9069.168497,23.0,,3.0,588.9453125,,0
1782300708.341213,9069.268496,22.0,,2.0,588.9453125,,0
1782300708.441214,9069.368497,23.0,,3.0,588.9453125,,0
1782300708.541214,9069.468498,22.0,,3.0,588.9453125,,0
1782300708.641213,9069.568496,21.0,,3.0,588.9453125,,0
1782300708.741213,9069.668497,22.0,,3.0,588.9453125,,0
1782300708.841214,9069.768497,22.0,,3.0,588.9453125,,0
1782300708.941211,9069.868494,22.0,,2.0,588.9453125,,0
1782300709.041215,9069.968498,25.0,,3.0,588.9453125,,0
1782300709.141213,9070.068496,24.0,,3.0,588.9453125,,0
1782300709.241212,9070.168495,24.0,,2.0,588.9453125,,0
1782300709.341214,9070.268497,23.0,,3.0,588.9453125,,0
1782300709.441213,9070.368496,22.0,,2.0,588.9453125,,0
1782300709.541213,9070.468496,22.0,,2.0,588.9453125,,0
1782300709.641213,9070.568497,22.0,,2.0,588.9453125,,0
1782300709.741211,9070.668494,23.0,,3.0,588.9453125,,0
1782300709.841213,9070.768496,23.0,,3.0,588.9453125,,0
1782300709.941214,9070.868497,22.0,,3.0,588.9453125,,0
1782300710.041215,9070.968500,24.0,,3.0,588.9453125,,0
1782300710.141214,9071.068498,24.0,,3.0,588.9453125,,0
1782300710.241215,9071.168498,21.0,,3.0,588.9453125,,0
1782300710.341212,9071.268497,22.0,,3.0,588.9453125,,0
1782300710.441212,9071.368495,22.0,,3.0,588.9453125,,0
1782300710.541217,9071.468500,26.0,,3.0,588.9453125,,0
1782300710.641152,9071.568437,21.0,,3.0,588.9453125,,0
1782300710.741222,9071.668506,22.0,,3.0,588.9453125,,0
1782300710.841218,9071.768501,22.0,,3.0,588.9453125,,0
1782300710.941213,9071.868496,24.0,,3.0,588.9453125,,0
1782300711.041215,9071.968500,22.0,,3.0,588.9453125,,0
1782300711.141215,9072.068499,23.0,,3.0,588.9453125,,0
1782300711.241212,9072.168495,22.0,,3.0,588.9453125,,0
1782300711.341218,9072.268501,22.0,,3.0,588.9453125,,0
1782300711.441216,9072.368500,22.0,,3.0,588.9453125,,0
1782300711.541130,9072.468413,38.0,,15.0,588.9453125,,0
1782300711.641127,9072.568410,173.0,,100.0,588.9453125,,0
1782300711.741128,9072.668411,210.0,,100.0,588.9453125,,0
1782300711.841126,9072.768410,235.0,,100.0,588.9453125,,0
1782300711.941127,9072.868410,233.0,,100.0,588.9453125,,0
1782300712.041127,9072.968410,235.0,,100.0,588.9453125,,0
1782300712.141126,9073.068409,236.0,,100.0,588.9453125,,0
1782300712.241127,9073.168411,241.0,,100.0,588.9453125,,0
1782300712.341128,9073.268411,243.0,,100.0,588.9453125,,0
1782300712.441127,9073.368410,246.0,,100.0,588.9453125,,0
1782300712.541128,9073.468411,249.0,,100.0,588.9453125,,0
1782300712.641126,9073.568409,253.0,,100.0,588.9453125,,0
1782300712.741127,9073.668411,255.0,,100.0,588.9453125,,0
1782300712.841128,9073.768411,259.0,,100.0,588.9453125,,0
1782300712.941127,9073.868410,261.0,,100.0,588.9453125,,0
1782300713.041127,9073.968411,261.0,,100.0,588.9453125,,0
1782300713.141126,9074.068410,261.0,,100.0,588.9453125,,0
1782300713.241127,9074.168411,261.0,,100.0,588.9453125,,0
1782300713.341124,9074.268407,263.0,,100.0,588.9453125,,0
1782300713.441128,9074.368411,263.0,,100.0,588.9453125,,0
1782300713.541128,9074.468411,262.0,,100.0,588.9453125,,0
1782300713.641126,9074.568410,261.0,,100.0,588.9453125,,0
1782300713.741127,9074.668411,264.0,,100.0,588.9453125,,0
1782300713.841125,9074.768408,263.0,,100.0,588.9453125,,0
1782300713.941128,9074.868411,264.0,,100.0,588.9453125,,0
1782300714.041152,9074.968436,262.0,,100.0,588.9453125,,0
1782300714.141152,9075.068436,262.0,,100.0,588.9453125,,0
1782300714.241149,9075.168434,262.0,,100.0,588.9453125,,0
1782300714.341152,9075.268436,262.0,,100.0,588.9453125,,0
1782300714.441152,9075.368436,264.0,,100.0,588.9453125,,0
1782300714.541152,9075.468437,263.0,,100.0,588.9453125,,0
1782300714.641152,9075.568436,264.0,,100.0,588.9453125,,0
1782300714.741152,9075.668437,262.0,,100.0,588.9453125,,0
1782300714.841152,9075.768436,264.0,,100.0,588.9453125,,0
1782300714.941153,9075.868437,264.0,,100.0,588.9453125,,0
1782300715.041152,9075.968436,262.0,,100.0,588.9453125,,0
1782300715.141152,9076.068436,262.0,,100.0,588.9453125,,0
1782300715.241152,9076.168436,264.0,,100.0,588.9453125,,0
1782300715.341152,9076.268436,263.0,,100.0,588.9453125,,0
1782300715.441152,9076.368436,263.0,,100.0,588.9453125,,0
1782300715.541152,9076.468436,263.0,,100.0,588.9453125,,0
1782300715.641153,9076.568437,264.0,,100.0,588.9453125,,0
1782300715.741149,9076.668434,264.0,,100.0,588.9453125,,0
1782300715.841137,9076.768421,264.0,,100.0,588.9453125,,0
1782300715.941135,9076.868419,263.0,,100.0,588.9453125,,0
1782300716.041134,9076.968417,257.0,,100.0,588.9453125,,0
1782300716.141134,9077.068417,264.0,,100.0,588.9453125,,0
1782300716.241133,9077.168417,255.0,,100.0,588.9453125,,0
1782300716.341134,9077.268417,276.0,,100.0,588.9453125,,0
1782300716.441133,9077.368417,264.0,,100.0,588.9453125,,0
1782300716.541134,9077.468417,263.0,,100.0,588.9453125,,0
1782300716.641133,9077.568417,263.0,,100.0,588.9453125,,0
1782300716.741133,9077.668417,273.0,,99.0,588.9453125,,0
1782300716.841133,9077.768417,273.0,,100.0,588.9453125,,0
1782300716.941133,9077.868417,263.0,,100.0,588.9453125,,0
1782300717.041134,9077.968417,264.0,,99.0,588.9453125,,0
1782300717.141133,9078.068417,248.0,,100.0,588.9453125,,0
1782300717.241133,9078.168416,263.0,,100.0,588.9453125,,0
1782300717.341133,9078.268417,260.0,,99.0,588.9453125,,0
1782300717.441135,9078.368418,264.0,,100.0,588.9453125,,0
1782300717.541132,9078.468416,263.0,,100.0,588.9453125,,0
1782300717.641136,9078.568420,262.0,,100.0,588.9453125,,0
1782300717.741151,9078.668436,271.0,,100.0,588.9453125,,0
1782300717.841152,9078.768436,255.0,,100.0,588.9453125,,0
1782300717.941152,9078.868436,272.0,,100.0,588.9453125,,0
1782300718.041152,9078.968436,272.0,,100.0,588.9453125,,0
1782300718.141152,9079.068436,258.0,,100.0,588.9453125,,0
1782300718.241149,9079.168434,262.0,,99.0,588.9453125,,0
1782300718.341136,9079.268420,263.0,,100.0,588.9453125,,0
1782300718.441134,9079.368418,264.0,,100.0,588.9453125,,0
1782300718.541135,9079.468418,263.0,,100.0,588.9453125,,0
1782300718.641133,9079.568416,262.0,,100.0,588.9453125,,0
1782300718.741134,9079.668417,262.0,,100.0,588.9453125,,0
1782300718.841133,9079.768416,263.0,,100.0,588.9453125,,0
1782300718.941137,9079.868421,263.0,,100.0,588.9453125,,0
1782300719.041136,9079.968419,264.0,,100.0,588.9453125,,0
1782300719.141134,9080.068417,262.0,,100.0,588.9453125,,0
1782300719.241133,9080.168416,264.0,,100.0,588.9453125,,0
1782300719.341135,9080.268419,263.0,,100.0,588.9453125,,0
1782300719.441133,9080.368416,263.0,,100.0,588.9453125,,0
1782300719.541132,9080.468416,263.0,,100.0,588.9453125,,0
1782300719.641136,9080.568420,264.0,,100.0,588.9453125,,0
1782300719.741134,9080.668417,264.0,,100.0,588.9453125,,0
1782300719.841133,9080.768416,263.0,,100.0,588.9453125,,0
1782300719.941132,9080.868416,262.0,,100.0,588.9453125,,0
1782300720.041134,9080.968417,263.0,,100.0,588.9453125,,0
1782300720.141134,9081.068417,260.0,,100.0,588.9453125,,0
1782300720.241133,9081.168416,259.0,,100.0,588.9453125,,0
1782300720.341133,9081.268417,260.0,,100.0,588.9453125,,0
1782300720.441133,9081.368417,259.0,,99.0,588.9453125,,0
1782300720.541133,9081.468416,258.0,,99.0,588.9453125,,0
1782300720.641133,9081.568416,259.0,,100.0,588.9453125,,0
1782300720.741133,9081.668416,255.0,,100.0,588.9453125,,0
1782300720.841133,9081.768416,259.0,,100.0,588.9453125,,0
1782300720.941133,9081.868416,263.0,,100.0,588.9453125,,0
1782300721.041132,9081.968416,261.0,,100.0,588.9453125,,0
1782300721.141133,9082.068416,276.0,,100.0,588.9453125,,0
1782300721.241133,9082.168416,270.0,,100.0,588.9453125,,0
1782300721.341132,9082.268416,264.0,,100.0,588.9453125,,0
1782300721.441133,9082.368416,262.0,,100.0,588.9453125,,0
1782300721.541132,9082.468416,263.0,,100.0,588.9453125,,0
1782300721.641134,9082.568417,264.0,,100.0,588.9453125,,0
1782300721.741133,9082.668416,265.0,,100.0,588.9453125,,0
1782300721.841132,9082.768416,265.0,,100.0,588.9453125,,0
1782300721.941132,9082.868416,264.0,,100.0,588.9453125,,0
1782300722.041133,9082.968416,265.0,,100.0,588.9453125,,0
1782300722.141133,9083.068416,264.0,,100.0,588.9453125,,0
1782300722.241133,9083.168416,264.0,,100.0,588.9453125,,0
1782300722.341133,9083.268416,263.0,,100.0,588.9453125,,0
1782300722.441132,9083.368416,264.0,,100.0,588.9453125,,0
1782300722.541132,9083.468416,264.0,,100.0,588.9453125,,0
1782300722.641134,9083.568418,265.0,,100.0,588.9453125,,0
1782300722.741133,9083.668417,264.0,,100.0,588.9453125,,0
1782300722.841133,9083.768416,264.0,,100.0,588.9453125,,0
1782300722.941134,9083.868418,265.0,,100.0,588.9453125,,0
1782300723.041134,9083.968417,265.0,,100.0,588.9453125,,0
1782300723.141133,9084.068417,265.0,,100.0,588.9453125,,0
1782300723.241132,9084.168416,264.0,,100.0,588.9453125,,0
1782300723.341134,9084.268417,263.0,,100.0,588.9453125,,0
1782300723.441133,9084.368417,263.0,,100.0,588.9453125,,0
1782300723.541133,9084.468417,265.0,,100.0,588.9453125,,0
1782300723.641134,9084.568417,266.0,,100.0,588.9453125,,0
1782300723.741133,9084.668417,265.0,,100.0,588.9453125,,0
1782300723.841133,9084.768416,265.0,,100.0,588.9453125,,0
1782300723.941133,9084.868417,263.0,,100.0,588.9453125,,0
1782300724.041132,9084.968416,265.0,,100.0,588.9453125,,0
1782300724.141133,9085.068416,264.0,,100.0,588.9453125,,0
1782300724.241133,9085.168416,262.0,,100.0,588.9453125,,0
1782300724.341134,9085.268418,265.0,,100.0,588.9453125,,0
1782300724.441134,9085.368417,266.0,,100.0,588.9453125,,0
1782300724.541133,9085.468417,265.0,,100.0,588.9453125,,0
1782300724.641133,9085.568416,263.0,,100.0,588.9453125,,0
1782300724.741133,9085.668417,265.0,,100.0,588.9453125,,0
1782300724.841133,9085.768417,264.0,,100.0,588.9453125,,0
1782300724.941132,9085.868416,265.0,,100.0,588.9453125,,0
1782300725.041133,9085.968416,263.0,,100.0,588.9453125,,0
1782300725.141134,9086.068418,264.0,,100.0,588.9453125,,0
1782300725.241133,9086.168417,265.0,,100.0,588.9453125,,0
1782300725.341133,9086.268416,264.0,,100.0,588.9453125,,0
1782300725.441133,9086.368416,264.0,,100.0,588.9453125,,0
1782300725.541132,9086.468416,265.0,,100.0,588.9453125,,0
1782300725.641134,9086.568417,265.0,,100.0,588.9453125,,0
1782300725.741133,9086.668416,265.0,,100.0,588.9453125,,0
1782300725.841133,9086.768416,264.0,,100.0,588.9453125,,0
1782300725.941133,9086.868417,265.0,,100.0,588.9453125,,0
1782300726.041133,9086.968416,264.0,,100.0,588.9453125,,0
1782300726.141134,9087.068417,264.0,,100.0,588.9453125,,0
1782300726.241133,9087.168417,264.0,,100.0,588.9453125,,0
1782300726.341133,9087.268416,265.0,,100.0,588.9453125,,0
1782300726.441133,9087.368416,266.0,,100.0,588.9453125,,0
1782300726.541133,9087.468416,266.0,,100.0,588.9453125,,0
1782300726.641132,9087.568415,264.0,,100.0,588.9453125,,0
1782300726.741133,9087.668416,265.0,,100.0,588.9453125,,0
1782300726.841133,9087.768417,265.0,,100.0,588.9453125,,0
1782300726.941133,9087.868417,264.0,,100.0,588.9453125,,0
1782300727.041133,9087.968417,264.0,,100.0,588.9453125,,0
1782300727.141133,9088.068416,266.0,,100.0,588.9453125,,0
1782300727.241133,9088.168417,267.0,,100.0,588.9453125,,0
1782300727.341133,9088.268416,265.0,,100.0,588.9453125,,0
1782300727.441133,9088.368417,266.0,,100.0,588.9453125,,0
1782300727.541132,9088.468416,265.0,,100.0,588.9453125,,0
1782300727.641133,9088.568417,265.0,,100.0,588.9453125,,0
1782300727.741134,9088.668418,264.0,,100.0,588.9453125,,0
1782300727.841133,9088.768417,263.0,,100.0,588.9453125,,0
1782300727.941133,9088.868416,266.0,,100.0,588.9453125,,0
1782300728.041134,9088.968417,266.0,,100.0,588.9453125,,0
1782300728.141133,9089.068416,266.0,,100.0,588.9453125,,0
1782300728.241132,9089.168415,264.0,,100.0,588.9453125,,0
1782300728.341133,9089.268417,265.0,,100.0,588.9453125,,0
1782300728.441133,9089.368416,266.0,,100.0,588.9453125,,0
1782300728.541132,9089.468416,245.0,,99.0,588.9453125,,0
1782300728.641133,9089.568416,264.0,,100.0,588.9453125,,0
1782300728.741132,9089.668416,263.0,,100.0,588.9453125,,0
1782300728.841133,9089.768416,265.0,,100.0,588.9453125,,0
1782300728.941132,9089.868416,245.0,,100.0,588.9453125,,0
1782300729.041134,9089.968417,264.0,,100.0,588.9453125,,0
1782300729.141133,9090.068416,266.0,,100.0,588.9453125,,0
1782300729.241133,9090.168416,265.0,,100.0,588.9453125,,0
1782300729.341133,9090.268416,264.0,,100.0,588.9453125,,0
1782300729.441133,9090.368416,266.0,,100.0,588.9453125,,0
1782300729.541133,9090.468416,266.0,,100.0,588.9453125,,0
1782300729.641134,9090.568418,264.0,,100.0,588.9453125,,0
1782300729.741133,9090.668417,264.0,,100.0,588.9453125,,0
1782300729.841133,9090.768416,271.0,,100.0,588.9453125,,0
1782300729.941132,9090.868415,265.0,,100.0,588.9453125,,0
1782300730.041134,9090.968417,267.0,,100.0,588.9453125,,0
1782300730.141133,9091.068417,267.0,,100.0,588.9453125,,0
1782300730.241135,9091.168419,264.0,,100.0,588.9453125,,0
1782300730.341134,9091.268417,267.0,,100.0,588.9453125,,0
1782300730.441133,9091.368417,263.0,,100.0,588.9453125,,0
1782300730.541134,9091.468417,263.0,,100.0,588.9453125,,0
1782300730.641133,9091.568416,263.0,,100.0,588.9453125,,0
1782300730.741132,9091.668416,266.0,,100.0,588.9453125,,0
1782300730.841134,9091.768417,267.0,,100.0,588.9453125,,0
1782300730.941134,9091.868417,266.0,,100.0,588.9453125,,0
1782300731.041135,9091.968418,267.0,,100.0,588.9453125,,0
1782300731.141132,9092.068415,247.0,,100.0,588.9453125,,0
1782300731.241132,9092.168416,266.0,,100.0,588.9453125,,0
1782300731.341133,9092.268417,264.0,,100.0,588.9453125,,0
1782300731.441132,9092.368416,263.0,,100.0,588.9453125,,0
1782300731.541132,9092.468416,266.0,,100.0,588.9453125,,0
1782300731.641134,9092.568418,266.0,,100.0,588.9453125,,0
1782300731.741133,9092.668417,265.0,,100.0,588.9453125,,0
1782300731.841132,9092.768416,266.0,,100.0,588.9453125,,0
1782300731.941135,9092.868418,266.0,,100.0,588.9453125,,0
1782300732.041132,9092.968416,265.0,,100.0,588.9453125,,0
1782300732.141134,9093.068417,265.0,,100.0,588.9453125,,0
1782300732.241133,9093.168417,266.0,,100.0,588.9453125,,0
1782300732.341133,9093.268416,265.0,,100.0,588.9453125,,0
1782300732.441133,9093.368417,266.0,,100.0,588.9453125,,0
1782300732.541132,9093.468416,265.0,,100.0,588.9453125,,0
1782300732.641133,9093.568416,265.0,,100.0,588.9453125,,0
1782300732.741133,9093.668416,266.0,,100.0,588.9453125,,0
1782300732.841133,9093.768416,265.0,,100.0,588.9453125,,0
1782300732.941131,9093.868415,265.0,,100.0,588.9453125,,0
1782300733.041133,9093.968416,266.0,,100.0,588.9453125,,0
1782300733.141133,9094.068416,266.0,,100.0,588.9453125,,0
1782300733.241133,9094.168417,267.0,,100.0,588.9453125,,0
1782300733.341135,9094.268418,265.0,,100.0,588.9453125,,0
1782300733.441133,9094.368416,266.0,,100.0,588.9453125,,0
1782300733.541132,9094.468416,268.0,,100.0,588.9453125,,0
1782300733.641134,9094.568417,249.0,,100.0,588.9453125,,0
1782300733.741133,9094.668416,276.0,,99.0,588.9453125,,0
1782300733.841219,9094.768503,267.0,,100.0,588.9453125,,0
1782300733.941205,9094.868489,266.0,,100.0,588.9453125,,0
1782300734.041219,9094.968503,263.0,,100.0,588.9453125,,0
1782300734.141210,9095.068493,265.0,,100.0,588.9453125,,0
1782300734.241209,9095.168492,267.0,,100.0,588.9453125,,0
1782300734.341208,9095.268492,266.0,,100.0,588.9453125,,0
1782300734.441218,9095.368502,264.0,,100.0,588.9453125,,0
1782300734.541213,9095.468497,265.0,,100.0,588.9453125,,0
1782300734.641212,9095.568495,267.0,,100.0,588.9453125,,0
1782300734.741205,9095.668489,274.0,,100.0,588.9453125,,0
1782300734.841212,9095.768495,275.0,,100.0,588.9453125,,0
1782300734.941212,9095.868496,233.0,,99.0,588.9453125,,0
1782300735.041212,9095.968496,241.0,,99.0,588.9453125,,0
1782300735.141210,9096.068493,267.0,,100.0,588.9453125,,0
1782300735.241215,9096.168500,264.0,,100.0,588.9453125,,0
1782300735.341215,9096.268499,245.0,,100.0,588.9453125,,0
1782300735.441206,9096.368491,225.0,,99.0,588.9453125,,0
1782300735.541207,9096.468491,252.0,,99.0,588.9453125,,0
1782300735.641214,9096.568498,246.0,,100.0,588.9453125,,0
1782300735.741209,9096.668494,280.0,,100.0,588.9453125,,0
1782300735.841207,9096.768492,267.0,,100.0,588.9453125,,0
1782300735.941210,9096.868493,267.0,,99.0,588.9453125,,0
1782300736.041208,9096.968492,265.0,,99.0,588.9453125,,0
1782300736.141210,9097.068494,264.0,,100.0,588.9453125,,0
1782300736.241206,9097.168491,266.0,,100.0,588.9453125,,0
1782300736.341207,9097.268491,266.0,,100.0,588.9453125,,0
1782300736.441208,9097.368492,266.0,,100.0,588.9453125,,0
1782300736.541205,9097.468489,265.0,,100.0,588.9453125,,0
1782300736.641215,9097.568500,274.0,,99.0,588.9453125,,0
1782300736.741208,9097.668493,267.0,,99.0,588.9453125,,0
1782300736.841215,9097.768499,261.0,,100.0,588.9453125,,0
1782300736.941206,9097.868491,268.0,,100.0,588.9453125,,0
1782300737.041207,9097.968492,267.0,,100.0,588.9453125,,0
1782300737.141208,9098.068492,266.0,,100.0,588.9453125,,0
1782300737.241215,9098.168499,265.0,,100.0,588.9453125,,0
1782300737.341208,9098.268493,266.0,,100.0,588.9453125,,0
1782300737.441209,9098.368494,266.0,,100.0,588.9453125,,0
1782300737.541214,9098.468499,265.0,,100.0,588.9453125,,0
1782300737.641213,9098.568496,263.0,,100.0,588.9453125,,0
1782300737.741208,9098.668492,267.0,,100.0,588.9453125,,0
1782300737.841210,9098.768494,268.0,,100.0,588.9453125,,0
1782300737.941206,9098.868489,268.0,,100.0,588.9453125,,0
1782300738.041208,9098.968492,266.0,,100.0,588.9453125,,0
1782300738.141214,9099.068498,267.0,,100.0,588.9453125,,0
1782300738.241210,9099.168495,266.0,,100.0,588.9453125,,0
1782300738.341213,9099.268497,266.0,,100.0,588.9453125,,0
1782300738.441218,9099.368503,265.0,,100.0,588.9453125,,0
1782300738.541207,9099.468491,266.0,,100.0,588.9453125,,0
1782300738.641209,9099.568494,268.0,,100.0,588.9453125,,0
1782300738.741209,9099.668492,268.0,,100.0,588.9453125,,0
1782300738.841207,9099.768491,266.0,,100.0,588.9453125,,0
1782300738.941216,9099.868499,266.0,,100.0,588.9453125,,0
1782300739.041210,9099.968494,267.0,,100.0,588.9453125,,0
1782300739.141212,9100.068496,267.0,,100.0,588.9453125,,0
1782300739.241213,9100.168497,265.0,,100.0,588.9453125,,0
1782300739.341211,9100.268496,266.0,,100.0,588.9453125,,0
1782300739.441211,9100.368496,266.0,,100.0,588.9453125,,0
1782300739.541207,9100.468492,266.0,,100.0,588.9453125,,0
1782300739.641212,9100.568497,267.0,,100.0,588.9453125,,0
1782300739.741213,9100.668497,266.0,,100.0,588.9453125,,0
1782300739.841152,9100.768437,268.0,,100.0,588.9453125,,0
1782300739.941211,9100.868496,266.0,,100.0,588.9453125,,0
1782300740.041206,9100.968491,266.0,,100.0,588.9453125,,0
1782300740.141209,9101.068492,267.0,,100.0,588.9453125,,0
1782300740.241210,9101.168494,266.0,,100.0,588.9453125,,0
1782300740.341142,9101.268427,266.0,,100.0,588.9453125,,0
1782300740.441210,9101.368495,265.0,,100.0,588.9453125,,0
1782300740.541215,9101.468499,265.0,,100.0,588.9453125,,0
1782300740.641219,9101.568503,267.0,,100.0,588.9453125,,0
1782300740.741205,9101.668489,268.0,,100.0,588.9453125,,0
1782300740.841205,9101.768490,267.0,,100.0,588.9453125,,0
1782300740.941207,9101.868492,266.0,,100.0,588.9453125,,0
1782300741.041207,9101.968492,267.0,,100.0,588.9453125,,0
1782300741.141214,9102.068499,266.0,,100.0,588.9453125,,0
1782300741.241209,9102.168493,265.0,,100.0,588.9453125,,0
1782300741.341213,9102.268496,266.0,,100.0,588.9453125,,0
1782300741.441213,9102.368497,267.0,,100.0,588.9453125,,0
1782300741.541213,9102.468498,265.0,,100.0,588.9453125,,0
1782300741.641217,9102.568501,266.0,,100.0,588.9453125,,0
1782300741.741211,9102.668496,267.0,,100.0,588.9453125,,0
1782300741.841208,9102.768492,268.0,,100.0,588.9453125,,0
1782300741.941211,9102.868495,266.0,,100.0,588.9453125,,0
1782300742.041208,9102.968493,266.0,,100.0,588.9453125,,0
1782300742.141213,9103.068497,267.0,,100.0,588.9453125,,0
1782300742.241216,9103.168501,267.0,,100.0,588.9453125,,0
1782300742.341205,9103.268489,266.0,,100.0,588.9453125,,0
1782300742.441212,9103.368497,265.0,,100.0,588.9453125,,0
1782300742.541216,9103.468500,266.0,,100.0,588.9453125,,0
1782300742.641206,9103.568491,267.0,,100.0,588.9453125,,0
1782300742.741211,9103.668495,267.0,,100.0,588.9453125,,0
1782300742.841210,9103.768495,265.0,,100.0,588.9453125,,0
1782300742.941219,9103.868504,266.0,,100.0,588.9453125,,0
1782300743.041207,9103.968491,266.0,,100.0,588.9453125,,0
1782300743.141208,9104.068493,266.0,,100.0,588.9453125,,0
1782300743.241213,9104.168498,265.0,,100.0,588.9453125,,0
1782300743.341212,9104.268496,266.0,,100.0,588.9453125,,0
1782300743.441212,9104.368497,267.0,,100.0,588.9453125,,0
1782300743.541212,9104.468495,266.0,,100.0,588.9453125,,0
1782300743.641214,9104.568499,266.0,,100.0,588.9453125,,0
1782300743.741216,9104.668501,268.0,,100.0,588.9453125,,0
1782300743.841213,9104.768498,267.0,,100.0,588.9453125,,0
1782300743.941211,9104.868496,266.0,,100.0,588.9453125,,0
1782300744.041208,9104.968491,266.0,,100.0,588.9453125,,0
1782300744.141218,9105.068502,267.0,,100.0,588.9453125,,0
1782300744.241239,9105.168524,267.0,,100.0,588.9453125,,0
1782300744.341213,9105.268498,267.0,,100.0,588.9453125,,0
1782300744.441209,9105.368493,267.0,,100.0,588.9453125,,0
1782300744.541212,9105.468497,268.0,,100.0,588.9453125,,0
1782300744.641213,9105.568498,267.0,,100.0,588.9453125,,0
1782300744.741212,9105.668497,266.0,,100.0,588.9453125,,0
1782300744.841218,9105.768502,265.0,,100.0,588.9453125,,0
1782300744.941206,9105.868490,266.0,,100.0,588.9453125,,0
1782300745.041214,9105.968499,266.0,,100.0,588.9453125,,0
1782300745.141220,9106.068505,267.0,,100.0,588.9453125,,0
1782300745.241552,9106.168835,266.0,,100.0,588.9453125,,0
1782300745.341212,9106.268497,267.0,,100.0,588.9453125,,0
1782300745.441207,9106.368491,266.0,,100.0,588.9453125,,0
1782300745.541216,9106.468500,266.0,,100.0,588.9453125,,0
1782300745.641213,9106.568496,265.0,,100.0,588.9453125,,0
1782300745.741209,9106.668494,267.0,,100.0,588.9453125,,0
1782300745.841209,9106.768494,267.0,,100.0,588.9453125,,0
1782300745.941212,9106.868497,268.0,,100.0,588.9453125,,0
1782300746.041219,9106.968503,266.0,,100.0,588.9453125,,0
1782300746.141212,9107.068496,268.0,,100.0,588.9453125,,0
1782300746.241211,9107.168496,266.0,,100.0,588.9453125,,0
1782300746.341224,9107.268509,266.0,,100.0,588.9453125,,0
1782300746.441216,9107.368500,267.0,,100.0,588.9453125,,0
1782300746.541223,9107.468507,243.0,,90.0,588.9453125,,0
1782300746.641215,9107.568498,23.0,,3.0,588.9453125,,0
1782300746.741223,9107.668506,23.0,,3.0,588.9453125,,0
1782300746.841212,9107.768495,25.0,,3.0,588.9453125,,0
1782300746.941214,9107.868499,23.0,,3.0,588.9453125,,0
1782300747.041216,9107.968499,24.0,,5.0,588.9453125,,0
1782300747.141217,9108.068500,22.0,,2.0,588.9453125,,0
1782300747.241220,9108.168504,22.0,,3.0,588.9453125,,0
1782300747.341213,9108.268498,23.0,,2.0,588.9453125,,0
1782300747.441219,9108.368502,23.0,,3.0,588.9453125,,0
1782300747.541149,9108.468434,24.0,,3.0,588.9453125,,0
1782300747.641216,9108.568499,22.0,,3.0,588.9453125,,0
1782300747.741214,9108.668497,22.0,,3.0,588.9453125,,0
1782300747.841210,9108.768493,25.0,,3.0,588.9453125,,0
1782300747.941214,9108.868497,22.0,,3.0,588.9453125,,0
1782300748.041214,9108.968498,24.0,,3.0,588.9453125,,0
1782300748.141127,9109.068410,24.0,,4.0,588.9453125,,0
1782300748.241220,9109.168503,22.0,,3.0,588.9453125,,0
1782300748.341213,9109.268497,22.0,,3.0,588.9453125,,0
1782300748.441211,9109.368494,22.0,,3.0,588.9453125,,0
1782300748.541212,9109.468495,25.0,,3.0,588.9453125,,0
1782300748.641217,9109.568501,22.0,,3.0,588.9453125,,0
1782300748.741213,9109.668496,22.0,,3.0,588.9453125,,0
1782300748.841215,9109.768499,23.0,,3.0,588.9453125,,0
1782300748.941215,9109.868498,22.0,,3.0,588.9453125,,0
1782300749.041213,9109.968497,22.0,,3.0,588.9453125,,0
1782300749.141214,9110.068498,21.0,,3.0,588.9453125,,0
1782300749.241216,9110.168500,21.0,,3.0,588.9453125,,0
1782300749.341217,9110.268500,21.0,,3.0,588.9453125,,0
1782300749.441212,9110.368496,21.0,,3.0,588.9453125,,0
1782300749.541216,9110.468501,22.0,,2.0,588.9453125,,0
1782300749.641217,9110.568501,24.0,,3.0,588.9453125,,0
1782300749.741216,9110.668502,21.0,,3.0,588.9453125,,0
1782300749.841222,9110.768506,21.0,,3.0,588.9453125,,0
1782300749.941213,9110.868497,22.0,,3.0,588.9453125,,0
1782300750.041219,9110.968502,22.0,,3.0,588.9453125,,0
1782300750.141214,9111.068497,23.0,,3.0,588.9453125,,0
1782300750.241217,9111.168501,25.0,,3.0,588.9453125,,0
1782300750.341218,9111.268502,22.0,,3.0,588.9453125,,0
1782300750.441227,9111.368510,22.0,,3.0,588.9453125,,0
1782300750.541211,9111.468494,21.0,,3.0,588.9453125,,0
1782300750.641152,9111.568437,22.0,,3.0,588.9453125,,0
1782300750.741219,9111.668503,21.0,,3.0,588.9453125,,0
1782300750.841218,9111.768502,21.0,,3.0,588.9453125,,0
1782300750.941213,9111.868496,21.0,,3.0,588.9453125,,0
1782300751.041213,9111.968496,21.0,,3.0,588.9453125,,0
1782300751.141216,9112.068499,21.0,,3.0,588.9453125,,0
1782300751.241219,9112.168502,23.0,,3.0,588.9453125,,0
1782300751.341213,9112.268498,23.0,,4.0,588.9453125,,0
1782300751.441215,9112.368498,24.0,,3.0,588.9453125,,0
1782300751.541130,9112.468413,152.0,,100.0,588.9453125,,0
1782300751.641126,9112.568409,217.0,,100.0,588.9453125,,0
1782300751.741129,9112.668412,237.0,,100.0,588.9453125,,0
1782300751.841128,9112.768412,239.0,,100.0,588.9453125,,0
1782300751.941128,9112.868411,220.0,,100.0,588.9453125,,0
1782300752.041129,9112.968412,227.0,,100.0,588.9453125,,0
1782300752.141127,9113.068410,233.0,,100.0,588.9453125,,0
1782300752.241125,9113.168408,237.0,,100.0,588.9453125,,0
1782300752.341128,9113.268411,245.0,,100.0,588.9453125,,0
1782300752.441128,9113.368411,245.0,,100.0,588.9453125,,0
1782300752.541128,9113.468411,249.0,,100.0,588.9453125,,0
1782300752.641127,9113.568410,249.0,,100.0,588.9453125,,0
1782300752.741128,9113.668411,255.0,,100.0,588.9453125,,0
1782300752.841128,9113.768411,260.0,,100.0,588.9453125,,0
1782300752.941128,9113.868411,259.0,,100.0,588.9453125,,0
1782300753.041128,9113.968411,262.0,,100.0,588.9453125,,0
1782300753.141127,9114.068410,261.0,,100.0,588.9453125,,0
1782300753.241128,9114.168412,262.0,,100.0,588.9453125,,0
1782300753.341125,9114.268408,263.0,,100.0,588.9453125,,0
1782300753.441129,9114.368412,263.0,,100.0,588.9453125,,0
1782300753.541128,9114.468411,243.0,,100.0,588.9453125,,0
1782300753.641127,9114.568410,263.0,,100.0,588.9453125,,0
1782300753.741129,9114.668412,263.0,,100.0,588.9453125,,0
1782300753.841126,9114.768409,262.0,,100.0,588.9453125,,0
1782300753.941126,9114.868410,250.0,,100.0,588.9453125,,0
1782300754.041128,9114.968412,263.0,,100.0,588.9453125,,0
1782300754.141127,9115.068411,262.0,,100.0,588.9453125,,0
1782300754.241129,9115.168412,248.0,,100.0,588.9453125,,0
1782300754.341126,9115.268410,263.0,,100.0,588.9453125,,0
1782300754.441128,9115.368411,262.0,,99.0,588.9453125,,0
1782300754.541128,9115.468412,263.0,,100.0,588.9453125,,0
1782300754.641127,9115.568410,261.0,,100.0,588.9453125,,0
1782300754.741129,9115.668412,263.0,,100.0,588.9453125,,0
1782300754.841127,9115.768410,263.0,,100.0,588.9453125,,0
1782300754.941128,9115.868411,264.0,,100.0,588.9453125,,0
1782300755.041137,9115.968421,255.0,,100.0,588.9453125,,0
1782300755.141136,9116.068420,262.0,,100.0,588.9453125,,0
1782300755.241135,9116.168419,263.0,,100.0,588.9453125,,0
1782300755.341134,9116.268418,263.0,,100.0,588.9453125,,0
1782300755.441134,9116.368418,256.0,,99.0,588.9453125,,0
1782300755.541133,9116.468416,243.0,,99.0,588.9453125,,0
1782300755.641134,9116.568417,251.0,,100.0,588.9453125,,0
1782300755.741133,9116.668417,264.0,,100.0,588.9453125,,0
1782300755.841134,9116.768417,262.0,,100.0,588.9453125,,0
1782300755.941134,9116.868417,263.0,,100.0,588.9453125,,0
1782300756.041132,9116.968416,263.0,,100.0,588.9453125,,0
1782300756.141132,9117.068416,263.0,,100.0,588.9453125,,0
1782300756.241133,9117.168417,262.0,,100.0,588.9453125,,0
1782300756.341132,9117.268416,264.0,,100.0,588.9453125,,0
1782300756.441133,9117.368416,264.0,,100.0,588.9453125,,0
1782300756.541133,9117.468416,262.0,,100.0,588.9453125,,0
1782300756.641132,9117.568415,262.0,,100.0,588.9453125,,0
1782300756.741133,9117.668416,263.0,,100.0,588.9453125,,0
1782300756.841132,9117.768416,263.0,,100.0,588.9453125,,0
1782300756.941132,9117.868415,263.0,,100.0,588.9453125,,0
1782300757.041133,9117.968416,264.0,,100.0,588.9453125,,0
1782300757.141132,9118.068416,263.0,,100.0,588.9453125,,0
1782300757.241132,9118.168416,264.0,,100.0,588.9453125,,0
1782300757.341133,9118.268416,264.0,,100.0,588.9453125,,0
1782300757.441133,9118.368416,262.0,,100.0,588.9453125,,0
1782300757.541133,9118.468416,263.0,,100.0,588.9453125,,0
1782300757.641136,9118.568419,264.0,,100.0,588.9453125,,0
1782300757.741135,9118.668419,264.0,,100.0,588.9453125,,0
1782300757.841134,9118.768417,262.0,,100.0,588.9453125,,0
1782300757.941133,9118.868416,263.0,,100.0,588.9453125,,0
1782300758.041134,9118.968417,264.0,,100.0,588.9453125,,0
1782300758.141133,9119.068417,263.0,,100.0,588.9453125,,0
1782300758.241134,9119.168418,262.0,,100.0,588.9453125,,0
1782300758.341133,9119.268417,263.0,,100.0,588.9453125,,0
1782300758.441136,9119.368419,263.0,,100.0,588.9453125,,0
1782300758.541136,9119.468419,263.0,,100.0,588.9453125,,0
1782300758.641135,9119.568418,264.0,,100.0,588.9453125,,0
1782300758.741133,9119.668416,264.0,,100.0,588.9453125,,0
1782300758.841132,9119.768416,264.0,,100.0,588.9453125,,0
1782300758.941133,9119.868416,261.0,,100.0,588.9453125,,0
1782300759.041134,9119.968418,262.0,,100.0,588.9453125,,0
1782300759.141134,9120.068417,263.0,,100.0,588.9453125,,0
1782300759.241133,9120.168416,263.0,,100.0,588.9453125,,0
1782300759.341133,9120.268416,264.0,,100.0,588.9453125,,0
1782300759.441133,9120.368416,262.0,,100.0,588.9453125,,0
1782300759.541133,9120.468417,263.0,,100.0,588.9453125,,0
1782300759.641133,9120.568416,264.0,,100.0,588.9453125,,0
1782300759.741133,9120.668417,264.0,,100.0,588.9453125,,0
1782300759.841134,9120.768417,262.0,,100.0,588.9453125,,0
1782300759.941133,9120.868417,263.0,,100.0,588.9453125,,0
1782300760.041134,9120.968417,264.0,,100.0,588.9453125,,0
1782300760.141133,9121.068416,263.0,,100.0,588.9453125,,0
1782300760.241132,9121.168416,262.0,,100.0,588.9453125,,0
1782300760.341133,9121.268416,263.0,,100.0,588.9453125,,0
1782300760.441133,9121.368416,263.0,,100.0,588.9453125,,0
1782300760.541133,9121.468416,263.0,,100.0,588.9453125,,0
1782300760.641133,9121.568416,264.0,,100.0,588.9453125,,0
1782300760.741132,9121.668416,263.0,,100.0,588.9453125,,0
1782300760.841132,9121.768416,262.0,,100.0,588.9453125,,0
1782300760.941132,9121.868416,261.0,,100.0,588.9453125,,0
1782300761.041132,9121.968416,263.0,,100.0,588.9453125,,0
1782300761.141132,9122.068416,265.0,,100.0,588.9453125,,0
1782300761.241133,9122.168416,265.0,,100.0,588.9453125,,0
1782300761.341133,9122.268417,264.0,,100.0,588.9453125,,0
1782300761.441132,9122.368415,263.0,,100.0,588.9453125,,0
1782300761.541132,9122.468415,264.0,,100.0,588.9453125,,0
1782300761.641133,9122.568416,264.0,,100.0,588.9453125,,0
1782300761.741133,9122.668417,263.0,,100.0,588.9453125,,0
1782300761.841132,9122.768416,263.0,,100.0,588.9453125,,0
1782300761.941133,9122.868416,264.0,,100.0,588.9453125,,0
1782300762.041133,9122.968416,264.0,,100.0,588.9453125,,0
1782300762.141133,9123.068416,263.0,,100.0,588.9453125,,0
1782300762.241132,9123.168416,264.0,,100.0,588.9453125,,0
1782300762.341133,9123.268416,265.0,,100.0,588.9453125,,0
1782300762.441133,9123.368416,264.0,,100.0,588.9453125,,0
1782300762.541132,9123.468416,262.0,,100.0,588.9453125,,0
1782300762.641133,9123.568416,262.0,,100.0,588.9453125,,0
1782300762.741132,9123.668416,264.0,,100.0,588.9453125,,0
1782300762.841132,9123.768416,264.0,,100.0,588.9453125,,0
1782300762.941132,9123.868415,264.0,,100.0,588.9453125,,0
1782300763.041136,9123.968420,265.0,,100.0,588.9453125,,0
1782300763.141134,9124.068417,265.0,,100.0,588.9453125,,0
1782300763.241132,9124.168416,264.0,,100.0,588.9453125,,0
1782300763.341134,9124.268417,263.0,,100.0,588.9453125,,0
1782300763.441134,9124.368417,263.0,,100.0,588.9453125,,0
1782300763.541133,9124.468416,264.0,,100.0,588.9453125,,0
1782300763.641133,9124.568416,264.0,,100.0,588.9453125,,0
1782300763.741132,9124.668416,263.0,,100.0,588.9453125,,0
1782300763.841133,9124.768417,265.0,,100.0,588.9453125,,0
1782300763.941133,9124.868417,266.0,,100.0,588.9453125,,0
1782300764.041132,9124.968415,266.0,,100.0,588.9453125,,0
1782300764.141133,9125.068417,264.0,,100.0,588.9453125,,0
1782300764.241132,9125.168416,263.0,,100.0,588.9453125,,0
1782300764.341133,9125.268416,264.0,,100.0,588.9453125,,0
1782300764.441133,9125.368417,264.0,,100.0,588.9453125,,0
1782300764.541132,9125.468416,265.0,,100.0,588.9453125,,0
1782300764.641133,9125.568417,265.0,,100.0,588.9453125,,0
1782300764.741133,9125.668416,266.0,,100.0,588.9453125,,0
1782300764.841133,9125.768416,265.0,,100.0,588.9453125,,0
1782300764.941132,9125.868415,264.0,,100.0,588.9453125,,0
1782300765.041132,9125.968416,265.0,,100.0,588.9453125,,0
1782300765.141132,9126.068415,265.0,,100.0,588.9453125,,0
1782300765.241132,9126.168416,264.0,,100.0,588.9453125,,0
1782300765.341132,9126.268416,265.0,,100.0,588.9453125,,0
1782300765.441133,9126.368416,265.0,,100.0,588.9453125,,0
1782300765.541133,9126.468417,265.0,,100.0,588.9453125,,0
1782300765.641132,9126.568415,265.0,,100.0,588.9453125,,0
1782300765.741133,9126.668417,264.0,,100.0,588.9453125,,0
1782300765.841133,9126.768416,264.0,,100.0,588.9453125,,0
1782300765.941132,9126.868415,265.0,,100.0,588.9453125,,0
1782300766.041133,9126.968417,266.0,,100.0,588.9453125,,0
1782300766.141135,9127.068419,265.0,,100.0,588.9453125,,0
1782300766.241133,9127.168416,266.0,,100.0,588.9453125,,0
1782300766.341133,9127.268416,266.0,,100.0,588.9453125,,0
1782300766.441132,9127.368416,264.0,,100.0,588.9453125,,0
1782300766.541133,9127.468416,265.0,,100.0,588.9453125,,0
1782300766.641134,9127.568417,265.0,,100.0,588.9453125,,0
1782300766.741132,9127.668416,264.0,,100.0,588.9453125,,0
1782300766.841133,9127.768417,263.0,,100.0,588.9453125,,0
1782300766.941131,9127.868415,264.0,,100.0,588.9453125,,0
1782300767.041133,9127.968416,267.0,,100.0,588.9453125,,0
1782300767.141133,9128.068417,266.0,,100.0,588.9453125,,0
1782300767.241133,9128.168417,266.0,,100.0,588.9453125,,0
1782300767.341133,9128.268417,265.0,,100.0,588.9453125,,0
1782300767.441133,9128.368416,266.0,,100.0,588.9453125,,0
1782300767.541133,9128.468416,266.0,,100.0,588.9453125,,0
1782300767.641133,9128.568416,265.0,,100.0,588.9453125,,0
1782300767.741132,9128.668416,264.0,,100.0,588.9453125,,0
1782300767.841133,9128.768416,259.0,,100.0,588.9453125,,0
1782300767.941133,9128.868417,241.0,,99.0,588.9453125,,0
1782300768.041134,9128.968417,264.0,,99.0,588.9453125,,0
1782300768.141132,9129.068416,273.0,,100.0,588.9453125,,0
1782300768.241133,9129.168417,266.0,,100.0,588.9453125,,0
1782300768.341132,9129.268416,274.0,,100.0,588.9453125,,0
1782300768.441132,9129.368415,266.0,,100.0,588.9453125,,0
1782300768.541132,9129.468416,264.0,,100.0,588.9453125,,0
1782300768.641135,9129.568418,265.0,,100.0,588.9453125,,0
1782300768.741133,9129.668416,272.0,,99.0,588.9453125,,0
1782300768.841133,9129.768417,272.0,,99.0,588.9453125,,0
1782300768.941132,9129.868416,264.0,,99.0,588.9453125,,0
1782300769.041133,9129.968417,275.0,,99.0,588.9453125,,0
1782300769.141133,9130.068417,275.0,,99.0,588.9453125,,0
1782300769.241132,9130.168416,264.0,,100.0,588.9453125,,0
1782300769.341133,9130.268416,264.0,,100.0,588.9453125,,0
1782300769.441132,9130.368416,265.0,,100.0,588.9453125,,0
1782300769.541132,9130.468416,266.0,,100.0,588.9453125,,0
1782300769.641133,9130.568417,265.0,,100.0,588.9453125,,0
1782300769.741133,9130.668417,264.0,,100.0,588.9453125,,0
1782300769.841133,9130.768417,265.0,,100.0,588.9453125,,0
1782300769.941132,9130.868416,266.0,,100.0,588.9453125,,0
1782300770.041134,9130.968418,266.0,,100.0,588.9453125,,0
1782300770.141134,9131.068418,274.0,,99.0,588.9453125,,0
1782300770.241132,9131.168416,267.0,,100.0,588.9453125,,0
1782300770.341133,9131.268416,266.0,,100.0,588.9453125,,0
1782300770.441135,9131.368418,264.0,,100.0,588.9453125,,0
1782300770.541133,9131.468417,263.0,,100.0,588.9453125,,0
1782300770.641133,9131.568416,266.0,,100.0,588.9453125,,0
1782300770.741133,9131.668416,266.0,,100.0,588.9453125,,0
1782300770.841133,9131.768416,267.0,,100.0,588.9453125,,0
1782300770.941132,9131.868416,266.0,,100.0,588.9453125,,0
1782300771.041134,9131.968418,266.0,,100.0,588.9453125,,0
1782300771.141133,9132.068417,266.0,,100.0,588.9453125,,0
1782300771.241133,9132.168416,266.0,,100.0,588.9453125,,0
1782300771.341133,9132.268416,266.0,,100.0,588.9453125,,0
1782300771.441132,9132.368416,266.0,,100.0,588.9453125,,0
1782300771.541132,9132.468416,266.0,,100.0,588.9453125,,0
1782300771.641132,9132.568415,265.0,,100.0,588.9453125,,0
1782300771.741133,9132.668416,265.0,,100.0,588.9453125,,0
1782300771.841133,9132.768416,267.0,,100.0,588.9453125,,0
1782300771.941133,9132.868417,266.0,,100.0,588.9453125,,0
1782300772.041132,9132.968416,268.0,,100.0,588.9453125,,0
1782300772.141133,9133.068416,265.0,,100.0,588.9453125,,0
1782300772.241133,9133.168416,267.0,,100.0,588.9453125,,0
1782300772.341133,9133.268416,265.0,,100.0,588.9453125,,0
1782300772.441135,9133.368419,264.0,,100.0,588.9453125,,0
1782300772.541133,9133.468416,267.0,,100.0,588.9453125,,0
1782300772.641133,9133.568416,267.0,,100.0,588.9453125,,0
1782300772.741132,9133.668416,266.0,,100.0,588.9453125,,0
1782300772.841133,9133.768416,267.0,,100.0,588.9453125,,0
1782300772.941133,9133.868416,266.0,,100.0,588.9453125,,0
1782300773.041133,9133.968416,266.0,,100.0,588.9453125,,0
1782300773.141133,9134.068416,265.0,,100.0,588.9453125,,0
1782300773.241134,9134.168417,264.0,,100.0,588.9453125,,0
1782300773.341133,9134.268416,266.0,,100.0,588.9453125,,0
1782300773.441133,9134.368416,266.0,,100.0,588.9453125,,0
1782300773.541132,9134.468416,267.0,,100.0,588.9453125,,0
1782300773.641132,9134.568416,265.0,,100.0,588.9453125,,0
1782300773.741135,9134.668418,266.0,,100.0,588.9453125,,0
1782300773.841133,9134.768416,266.0,,100.0,588.9453125,,0
1782300773.941133,9134.868416,267.0,,100.0,588.9453125,,0
1782300774.041133,9134.968416,265.0,,100.0,588.9453125,,0
1782300774.141135,9135.068418,246.0,,99.0,588.9453125,,0
1782300774.241150,9135.168434,265.0,,100.0,588.9453125,,0
1782300774.341139,9135.268422,264.0,,100.0,588.9453125,,0
1782300774.441134,9135.368418,265.0,,100.0,588.9453125,,0
1782300774.541134,9135.468418,267.0,,100.0,588.9453125,,0
1782300774.641133,9135.568417,267.0,,100.0,588.9453125,,0
1782300774.741134,9135.668418,265.0,,100.0,588.9453125,,0
1782300774.841134,9135.768418,265.0,,100.0,588.9453125,,0
1782300774.941132,9135.868416,266.0,,100.0,588.9453125,,0
1782300775.041135,9135.968419,266.0,,100.0,588.9453125,,0
1782300775.141134,9136.068418,246.0,,99.0,588.9453125,,0
1782300775.241133,9136.168417,267.0,,100.0,588.9453125,,0
1782300775.341134,9136.268417,267.0,,100.0,588.9453125,,0
1782300775.441133,9136.368416,267.0,,100.0,588.9453125,,0
1782300775.541133,9136.468416,266.0,,100.0,588.9453125,,0
1782300775.641133,9136.568416,266.0,,100.0,588.9453125,,0
1782300775.741137,9136.668420,268.0,,100.0,588.9453125,,0
1782300775.841149,9136.768434,267.0,,100.0,588.9453125,,0
1782300775.941150,9136.868435,266.0,,100.0,588.9453125,,0
1782300776.041149,9136.968433,265.0,,100.0,588.9453125,,0
1782300776.141150,9137.068434,266.0,,100.0,588.9453125,,0
1782300776.241150,9137.168435,266.0,,100.0,588.9453125,,0
1782300776.341151,9137.268435,266.0,,100.0,588.9453125,,0
1782300776.441149,9137.368434,267.0,,100.0,588.9453125,,0
1782300776.541149,9137.468434,266.0,,100.0,588.9453125,,0
1782300776.641149,9137.568433,267.0,,100.0,588.9453125,,0
1782300776.741150,9137.668434,266.0,,100.0,588.9453125,,0
1782300776.841150,9137.768434,265.0,,100.0,588.9453125,,0
1782300776.941149,9137.868434,266.0,,100.0,588.9453125,,0
1782300777.041136,9137.968420,267.0,,100.0,588.9453125,,0
1782300777.141135,9138.068418,267.0,,100.0,588.9453125,,0
1782300777.241134,9138.168417,266.0,,100.0,588.9453125,,0
1782300777.341134,9138.268418,267.0,,100.0,588.9453125,,0
1782300777.441134,9138.368417,265.0,,100.0,588.9453125,,0
1782300777.541134,9138.468417,266.0,,100.0,588.9453125,,0
1782300777.641133,9138.568417,266.0,,100.0,588.9453125,,0
1782300777.741133,9138.668417,266.0,,100.0,588.9453125,,0
1782300777.841133,9138.768416,267.0,,100.0,588.9453125,,0
1782300777.941133,9138.868417,267.0,,100.0,588.9453125,,0
1782300778.041134,9138.968417,267.0,,100.0,588.9453125,,0
1782300778.141133,9139.068417,268.0,,100.0,588.9453125,,0
1782300778.241133,9139.168416,267.0,,100.0,588.9453125,,0
1782300778.341133,9139.268417,266.0,,100.0,588.9453125,,0
1782300778.441136,9139.368420,264.0,,100.0,588.9453125,,0
1782300778.541135,9139.468418,267.0,,100.0,588.9453125,,0
1782300778.641134,9139.568418,267.0,,100.0,588.9453125,,0
1782300778.741133,9139.668416,266.0,,100.0,588.9453125,,0
1782300778.841133,9139.768416,265.0,,100.0,588.9453125,,0
1782300778.941134,9139.868417,266.0,,100.0,588.9453125,,0
1782300779.041134,9139.968418,266.0,,100.0,588.9453125,,0
1782300779.141133,9140.068417,267.0,,100.0,588.9453125,,0
1782300779.241133,9140.168417,267.0,,100.0,588.9453125,,0
1782300779.341133,9140.268417,268.0,,100.0,588.9453125,,0
1782300779.441133,9140.368417,266.0,,100.0,588.9453125,,0
1782300779.541134,9140.468417,265.0,,100.0,588.9453125,,0
1782300779.641133,9140.568416,267.0,,100.0,588.9453125,,0
1782300779.741133,9140.668417,267.0,,100.0,588.9453125,,0
1782300779.841133,9140.768417,266.0,,100.0,588.9453125,,0
1782300779.941134,9140.868418,266.0,,100.0,588.9453125,,0
1782300780.041133,9140.968417,267.0,,100.0,588.9453125,,0
1782300780.141133,9141.068417,268.0,,100.0,588.9453125,,0
1782300780.241133,9141.168417,263.0,,100.0,588.9453125,,0
1782300780.341133,9141.268416,263.0,,100.0,588.9453125,,0
1782300780.441132,9141.368415,263.0,,100.0,588.9453125,,0
1782300780.541133,9141.468416,263.0,,100.0,588.9453125,,0
1782300780.641133,9141.568417,263.0,,100.0,588.9453125,,0
1782300780.741133,9141.668416,262.0,,100.0,588.9453125,,0
1782300780.841133,9141.768416,262.0,,100.0,588.9453125,,0
1782300780.941132,9141.868415,262.0,,100.0,588.9453125,,0
1782300781.041133,9141.968417,263.0,,100.0,588.9453125,,0
1782300781.141133,9142.068416,267.0,,100.0,588.9453125,,0
1782300781.241132,9142.168416,267.0,,100.0,588.9453125,,0
1782300781.341133,9142.268416,267.0,,100.0,588.9453125,,0
1782300781.441133,9142.368416,267.0,,100.0,588.9453125,,0
1782300781.541132,9142.468415,266.0,,100.0,588.9453125,,0
1782300781.641134,9142.568417,267.0,,100.0,588.9453125,,0
1782300781.741132,9142.668416,267.0,,100.0,588.9453125,,0
1782300781.841133,9142.768416,267.0,,100.0,588.9453125,,0
1782300781.941133,9142.868416,265.0,,100.0,588.9453125,,0
1782300782.041133,9142.968416,267.0,,100.0,588.9453125,,0
1782300782.141133,9143.068416,268.0,,100.0,588.9453125,,0
1782300782.241133,9143.168417,268.0,,100.0,588.9453125,,0
1782300782.341133,9143.268416,267.0,,100.0,588.9453125,,0
1782300782.441133,9143.368416,267.0,,100.0,588.9453125,,0
1782300782.541132,9143.468416,267.0,,100.0,588.9453125,,0
1782300782.641133,9143.568416,266.0,,100.0,588.9453125,,0
1782300782.741133,9143.668416,266.0,,100.0,588.9453125,,0
1782300782.841133,9143.768417,267.0,,100.0,588.9453125,,0
1782300782.941132,9143.868415,267.0,,100.0,588.9453125,,0
1782300783.041134,9143.968417,268.0,,100.0,588.9453125,,0
1782300783.141133,9144.068416,266.0,,100.0,588.9453125,,0
1782300783.241134,9144.168418,267.0,,100.0,588.9453125,,0
1782300783.341133,9144.268417,267.0,,100.0,588.9453125,,0
1782300783.441133,9144.368416,267.0,,100.0,588.9453125,,0
1782300783.541132,9144.468416,266.0,,100.0,588.9453125,,0
1782300783.641132,9144.568416,267.0,,100.0,588.9453125,,0
1782300783.741132,9144.668416,265.0,,100.0,588.9453125,,0
1782300783.841133,9144.768417,266.0,,100.0,588.9453125,,0
1782300783.941132,9144.868416,267.0,,100.0,588.9453125,,0
1782300784.041132,9144.968416,267.0,,100.0,588.9453125,,0
1782300784.141136,9145.068419,267.0,,100.0,588.9453125,,0
1782300784.241133,9145.168416,267.0,,100.0,588.9453125,,0
1782300784.341133,9145.268417,266.0,,100.0,588.9453125,,0
1782300784.441132,9145.368416,266.0,,100.0,588.9453125,,0
1782300784.541132,9145.468416,267.0,,100.0,588.9453125,,0
1782300784.641133,9145.568417,267.0,,100.0,588.9453125,,0
1782300784.741133,9145.668416,267.0,,100.0,588.9453125,,0
1782300784.841132,9145.768416,267.0,,100.0,588.9453125,,0
1782300784.941133,9145.868417,267.0,,100.0,588.9453125,,0
1782300785.041133,9145.968416,266.0,,100.0,588.9453125,,0
1782300785.141133,9146.068417,266.0,,100.0,588.9453125,,0
1782300785.241133,9146.168416,267.0,,100.0,588.9453125,,0
1782300785.341132,9146.268416,268.0,,100.0,588.9453125,,0
1782300785.441133,9146.368417,267.0,,100.0,588.9453125,,0
1782300785.541133,9146.468417,266.0,,100.0,588.9453125,,0
1782300785.641133,9146.568416,261.0,,100.0,588.9453125,,0
1782300785.741133,9146.668417,255.0,,100.0,588.9453125,,0
1782300785.841133,9146.768416,268.0,,99.0,588.9453125,,0
1782300785.941133,9146.868416,276.0,,100.0,588.9453125,,0
1782300786.041133,9146.968417,277.0,,100.0,588.9453125,,0
1782300786.141134,9147.068417,278.0,,100.0,588.9453125,,0
1782300786.241132,9147.168416,267.0,,100.0,588.9453125,,0
1782300786.341133,9147.268416,266.0,,100.0,588.9453125,,0
1782300786.441132,9147.368416,268.0,,100.0,588.9453125,,0
1782300786.541136,9147.468420,39.0,,3.0,588.9453125,,0
1782300786.641212,9147.568496,24.0,,3.0,588.9453125,,0
1782300786.741218,9147.668501,26.0,,3.0,588.9453125,,0
1782300786.841213,9147.768497,22.0,,3.0,588.9453125,,0
1782300786.941210,9147.868493,22.0,,3.0,588.9453125,,0
1782300787.041215,9147.968498,23.0,,3.0,588.9453125,,0
1782300787.141213,9148.068496,23.0,,3.0,588.9453125,,0
1782300787.241211,9148.168494,24.0,,3.0,588.9453125,,0
1782300787.341216,9148.268499,23.0,,3.0,588.9453125,,0
1782300787.441212,9148.368495,22.0,,3.0,588.9453125,,0
1782300787.541213,9148.468496,23.0,,3.0,588.9453125,,0
1782300787.641213,9148.568496,27.0,,3.0,588.9453125,,0
1782300787.741213,9148.668496,24.0,,3.0,588.9453125,,0
1782300787.841213,9148.768497,25.0,,3.0,588.9453125,,0
1782300787.941213,9148.868497,27.0,,3.0,588.9453125,,0
1782300788.041217,9148.968500,23.0,,3.0,588.9453125,,0
1782300788.141216,9149.068501,23.0,,3.0,588.9453125,,0
1782300788.241213,9149.168497,22.0,,3.0,588.9453125,,0
1782300788.341213,9149.268498,22.0,,3.0,588.9453125,,0
1782300788.441211,9149.368495,22.0,,3.0,588.9453125,,0
1782300788.541214,9149.468497,22.0,,3.0,588.9453125,,0
1782300788.641215,9149.568498,22.0,,3.0,588.9453125,,0
1782300788.741213,9149.668496,23.0,,2.0,588.9453125,,0
1782300788.841214,9149.768497,25.0,,3.0,588.9453125,,0
1782300788.941211,9149.868495,23.0,,3.0,588.9453125,,0
1782300789.041211,9149.968494,22.0,,3.0,588.9453125,,0
1782300789.141212,9150.068496,23.0,,3.0,588.9453125,,0
1782300789.241213,9150.168496,22.0,,3.0,588.9453125,,0
1782300789.341213,9150.268497,25.0,,5.0,588.9453125,,0
1782300789.441225,9150.368509,22.0,,3.0,588.9453125,,0
1782300789.541213,9150.468496,22.0,,3.0,588.9453125,,0
1782300789.641220,9150.568504,22.0,,3.0,588.9453125,,0
1782300789.741216,9150.668499,22.0,,3.0,588.9453125,,0
1782300789.841215,9150.768500,21.0,,4.0,588.9453125,,0
1782300789.941211,9150.868494,21.0,,4.0,588.9453125,,0
1782300790.041211,9150.968494,25.0,,3.0,588.9453125,,0
1782300790.141221,9151.068504,23.0,,3.0,588.9453125,,0
1782300790.241218,9151.168502,23.0,,3.0,588.9453125,,0
1782300790.341217,9151.268500,24.0,,3.0,588.9453125,,0
1782300790.441210,9151.368494,22.0,,3.0,588.9453125,,0
1782300790.541215,9151.468499,22.0,,3.0,588.9453125,,0
1782300790.641212,9151.568495,22.0,,3.0,588.9453125,,0
1782300790.741215,9151.668499,22.0,,3.0,588.9453125,,0
1782300790.841213,9151.768497,22.0,,1.0,588.9453125,,0
1782300790.941211,9151.868494,26.0,,3.0,588.9453125,,0
1782300791.041214,9151.968498,22.0,,3.0,588.9453125,,0
1782300791.141217,9152.068500,22.0,,3.0,588.9453125,,0
1782300791.241213,9152.168496,25.0,,3.0,588.9453125,,0
1782300791.341215,9152.268498,24.0,,3.0,588.9453125,,0
1782300791.441216,9152.368499,22.0,,3.0,588.9453125,,0
1782300791.541208,9152.468492,32.0,,10.0,588.9453125,,0
1782300791.641230,9152.568515,170.0,,100.0,588.9453125,,0
1782300791.741213,9152.668497,208.0,,100.0,588.9453125,,0
1782300791.841213,9152.768497,231.0,,100.0,588.9453125,,0
1782300791.941214,9152.868497,232.0,,100.0,588.9453125,,0
1782300792.041213,9152.968497,232.0,,100.0,588.9453125,,0
1782300792.141213,9153.068496,236.0,,100.0,588.9453125,,0
1782300792.241212,9153.168496,238.0,,100.0,588.9453125,,0
1782300792.341213,9153.268497,243.0,,100.0,588.9453125,,0
1782300792.441211,9153.368496,245.0,,100.0,588.9453125,,0
1782300792.541212,9153.468496,248.0,,100.0,588.9453125,,0
1782300792.641212,9153.568495,249.0,,100.0,588.9453125,,0
1782300792.741220,9153.668503,257.0,,100.0,588.9453125,,0
1782300792.841215,9153.768499,258.0,,100.0,588.9453125,,0
1782300792.941213,9153.868497,260.0,,100.0,588.9453125,,0
1782300793.041214,9153.968497,262.0,,100.0,588.9453125,,0
1782300793.141212,9154.068495,262.0,,100.0,588.9453125,,0
1782300793.241213,9154.168497,261.0,,100.0,588.9453125,,0
1782300793.341227,9154.268512,261.0,,100.0,588.9453125,,0
1782300793.441216,9154.368499,262.0,,100.0,588.9453125,,0
1782300793.541214,9154.468497,263.0,,100.0,588.9453125,,0
1782300793.641212,9154.568496,254.0,,100.0,588.9453125,,0
1782300793.741213,9154.668497,262.0,,100.0,588.9453125,,0
1782300793.841214,9154.768497,264.0,,100.0,588.9453125,,0
1782300793.941216,9154.868500,263.0,,100.0,588.9453125,,0
1782300794.041213,9154.968497,263.0,,100.0,588.9453125,,0
1782300794.141213,9155.068497,262.0,,100.0,588.9453125,,0
1782300794.241211,9155.168495,263.0,,100.0,588.9453125,,0
1782300794.341152,9155.268436,263.0,,100.0,588.9453125,,0
1782300794.441212,9155.368496,263.0,,100.0,588.9453125,,0
1782300794.541215,9155.468499,262.0,,100.0,588.9453125,,0
1782300794.641211,9155.568494,255.0,,99.0,588.9453125,,0
1782300794.741214,9155.668499,258.0,,100.0,588.9453125,,0
1782300794.841213,9155.768496,260.0,,100.0,588.9453125,,0
1782300794.941212,9155.868496,262.0,,100.0,588.9453125,,0
1782300795.041214,9155.968498,263.0,,100.0,588.9453125,,0
1782300795.141212,9156.068495,263.0,,100.0,588.9453125,,0
1782300795.241214,9156.168497,263.0,,100.0,588.9453125,,0
1782300795.341206,9156.268489,262.0,,100.0,588.9453125,,0
1782300795.441208,9156.368493,262.0,,100.0,588.9453125,,0
1782300795.541220,9156.468503,264.0,,100.0,588.9453125,,0
1782300795.641217,9156.568501,263.0,,100.0,588.9453125,,0
1782300795.741216,9156.668501,261.0,,100.0,588.9453125,,0
1782300795.841215,9156.768498,264.0,,100.0,588.9453125,,0
1782300795.941213,9156.868497,264.0,,100.0,588.9453125,,0
1782300796.041209,9156.968494,264.0,,100.0,588.9453125,,0
1782300796.141219,9157.068504,263.0,,100.0,588.9453125,,0
1782300796.241212,9157.168496,263.0,,100.0,588.9453125,,0
1782300796.341222,9157.268505,263.0,,100.0,588.9453125,,0
1782300796.441212,9157.368497,261.0,,100.0,588.9453125,,0
1782300796.541207,9157.468491,263.0,,100.0,588.9453125,,0
1782300796.641211,9157.568495,262.0,,100.0,588.9453125,,0
1782300796.741212,9157.668496,264.0,,100.0,588.9453125,,0
1782300796.841219,9157.768504,263.0,,100.0,588.9453125,,0
1782300796.941216,9157.868501,263.0,,100.0,588.9453125,,0
1782300797.041216,9157.968500,262.0,,100.0,588.9453125,,0
1782300797.141206,9158.068491,264.0,,100.0,588.9453125,,0
1782300797.241211,9158.168496,263.0,,100.0,588.9453125,,0
1782300797.341218,9158.268503,262.0,,100.0,588.9453125,,0
1782300797.441211,9158.368496,263.0,,100.0,588.9453125,,0
1782300797.541218,9158.468502,264.0,,100.0,588.9453125,,0
1782300797.641208,9158.568493,263.0,,100.0,588.9453125,,0
1782300797.741209,9158.668494,263.0,,100.0,588.9453125,,0
1782300797.841213,9158.768498,264.0,,100.0,588.9453125,,0
1782300797.941205,9158.868490,263.0,,100.0,588.9453125,,0
1782300798.041208,9158.968493,263.0,,100.0,588.9453125,,0
1782300798.141215,9159.068498,262.0,,100.0,588.9453125,,0
1782300798.241216,9159.168500,264.0,,100.0,588.9453125,,0
1782300798.341213,9159.268497,264.0,,100.0,588.9453125,,0
1782300798.441218,9159.368501,262.0,,100.0,588.9453125,,0
1782300798.541213,9159.468497,261.0,,100.0,588.9453125,,0
1782300798.641212,9159.568497,263.0,,100.0,588.9453125,,0
1782300798.741210,9159.668493,263.0,,100.0,588.9453125,,0
1782300798.841218,9159.768502,264.0,,100.0,588.9453125,,0
1782300798.941211,9159.868494,263.0,,100.0,588.9453125,,0
1782300799.041207,9159.968491,262.0,,100.0,588.9453125,,0
1782300799.141211,9160.068495,264.0,,100.0,588.9453125,,0
1782300799.241215,9160.168500,263.0,,100.0,588.9453125,,0
1782300799.341213,9160.268498,262.0,,100.0,588.9453125,,0
1782300799.441219,9160.368503,264.0,,100.0,588.9453125,,0
1782300799.541211,9160.468495,263.0,,100.0,588.9453125,,0
1782300799.641211,9160.568494,263.0,,100.0,588.9453125,,0
1782300799.741216,9160.668501,263.0,,100.0,588.9453125,,0
1782300799.841210,9160.768495,264.0,,100.0,588.9453125,,0
1782300799.941217,9160.868502,263.0,,100.0,588.9453125,,0
1782300800.041219,9160.968504,262.0,,100.0,588.9453125,,0
1782300800.141211,9161.068494,263.0,,100.0,588.9453125,,0
1782300800.241212,9161.168497,264.0,,100.0,588.9453125,,0
1782300800.341214,9161.268498,264.0,,100.0,588.9453125,,0
1782300800.441227,9161.368510,264.0,,100.0,588.9453125,,0
1782300800.541213,9161.468497,262.0,,100.0,588.9453125,,0
1782300800.641212,9161.568496,263.0,,100.0,588.9453125,,0
1782300800.741205,9161.668489,262.0,,100.0,588.9453125,,0
1782300800.841211,9161.768496,262.0,,100.0,588.9453125,,0
1782300800.941212,9161.868498,263.0,,100.0,588.9453125,,0
1782300801.041214,9161.968498,264.0,,100.0,588.9453125,,0
1782300801.141217,9162.068502,265.0,,100.0,588.9453125,,0
1782300801.241214,9162.168497,263.0,,100.0,588.9453125,,0
1782300801.341215,9162.268500,263.0,,100.0,588.9453125,,0
1782300801.441212,9162.368496,264.0,,100.0,588.9453125,,0
1782300801.541213,9162.468498,264.0,,100.0,588.9453125,,0
1782300801.641212,9162.568495,263.0,,100.0,588.9453125,,0
1782300801.741220,9162.668504,263.0,,100.0,588.9453125,,0
1782300801.841209,9162.768493,265.0,,100.0,588.9453125,,0
1782300801.941211,9162.868495,266.0,,100.0,588.9453125,,0
1782300802.041212,9162.968497,265.0,,100.0,588.9453125,,0
1782300802.141212,9163.068495,264.0,,100.0,588.9453125,,0
1782300802.241210,9163.168496,264.0,,100.0,588.9453125,,0
1782300802.341218,9163.268502,264.0,,100.0,588.9453125,,0
1782300802.441226,9163.368511,262.0,,100.0,588.9453125,,0
1782300802.541223,9163.468506,265.0,,100.0,588.9453125,,0
1782300802.641216,9163.568500,264.0,,100.0,588.9453125,,0
1782300802.741215,9163.668499,264.0,,100.0,588.9453125,,0
1782300802.841214,9163.768499,265.0,,100.0,588.9453125,,0
1782300802.941219,9163.868504,263.0,,100.0,588.9453125,,0
1782300803.041214,9163.968497,264.0,,100.0,588.9453125,,0
1782300803.141222,9164.068505,265.0,,100.0,588.9453125,,0
1782300803.241212,9164.168497,263.0,,100.0,588.9453125,,0
1782300803.341218,9164.268502,265.0,,100.0,588.9453125,,0
1782300803.441213,9164.368498,265.0,,100.0,588.9453125,,0
1782300803.541216,9164.468501,264.0,,100.0,588.9453125,,0
1782300803.641214,9164.568499,263.0,,100.0,588.9453125,,0
1782300803.741210,9164.668494,265.0,,100.0,588.9453125,,0
1782300803.841219,9164.768503,266.0,,100.0,588.9453125,,0
1782300803.941213,9164.868497,264.0,,99.0,588.9453125,,0
1782300804.041214,9164.968499,264.0,,100.0,588.9453125,,0
1782300804.141213,9165.068497,264.0,,100.0,588.9453125,,0
1782300804.241214,9165.168497,262.0,,99.0,588.9453125,,0
1782300804.341213,9165.268497,263.0,,100.0,588.9453125,,0
1782300804.441220,9165.368504,264.0,,99.0,588.9453125,,0
1782300804.541217,9165.468502,262.0,,99.0,588.9453125,,0
1782300804.641218,9165.568501,263.0,,100.0,588.9453125,,0
1782300804.741212,9165.668496,263.0,,100.0,588.9453125,,0
1782300804.841214,9165.768498,272.0,,99.0,588.9453125,,0
1782300804.941221,9165.868504,261.0,,100.0,588.9453125,,0
1782300805.041214,9165.968498,265.0,,100.0,588.9453125,,0
1782300805.141219,9166.068503,265.0,,100.0,588.9453125,,0
1782300805.241212,9166.168495,264.0,,100.0,588.9453125,,0
1782300805.341219,9166.268502,264.0,,100.0,588.9453125,,0
1782300805.441220,9166.368504,263.0,,99.0,588.9453125,,0
1782300805.541215,9166.468501,264.0,,99.0,588.9453125,,0
1782300805.641212,9166.568496,250.0,,99.0,588.9453125,,0
1782300805.741219,9166.668503,265.0,,100.0,588.9453125,,0
1782300805.841214,9166.768497,265.0,,100.0,588.9453125,,0
1782300805.941218,9166.868503,264.0,,100.0,588.9453125,,0
1782300806.041209,9166.968494,264.0,,100.0,588.9453125,,0
1782300806.141210,9167.068493,264.0,,100.0,588.9453125,,0
1782300806.241211,9167.168494,264.0,,100.0,588.9453125,,0
1782300806.341228,9167.268512,264.0,,100.0,588.9453125,,0
1782300806.441212,9167.368497,265.0,,100.0,588.9453125,,0
1782300806.541211,9167.468496,265.0,,100.0,588.9453125,,0
1782300806.641217,9167.568500,266.0,,100.0,588.9453125,,0
1782300806.741210,9167.668494,267.0,,100.0,588.9453125,,0
1782300806.841220,9167.768504,244.0,,100.0,588.9453125,,0
1782300806.941216,9167.868500,265.0,,100.0,588.9453125,,0
1782300807.041208,9167.968492,265.0,,100.0,588.9453125,,0
1782300807.141209,9168.068492,264.0,,100.0,588.9453125,,0
1782300807.241214,9168.168499,265.0,,100.0,588.9453125,,0
1782300807.341210,9168.268494,266.0,,100.0,588.9453125,,0
1782300807.441215,9168.368499,266.0,,100.0,588.9453125,,0
1782300807.541222,9168.468505,265.0,,100.0,588.9453125,,0
1782300807.641214,9168.568499,264.0,,100.0,588.9453125,,0
1782300807.741215,9168.668499,266.0,,100.0,588.9453125,,0
1782300807.841220,9168.768504,265.0,,100.0,588.9453125,,0
1782300807.941216,9168.868501,254.0,,100.0,588.9453125,,0
1782300808.041215,9168.968500,265.0,,100.0,588.9453125,,0
1782300808.141217,9169.068501,249.0,,99.0,588.9453125,,0
1782300808.241207,9169.168492,263.0,,100.0,588.9453125,,0
1782300808.341218,9169.268502,265.0,,100.0,588.9453125,,0
1782300808.441218,9169.368502,265.0,,100.0,588.9453125,,0
1782300808.541211,9169.468496,266.0,,100.0,588.9453125,,0
1782300808.641212,9169.568495,264.0,,100.0,588.9453125,,0
1782300808.741218,9169.668503,263.0,,100.0,588.9453125,,0
1782300808.841218,9169.768502,266.0,,100.0,588.9453125,,0
1782300808.941208,9169.868492,267.0,,100.0,588.9453125,,0
1782300809.041217,9169.968501,264.0,,100.0,588.9453125,,0
1782300809.141230,9170.068514,267.0,,100.0,588.9453125,,0
1782300809.241205,9170.168489,265.0,,100.0,588.9453125,,0
1782300809.341213,9170.268498,266.0,,100.0,588.9453125,,0
1782300809.441217,9170.368502,264.0,,100.0,588.9453125,,0
1782300809.541221,9170.468505,264.0,,100.0,588.9453125,,0
1782300809.641217,9170.568502,265.0,,100.0,588.9453125,,0
1782300809.741222,9170.668506,266.0,,100.0,588.9453125,,0
1782300809.841213,9170.768497,266.0,,100.0,588.9453125,,0
1782300809.941211,9170.868495,266.0,,100.0,588.9453125,,0
1782300810.041215,9170.968500,266.0,,100.0,588.9453125,,0
1782300810.141213,9171.068498,267.0,,100.0,588.9453125,,0
1782300810.241222,9171.168506,265.0,,100.0,588.9453125,,0
1782300810.341219,9171.268504,265.0,,100.0,588.9453125,,0
1782300810.441216,9171.368500,271.0,,100.0,588.9453125,,0
1782300810.541222,9171.468506,273.0,,100.0,588.9453125,,0
1782300810.641217,9171.568502,263.0,,100.0,588.9453125,,0
1782300810.741213,9171.668497,275.0,,100.0,588.9453125,,0
1782300810.841215,9171.768499,277.0,,99.0,588.9453125,,0
1782300810.941213,9171.868497,278.0,,100.0,588.9453125,,0
1782300811.041208,9171.968492,277.0,,100.0,588.9453125,,0
1782300811.141217,9172.068502,267.0,,100.0,588.9453125,,0
1782300811.241211,9172.168494,265.0,,100.0,588.9453125,,0
1782300811.341225,9172.268509,266.0,,100.0,588.9453125,,0
1782300811.441216,9172.368500,265.0,,100.0,588.9453125,,0
1782300811.541222,9172.468507,266.0,,100.0,588.9453125,,0
1782300811.641220,9172.568505,265.0,,100.0,588.9453125,,0
1782300811.741216,9172.668500,267.0,,100.0,588.9453125,,0
1782300811.841218,9172.768502,267.0,,100.0,588.9453125,,0
1782300811.941210,9172.868495,266.0,,100.0,588.9453125,,0
1782300812.041215,9172.968499,265.0,,100.0,588.9453125,,0
1782300812.141216,9173.068500,266.0,,100.0,588.9453125,,0
1782300812.241540,9173.168823,264.0,,100.0,588.9453125,,0
1782300812.341210,9173.268496,265.0,,100.0,588.9453125,,0
1782300812.441217,9173.368502,266.0,,100.0,588.9453125,,0
1782300812.541215,9173.468500,266.0,,100.0,588.9453125,,0
1782300812.641208,9173.568493,266.0,,100.0,588.9453125,,0
1782300812.741212,9173.668497,265.0,,100.0,588.9453125,,0
1782300812.841219,9173.768503,266.0,,100.0,588.9453125,,0
1782300812.941218,9173.868502,266.0,,100.0,588.9453125,,0
1782300813.041211,9173.968496,265.0,,100.0,588.9453125,,0
1782300813.141218,9174.068502,265.0,,100.0,588.9453125,,0
1782300813.241214,9174.168499,266.0,,100.0,588.9453125,,0
1782300813.341219,9174.268503,266.0,,100.0,588.9453125,,0
1782300813.441235,9174.368519,244.0,,100.0,588.9453125,,0
1782300813.541217,9174.468501,265.0,,100.0,588.9453125,,0
1782300813.641214,9174.568498,238.0,,100.0,588.9453125,,0
1782300813.741144,9174.668428,245.0,,100.0,588.9453125,,0
1782300813.841211,9174.768495,267.0,,100.0,588.9453125,,0
1782300813.941219,9174.868503,265.0,,100.0,588.9453125,,0
1782300814.041216,9174.968500,266.0,,100.0,588.9453125,,0
1782300814.141225,9175.068510,267.0,,100.0,588.9453125,,0
1782300814.241213,9175.168497,267.0,,100.0,588.9453125,,0
1782300814.341220,9175.268503,265.0,,100.0,588.9453125,,0
1782300814.441219,9175.368502,266.0,,100.0,588.9453125,,0
1782300814.541211,9175.468495,267.0,,100.0,588.9453125,,0
1782300814.641221,9175.568507,265.0,,100.0,588.9453125,,0
1782300814.741216,9175.668501,265.0,,100.0,588.9453125,,0
1782300814.841217,9175.768501,266.0,,100.0,588.9453125,,0
1782300814.941215,9175.868500,249.0,,99.0,588.9453125,,0
1782300815.041212,9175.968497,266.0,,100.0,588.9453125,,0
1782300815.141215,9176.068499,252.0,,100.0,588.9453125,,0
1782300815.241211,9176.168494,250.0,,100.0,588.9453125,,0
1782300815.341212,9176.268497,267.0,,100.0,588.9453125,,0
1782300815.441217,9176.368501,267.0,,100.0,588.9453125,,0
1782300815.541218,9176.468503,266.0,,100.0,588.9453125,,0
1782300815.641211,9176.568495,266.0,,100.0,588.9453125,,0
1782300815.741218,9176.668503,267.0,,100.0,588.9453125,,0
1782300815.841212,9176.768497,265.0,,100.0,588.9453125,,0
1782300815.941210,9176.868495,265.0,,100.0,588.9453125,,0
1782300816.041216,9176.968499,267.0,,100.0,588.9453125,,0
1782300816.141218,9177.068503,266.0,,100.0,588.9453125,,0
1782300816.241216,9177.168500,267.0,,100.0,588.9453125,,0
1782300816.341215,9177.268499,265.0,,100.0,588.9453125,,0
1782300816.441127,9177.368411,266.0,,100.0,588.9453125,,0
1782300816.541222,9177.468506,267.0,,100.0,588.9453125,,0
1782300816.641218,9177.568502,266.0,,100.0,588.9453125,,0
1782300816.741216,9177.668500,266.0,,100.0,588.9453125,,0
1782300816.841220,9177.768504,266.0,,100.0,588.9453125,,0
1782300816.941212,9177.868496,267.0,,100.0,588.9453125,,0
1782300817.041214,9177.968499,266.0,,100.0,588.9453125,,0
1782300817.141218,9178.068501,267.0,,100.0,588.9453125,,0
1782300817.241215,9178.168499,267.0,,100.0,588.9453125,,0
1782300817.341212,9178.268496,265.0,,100.0,588.9453125,,0
1782300817.441211,9178.368496,266.0,,100.0,588.9453125,,0
1782300817.541216,9178.468501,265.0,,100.0,588.9453125,,0
1782300817.641216,9178.568500,265.0,,100.0,588.9453125,,0
1782300817.741216,9178.668501,268.0,,100.0,588.9453125,,0
1782300817.841217,9178.768502,267.0,,100.0,588.9453125,,0
1782300817.941210,9178.868494,266.0,,100.0,588.9453125,,0
1782300818.041214,9178.968498,267.0,,100.0,588.9453125,,0
1782300818.141217,9179.068500,267.0,,100.0,588.9453125,,0
1782300818.241219,9179.168503,266.0,,100.0,588.9453125,,0
1782300818.341216,9179.268500,267.0,,100.0,588.9453125,,0
1782300818.441216,9179.368500,266.0,,100.0,588.9453125,,0
1782300818.541212,9179.468495,265.0,,100.0,588.9453125,,0
1782300818.641216,9179.568500,264.0,,100.0,588.9453125,,0
1782300818.741217,9179.668500,267.0,,100.0,588.9453125,,0
1782300818.841207,9179.768491,267.0,,100.0,588.9453125,,0
1782300818.941216,9179.868499,268.0,,100.0,588.9453125,,0
1782300819.041214,9179.968498,266.0,,100.0,588.9453125,,0
1782300819.141212,9180.068496,267.0,,100.0,588.9453125,,0
1782300819.241217,9180.168501,268.0,,100.0,588.9453125,,0
1782300819.341222,9180.268505,267.0,,100.0,588.9453125,,0
1782300819.441223,9180.368509,266.0,,100.0,588.9453125,,0
1782300819.541214,9180.468499,267.0,,100.0,588.9453125,,0
1782300819.641211,9180.568495,267.0,,100.0,588.9453125,,0
1782300819.741219,9180.668504,266.0,,100.0,588.9453125,,0
1782300819.841216,9180.768501,265.0,,100.0,588.9453125,,0
1782300819.941214,9180.868498,267.0,,100.0,588.9453125,,0
1782300820.041212,9180.968495,267.0,,100.0,588.9453125,,0
1782300820.141207,9181.068492,268.0,,100.0,588.9453125,,0
1782300820.241210,9181.168495,267.0,,100.0,588.9453125,,0
1782300820.341215,9181.268499,267.0,,100.0,588.9453125,,0
1782300820.441211,9181.368496,267.0,,100.0,588.9453125,,0
1782300820.541211,9181.468494,267.0,,100.0,588.9453125,,0
1782300820.641218,9181.568502,265.0,,100.0,588.9453125,,0
1782300820.741215,9181.668499,266.0,,100.0,588.9453125,,0
1782300820.841215,9181.768499,266.0,,100.0,588.9453125,,0
1782300820.941221,9181.868506,267.0,,100.0,588.9453125,,0
1782300821.041218,9181.968503,266.0,,100.0,588.9453125,,0
1782300821.141217,9182.068502,255.0,,99.0,588.9453125,,0
1782300821.241223,9182.168506,266.0,,99.0,588.9453125,,0
1782300821.341208,9182.268493,264.0,,100.0,588.9453125,,0
1782300821.441214,9182.368498,279.0,,100.0,588.9453125,,0
1782300821.541216,9182.468501,255.0,,100.0,588.9453125,,0
1782300821.641223,9182.568507,260.0,,99.0,588.9453125,,0
1782300821.741220,9182.668505,271.0,,99.0,588.9453125,,0
1782300821.841214,9182.768498,269.0,,100.0,588.9453125,,0
1782300821.941205,9182.868490,267.0,,99.0,588.9453125,,0
1782300822.041211,9182.968496,265.0,,100.0,588.9453125,,0
1782300822.141216,9183.068500,266.0,,99.0,588.9453125,,0
1782300822.241208,9183.168493,266.0,,100.0,588.9453125,,0
1782300822.341217,9183.268500,277.0,,100.0,588.9453125,,0
1782300822.441236,9183.368520,269.0,,100.0,588.9453125,,0
1782300822.541217,9183.468500,276.0,,100.0,588.9453125,,0
1782300822.641219,9183.568502,266.0,,100.0,588.9453125,,0
1782300822.741211,9183.668494,262.0,,100.0,588.9453125,,0
1782300822.841213,9183.768496,266.0,,99.0,588.9453125,,0
1782300822.941216,9183.868499,266.0,,100.0,588.9453125,,0
1782300823.041215,9183.968499,267.0,,100.0,588.9453125,,0
1782300823.141213,9184.068498,268.0,,100.0,588.9453125,,0
1782300823.241210,9184.168494,268.0,,100.0,588.9453125,,0
1782300823.341213,9184.268498,266.0,,100.0,588.9453125,,0
1782300823.441219,9184.368502,266.0,,100.0,588.9453125,,0
1782300823.541216,9184.468500,266.0,,100.0,588.9453125,,0
1782300823.641214,9184.568498,266.0,,100.0,588.9453125,,0
1782300823.741215,9184.668498,268.0,,100.0,588.9453125,,0
1782300823.841208,9184.768491,267.0,,100.0,588.9453125,,0
1782300823.941216,9184.868501,265.0,,100.0,588.9453125,,0
1782300824.041212,9184.968495,267.0,,100.0,588.9453125,,0
1782300824.141216,9185.068500,267.0,,100.0,588.9453125,,0
1782300824.241213,9185.168496,266.0,,100.0,588.9453125,,0
1782300824.341218,9185.268503,266.0,,100.0,588.9453125,,0
1782300824.441216,9185.368500,266.0,,100.0,588.9453125,,0
1782300824.541208,9185.468492,266.0,,100.0,588.9453125,,0
1782300824.641215,9185.568500,267.0,,100.0,588.9453125,,0
1782300824.741214,9185.668498,267.0,,100.0,588.9453125,,0
1782300824.841211,9185.768496,267.0,,100.0,588.9453125,,0
1782300824.941215,9185.868500,266.0,,100.0,588.9453125,,0
1782300825.041218,9185.968502,266.0,,100.0,588.9453125,,0
1782300825.141219,9186.068502,267.0,,100.0,588.9453125,,0
1782300825.241214,9186.168497,267.0,,100.0,588.9453125,,0
1782300825.341207,9186.268491,266.0,,100.0,588.9453125,,0
1782300825.441213,9186.368498,267.0,,100.0,588.9453125,,0
1782300825.541215,9186.468501,268.0,,100.0,588.9453125,,0
1782300825.641215,9186.568499,267.0,,100.0,588.9453125,,0
1782300825.741213,9186.668498,224.0,,99.0,588.9453125,,0
1782300825.841212,9186.768496,268.0,,100.0,588.9453125,,0
1782300825.941217,9186.868502,267.0,,100.0,588.9453125,,0
1782300826.041214,9186.968499,266.0,,100.0,588.9453125,,0
1782300826.141218,9187.068502,266.0,,100.0,588.9453125,,0
1782300826.241219,9187.168503,266.0,,100.0,588.9453125,,0
1782300826.341212,9187.268496,267.0,,100.0,588.9453125,,0
1782300826.441213,9187.368497,244.0,,99.0,588.9453125,,0
1782300826.541142,9187.468426,254.0,,96.0,584.92578125,,0
1782300826.641229,9187.568513,37.0,,2.0,584.92578125,,0
1782300826.741238,9187.668522,24.0,,3.0,584.92578125,,0
1782300826.841301,9187.768586,40.0,,4.0,354.71484375,,0
1782300826.941223,9187.868508,38.0,,3.0,354.71484375,,0
1782300827.041223,9187.968507,29.0,,,354.71484375,,0
1782300827.141217,9188.068502,21.0,,,354.71484375,,0
1782300827.241221,9188.168505,31.0,,,354.71484375,,0
