sample_epoch,mono_s,power_w,energy_uj,gfx_busy_pct,vram_used_mb,sclk_mhz,device_id
1782299982.312194,8343.239477,23.0,,11.0,354.71484375,,0
1782299982.412348,8343.339633,16.0,,1.0,354.71484375,,0
1782299982.512345,8343.439630,15.0,,,354.71484375,,0
1782299982.612344,8343.539629,14.0,,,354.71484375,,0
1782299982.712349,8343.639634,16.0,,2.0,354.71484375,,0
1782299982.812254,8343.739538,18.0,,,354.71484375,,0
1782299982.912255,8343.839539,20.0,,,354.71484375,,0
1782299983.012346,8343.939630,16.0,,,354.71484375,,0
1782299983.112298,8344.039582,21.0,,4.0,354.76171875,,0
1782299983.212317,8344.139601,17.0,,2.0,354.76171875,,0
1782299983.312279,8344.239565,19.0,,,354.76171875,,0
1782299983.412262,8344.339547,26.0,,53.0,555.49609375,,0
1782299983.512349,8344.439633,29.0,,68.0,584.8984375,,0
1782299983.612336,8344.539619,63.0,,100.0,584.89453125,,0
1782299983.712328,8344.639612,68.0,,99.0,584.89453125,,0
1782299983.812342,8344.739626,81.0,,99.0,584.89453125,,0
1782299983.912340,8344.839623,94.0,,99.0,584.89453125,,0
1782299984.012248,8344.939531,122.0,,99.0,584.89453125,,0
1782299984.112248,8345.039531,157.0,,99.0,584.89453125,,0
1782299984.212334,8345.139618,165.0,,99.0,584.89453125,,0
1782299984.312343,8345.239627,165.0,,99.0,584.89453125,,0
1782299984.412332,8345.339617,167.0,,98.0,584.89453125,,0
1782299984.512338,8345.439623,168.0,,99.0,584.89453125,,0
1782299984.612275,8345.539559,171.0,,99.0,584.89453125,,0
1782299984.712339,8345.639623,173.0,,99.0,584.89453125,,0
1782299984.812334,8345.739619,176.0,,99.0,584.89453125,,0
1782299984.912337,8345.839622,178.0,,99.0,584.89453125,,0
1782299985.012335,8345.939618,179.0,,99.0,584.89453125,,0
1782299985.112248,8346.039531,183.0,,99.0,584.89453125,,0
1782299985.212248,8346.139531,186.0,,99.0,584.89453125,,0
1782299985.312341,8346.239625,188.0,,99.0,584.89453125,,0
1782299985.412324,8346.339609,190.0,,99.0,584.89453125,,0
1782299985.512335,8346.439618,193.0,,99.0,584.89453125,,0
1782299985.612332,8346.539616,196.0,,99.0,584.89453125,,0
1782299985.712333,8346.639616,198.0,,99.0,584.89453125,,0
1782299985.812341,8346.739626,201.0,,99.0,584.89453125,,0
1782299985.912248,8346.839531,202.0,,99.0,584.89453125,,0
1782299986.012336,8346.939621,212.0,,99.0,584.89453125,,0
1782299986.112266,8347.039550,218.0,,99.0,584.89453125,,0
1782299986.212341,8347.139624,220.0,,99.0,584.89453125,,0
1782299986.312340,8347.239624,222.0,,99.0,584.89453125,,0
1782299986.412337,8347.339622,224.0,,99.0,584.89453125,,0
1782299986.512341,8347.439625,224.0,,99.0,584.89453125,,0
1782299986.612333,8347.539617,216.0,,99.0,584.89453125,,0
1782299986.712341,8347.639625,221.0,,99.0,584.89453125,,0
1782299986.812333,8347.739617,220.0,,99.0,584.89453125,,0
1782299986.912344,8347.839629,224.0,,99.0,584.89453125,,0
1782299987.012343,8347.939626,224.0,,99.0,584.89453125,,0
1782299987.112336,8348.039620,218.0,,99.0,584.89453125,,0
1782299987.212348,8348.139631,220.0,,99.0,584.89453125,,0
1782299987.312276,8348.239561,217.0,,99.0,584.89453125,,0
1782299987.412340,8348.339623,214.0,,99.0,584.89453125,,0
1782299987.512340,8348.439625,222.0,,99.0,584.89453125,,0
1782299987.612336,8348.539621,220.0,,99.0,584.89453125,,0
1782299987.712335,8348.639620,217.0,,99.0,584.89453125,,0
1782299987.812266,8348.739550,218.0,,99.0,584.89453125,,0
1782299987.912336,8348.839621,223.0,,99.0,584.89453125,,0
1782299988.012338,8348.939623,216.0,,99.0,584.89453125,,0
1782299988.112248,8349.039531,213.0,,99.0,584.89453125,,0
1782299988.212327,8349.139612,222.0,,99.0,584.89453125,,0
1782299988.312334,8349.239619,211.0,,99.0,584.89453125,,0
1782299988.412333,8349.339618,216.0,,99.0,584.89453125,,0
1782299988.512340,8349.439625,214.0,,99.0,584.89453125,,0
1782299988.612332,8349.539615,213.0,,99.0,584.89453125,,0
1782299988.712338,8349.639621,216.0,,99.0,584.89453125,,0
1782299988.812341,8349.739625,216.0,,99.0,584.89453125,,0
1782299988.912338,8349.839622,211.0,,99.0,584.89453125,,0
1782299989.012338,8349.939622,213.0,,99.0,584.89453125,,0
1782299989.112350,8350.039633,215.0,,99.0,584.89453125,,0
1782299989.212339,8350.139625,214.0,,99.0,584.89453125,,0
1782299989.312338,8350.239622,215.0,,99.0,584.89453125,,0
1782299989.412342,8350.339626,217.0,,99.0,584.89453125,,0
1782299989.512248,8350.439531,209.0,,99.0,584.89453125,,0
1782299989.612341,8350.539626,217.0,,99.0,584.89453125,,0
1782299989.712341,8350.639625,214.0,,99.0,584.89453125,,0
1782299989.812341,8350.739626,218.0,,99.0,584.89453125,,0
1782299989.912328,8350.839613,217.0,,99.0,584.89453125,,0
1782299990.012331,8350.939615,219.0,,99.0,584.89453125,,0
1782299990.112343,8351.039628,223.0,,99.0,584.89453125,,0
1782299990.212339,8351.139624,217.0,,99.0,584.89453125,,0
1782299990.312338,8351.239623,210.0,,99.0,584.89453125,,0
1782299990.412341,8351.339626,209.0,,99.0,584.89453125,,0
1782299990.512266,8351.439551,208.0,,99.0,584.89453125,,0
1782299990.612336,8351.539621,215.0,,99.0,584.89453125,,0
1782299990.712341,8351.639626,212.0,,99.0,584.89453125,,0
1782299990.812354,8351.739639,213.0,,99.0,584.89453125,,0
1782299990.912248,8351.839531,217.0,,99.0,584.89453125,,0
1782299991.012338,8351.939624,216.0,,99.0,584.89453125,,0
1782299991.112341,8352.039626,214.0,,99.0,584.89453125,,0
1782299991.212375,8352.139660,213.0,,99.0,584.89453125,,0
1782299991.312248,8352.239531,217.0,,99.0,584.89453125,,0
1782299991.412277,8352.339561,213.0,,99.0,584.89453125,,0
1782299991.512328,8352.439612,212.0,,99.0,584.89453125,,0
1782299991.612333,8352.539618,219.0,,99.0,584.89453125,,0
1782299991.712334,8352.639618,216.0,,99.0,584.89453125,,0
1782299991.812339,8352.739623,212.0,,99.0,584.89453125,,0
1782299991.912339,8352.839624,214.0,,99.0,584.89453125,,0
1782299992.012326,8352.939610,220.0,,99.0,584.89453125,,0
1782299992.112341,8353.039626,214.0,,99.0,584.89453125,,0
1782299992.212340,8353.139625,217.0,,99.0,584.89453125,,0
1782299992.312339,8353.239624,214.0,,99.0,584.89453125,,0
1782299992.412339,8353.339624,216.0,,99.0,584.89453125,,0
1782299992.512343,8353.439627,214.0,,99.0,584.89453125,,0
1782299992.612340,8353.539625,214.0,,99.0,584.89453125,,0
1782299992.712266,8353.639550,213.0,,99.0,584.89453125,,0
1782299992.812340,8353.739625,210.0,,99.0,584.89453125,,0
1782299992.912334,8353.839618,215.0,,99.0,584.89453125,,0
1782299993.012247,8353.939530,218.0,,99.0,584.89453125,,0
1782299993.112270,8354.039555,222.0,,99.0,584.89453125,,0
1782299993.212344,8354.139629,225.0,,99.0,584.89453125,,0
1782299993.312340,8354.239624,225.0,,99.0,584.89453125,,0
1782299993.412334,8354.339619,220.0,,99.0,584.89453125,,0
1782299993.512337,8354.439620,223.0,,99.0,584.89453125,,0
1782299993.612264,8354.539549,222.0,,99.0,584.89453125,,0
1782299993.712329,8354.639614,224.0,,99.0,584.89453125,,0
1782299993.812341,8354.739626,220.0,,99.0,584.89453125,,0
1782299993.912342,8354.839626,220.0,,99.0,584.89453125,,0
1782299994.012247,8354.939530,218.0,,99.0,584.89453125,,0
1782299994.112330,8355.039615,215.0,,99.0,584.89453125,,0
1782299994.212339,8355.139622,224.0,,99.0,584.89453125,,0
1782299994.312341,8355.239626,219.0,,99.0,584.89453125,,0
1782299994.412344,8355.339629,219.0,,99.0,584.89453125,,0
1782299994.512334,8355.439619,228.0,,99.0,584.89453125,,0
1782299994.612339,8355.539623,224.0,,99.0,584.89453125,,0
1782299994.712358,8355.639641,228.0,,99.0,584.89453125,,0
1782299994.812341,8355.739625,223.0,,99.0,584.89453125,,0
1782299994.912344,8355.839629,224.0,,99.0,584.89453125,,0
1782299995.012248,8355.939531,222.0,,99.0,584.89453125,,0
1782299995.112337,8356.039622,222.0,,99.0,584.89453125,,0
1782299995.212350,8356.139634,226.0,,99.0,584.89453125,,0
1782299995.312340,8356.239624,229.0,,99.0,584.89453125,,0
1782299995.412344,8356.339628,227.0,,99.0,584.89453125,,0
1782299995.512341,8356.439625,224.0,,99.0,584.89453125,,0
1782299995.612248,8356.539531,230.0,,99.0,584.89453125,,0
1782299995.712341,8356.639625,219.0,,99.0,584.89453125,,0
1782299995.812335,8356.739620,219.0,,99.0,584.89453125,,0
1782299995.912337,8356.839621,225.0,,99.0,584.89453125,,0
1782299996.012248,8356.939531,226.0,,99.0,584.89453125,,0
1782299996.112335,8357.039619,219.0,,99.0,584.89453125,,0
1782299996.212333,8357.139618,219.0,,99.0,584.89453125,,0
1782299996.312344,8357.239629,224.0,,99.0,584.89453125,,0
1782299996.412333,8357.339618,227.0,,99.0,584.89453125,,0
1782299996.512268,8357.439553,228.0,,99.0,584.89453125,,0
1782299996.612327,8357.539612,223.0,,99.0,584.89453125,,0
1782299996.712355,8357.639640,225.0,,99.0,584.89453125,,0
1782299996.812341,8357.739626,227.0,,99.0,584.89453125,,0
1782299996.912336,8357.839620,225.0,,99.0,584.89453125,,0
1782299997.012247,8357.939530,221.0,,99.0,584.89453125,,0
1782299997.112339,8358.039624,229.0,,99.0,584.89453125,,0
1782299997.212343,8358.139628,226.0,,99.0,584.89453125,,0
1782299997.312342,8358.239625,224.0,,99.0,584.89453125,,0
1782299997.412338,8358.339622,226.0,,99.0,584.89453125,,0
1782299997.512337,8358.439621,226.0,,99.0,584.89453125,,0
1782299997.612248,8358.539531,224.0,,99.0,584.89453125,,0
1782299997.712248,8358.639531,220.0,,99.0,584.89453125,,0
1782299997.812248,8358.739531,222.0,,99.0,584.89453125,,0
1782299997.912337,8358.839621,226.0,,99.0,584.89453125,,0
1782299998.012339,8358.939623,230.0,,99.0,584.89453125,,0
1782299998.112343,8359.039627,228.0,,99.0,584.89453125,,0
1782299998.212339,8359.139623,228.0,,99.0,584.89453125,,0
1782299998.312330,8359.239614,225.0,,99.0,584.89453125,,0
1782299998.412339,8359.339624,228.0,,99.0,584.89453125,,0
1782299998.512338,8359.439622,227.0,,99.0,584.89453125,,0
1782299998.612337,8359.539622,224.0,,99.0,584.89453125,,0
1782299998.712333,8359.639618,222.0,,99.0,584.89453125,,0
1782299998.812335,8359.739618,230.0,,99.0,584.89453125,,0
1782299998.912336,8359.839620,223.0,,99.0,584.89453125,,0
1782299999.012265,8359.939550,226.0,,98.0,584.89453125,,0
1782299999.112341,8360.039625,230.0,,98.0,584.89453125,,0
1782299999.212348,8360.139633,231.0,,98.0,584.89453125,,0
1782299999.312341,8360.239626,232.0,,99.0,584.89453125,,0
1782299999.412336,8360.339619,231.0,,99.0,584.89453125,,0
1782299999.512338,8360.439623,232.0,,99.0,584.89453125,,0
1782299999.612359,8360.539642,230.0,,99.0,584.89453125,,0
1782299999.712334,8360.639618,231.0,,99.0,584.89453125,,0
1782299999.812344,8360.739628,232.0,,99.0,584.89453125,,0
1782299999.912335,8360.839620,230.0,,98.0,584.89453125,,0
1782300000.012342,8360.939625,224.0,,99.0,584.89453125,,0
1782300000.112276,8361.039561,229.0,,99.0,584.89453125,,0
1782300000.212340,8361.139624,198.0,,99.0,584.89453125,,0
1782300000.312337,8361.239621,210.0,,99.0,584.89453125,,0
1782300000.412330,8361.339615,210.0,,99.0,584.89453125,,0
1782300000.512345,8361.439629,218.0,,99.0,584.89453125,,0
1782300000.612335,8361.539619,209.0,,99.0,584.89453125,,0
1782300000.712339,8361.639623,208.0,,99.0,584.89453125,,0
1782300000.812338,8361.739622,218.0,,99.0,584.89453125,,0
1782300000.912333,8361.839618,214.0,,99.0,584.89453125,,0
1782300001.012342,8361.939627,212.0,,99.0,584.89453125,,0
1782300001.112338,8362.039622,224.0,,99.0,584.89453125,,0
1782300001.212332,8362.139616,215.0,,99.0,584.89453125,,0
1782300001.312335,8362.239620,220.0,,99.0,584.89453125,,0
1782300001.412347,8362.339630,215.0,,99.0,584.89453125,,0
1782300001.512341,8362.439626,218.0,,99.0,584.89453125,,0
1782300001.612266,8362.539551,211.0,,99.0,584.89453125,,0
1782300001.712343,8362.639626,222.0,,99.0,584.89453125,,0
1782300001.812277,8362.739561,224.0,,99.0,584.89453125,,0
1782300001.912337,8362.839621,222.0,,99.0,584.89453125,,0
1782300002.012331,8362.939615,208.0,,99.0,584.89453125,,0
1782300002.112365,8363.039650,224.0,,99.0,584.89453125,,0
1782300002.212339,8363.139623,218.0,,99.0,584.89453125,,0
1782300002.312335,8363.239618,221.0,,99.0,584.89453125,,0
1782300002.412342,8363.339626,223.0,,99.0,584.89453125,,0
1782300002.512336,8363.439621,222.0,,99.0,584.89453125,,0
1782300002.612351,8363.539636,205.0,,99.0,584.89453125,,0
1782300002.712341,8363.639626,222.0,,99.0,584.89453125,,0
1782300002.812339,8363.739623,222.0,,99.0,584.89453125,,0
1782300002.912345,8363.839630,224.0,,99.0,584.89453125,,0
1782300003.012332,8363.939617,222.0,,99.0,584.89453125,,0
1782300003.112277,8364.039561,221.0,,99.0,584.89453125,,0
1782300003.212349,8364.139633,221.0,,99.0,584.89453125,,0
1782300003.312335,8364.239618,222.0,,99.0,584.89453125,,0
1782300003.412334,8364.339619,223.0,,99.0,584.89453125,,0
1782300003.512333,8364.439618,225.0,,99.0,584.89453125,,0
1782300003.612336,8364.539621,216.0,,99.0,584.89453125,,0
1782300003.712359,8364.639643,211.0,,99.0,584.89453125,,0
1782300003.812339,8364.739622,216.0,,99.0,584.89453125,,0
1782300003.912335,8364.839620,215.0,,99.0,584.89453125,,0
1782300004.012277,8364.939561,213.0,,99.0,584.89453125,,0
1782300004.112337,8365.039622,222.0,,99.0,584.89453125,,0
1782300004.212350,8365.139633,219.0,,99.0,584.89453125,,0
1782300004.312335,8365.239618,220.0,,99.0,584.89453125,,0
1782300004.412337,8365.339622,211.0,,99.0,584.89453125,,0
1782300004.512333,8365.439618,216.0,,99.0,584.89453125,,0
1782300004.612336,8365.539621,219.0,,99.0,584.89453125,,0
1782300004.712337,8365.639621,219.0,,99.0,584.89453125,,0
1782300004.812338,8365.739622,216.0,,99.0,584.89453125,,0
1782300004.912339,8365.839623,211.0,,99.0,584.89453125,,0
1782300005.012332,8365.939615,220.0,,99.0,584.89453125,,0
1782300005.112340,8366.039624,223.0,,99.0,584.89453125,,0
1782300005.212335,8366.139620,226.0,,99.0,584.89453125,,0
1782300005.312337,8366.239621,226.0,,99.0,584.89453125,,0
1782300005.412248,8366.339531,225.0,,99.0,584.89453125,,0
1782300005.512338,8366.439621,225.0,,99.0,584.89453125,,0
1782300005.612326,8366.539610,224.0,,99.0,584.89453125,,0
1782300005.712334,8366.639619,224.0,,99.0,584.89453125,,0
1782300005.812330,8366.739616,223.0,,99.0,584.89453125,,0
1782300005.912332,8366.839617,224.0,,99.0,584.89453125,,0
1782300006.012334,8366.939618,225.0,,99.0,584.89453125,,0
1782300006.112333,8367.039618,224.0,,99.0,584.89453125,,0
1782300006.212348,8367.139633,224.0,,99.0,584.89453125,,0
1782300006.312337,8367.239622,225.0,,99.0,584.89453125,,0
1782300006.412335,8367.339619,225.0,,99.0,584.89453125,,0
1782300006.512323,8367.439607,224.0,,99.0,584.89453125,,0
1782300006.612347,8367.539632,224.0,,99.0,584.89453125,,0
1782300006.712334,8367.639618,224.0,,99.0,584.89453125,,0
1782300006.812336,8367.739619,224.0,,99.0,584.89453125,,0
1782300006.912338,8367.839624,224.0,,99.0,584.89453125,,0
1782300007.012348,8367.939632,225.0,,99.0,584.89453125,,0
1782300007.112335,8368.039618,218.0,,99.0,584.89453125,,0
1782300007.212348,8368.139632,222.0,,99.0,584.89453125,,0
1782300007.312337,8368.239621,221.0,,99.0,584.89453125,,0
1782300007.412335,8368.339620,219.0,,99.0,584.89453125,,0
1782300007.512272,8368.439556,225.0,,99.0,584.89453125,,0
1782300007.612265,8368.539549,225.0,,99.0,584.89453125,,0
1782300007.712338,8368.639622,211.0,,99.0,584.89453125,,0
1782300007.812340,8368.739624,218.0,,99.0,584.89453125,,0
1782300007.912338,8368.839623,223.0,,99.0,584.89453125,,0
1782300008.012330,8368.939615,224.0,,99.0,584.89453125,,0
1782300008.112329,8369.039613,223.0,,99.0,584.89453125,,0
1782300008.212334,8369.139618,224.0,,99.0,584.89453125,,0
1782300008.312336,8369.239620,224.0,,99.0,584.89453125,,0
1782300008.412336,8369.339620,225.0,,99.0,584.89453125,,0
1782300008.512338,8369.439622,214.0,,99.0,584.89453125,,0
1782300008.612337,8369.539620,225.0,,99.0,584.89453125,,0
1782300008.712334,8369.639619,223.0,,99.0,584.89453125,,0
1782300008.812337,8369.739622,214.0,,99.0,584.89453125,,0
1782300008.912248,8369.839531,224.0,,99.0,584.89453125,,0
1782300009.012335,8369.939619,224.0,,99.0,584.89453125,,0
1782300009.112337,8370.039620,224.0,,99.0,584.89453125,,0
1782300009.212344,8370.139629,224.0,,99.0,584.89453125,,0
1782300009.312335,8370.239620,223.0,,99.0,584.89453125,,0
1782300009.412277,8370.339561,224.0,,99.0,584.89453125,,0
1782300009.512336,8370.439620,223.0,,99.0,584.89453125,,0
1782300009.612248,8370.539531,225.0,,99.0,584.89453125,,0
1782300009.712337,8370.639621,224.0,,99.0,584.89453125,,0
1782300009.812335,8370.739619,225.0,,99.0,584.89453125,,0
1782300009.912277,8370.839561,224.0,,99.0,584.89453125,,0
1782300010.012337,8370.939620,225.0,,99.0,584.89453125,,0
1782300010.112335,8371.039618,224.0,,99.0,584.89453125,,0
1782300010.212338,8371.139622,225.0,,99.0,584.89453125,,0
1782300010.312336,8371.239621,225.0,,99.0,584.89453125,,0
1782300010.412333,8371.339618,224.0,,99.0,584.89453125,,0
1782300010.512330,8371.439615,225.0,,99.0,584.89453125,,0
1782300010.612332,8371.539617,224.0,,99.0,584.89453125,,0
1782300010.712334,8371.639618,220.0,,99.0,584.89453125,,0
1782300010.812337,8371.739622,224.0,,99.0,584.89453125,,0
1782300010.912336,8371.839620,216.0,,99.0,584.89453125,,0
1782300011.012330,8371.939614,214.0,,99.0,584.89453125,,0
1782300011.112336,8372.039621,213.0,,99.0,584.89453125,,0
1782300011.212346,8372.139630,220.0,,99.0,584.89453125,,0
1782300011.312331,8372.239615,212.0,,99.0,584.89453125,,0
1782300011.412346,8372.339630,217.0,,99.0,584.89453125,,0
1782300011.512340,8372.439623,214.0,,99.0,584.89453125,,0
1782300011.612336,8372.539621,214.0,,99.0,584.89453125,,0
1782300011.712332,8372.639615,223.0,,99.0,584.89453125,,0
1782300011.812338,8372.739622,218.0,,99.0,584.89453125,,0
1782300011.912338,8372.839623,223.0,,99.0,584.89453125,,0
1782300012.012248,8372.939531,218.0,,99.0,584.89453125,,0
1782300012.112247,8373.039530,215.0,,99.0,584.89453125,,0
1782300012.212332,8373.139616,217.0,,99.0,584.89453125,,0
1782300012.312331,8373.239615,219.0,,99.0,584.89453125,,0
1782300012.412332,8373.339615,211.0,,99.0,584.89453125,,0
1782300012.512340,8373.439625,214.0,,99.0,584.89453125,,0
1782300012.612275,8373.539560,214.0,,99.0,584.89453125,,0
1782300012.712332,8373.639616,218.0,,99.0,584.89453125,,0
1782300012.812329,8373.739614,221.0,,99.0,584.89453125,,0
1782300012.912337,8373.839622,218.0,,99.0,584.89453125,,0
1782300013.012331,8373.939614,211.0,,99.0,584.89453125,,0
1782300013.112336,8374.039621,217.0,,99.0,584.89453125,,0
1782300013.212335,8374.139620,223.0,,99.0,584.89453125,,0
1782300013.312346,8374.239631,223.0,,99.0,584.89453125,,0
1782300013.412330,8374.339614,229.0,,99.0,584.89453125,,0
1782300013.512330,8374.439615,220.0,,99.0,584.89453125,,0
1782300013.612329,8374.539614,221.0,,99.0,584.89453125,,0
1782300013.712248,8374.639531,221.0,,99.0,584.89453125,,0
1782300013.812248,8374.739531,221.0,,99.0,584.89453125,,0
1782300013.912343,8374.839627,222.0,,99.0,584.89453125,,0
1782300014.012335,8374.939618,226.0,,99.0,584.89453125,,0
1782300014.112248,8375.039532,192.0,,98.0,584.89453125,,0
1782300014.212323,8375.139607,228.0,,99.0,584.89453125,,0
1782300014.312332,8375.239616,224.0,,99.0,584.89453125,,0
1782300014.412349,8375.339632,223.0,,99.0,584.89453125,,0
1782300014.512336,8375.439620,230.0,,99.0,584.89453125,,0
1782300014.612338,8375.539621,224.0,,99.0,584.89453125,,0
1782300014.712336,8375.639620,224.0,,99.0,584.89453125,,0
1782300014.812339,8375.739623,227.0,,99.0,584.89453125,,0
1782300014.912335,8375.839618,221.0,,99.0,584.89453125,,0
1782300015.012248,8375.939531,220.0,,98.0,584.89453125,,0
1782300015.112336,8376.039619,224.0,,99.0,584.89453125,,0
1782300015.212276,8376.139560,228.0,,98.0,584.89453125,,0
1782300015.312277,8376.239561,230.0,,98.0,584.89453125,,0
1782300015.412337,8376.339620,233.0,,99.0,584.89453125,,0
1782300015.512334,8376.439619,229.0,,99.0,584.89453125,,0
1782300015.612337,8376.539621,222.0,,99.0,584.89453125,,0
1782300015.712276,8376.639560,227.0,,99.0,584.89453125,,0
1782300015.812349,8376.739634,231.0,,98.0,584.89453125,,0
1782300015.912349,8376.839634,231.0,,99.0,584.89453125,,0
1782300016.012351,8376.939635,229.0,,98.0,584.89453125,,0
1782300016.112355,8377.039640,230.0,,98.0,584.89453125,,0
1782300016.212339,8377.139623,231.0,,98.0,584.89453125,,0
1782300016.312338,8377.239621,221.0,,99.0,584.89453125,,0
1782300016.412334,8377.339619,231.0,,98.0,584.89453125,,0
1782300016.512335,8377.439618,228.0,,99.0,584.89453125,,0
1782300016.612334,8377.539618,208.0,,98.0,584.89453125,,0
1782300016.712337,8377.639621,232.0,,98.0,584.89453125,,0
1782300016.812334,8377.739618,223.0,,99.0,584.89453125,,0
1782300016.912334,8377.839619,225.0,,99.0,584.89453125,,0
1782300017.012342,8377.939627,223.0,,99.0,584.89453125,,0
1782300017.112338,8378.039623,223.0,,99.0,584.89453125,,0
1782300017.212335,8378.139618,223.0,,99.0,584.89453125,,0
1782300017.312334,8378.239618,223.0,,99.0,584.89453125,,0
1782300017.412337,8378.339622,225.0,,99.0,584.89453125,,0
1782300017.512276,8378.439560,221.0,,99.0,584.89453125,,0
1782300017.612334,8378.539618,228.0,,99.0,584.89453125,,0
1782300017.712342,8378.639627,227.0,,99.0,584.89453125,,0
1782300017.812335,8378.739618,224.0,,99.0,584.89453125,,0
1782300017.912334,8378.839618,221.0,,99.0,584.89453125,,0
1782300018.012265,8378.939549,229.0,,99.0,584.89453125,,0
1782300018.112339,8379.039624,218.0,,99.0,584.89453125,,0
1782300018.212332,8379.139617,222.0,,99.0,584.89453125,,0
1782300018.312330,8379.239615,226.0,,99.0,584.89453125,,0
1782300018.412335,8379.339619,222.0,,99.0,584.89453125,,0
1782300018.512355,8379.439640,230.0,,99.0,584.89453125,,0
1782300018.612344,8379.539628,38.0,,3.0,584.89453125,,0
1782300018.712342,8379.639626,32.0,,3.0,584.89453125,,0
1782300018.812343,8379.739627,19.0,,3.0,584.89453125,,0
1782300018.912350,8379.839635,18.0,,3.0,584.89453125,,0
1782300019.012342,8379.939627,20.0,,3.0,584.89453125,,0
1782300019.112340,8380.039625,17.0,,3.0,584.89453125,,0
1782300019.212274,8380.139559,18.0,,3.0,584.89453125,,0
1782300019.312344,8380.239629,30.0,,3.0,584.89453125,,0
1782300019.412343,8380.339628,19.0,,3.0,584.89453125,,0
1782300019.512340,8380.439625,19.0,,3.0,584.89453125,,0
1782300019.612351,8380.539636,19.0,,3.0,584.89453125,,0
1782300019.712341,8380.639625,17.0,,3.0,584.89453125,,0
1782300019.812343,8380.739628,17.0,,3.0,584.89453125,,0
1782300019.912345,8380.839629,19.0,,3.0,584.89453125,,0
1782300020.012348,8380.939633,16.0,,3.0,584.89453125,,0
1782300020.112342,8381.039627,17.0,,4.0,584.89453125,,0
1782300020.212270,8381.139554,16.0,,3.0,584.89453125,,0
1782300020.312344,8381.239629,18.0,,3.0,584.89453125,,0
1782300020.412349,8381.339634,16.0,,3.0,584.89453125,,0
1782300020.512341,8381.439626,15.0,,3.0,584.89453125,,0
1782300020.612340,8381.539625,18.0,,3.0,584.89453125,,0
1782300020.712343,8381.639628,18.0,,3.0,584.89453125,,0
1782300020.812342,8381.739627,17.0,,2.0,584.89453125,,0
1782300020.912345,8381.839630,16.0,,3.0,584.89453125,,0
1782300021.012341,8381.939626,17.0,,2.0,584.89453125,,0
1782300021.112346,8382.039631,21.0,,3.0,584.89453125,,0
1782300021.212348,8382.139633,18.0,,3.0,584.89453125,,0
1782300021.312342,8382.239627,16.0,,3.0,584.89453125,,0
1782300021.412345,8382.339629,16.0,,2.0,584.89453125,,0
1782300021.512343,8382.439628,19.0,,3.0,584.89453125,,0
1782300021.612345,8382.539629,15.0,,3.0,584.89453125,,0
1782300021.712341,8382.639626,17.0,,3.0,584.89453125,,0
1782300021.812341,8382.739626,18.0,,3.0,584.89453125,,0
1782300021.912343,8382.839627,18.0,,3.0,584.89453125,,0
1782300022.012345,8382.939630,18.0,,3.0,584.89453125,,0
1782300022.112344,8383.039628,16.0,,3.0,584.89453125,,0
1782300022.212343,8383.139627,18.0,,3.0,584.89453125,,0
1782300022.312344,8383.239629,18.0,,3.0,584.89453125,,0
1782300022.412344,8383.339628,18.0,,3.0,584.89453125,,0
1782300022.512344,8383.439628,19.0,,3.0,584.89453125,,0
1782300022.612341,8383.539626,16.0,,3.0,584.89453125,,0
1782300022.712342,8383.639627,16.0,,3.0,584.89453125,,0
1782300022.812340,8383.739625,18.0,,4.0,584.89453125,,0
1782300022.912251,8383.839534,17.0,,3.0,584.89453125,,0
1782300023.012344,8383.939628,17.0,,3.0,584.89453125,,0
1782300023.112343,8384.039628,16.0,,3.0,584.89453125,,0
1782300023.212275,8384.139560,18.0,,3.0,584.89453125,,0
1782300023.312345,8384.239630,17.0,,3.0,584.89453125,,0
1782300023.412341,8384.339626,19.0,,3.0,584.89453125,,0
1782300023.512345,8384.439629,18.0,,3.0,584.89453125,,0
1782300023.612250,8384.539533,50.0,,35.0,584.89453125,,0
1782300023.712335,8384.639619,161.0,,99.0,584.89453125,,0
1782300023.812329,8384.739613,163.0,,99.0,584.89453125,,0
1782300023.912335,8384.839618,164.0,,99.0,584.89453125,,0
1782300024.012335,8384.939620,164.0,,99.0,584.89453125,,0
1782300024.112351,8385.039635,168.0,,99.0,584.89453125,,0
1782300024.212332,8385.139618,171.0,,99.0,584.89453125,,0
1782300024.312324,8385.239609,171.0,,99.0,584.89453125,,0
1782300024.412344,8385.339627,174.0,,99.0,584.89453125,,0
1782300024.512335,8385.439619,177.0,,99.0,584.89453125,,0
1782300024.612334,8385.539618,178.0,,99.0,584.89453125,,0
1782300024.712337,8385.639620,181.0,,99.0,584.89453125,,0
1782300024.812268,8385.739553,184.0,,99.0,584.89453125,,0
1782300024.912329,8385.839613,187.0,,99.0,584.89453125,,0
1782300025.012332,8385.939617,189.0,,99.0,584.89453125,,0
1782300025.112331,8386.039616,189.0,,99.0,584.89453125,,0
1782300025.212331,8386.139615,192.0,,99.0,584.89453125,,0
1782300025.312331,8386.239616,197.0,,99.0,584.89453125,,0
1782300025.412331,8386.339614,200.0,,99.0,584.89453125,,0
1782300025.512330,8386.439614,199.0,,99.0,584.89453125,,0
1782300025.612266,8386.539550,205.0,,99.0,584.89453125,,0
1782300025.712336,8386.639620,205.0,,99.0,584.89453125,,0
1782300025.812330,8386.739615,210.0,,99.0,584.89453125,,0
1782300025.912330,8386.839615,215.0,,99.0,584.89453125,,0
1782300026.012332,8386.939615,225.0,,99.0,584.89453125,,0
1782300026.112337,8387.039620,226.0,,99.0,584.89453125,,0
1782300026.212330,8387.139614,225.0,,99.0,584.89453125,,0
1782300026.312331,8387.239616,222.0,,99.0,584.89453125,,0
1782300026.412330,8387.339615,228.0,,99.0,584.89453125,,0
1782300026.512342,8387.439627,226.0,,99.0,584.89453125,,0
1782300026.612331,8387.539615,226.0,,99.0,584.89453125,,0
1782300026.712332,8387.639617,225.0,,99.0,584.89453125,,0
1782300026.812267,8387.739551,226.0,,99.0,584.89453125,,0
1782300026.912332,8387.839617,225.0,,99.0,584.89453125,,0
1782300027.012342,8387.939627,219.0,,99.0,584.89453125,,0
1782300027.112334,8388.039619,226.0,,99.0,584.89453125,,0
1782300027.212353,8388.139636,227.0,,99.0,584.89453125,,0
1782300027.312338,8388.239621,225.0,,99.0,584.89453125,,0
1782300027.412248,8388.339531,226.0,,99.0,584.89453125,,0
1782300027.512337,8388.439621,225.0,,99.0,584.89453125,,0
1782300027.612330,8388.539615,224.0,,99.0,584.89453125,,0
1782300027.712337,8388.639622,221.0,,99.0,584.89453125,,0
1782300027.812337,8388.739623,222.0,,99.0,584.89453125,,0
1782300027.912334,8388.839619,224.0,,99.0,584.89453125,,0
1782300028.012340,8388.939625,226.0,,99.0,584.89453125,,0
1782300028.112335,8389.039620,220.0,,99.0,584.89453125,,0
1782300028.212348,8389.139631,226.0,,99.0,584.89453125,,0
1782300028.312337,8389.239620,227.0,,99.0,584.89453125,,0
1782300028.412334,8389.339619,227.0,,99.0,584.89453125,,0
1782300028.512342,8389.439626,227.0,,99.0,584.89453125,,0
1782300028.612331,8389.539615,227.0,,99.0,584.89453125,,0
1782300028.712344,8389.639628,225.0,,99.0,584.89453125,,0
1782300028.812355,8389.739640,223.0,,99.0,584.89453125,,0
1782300028.912342,8389.839626,227.0,,99.0,584.89453125,,0
1782300029.012335,8389.939619,225.0,,99.0,584.89453125,,0
1782300029.112336,8390.039620,222.0,,99.0,584.89453125,,0
1782300029.212340,8390.139625,221.0,,99.0,584.89453125,,0
1782300029.312265,8390.239549,218.0,,99.0,584.89453125,,0
1782300029.412332,8390.339616,223.0,,99.0,584.89453125,,0
1782300029.512339,8390.439623,223.0,,99.0,584.89453125,,0
1782300029.612331,8390.539615,217.0,,99.0,584.89453125,,0
1782300029.712332,8390.639617,226.0,,99.0,584.89453125,,0
1782300029.812338,8390.739622,221.0,,99.0,584.89453125,,0
1782300029.912336,8390.839621,226.0,,99.0,584.89453125,,0
1782300030.012345,8390.939630,221.0,,99.0,584.89453125,,0
1782300030.112336,8391.039620,227.0,,99.0,584.89453125,,0
1782300030.212337,8391.139620,221.0,,99.0,584.89453125,,0
1782300030.312330,8391.239613,218.0,,99.0,584.89453125,,0
1782300030.412335,8391.339619,215.0,,99.0,584.89453125,,0
1782300030.512335,8391.439620,225.0,,99.0,584.89453125,,0
1782300030.612334,8391.539619,222.0,,99.0,584.89453125,,0
1782300030.712337,8391.639621,224.0,,99.0,584.89453125,,0
1782300030.812331,8391.739615,225.0,,99.0,584.89453125,,0
1782300030.912337,8391.839621,221.0,,99.0,584.89453125,,0
1782300031.012336,8391.939621,224.0,,99.0,584.89453125,,0
1782300031.112332,8392.039615,226.0,,99.0,584.89453125,,0
1782300031.212348,8392.139633,224.0,,99.0,584.89453125,,0
1782300031.312345,8392.239628,220.0,,99.0,584.89453125,,0
1782300031.412331,8392.339616,227.0,,99.0,584.89453125,,0
1782300031.512338,8392.439623,220.0,,99.0,584.89453125,,0
1782300031.612248,8392.539531,226.0,,99.0,584.89453125,,0
1782300031.712325,8392.639609,222.0,,99.0,584.89453125,,0
1782300031.812335,8392.739620,221.0,,99.0,584.89453125,,0
1782300031.912334,8392.839617,221.0,,99.0,584.89453125,,0
1782300032.012341,8392.939625,227.0,,99.0,584.89453125,,0
1782300032.112339,8393.039622,227.0,,99.0,584.89453125,,0
1782300032.212337,8393.139623,230.0,,98.0,584.89453125,,0
1782300032.312340,8393.239623,207.0,,98.0,584.89453125,,0
1782300032.412340,8393.339623,226.0,,98.0,584.89453125,,0
1782300032.512342,8393.439627,230.0,,98.0,584.89453125,,0
1782300032.612334,8393.539619,217.0,,98.0,584.89453125,,0
1782300032.712339,8393.639624,228.0,,99.0,584.89453125,,0
1782300032.812338,8393.739623,197.0,,99.0,584.89453125,,0
1782300032.912625,8393.839908,226.0,,99.0,584.89453125,,0
1782300033.012248,8393.939531,224.0,,99.0,584.89453125,,0
1782300033.112247,8394.039530,220.0,,99.0,584.89453125,,0
1782300033.212246,8394.139529,224.0,,99.0,584.89453125,,0
1782300033.312339,8394.239623,231.0,,98.0,584.89453125,,0
1782300033.412338,8394.339623,229.0,,99.0,584.89453125,,0
1782300033.512344,8394.439628,229.0,,99.0,584.89453125,,0
1782300033.612265,8394.539549,224.0,,99.0,584.89453125,,0
1782300033.712265,8394.639549,217.0,,99.0,584.89453125,,0
1782300033.812338,8394.739621,219.0,,99.0,584.89453125,,0
1782300033.912344,8394.839628,219.0,,99.0,584.89453125,,0
1782300034.012269,8394.939554,225.0,,99.0,584.89453125,,0
1782300034.112337,8395.039622,217.0,,99.0,584.89453125,,0
1782300034.212340,8395.139624,215.0,,99.0,584.89453125,,0
1782300034.312346,8395.239629,221.0,,99.0,584.89453125,,0
1782300034.412339,8395.339623,223.0,,99.0,584.89453125,,0
1782300034.512267,8395.439552,223.0,,99.0,584.89453125,,0
1782300034.612342,8395.539626,221.0,,99.0,584.89453125,,0
1782300034.712250,8395.639533,218.0,,99.0,584.89453125,,0
1782300034.812276,8395.739561,217.0,,99.0,584.89453125,,0
1782300034.912248,8395.839531,220.0,,99.0,584.89453125,,0
1782300035.012347,8395.939632,216.0,,99.0,584.89453125,,0
1782300035.112337,8396.039622,221.0,,99.0,584.89453125,,0
1782300035.212348,8396.139632,222.0,,99.0,584.89453125,,0
1782300035.312339,8396.239624,221.0,,99.0,584.89453125,,0
1782300035.412348,8396.339632,225.0,,99.0,584.89453125,,0
1782300035.512340,8396.439625,226.0,,99.0,584.89453125,,0
1782300035.612337,8396.539622,217.0,,99.0,584.89453125,,0
1782300035.712336,8396.639620,220.0,,99.0,584.89453125,,0
1782300035.812339,8396.739623,218.0,,99.0,584.89453125,,0
1782300035.912340,8396.839623,223.0,,99.0,584.89453125,,0
1782300036.012248,8396.939531,222.0,,99.0,584.89453125,,0
1782300036.112339,8397.039624,220.0,,99.0,584.89453125,,0
1782300036.212248,8397.139531,223.0,,99.0,584.89453125,,0
1782300036.312338,8397.239623,218.0,,99.0,584.89453125,,0
1782300036.412248,8397.339531,225.0,,99.0,584.89453125,,0
1782300036.512265,8397.439550,221.0,,99.0,584.89453125,,0
1782300036.612342,8397.539625,223.0,,99.0,584.89453125,,0
1782300036.712339,8397.639622,220.0,,99.0,584.89453125,,0
1782300036.812266,8397.739550,220.0,,99.0,584.89453125,,0
1782300036.912349,8397.839634,225.0,,99.0,584.89453125,,0
1782300037.012343,8397.939627,223.0,,99.0,584.89453125,,0
1782300037.112344,8398.039629,225.0,,99.0,584.89453125,,0
1782300037.212340,8398.139624,228.0,,99.0,584.89453125,,0
1782300037.312340,8398.239625,229.0,,99.0,584.89453125,,0
1782300037.412354,8398.339639,222.0,,99.0,584.89453125,,0
1782300037.512248,8398.439531,222.0,,99.0,584.89453125,,0
1782300037.612340,8398.539624,225.0,,99.0,584.89453125,,0
1782300037.712337,8398.639621,218.0,,99.0,584.89453125,,0
1782300037.812357,8398.739641,227.0,,99.0,584.89453125,,0
1782300037.912338,8398.839622,227.0,,99.0,584.89453125,,0
1782300038.012247,8398.939530,222.0,,99.0,584.89453125,,0
1782300038.112334,8399.039618,221.0,,99.0,584.89453125,,0
1782300038.212247,8399.139530,230.0,,99.0,584.89453125,,0
1782300038.312334,8399.239618,229.0,,99.0,584.89453125,,0
1782300038.412344,8399.339627,230.0,,99.0,584.89453125,,0
1782300038.512248,8399.439531,229.0,,99.0,584.89453125,,0
1782300038.612336,8399.539619,231.0,,99.0,584.89453125,,0
1782300038.712339,8399.639624,231.0,,99.0,584.89453125,,0
1782300038.812340,8399.739624,223.0,,99.0,584.89453125,,0
1782300038.912336,8399.839620,226.0,,99.0,584.89453125,,0
1782300039.012337,8399.939620,223.0,,99.0,584.89453125,,0
1782300039.112339,8400.039624,225.0,,99.0,584.89453125,,0
1782300039.212378,8400.139663,225.0,,99.0,584.89453125,,0
1782300039.312344,8400.239629,225.0,,99.0,584.89453125,,0
1782300039.412338,8400.339623,222.0,,99.0,584.89453125,,0
1782300039.512351,8400.439635,226.0,,99.0,584.89453125,,0
1782300039.612339,8400.539624,223.0,,99.0,584.89453125,,0
1782300039.712248,8400.639531,223.0,,99.0,584.89453125,,0
1782300039.812341,8400.739626,228.0,,99.0,584.89453125,,0
1782300039.912340,8400.839624,222.0,,99.0,584.89453125,,0
1782300040.012342,8400.939627,221.0,,99.0,584.89453125,,0
1782300040.112341,8401.039626,228.0,,99.0,584.89453125,,0
1782300040.212343,8401.139628,225.0,,99.0,584.89453125,,0
1782300040.312340,8401.239624,227.0,,99.0,584.89453125,,0
1782300040.412276,8401.339560,227.0,,99.0,584.89453125,,0
1782300040.512341,8401.439625,225.0,,99.0,584.89453125,,0
1782300040.612337,8401.539622,223.0,,99.0,584.89453125,,0
1782300040.712342,8401.639626,227.0,,99.0,584.89453125,,0
1782300040.812361,8401.739645,224.0,,99.0,584.89453125,,0
1782300040.912276,8401.839560,225.0,,99.0,584.89453125,,0
1782300041.012345,8401.939630,217.0,,99.0,584.89453125,,0
1782300041.112352,8402.039637,226.0,,99.0,584.89453125,,0
1782300041.212349,8402.139633,231.0,,99.0,584.89453125,,0
1782300041.312339,8402.239623,225.0,,99.0,584.89453125,,0
1782300041.412336,8402.339621,221.0,,99.0,584.89453125,,0
1782300041.512343,8402.439628,225.0,,99.0,584.89453125,,0
1782300041.612248,8402.539531,227.0,,99.0,584.89453125,,0
1782300041.712339,8402.639623,224.0,,99.0,584.89453125,,0
1782300041.812343,8402.739628,225.0,,99.0,584.89453125,,0
1782300041.912341,8402.839625,221.0,,99.0,584.89453125,,0
1782300042.012339,8402.939624,223.0,,99.0,584.89453125,,0
1782300042.112340,8403.039625,226.0,,99.0,584.89453125,,0
1782300042.212344,8403.139629,222.0,,99.0,584.89453125,,0
1782300042.312339,8403.239624,220.0,,99.0,584.89453125,,0
1782300042.412350,8403.339634,222.0,,99.0,584.89453125,,0
1782300042.512342,8403.439626,223.0,,99.0,584.89453125,,0
1782300042.612341,8403.539625,224.0,,99.0,584.89453125,,0
1782300042.712338,8403.639622,223.0,,99.0,584.89453125,,0
1782300042.812354,8403.739639,223.0,,99.0,584.89453125,,0
1782300042.912342,8403.839627,227.0,,99.0,584.89453125,,0
1782300043.012339,8403.939624,227.0,,99.0,584.89453125,,0
1782300043.112334,8404.039619,222.0,,99.0,584.89453125,,0
1782300043.212376,8404.139660,223.0,,99.0,584.89453125,,0
1782300043.312342,8404.239626,223.0,,99.0,584.89453125,,0
1782300043.412331,8404.339616,226.0,,99.0,584.89453125,,0
1782300043.512340,8404.439624,223.0,,99.0,584.89453125,,0
1782300043.612355,8404.539640,224.0,,99.0,584.89453125,,0
1782300043.712348,8404.639632,226.0,,99.0,584.89453125,,0
1782300043.812343,8404.739626,225.0,,99.0,584.89453125,,0
1782300043.912340,8404.839625,219.0,,99.0,584.89453125,,0
1782300044.012341,8404.939626,227.0,,99.0,584.89453125,,0
1782300044.112340,8405.039625,230.0,,99.0,584.89453125,,0
1782300044.212340,8405.139625,230.0,,99.0,584.89453125,,0
1782300044.312340,8405.239625,231.0,,99.0,584.89453125,,0
1782300044.412344,8405.339629,227.0,,99.0,584.89453125,,0
1782300044.512342,8405.439627,226.0,,99.0,584.89453125,,0
1782300044.612339,8405.539623,225.0,,99.0,584.89453125,,0
1782300044.712344,8405.639628,226.0,,99.0,584.89453125,,0
1782300044.812338,8405.739623,227.0,,99.0,584.89453125,,0
1782300044.912341,8405.839625,224.0,,99.0,584.89453125,,0
1782300045.012342,8405.939626,223.0,,99.0,584.89453125,,0
1782300045.112335,8406.039619,228.0,,99.0,584.89453125,,0
1782300045.212334,8406.139620,224.0,,99.0,584.89453125,,0
1782300045.312339,8406.239624,229.0,,99.0,584.89453125,,0
1782300045.412337,8406.339621,224.0,,99.0,584.89453125,,0
1782300045.512336,8406.439620,225.0,,99.0,584.89453125,,0
1782300045.612342,8406.539625,228.0,,99.0,584.89453125,,0
1782300045.712340,8406.639625,221.0,,99.0,584.89453125,,0
1782300045.812343,8406.739626,229.0,,99.0,584.89453125,,0
1782300045.912337,8406.839621,230.0,,99.0,584.89453125,,0
1782300046.012339,8406.939623,223.0,,99.0,584.89453125,,0
1782300046.112341,8407.039625,221.0,,99.0,584.89453125,,0
1782300046.212341,8407.139624,225.0,,99.0,584.89453125,,0
1782300046.312337,8407.239621,225.0,,99.0,584.89453125,,0
1782300046.412334,8407.339619,227.0,,99.0,584.89453125,,0
1782300046.512335,8407.439619,224.0,,99.0,584.89453125,,0
1782300046.612248,8407.539531,226.0,,99.0,584.89453125,,0
1782300046.712342,8407.639625,223.0,,99.0,584.89453125,,0
1782300046.812361,8407.739644,223.0,,99.0,584.89453125,,0
1782300046.912265,8407.839550,222.0,,99.0,584.89453125,,0
1782300047.012248,8407.939531,219.0,,99.0,584.89453125,,0
1782300047.112340,8408.039624,221.0,,99.0,584.89453125,,0
1782300047.212353,8408.139637,219.0,,99.0,584.89453125,,0
1782300047.312342,8408.239627,220.0,,99.0,584.89453125,,0
1782300047.412344,8408.339629,218.0,,99.0,584.89453125,,0
1782300047.512264,8408.439549,220.0,,99.0,584.89453125,,0
1782300047.612340,8408.539624,222.0,,99.0,584.89453125,,0
1782300047.712248,8408.639531,224.0,,99.0,584.89453125,,0
1782300047.812351,8408.739634,221.0,,99.0,584.89453125,,0
1782300047.912248,8408.839531,226.0,,99.0,584.89453125,,0
1782300048.012248,8408.939531,230.0,,98.0,584.89453125,,0
1782300048.112332,8409.039616,220.0,,99.0,584.89453125,,0
1782300048.212248,8409.139531,215.0,,99.0,584.89453125,,0
1782300048.312340,8409.239625,214.0,,99.0,584.89453125,,0
1782300048.412339,8409.339623,222.0,,99.0,584.89453125,,0
1782300048.512351,8409.439634,218.0,,99.0,584.89453125,,0
1782300048.612341,8409.539625,220.0,,99.0,584.89453125,,0
1782300048.712344,8409.639628,199.0,,99.0,584.89453125,,0
1782300048.812335,8409.739620,195.0,,99.0,584.89453125,,0
1782300048.912332,8409.839617,211.0,,99.0,584.89453125,,0
1782300049.012345,8409.939629,230.0,,98.0,584.89453125,,0
1782300049.112248,8410.039531,231.0,,98.0,584.89453125,,0
1782300049.212332,8410.139616,219.0,,98.0,584.89453125,,0
1782300049.312327,8410.239612,235.0,,99.0,584.89453125,,0
1782300049.412347,8410.339632,225.0,,98.0,584.89453125,,0
1782300049.512362,8410.439647,229.0,,98.0,584.89453125,,0
1782300049.612350,8410.539634,220.0,,98.0,584.89453125,,0
1782300049.712366,8410.639650,219.0,,99.0,584.89453125,,0
1782300049.812352,8410.739636,222.0,,98.0,584.89453125,,0
1782300049.912340,8410.839625,230.0,,98.0,584.89453125,,0
1782300050.012335,8410.939620,228.0,,99.0,584.89453125,,0
1782300050.112330,8411.039615,222.0,,99.0,584.89453125,,0
1782300050.212341,8411.139624,227.0,,99.0,584.89453125,,0
1782300050.312342,8411.239625,223.0,,99.0,584.89453125,,0
1782300050.412338,8411.339622,220.0,,99.0,584.89453125,,0
1782300050.512331,8411.439615,225.0,,99.0,584.89453125,,0
1782300050.612338,8411.539623,223.0,,99.0,584.89453125,,0
1782300050.712331,8411.639615,223.0,,99.0,584.89453125,,0
1782300050.812336,8411.739621,223.0,,99.0,584.89453125,,0
1782300050.912342,8411.839626,223.0,,99.0,584.89453125,,0
1782300051.012248,8411.939531,219.0,,99.0,584.89453125,,0
1782300051.112248,8412.039531,224.0,,99.0,584.89453125,,0
1782300051.212248,8412.139531,227.0,,99.0,584.89453125,,0
1782300051.312247,8412.239530,225.0,,99.0,584.89453125,,0
1782300051.412248,8412.339531,222.0,,99.0,584.89453125,,0
1782300051.512248,8412.439531,226.0,,99.0,584.89453125,,0
1782300051.612326,8412.539610,221.0,,99.0,584.89453125,,0
1782300051.712340,8412.639624,219.0,,99.0,584.89453125,,0
1782300051.812344,8412.739629,222.0,,99.0,584.89453125,,0
1782300051.912337,8412.839621,224.0,,99.0,584.89453125,,0
1782300052.012338,8412.939622,226.0,,99.0,584.89453125,,0
1782300052.112336,8413.039621,222.0,,99.0,584.89453125,,0
1782300052.212248,8413.139531,223.0,,99.0,584.89453125,,0
1782300052.312334,8413.239618,220.0,,99.0,584.89453125,,0
1782300052.412248,8413.339531,221.0,,99.0,584.89453125,,0
1782300052.512333,8413.439617,222.0,,99.0,584.89453125,,0
1782300052.612361,8413.539646,221.0,,99.0,584.89453125,,0
1782300052.712337,8413.639621,225.0,,99.0,584.89453125,,0
1782300052.812340,8413.739625,223.0,,99.0,584.89453125,,0
1782300052.912335,8413.839620,220.0,,99.0,584.89453125,,0
1782300053.012275,8413.939560,229.0,,99.0,584.89453125,,0
1782300053.112343,8414.039627,225.0,,99.0,584.89453125,,0
1782300053.212339,8414.139623,226.0,,99.0,584.89453125,,0
1782300053.312334,8414.239618,227.0,,99.0,584.89453125,,0
1782300053.412340,8414.339625,225.0,,99.0,584.89453125,,0
1782300053.512266,8414.439551,219.0,,99.0,584.89453125,,0
1782300053.612345,8414.539629,222.0,,99.0,584.89453125,,0
1782300053.712338,8414.639623,220.0,,99.0,584.89453125,,0
1782300053.812330,8414.739615,226.0,,99.0,584.89453125,,0
1782300053.912335,8414.839620,223.0,,99.0,584.89453125,,0
1782300054.012340,8414.939623,220.0,,99.0,584.89453125,,0
1782300054.112334,8415.039619,223.0,,99.0,584.89453125,,0
1782300054.212343,8415.139626,226.0,,99.0,584.89453125,,0
1782300054.312336,8415.239620,223.0,,99.0,584.89453125,,0
1782300054.412339,8415.339624,225.0,,99.0,584.89453125,,0
1782300054.512336,8415.439620,223.0,,99.0,584.89453125,,0
1782300054.612332,8415.539615,227.0,,99.0,584.89453125,,0
1782300054.712342,8415.639627,227.0,,99.0,584.89453125,,0
1782300054.812265,8415.739549,222.0,,99.0,584.89453125,,0
1782300054.912345,8415.839629,225.0,,99.0,584.89453125,,0
1782300055.012343,8415.939626,220.0,,99.0,584.89453125,,0
1782300055.112335,8416.039620,222.0,,99.0,584.89453125,,0
1782300055.212343,8416.139628,221.0,,99.0,584.89453125,,0
1782300055.312337,8416.239622,227.0,,99.0,584.89453125,,0
1782300055.412261,8416.339544,227.0,,99.0,584.89453125,,0
1782300055.512334,8416.439619,227.0,,99.0,584.89453125,,0
1782300055.612636,8416.539920,222.0,,99.0,584.89453125,,0
1782300055.712327,8416.639611,226.0,,99.0,584.89453125,,0
1782300055.812274,8416.739558,223.0,,99.0,584.89453125,,0
1782300055.912246,8416.839530,222.0,,99.0,584.89453125,,0
1782300056.012247,8416.939530,227.0,,99.0,584.89453125,,0
1782300056.112247,8417.039530,221.0,,99.0,584.89453125,,0
1782300056.212246,8417.139530,220.0,,99.0,584.89453125,,0
1782300056.312267,8417.239552,220.0,,99.0,584.89453125,,0
1782300056.412327,8417.339611,224.0,,99.0,584.89453125,,0
1782300056.512358,8417.439642,227.0,,99.0,584.89453125,,0
1782300056.612340,8417.539624,229.0,,99.0,584.89453125,,0
1782300056.712340,8417.639624,227.0,,99.0,584.89453125,,0
1782300056.812341,8417.739626,222.0,,99.0,584.89453125,,0
1782300056.912340,8417.839625,220.0,,99.0,584.89453125,,0
1782300057.012341,8417.939624,227.0,,99.0,584.89453125,,0
1782300057.112334,8418.039618,228.0,,99.0,584.89453125,,0
1782300057.212332,8418.139615,230.0,,99.0,584.89453125,,0
1782300057.312355,8418.239639,230.0,,99.0,584.89453125,,0
1782300057.412337,8418.339622,227.0,,99.0,584.89453125,,0
1782300057.512333,8418.439617,220.0,,99.0,584.89453125,,0
1782300057.612334,8418.539618,226.0,,99.0,584.89453125,,0
1782300057.712341,8418.639626,228.0,,99.0,584.89453125,,0
1782300057.812332,8418.739617,222.0,,99.0,584.89453125,,0
1782300057.912344,8418.839629,228.0,,99.0,584.89453125,,0
1782300058.012339,8418.939622,226.0,,99.0,584.89453125,,0
1782300058.112339,8419.039622,229.0,,99.0,584.89453125,,0
1782300058.212340,8419.139625,224.0,,99.0,584.89453125,,0
1782300058.312338,8419.239623,226.0,,99.0,584.89453125,,0
1782300058.412334,8419.339618,227.0,,99.0,584.89453125,,0
1782300058.512331,8419.439615,223.0,,99.0,584.89453125,,0
1782300058.612346,8419.539631,168.0,,67.0,584.89453125,,0
1782300058.712342,8419.639626,38.0,,3.0,584.89453125,,0
1782300058.812345,8419.739630,18.0,,3.0,584.89453125,,0
1782300058.912341,8419.839626,18.0,,3.0,584.89453125,,0
1782300059.012348,8419.939633,18.0,,3.0,584.89453125,,0
1782300059.112348,8420.039632,19.0,,3.0,584.89453125,,0
1782300059.212274,8420.139559,20.0,,3.0,584.89453125,,0
1782300059.312343,8420.239627,20.0,,3.0,584.89453125,,0
1782300059.412348,8420.339632,22.0,,4.0,584.89453125,,0
1782300059.512349,8420.439634,20.0,,3.0,584.89453125,,0
1782300059.612341,8420.539626,20.0,,3.0,584.89453125,,0
1782300059.712346,8420.639631,18.0,,3.0,584.89453125,,0
1782300059.812349,8420.739634,18.0,,3.0,584.89453125,,0
1782300059.912348,8420.839633,20.0,,3.0,584.89453125,,0
1782300060.012341,8420.939625,19.0,,3.0,584.89453125,,0
1782300060.112343,8421.039628,16.0,,3.0,584.89453125,,0
1782300060.212342,8421.139626,18.0,,3.0,584.89453125,,0
1782300060.312347,8421.239631,17.0,,3.0,584.89453125,,0
1782300060.412343,8421.339628,16.0,,3.0,584.89453125,,0
1782300060.512342,8421.439627,18.0,,3.0,584.89453125,,0
1782300060.612342,8421.539627,19.0,,2.0,584.89453125,,0
1782300060.712346,8421.639631,18.0,,3.0,584.89453125,,0
1782300060.812344,8421.739628,18.0,,3.0,584.89453125,,0
1782300060.912349,8421.839634,19.0,,3.0,584.89453125,,0
1782300061.012343,8421.939627,19.0,,3.0,584.89453125,,0
1782300061.112344,8422.039629,18.0,,3.0,584.89453125,,0
1782300061.212336,8422.139619,20.0,,3.0,584.89453125,,0
1782300061.312347,8422.239631,18.0,,3.0,584.89453125,,0
1782300061.412342,8422.339627,19.0,,3.0,584.89453125,,0
1782300061.512347,8422.439632,18.0,,3.0,584.89453125,,0
1782300061.612345,8422.539630,18.0,,3.0,584.89453125,,0
1782300061.712347,8422.639632,18.0,,3.0,584.89453125,,0
1782300061.812343,8422.739627,17.0,,3.0,584.89453125,,0
1782300061.912342,8422.839627,18.0,,3.0,584.89453125,,0
1782300062.012350,8422.939635,18.0,,3.0,584.89453125,,0
1782300062.112343,8423.039628,18.0,,3.0,584.89453125,,0
1782300062.212343,8423.139628,18.0,,2.0,584.89453125,,0
1782300062.312343,8423.239628,17.0,,3.0,584.89453125,,0
1782300062.412347,8423.339632,18.0,,2.0,584.89453125,,0
1782300062.512344,8423.439628,18.0,,3.0,584.89453125,,0
1782300062.612343,8423.539628,18.0,,3.0,584.89453125,,0
1782300062.712351,8423.639635,19.0,,3.0,584.89453125,,0
1782300062.812347,8423.739632,19.0,,2.0,584.89453125,,0
1782300062.912342,8423.839627,17.0,,3.0,584.89453125,,0
1782300063.012345,8423.939630,17.0,,3.0,584.89453125,,0
1782300063.112347,8424.039632,17.0,,3.0,584.89453125,,0
1782300063.212275,8424.139559,16.0,,3.0,584.89453125,,0
1782300063.312346,8424.239630,16.0,,3.0,584.89453125,,0
1782300063.412342,8424.339626,18.0,,3.0,584.89453125,,0
1782300063.512342,8424.439627,16.0,,3.0,584.89453125,,0
1782300063.612333,8424.539617,59.0,,35.0,584.89453125,,0
1782300063.712248,8424.639531,162.0,,98.0,584.89453125,,0
1782300063.812330,8424.739615,165.0,,99.0,584.89453125,,0
1782300063.912343,8424.839627,166.0,,99.0,584.89453125,,0
1782300064.012361,8424.939644,166.0,,99.0,584.89453125,,0
1782300064.112347,8425.039631,168.0,,99.0,584.89453125,,0
1782300064.212248,8425.139531,170.0,,99.0,584.89453125,,0
1782300064.312248,8425.239531,172.0,,99.0,584.89453125,,0
1782300064.412333,8425.339616,174.0,,99.0,584.89453125,,0
1782300064.512248,8425.439531,187.0,,99.0,584.89453125,,0
1782300064.612247,8425.539530,179.0,,99.0,584.89453125,,0
1782300064.712248,8425.639531,191.0,,99.0,584.89453125,,0
1782300064.812334,8425.739617,185.0,,99.0,584.89453125,,0
1782300064.912323,8425.839608,188.0,,99.0,584.89453125,,0
1782300065.012338,8425.939622,190.0,,99.0,584.89453125,,0
1782300065.112330,8426.039615,206.0,,98.0,584.89453125,,0
1782300065.212331,8426.139615,204.0,,99.0,584.89453125,,0
1782300065.312334,8426.239618,213.0,,98.0,584.89453125,,0
1782300065.412336,8426.339620,196.0,,98.0,584.89453125,,0
1782300065.512327,8426.439611,210.0,,99.0,584.89453125,,0
1782300065.612276,8426.539560,215.0,,99.0,584.89453125,,0
1782300065.712351,8426.639634,219.0,,99.0,584.89453125,,0
1782300065.812333,8426.739617,220.0,,98.0,584.89453125,,0
1782300065.912337,8426.839621,222.0,,99.0,584.89453125,,0
1782300066.012339,8426.939624,205.0,,98.0,584.89453125,,0
1782300066.112276,8427.039560,217.0,,99.0,584.89453125,,0
1782300066.212338,8427.139623,190.0,,98.0,584.89453125,,0
1782300066.312337,8427.239621,225.0,,99.0,584.89453125,,0
1782300066.412333,8427.339618,225.0,,98.0,584.89453125,,0
1782300066.512331,8427.439616,224.0,,99.0,584.89453125,,0
1782300066.612345,8427.539629,229.0,,98.0,584.89453125,,0
1782300066.712333,8427.639618,215.0,,99.0,584.89453125,,0
1782300066.812329,8427.739613,217.0,,99.0,584.89453125,,0
1782300066.912330,8427.839613,214.0,,98.0,584.89453125,,0
1782300067.012331,8427.939615,217.0,,98.0,584.89453125,,0
1782300067.112340,8428.039625,216.0,,99.0,584.89453125,,0
1782300067.212349,8428.139632,214.0,,98.0,584.89453125,,0
1782300067.312336,8428.239620,226.0,,99.0,584.89453125,,0
1782300067.412336,8428.339621,226.0,,99.0,584.89453125,,0
1782300067.512327,8428.439611,227.0,,99.0,584.89453125,,0
1782300067.612341,8428.539624,226.0,,99.0,584.89453125,,0
1782300067.712248,8428.639531,226.0,,99.0,584.89453125,,0
1782300067.812248,8428.739531,223.0,,99.0,584.89453125,,0
1782300067.912248,8428.839531,214.0,,99.0,584.89453125,,0
1782300068.012329,8428.939613,225.0,,99.0,584.89453125,,0
1782300068.112336,8429.039621,227.0,,99.0,584.89453125,,0
1782300068.212338,8429.139623,221.0,,99.0,584.89453125,,0
1782300068.312345,8429.239628,222.0,,99.0,584.89453125,,0
1782300068.412248,8429.339531,223.0,,99.0,584.89453125,,0
1782300068.512331,8429.439615,220.0,,99.0,584.89453125,,0
1782300068.612333,8429.539616,220.0,,99.0,584.89453125,,0
1782300068.712332,8429.639617,227.0,,99.0,584.89453125,,0
1782300068.812338,8429.739621,227.0,,99.0,584.89453125,,0
1782300068.912337,8429.839622,224.0,,99.0,584.89453125,,0
1782300069.012333,8429.939616,225.0,,99.0,584.89453125,,0
1782300069.112339,8430.039624,225.0,,99.0,584.89453125,,0
1782300069.212332,8430.139617,222.0,,99.0,584.89453125,,0
1782300069.312332,8430.239617,225.0,,99.0,584.89453125,,0
1782300069.412339,8430.339622,225.0,,99.0,584.89453125,,0
1782300069.512266,8430.439551,220.0,,99.0,584.89453125,,0
1782300069.612334,8430.539618,225.0,,99.0,584.89453125,,0
1782300069.712342,8430.639625,226.0,,99.0,584.89453125,,0
1782300069.812330,8430.739615,217.0,,99.0,584.89453125,,0
1782300069.912333,8430.839617,228.0,,99.0,584.89453125,,0
1782300070.012336,8430.939621,221.0,,99.0,584.89453125,,0
1782300070.112335,8431.039618,225.0,,99.0,584.89453125,,0
1782300070.212338,8431.139621,226.0,,99.0,584.89453125,,0
1782300070.312347,8431.239631,226.0,,99.0,584.89453125,,0
1782300070.412336,8431.339620,229.0,,99.0,584.89453125,,0
1782300070.512337,8431.439620,228.0,,99.0,584.89453125,,0
1782300070.612339,8431.539622,227.0,,99.0,584.89453125,,0
1782300070.712337,8431.639622,224.0,,99.0,584.89453125,,0
1782300070.812338,8431.739622,218.0,,99.0,584.89453125,,0
1782300070.912341,8431.839626,222.0,,99.0,584.89453125,,0
1782300071.012340,8431.939624,217.0,,99.0,584.89453125,,0
1782300071.112338,8432.039622,217.0,,99.0,584.89453125,,0
1782300071.212328,8432.139611,223.0,,99.0,584.89453125,,0
1782300071.312328,8432.239613,220.0,,99.0,584.89453125,,0
1782300071.412275,8432.339559,213.0,,99.0,584.89453125,,0
1782300071.512331,8432.439614,221.0,,99.0,584.89453125,,0
1782300071.612333,8432.539617,222.0,,99.0,584.89453125,,0
1782300071.712336,8432.639621,222.0,,99.0,584.89453125,,0
1782300071.812331,8432.739615,228.0,,99.0,584.89453125,,0
1782300071.912277,8432.839561,228.0,,99.0,584.89453125,,0
1782300072.012330,8432.939614,226.0,,99.0,584.89453125,,0
1782300072.112330,8433.039614,228.0,,99.0,584.89453125,,0
1782300072.212329,8433.139613,227.0,,99.0,584.89453125,,0
1782300072.312332,8433.239616,228.0,,99.0,584.89453125,,0
1782300072.412332,8433.339615,220.0,,99.0,584.89453125,,0
1782300072.512332,8433.439615,222.0,,99.0,584.89453125,,0
1782300072.612336,8433.539622,220.0,,99.0,584.89453125,,0
1782300072.712345,8433.639629,228.0,,99.0,584.89453125,,0
1782300072.812344,8433.739628,220.0,,99.0,584.89453125,,0
1782300072.912334,8433.839618,229.0,,99.0,584.89453125,,0
1782300073.012332,8433.939617,229.0,,99.0,584.89453125,,0
1782300073.112334,8434.039619,225.0,,99.0,584.89453125,,0
1782300073.212330,8434.139615,226.0,,99.0,584.89453125,,0
1782300073.312334,8434.239617,225.0,,99.0,584.89453125,,0
1782300073.412334,8434.339618,227.0,,99.0,584.89453125,,0
1782300073.512329,8434.439613,229.0,,99.0,584.89453125,,0
1782300073.612335,8434.539620,220.0,,99.0,584.89453125,,0
1782300073.712335,8434.639618,226.0,,99.0,584.89453125,,0
1782300073.812333,8434.739617,222.0,,99.0,584.89453125,,0
1782300073.912338,8434.839621,223.0,,99.0,584.89453125,,0
1782300074.012340,8434.939623,227.0,,99.0,584.89453125,,0
1782300074.112339,8435.039622,229.0,,99.0,584.89453125,,0
1782300074.212340,8435.139623,225.0,,99.0,584.89453125,,0
1782300074.312339,8435.239624,226.0,,99.0,584.89453125,,0
1782300074.412330,8435.339614,222.0,,99.0,584.89453125,,0
1782300074.512336,8435.439621,227.0,,99.0,584.89453125,,0
1782300074.612335,8435.539620,227.0,,99.0,584.89453125,,0
1782300074.712337,8435.639621,228.0,,99.0,584.89453125,,0
1782300074.812268,8435.739553,227.0,,99.0,584.89453125,,0
1782300074.912339,8435.839622,223.0,,99.0,584.89453125,,0
1782300075.012351,8435.939636,223.0,,99.0,584.89453125,,0
1782300075.112334,8436.039618,224.0,,99.0,584.89453125,,0
1782300075.212346,8436.139629,229.0,,99.0,584.89453125,,0
1782300075.312248,8436.239531,230.0,,99.0,584.89453125,,0
1782300075.412344,8436.339627,230.0,,99.0,584.89453125,,0
1782300075.512324,8436.439609,223.0,,99.0,584.89453125,,0
1782300075.612334,8436.539618,230.0,,99.0,584.89453125,,0
1782300075.712332,8436.639618,229.0,,99.0,584.89453125,,0
1782300075.812336,8436.739622,230.0,,99.0,584.89453125,,0
1782300075.912334,8436.839619,228.0,,99.0,584.89453125,,0
1782300076.012331,8436.939615,226.0,,99.0,584.89453125,,0
1782300076.112336,8437.039621,223.0,,99.0,584.89453125,,0
1782300076.212248,8437.139531,230.0,,99.0,584.89453125,,0
1782300076.312332,8437.239616,229.0,,99.0,584.89453125,,0
1782300076.412335,8437.339620,229.0,,99.0,584.89453125,,0
1782300076.512340,8437.439625,221.0,,99.0,584.89453125,,0
1782300076.612330,8437.539614,230.0,,99.0,584.89453125,,0
1782300076.712330,8437.639614,229.0,,99.0,584.89453125,,0
1782300076.812267,8437.739551,229.0,,99.0,584.89453125,,0
1782300076.912341,8437.839625,231.0,,99.0,584.89453125,,0
1782300077.012331,8437.939615,231.0,,99.0,584.89453125,,0
1782300077.112332,8438.039615,229.0,,99.0,584.89453125,,0
1782300077.212329,8438.139614,228.0,,99.0,584.89453125,,0
1782300077.312342,8438.239626,228.0,,99.0,584.89453125,,0
1782300077.412336,8438.339621,224.0,,99.0,584.89453125,,0
1782300077.512351,8438.439635,228.0,,99.0,584.89453125,,0
1782300077.612339,8438.539624,222.0,,99.0,584.89453125,,0
1782300077.712336,8438.639621,222.0,,99.0,584.89453125,,0
1782300077.812331,8438.739615,221.0,,99.0,584.89453125,,0
1782300077.912335,8438.839619,224.0,,99.0,584.89453125,,0
1782300078.012340,8438.939624,221.0,,99.0,584.89453125,,0
1782300078.112361,8439.039645,221.0,,99.0,584.89453125,,0
1782300078.212329,8439.139613,229.0,,99.0,584.89453125,,0
1782300078.312337,8439.239620,230.0,,99.0,584.89453125,,0
1782300078.412337,8439.339620,228.0,,99.0,584.89453125,,0
1782300078.512337,8439.439622,231.0,,99.0,584.89453125,,0
1782300078.612331,8439.539615,231.0,,99.0,584.89453125,,0
1782300078.712276,8439.639560,226.0,,99.0,584.89453125,,0
1782300078.812348,8439.739632,231.0,,99.0,584.89453125,,0
1782300078.912330,8439.839614,230.0,,99.0,584.89453125,,0
1782300079.012336,8439.939621,222.0,,99.0,584.89453125,,0
1782300079.112332,8440.039616,220.0,,99.0,584.89453125,,0
1782300079.212353,8440.139638,226.0,,99.0,584.89453125,,0
1782300079.312338,8440.239622,227.0,,99.0,584.89453125,,0
1782300079.412260,8440.339544,230.0,,99.0,584.89453125,,0
1782300079.512248,8440.439531,226.0,,99.0,584.89453125,,0
1782300079.612338,8440.539621,221.0,,99.0,584.89453125,,0
1782300079.712248,8440.639531,231.0,,99.0,584.89453125,,0
1782300079.812336,8440.739619,227.0,,99.0,584.89453125,,0
1782300079.912338,8440.839622,221.0,,99.0,584.89453125,,0
1782300080.012340,8440.939623,224.0,,99.0,584.89453125,,0
1782300080.112337,8441.039621,225.0,,99.0,584.89453125,,0
1782300080.212328,8441.139613,223.0,,99.0,584.89453125,,0
1782300080.312336,8441.239619,223.0,,99.0,584.89453125,,0
1782300080.412342,8441.339626,230.0,,99.0,584.89453125,,0
1782300080.512344,8441.439629,226.0,,99.0,584.89453125,,0
1782300080.612248,8441.539531,226.0,,99.0,584.89453125,,0
1782300080.712248,8441.639531,192.0,,98.0,584.89453125,,0
1782300080.812248,8441.739531,218.0,,99.0,584.89453125,,0
1782300080.912248,8441.839531,229.0,,99.0,584.89453125,,0
1782300081.012336,8441.939620,228.0,,99.0,584.89453125,,0
1782300081.112265,8442.039549,227.0,,99.0,584.89453125,,0
1782300081.212265,8442.139549,222.0,,99.0,584.89453125,,0
1782300081.312332,8442.239617,218.0,,99.0,584.89453125,,0
1782300081.412331,8442.339614,227.0,,99.0,584.89453125,,0
1782300081.512334,8442.439617,224.0,,99.0,584.89453125,,0
1782300081.612332,8442.539616,231.0,,99.0,584.89453125,,0
1782300081.712332,8442.639617,229.0,,99.0,584.89453125,,0
1782300081.812338,8442.739622,229.0,,99.0,584.89453125,,0
1782300081.912343,8442.839627,224.0,,99.0,584.89453125,,0
1782300082.012347,8442.939630,225.0,,98.0,584.89453125,,0
1782300082.112334,8443.039619,221.0,,99.0,584.89453125,,0
1782300082.212265,8443.139550,231.0,,98.0,584.89453125,,0
1782300082.312248,8443.239531,225.0,,99.0,584.89453125,,0
1782300082.412248,8443.339531,232.0,,98.0,584.89453125,,0
1782300082.512248,8443.439531,228.0,,99.0,584.89453125,,0
1782300082.612248,8443.539531,226.0,,99.0,584.89453125,,0
1782300082.712332,8443.639616,232.0,,98.0,584.89453125,,0
1782300082.812348,8443.739633,229.0,,98.0,584.89453125,,0
1782300082.912344,8443.839628,230.0,,98.0,584.89453125,,0
1782300083.012338,8443.939623,230.0,,99.0,584.89453125,,0
1782300083.112336,8444.039622,222.0,,99.0,584.89453125,,0
1782300083.212355,8444.139639,199.0,,99.0,584.89453125,,0
1782300083.312330,8444.239615,231.0,,99.0,584.89453125,,0
1782300083.412332,8444.339616,224.0,,99.0,584.89453125,,0
1782300083.512336,8444.439620,220.0,,99.0,584.89453125,,0
1782300083.612330,8444.539614,225.0,,99.0,584.89453125,,0
1782300083.712342,8444.639625,226.0,,99.0,584.89453125,,0
1782300083.812344,8444.739628,224.0,,99.0,584.89453125,,0
1782300083.912338,8444.839622,231.0,,99.0,584.89453125,,0
1782300084.012336,8444.939619,225.0,,99.0,584.89453125,,0
1782300084.112336,8445.039620,226.0,,99.0,584.89453125,,0
1782300084.212335,8445.139618,224.0,,99.0,584.89453125,,0
1782300084.312333,8445.239618,223.0,,99.0,584.89453125,,0
1782300084.412340,8445.339624,224.0,,99.0,584.89453125,,0
1782300084.512330,8445.439615,221.0,,99.0,584.89453125,,0
1782300084.612334,8445.539618,227.0,,99.0,584.89453125,,0
1782300084.712337,8445.639620,221.0,,99.0,584.89453125,,0
1782300084.812331,8445.739615,228.0,,99.0,584.89453125,,0
1782300084.912330,8445.839613,222.0,,99.0,584.89453125,,0
1782300085.012336,8445.939620,220.0,,99.0,584.89453125,,0
1782300085.112276,8446.039560,226.0,,99.0,584.89453125,,0
1782300085.212336,8446.139619,225.0,,99.0,584.89453125,,0
1782300085.312339,8446.239623,226.0,,99.0,584.89453125,,0
1782300085.412335,8446.339618,225.0,,99.0,584.89453125,,0
1782300085.512337,8446.439622,224.0,,99.0,584.89453125,,0
1782300085.612334,8446.539619,226.0,,99.0,584.89453125,,0
1782300085.712248,8446.639531,224.0,,99.0,584.89453125,,0
1782300085.812248,8446.739531,227.0,,99.0,584.89453125,,0
1782300085.912248,8446.839531,222.0,,99.0,584.89453125,,0
1782300086.012248,8446.939531,224.0,,99.0,584.89453125,,0
1782300086.112248,8447.039531,223.0,,99.0,584.89453125,,0
1782300086.212266,8447.139551,225.0,,99.0,584.89453125,,0
1782300086.312248,8447.239531,217.0,,99.0,584.89453125,,0
1782300086.412335,8447.339618,223.0,,99.0,584.89453125,,0
1782300086.512248,8447.439531,223.0,,99.0,584.89453125,,0
1782300086.612248,8447.539531,223.0,,99.0,584.89453125,,0
1782300086.712246,8447.639530,227.0,,99.0,584.89453125,,0
1782300086.812246,8447.739530,224.0,,99.0,584.89453125,,0
1782300086.912248,8447.839531,224.0,,99.0,584.89453125,,0
1782300087.012248,8447.939531,226.0,,99.0,584.89453125,,0
1782300087.112248,8448.039531,224.0,,99.0,584.89453125,,0
1782300087.212248,8448.139531,224.0,,99.0,584.89453125,,0
1782300087.312248,8448.239531,226.0,,99.0,584.89453125,,0
1782300087.412248,8448.339531,226.0,,99.0,584.89453125,,0
1782300087.512331,8448.439615,223.0,,99.0,584.89453125,,0
1782300087.612248,8448.539531,225.0,,99.0,584.89453125,,0
1782300087.712328,8448.639613,229.0,,99.0,584.89453125,,0
1782300087.812349,8448.739633,226.0,,99.0,584.89453125,,0
1782300087.912352,8448.839635,225.0,,99.0,584.89453125,,0
1782300088.012336,8448.939620,231.0,,99.0,584.89453125,,0
1782300088.112348,8449.039632,230.0,,99.0,584.89453125,,0
1782300088.212271,8449.139555,228.0,,99.0,584.89453125,,0
1782300088.312329,8449.239614,223.0,,99.0,584.89453125,,0
1782300088.412248,8449.339531,229.0,,99.0,584.89453125,,0
1782300088.512248,8449.439531,225.0,,99.0,584.89453125,,0
1782300088.612248,8449.539531,221.0,,99.0,584.89453125,,0
1782300088.712248,8449.639531,223.0,,99.0,584.89453125,,0
1782300088.812340,8449.739624,223.0,,99.0,584.89453125,,0
1782300088.912266,8449.839550,221.0,,99.0,584.89453125,,0
1782300089.012330,8449.939614,225.0,,99.0,584.89453125,,0
1782300089.112331,8450.039614,224.0,,99.0,584.89453125,,0
1782300089.212329,8450.139614,222.0,,99.0,584.89453125,,0
1782300089.312332,8450.239615,223.0,,99.0,584.89453125,,0
1782300089.412332,8450.339615,220.0,,99.0,584.89453125,,0
1782300089.512348,8450.439633,222.0,,99.0,584.89453125,,0
1782300089.612356,8450.539639,220.0,,99.0,584.89453125,,0
1782300089.712343,8450.639626,226.0,,99.0,584.89453125,,0
1782300089.812342,8450.739626,227.0,,99.0,584.89453125,,0
1782300089.912248,8450.839531,224.0,,99.0,584.89453125,,0
1782300090.012329,8450.939613,227.0,,99.0,584.89453125,,0
1782300090.112248,8451.039531,225.0,,99.0,584.89453125,,0
1782300090.212248,8451.139531,224.0,,99.0,584.89453125,,0
1782300090.312248,8451.239531,222.0,,99.0,584.89453125,,0
1782300090.412248,8451.339531,225.0,,99.0,584.89453125,,0
1782300090.512248,8451.439531,218.0,,99.0,584.89453125,,0
1782300090.612248,8451.539531,229.0,,99.0,584.89453125,,0
1782300090.712246,8451.639530,226.0,,99.0,584.89453125,,0
1782300090.812262,8451.739546,225.0,,99.0,584.89453125,,0
1782300090.912248,8451.839531,228.0,,99.0,584.89453125,,0
1782300091.012336,8451.939621,224.0,,99.0,584.89453125,,0
1782300091.112334,8452.039617,229.0,,99.0,584.89453125,,0
1782300091.212270,8452.139555,224.0,,99.0,584.89453125,,0
1782300091.312248,8452.239531,223.0,,99.0,584.89453125,,0
1782300091.412248,8452.339531,223.0,,99.0,584.89453125,,0
1782300091.512248,8452.439531,227.0,,99.0,584.89453125,,0
1782300091.612330,8452.539615,229.0,,99.0,584.89453125,,0
1782300091.712339,8452.639622,221.0,,99.0,584.89453125,,0
1782300091.812332,8452.739616,225.0,,99.0,584.89453125,,0
1782300091.912342,8452.839626,222.0,,99.0,584.89453125,,0
1782300092.012248,8452.939531,227.0,,99.0,584.89453125,,0
1782300092.112353,8453.039637,220.0,,99.0,584.89453125,,0
1782300092.212335,8453.139619,224.0,,99.0,584.89453125,,0
1782300092.312336,8453.239620,221.0,,99.0,584.89453125,,0
1782300092.412339,8453.339624,230.0,,99.0,584.89453125,,0
1782300092.512341,8453.439625,222.0,,99.0,584.89453125,,0
1782300092.612337,8453.539622,222.0,,99.0,584.89453125,,0
1782300092.712339,8453.639622,223.0,,99.0,584.89453125,,0
1782300092.812339,8453.739624,228.0,,99.0,584.89453125,,0
1782300092.912333,8453.839617,229.0,,99.0,584.89453125,,0
1782300093.012343,8453.939626,226.0,,99.0,584.89453125,,0
1782300093.112332,8454.039617,225.0,,99.0,584.89453125,,0
1782300093.212345,8454.139628,229.0,,99.0,584.89453125,,0
1782300093.312248,8454.239531,228.0,,99.0,584.89453125,,0
1782300093.412246,8454.339530,225.0,,99.0,584.89453125,,0
1782300093.512246,8454.439530,224.0,,99.0,584.89453125,,0
1782300093.612247,8454.539531,226.0,,99.0,584.89453125,,0
1782300093.712248,8454.639531,225.0,,99.0,584.89453125,,0
1782300093.812248,8454.739531,224.0,,99.0,584.89453125,,0
1782300093.912248,8454.839531,224.0,,99.0,584.89453125,,0
1782300094.012248,8454.939531,222.0,,99.0,584.89453125,,0
1782300094.112332,8455.039615,223.0,,99.0,584.89453125,,0
1782300094.212332,8455.139616,225.0,,99.0,584.89453125,,0
1782300094.312336,8455.239619,225.0,,99.0,584.89453125,,0
1782300094.412345,8455.339630,221.0,,99.0,584.89453125,,0
1782300094.512349,8455.439632,227.0,,99.0,584.89453125,,0
1782300094.612341,8455.539625,228.0,,99.0,584.89453125,,0
1782300094.712345,8455.639629,229.0,,99.0,584.89453125,,0
1782300094.812248,8455.739531,227.0,,99.0,584.89453125,,0
1782300094.912337,8455.839621,221.0,,99.0,584.89453125,,0
1782300095.012248,8455.939531,223.0,,99.0,584.89453125,,0
1782300095.112248,8456.039531,221.0,,99.0,584.89453125,,0
1782300095.212248,8456.139531,221.0,,99.0,584.89453125,,0
1782300095.312248,8456.239531,228.0,,99.0,584.89453125,,0
1782300095.412266,8456.339551,223.0,,99.0,584.89453125,,0
1782300095.512248,8456.439531,219.0,,99.0,584.89453125,,0
1782300095.612327,8456.539612,223.0,,99.0,584.89453125,,0
1782300095.712341,8456.639624,221.0,,99.0,584.89453125,,0
1782300095.812341,8456.739625,224.0,,99.0,584.89453125,,0
1782300095.912338,8456.839621,222.0,,99.0,584.89453125,,0
1782300096.012337,8456.939621,225.0,,99.0,584.89453125,,0
1782300096.112343,8457.039627,225.0,,99.0,584.89453125,,0
1782300096.212332,8457.139616,225.0,,99.0,584.89453125,,0
1782300096.312329,8457.239614,224.0,,99.0,584.89453125,,0
1782300096.412339,8457.339622,225.0,,99.0,584.89453125,,0
1782300096.512335,8457.439619,229.0,,99.0,584.89453125,,0
1782300096.612333,8457.539617,222.0,,99.0,584.89453125,,0
1782300096.712340,8457.639623,224.0,,99.0,584.89453125,,0
1782300096.812335,8457.739620,231.0,,99.0,584.89453125,,0
1782300096.912339,8457.839623,223.0,,99.0,584.89453125,,0
1782300097.012360,8457.939645,223.0,,99.0,584.89453125,,0
1782300097.112341,8458.039626,230.0,,99.0,584.89453125,,0
1782300097.212338,8458.139623,225.0,,99.0,584.89453125,,0
1782300097.312276,8458.239560,222.0,,99.0,584.89453125,,0
1782300097.412335,8458.339620,224.0,,99.0,584.89453125,,0
1782300097.512340,8458.439624,223.0,,99.0,584.89453125,,0
1782300097.612337,8458.539622,231.0,,99.0,584.89453125,,0
1782300097.712333,8458.639617,227.0,,99.0,584.89453125,,0
1782300097.812340,8458.739624,227.0,,99.0,584.89453125,,0
1782300097.912341,8458.839626,224.0,,99.0,584.89453125,,0
1782300098.012335,8458.939619,227.0,,99.0,584.89453125,,0
1782300098.112333,8459.039618,225.0,,99.0,584.89453125,,0
1782300098.212356,8459.139640,227.0,,99.0,584.89453125,,0
1782300098.312337,8459.239621,220.0,,99.0,584.89453125,,0
1782300098.412265,8459.339549,230.0,,99.0,584.89453125,,0
1782300098.512323,8459.439608,226.0,,99.0,584.89453125,,0
1782300098.612352,8459.539636,159.0,,68.0,584.89453125,,0
1782300098.712346,8459.639631,38.0,,2.0,584.89453125,,0
1782300098.812342,8459.739627,18.0,,3.0,584.89453125,,0
1782300098.912349,8459.839633,17.0,,3.0,584.89453125,,0
1782300099.012342,8459.939627,17.0,,3.0,584.89453125,,0
1782300099.112344,8460.039628,18.0,,3.0,584.89453125,,0
1782300099.212273,8460.139558,18.0,,3.0,584.89453125,,0
1782300099.312342,8460.239627,18.0,,3.0,584.89453125,,0
1782300099.412346,8460.339630,19.0,,3.0,584.89453125,,0
1782300099.512280,8460.439565,19.0,,2.0,584.89453125,,0
1782300099.612345,8460.539629,19.0,,3.0,584.89453125,,0
1782300099.712347,8460.639632,19.0,,3.0,584.89453125,,0
1782300099.812347,8460.739632,19.0,,3.0,584.89453125,,0
1782300099.912347,8460.839631,21.0,,3.0,584.89453125,,0
1782300100.012351,8460.939635,19.0,,3.0,584.89453125,,0
1782300100.112337,8461.039622,19.0,,3.0,584.89453125,,0
1782300100.212338,8461.139623,19.0,,3.0,584.89453125,,0
1782300100.312341,8461.239626,20.0,,3.0,584.89453125,,0
1782300100.412344,8461.339629,19.0,,3.0,584.89453125,,0
1782300100.512344,8461.439628,20.0,,3.0,584.89453125,,0
1782300100.612347,8461.539631,21.0,,3.0,584.89453125,,0
1782300100.712345,8461.639630,18.0,,3.0,584.89453125,,0
1782300100.812346,8461.739631,20.0,,3.0,584.89453125,,0
1782300100.912346,8461.839630,20.0,,2.0,584.89453125,,0
1782300101.012344,8461.939629,18.0,,3.0,584.89453125,,0
1782300101.112345,8462.039629,18.0,,3.0,584.89453125,,0
1782300101.212352,8462.139636,17.0,,3.0,584.89453125,,0
1782300101.312345,8462.239629,18.0,,3.0,584.89453125,,0
1782300101.412347,8462.339632,20.0,,3.0,584.89453125,,0
1782300101.512348,8462.439633,21.0,,1.0,584.89453125,,0
1782300101.612346,8462.539631,19.0,,3.0,584.89453125,,0
1782300101.712346,8462.639630,18.0,,3.0,584.89453125,,0
1782300101.812342,8462.739626,21.0,,3.0,584.89453125,,0
1782300101.912358,8462.839643,18.0,,3.0,584.89453125,,0
1782300102.012347,8462.939632,19.0,,4.0,584.89453125,,0
1782300102.112350,8463.039634,19.0,,2.0,584.89453125,,0
1782300102.212342,8463.139626,20.0,,3.0,584.89453125,,0
1782300102.312351,8463.239635,17.0,,3.0,584.89453125,,0
1782300102.412347,8463.339631,17.0,,3.0,584.89453125,,0
1782300102.512284,8463.439569,17.0,,3.0,584.89453125,,0
1782300102.612344,8463.539629,19.0,,3.0,584.89453125,,0
1782300102.712346,8463.639630,18.0,,3.0,584.89453125,,0
1782300102.812346,8463.739631,20.0,,3.0,584.89453125,,0
1782300102.912344,8463.839628,18.0,,3.0,584.89453125,,0
1782300103.012347,8463.939631,22.0,,1.0,584.89453125,,0
1782300103.112345,8464.039630,19.0,,3.0,584.89453125,,0
1782300103.212273,8464.139558,18.0,,3.0,584.89453125,,0
1782300103.312345,8464.239630,17.0,,3.0,584.89453125,,0
1782300103.412346,8464.339630,18.0,,3.0,584.89453125,,0
1782300103.512347,8464.439632,20.0,,3.0,584.89453125,,0
1782300103.612336,8464.539620,48.0,,34.0,584.89453125,,0
1782300103.712334,8464.639619,161.0,,99.0,584.89453125,,0
1782300103.812358,8464.739643,163.0,,99.0,584.89453125,,0
1782300103.912342,8464.839626,164.0,,99.0,584.89453125,,0
1782300104.012342,8464.939627,164.0,,99.0,584.89453125,,0
1782300104.112333,8465.039617,166.0,,99.0,584.89453125,,0
1782300104.212339,8465.139624,168.0,,99.0,584.89453125,,0
1782300104.312338,8465.239622,172.0,,99.0,584.89453125,,0
1782300104.412339,8465.339624,171.0,,99.0,584.89453125,,0
1782300104.512341,8465.439625,175.0,,99.0,584.89453125,,0
1782300104.612337,8465.539622,178.0,,99.0,584.89453125,,0
1782300104.712339,8465.639624,181.0,,99.0,584.89453125,,0
1782300104.812363,8465.739648,184.0,,99.0,584.89453125,,0
1782300104.912276,8465.839560,186.0,,99.0,584.89453125,,0
1782300105.012336,8465.939621,190.0,,99.0,584.89453125,,0
1782300105.112342,8466.039627,190.0,,99.0,584.89453125,,0
1782300105.212341,8466.139626,194.0,,99.0,584.89453125,,0
1782300105.312338,8466.239622,196.0,,99.0,584.89453125,,0
1782300105.412266,8466.339551,197.0,,99.0,584.89453125,,0
1782300105.512267,8466.439551,200.0,,99.0,584.89453125,,0
1782300105.612335,8466.539620,202.0,,99.0,584.89453125,,0
1782300105.712248,8466.639531,205.0,,99.0,584.89453125,,0
1782300105.812338,8466.739622,206.0,,99.0,584.89453125,,0
1782300105.912349,8466.839633,212.0,,99.0,584.89453125,,0
1782300106.012346,8466.939631,214.0,,98.0,584.89453125,,0
1782300106.112334,8467.039618,219.0,,98.0,584.89453125,,0
1782300106.212336,8467.139620,225.0,,99.0,584.89453125,,0
1782300106.312333,8467.239618,226.0,,99.0,584.89453125,,0
1782300106.412356,8467.339640,221.0,,99.0,584.89453125,,0
1782300106.512334,8467.439617,226.0,,99.0,584.89453125,,0
1782300106.612334,8467.539618,225.0,,99.0,584.89453125,,0
1782300106.712333,8467.639618,225.0,,99.0,584.89453125,,0
1782300106.812248,8467.739531,226.0,,99.0,584.89453125,,0
1782300106.912334,8467.839619,217.0,,99.0,584.89453125,,0
1782300107.012334,8467.939619,225.0,,99.0,584.89453125,,0
1782300107.112338,8468.039622,225.0,,99.0,584.89453125,,0
1782300107.212346,8468.139630,221.0,,99.0,584.89453125,,0
1782300107.312330,8468.239615,226.0,,99.0,584.89453125,,0
1782300107.412331,8468.339615,224.0,,99.0,584.89453125,,0
1782300107.512335,8468.439618,226.0,,99.0,584.89453125,,0
1782300107.612249,8468.539532,225.0,,99.0,584.89453125,,0
1782300107.712339,8468.639623,227.0,,99.0,584.89453125,,0
1782300107.812335,8468.739619,224.0,,99.0,584.89453125,,0
1782300107.912330,8468.839614,225.0,,99.0,584.89453125,,0
1782300108.012342,8468.939627,227.0,,99.0,584.89453125,,0
1782300108.112364,8469.039647,225.0,,99.0,584.89453125,,0
1782300108.212248,8469.139531,226.0,,99.0,584.89453125,,0
1782300108.312335,8469.239619,223.0,,99.0,584.89453125,,0
1782300108.412330,8469.339614,223.0,,99.0,584.89453125,,0
1782300108.512335,8469.439620,222.0,,99.0,584.89453125,,0
1782300108.612331,8469.539615,221.0,,99.0,584.89453125,,0
1782300108.712330,8469.639613,224.0,,99.0,584.89453125,,0
1782300108.812248,8469.739531,219.0,,99.0,584.89453125,,0
1782300108.912277,8469.839561,222.0,,99.0,584.89453125,,0
1782300109.012339,8469.939624,216.0,,99.0,584.89453125,,0
1782300109.112332,8470.039617,218.0,,99.0,584.89453125,,0
1782300109.212331,8470.139616,219.0,,99.0,584.89453125,,0
1782300109.312345,8470.239629,224.0,,99.0,584.89453125,,0
1782300109.412336,8470.339621,220.0,,99.0,584.89453125,,0
1782300109.512339,8470.439624,219.0,,99.0,584.89453125,,0
1782300109.612335,8470.539620,222.0,,99.0,584.89453125,,0
1782300109.712272,8470.639557,224.0,,99.0,584.89453125,,0
1782300109.812333,8470.739617,228.0,,99.0,584.89453125,,0
1782300109.912337,8470.839621,223.0,,99.0,584.89453125,,0
1782300110.012341,8470.939626,220.0,,99.0,584.89453125,,0
1782300110.112346,8471.039630,227.0,,99.0,584.89453125,,0
1782300110.212339,8471.139623,220.0,,99.0,584.89453125,,0
1782300110.312344,8471.239627,214.0,,99.0,584.89453125,,0
1782300110.412340,8471.339624,219.0,,99.0,584.89453125,,0
1782300110.512248,8471.439531,226.0,,99.0,584.89453125,,0
1782300110.612323,8471.539608,221.0,,99.0,584.89453125,,0
1782300110.712342,8471.639627,224.0,,99.0,584.89453125,,0
1782300110.812343,8471.739627,227.0,,99.0,584.89453125,,0
1782300110.912267,8471.839552,225.0,,99.0,584.89453125,,0
1782300111.012330,8471.939614,220.0,,99.0,584.89453125,,0
1782300111.112336,8472.039621,225.0,,99.0,584.89453125,,0
1782300111.212348,8472.139633,228.0,,99.0,584.89453125,,0
1782300111.312336,8472.239621,227.0,,99.0,584.89453125,,0
1782300111.412332,8472.339616,229.0,,99.0,584.89453125,,0
1782300111.512336,8472.439620,223.0,,99.0,584.89453125,,0
1782300111.612264,8472.539549,228.0,,99.0,584.89453125,,0
1782300111.712335,8472.639619,221.0,,99.0,584.89453125,,0
1782300111.812334,8472.739619,224.0,,99.0,584.89453125,,0
1782300111.912335,8472.839620,221.0,,99.0,584.89453125,,0
1782300112.012274,8472.939559,226.0,,99.0,584.89453125,,0
1782300112.112340,8473.039624,228.0,,99.0,584.89453125,,0
1782300112.212344,8473.139628,224.0,,99.0,584.89453125,,0
1782300112.312333,8473.239617,223.0,,99.0,584.89453125,,0
1782300112.412340,8473.339625,227.0,,99.0,584.89453125,,0
1782300112.512334,8473.439618,227.0,,99.0,584.89453125,,0
1782300112.612337,8473.539622,228.0,,99.0,584.89453125,,0
1782300112.712340,8473.639623,225.0,,99.0,584.89453125,,0
1782300112.812334,8473.739619,224.0,,99.0,584.89453125,,0
1782300112.912338,8473.839622,218.0,,99.0,584.89453125,,0
1782300113.012339,8473.939624,220.0,,99.0,584.89453125,,0
1782300113.112343,8474.039627,220.0,,99.0,584.89453125,,0
1782300113.212336,8474.139620,224.0,,99.0,584.89453125,,0
1782300113.312336,8474.239622,220.0,,99.0,584.89453125,,0
1782300113.412338,8474.339622,223.0,,99.0,584.89453125,,0
1782300113.512333,8474.439618,218.0,,99.0,584.89453125,,0
1782300113.612248,8474.539531,230.0,,98.0,584.89453125,,0
1782300113.712343,8474.639628,217.0,,99.0,584.89453125,,0
1782300113.812334,8474.739617,223.0,,99.0,584.89453125,,0
1782300113.912340,8474.839625,221.0,,99.0,584.89453125,,0
1782300114.012338,8474.939621,220.0,,99.0,584.89453125,,0
1782300114.112337,8475.039620,221.0,,99.0,584.89453125,,0
1782300114.212338,8475.139622,223.0,,99.0,584.89453125,,0
1782300114.312248,8475.239531,224.0,,99.0,584.89453125,,0
1782300114.412337,8475.339622,222.0,,99.0,584.89453125,,0
1782300114.512338,8475.439622,221.0,,99.0,584.89453125,,0
1782300114.612338,8475.539623,224.0,,99.0,584.89453125,,0
1782300114.712338,8475.639621,229.0,,99.0,584.89453125,,0
1782300114.812337,8475.739620,227.0,,99.0,584.89453125,,0
1782300114.912330,8475.839614,223.0,,99.0,584.89453125,,0
1782300115.012336,8475.939620,226.0,,99.0,584.89453125,,0
1782300115.112248,8476.039531,223.0,,99.0,584.89453125,,0
1782300115.212270,8476.139555,227.0,,98.0,584.89453125,,0
1782300115.312269,8476.239554,222.0,,98.0,584.89453125,,0
1782300115.412248,8476.339531,221.0,,99.0,584.89453125,,0
1782300115.512265,8476.439549,222.0,,99.0,584.89453125,,0
1782300115.612268,8476.539552,227.0,,99.0,584.89453125,,0
1782300115.712338,8476.639621,231.0,,98.0,584.89453125,,0
1782300115.812338,8476.739621,231.0,,98.0,584.89453125,,0
1782300115.912339,8476.839624,230.0,,98.0,584.89453125,,0
1782300116.012342,8476.939627,221.0,,98.0,584.89453125,,0
1782300116.112339,8477.039622,231.0,,99.0,584.89453125,,0
1782300116.212332,8477.139617,222.0,,99.0,584.89453125,,0
1782300116.312344,8477.239629,228.0,,99.0,584.89453125,,0
1782300116.412333,8477.339617,216.0,,98.0,584.89453125,,0
1782300116.512331,8477.439617,227.0,,99.0,584.89453125,,0
1782300116.612337,8477.539621,231.0,,99.0,584.89453125,,0
1782300116.712247,8477.639530,221.0,,99.0,584.89453125,,0
1782300116.812247,8477.739530,222.0,,99.0,584.89453125,,0
1782300116.912333,8477.839617,223.0,,99.0,584.89453125,,0
1782300117.012329,8477.939614,226.0,,99.0,584.89453125,,0
1782300117.112334,8478.039620,220.0,,99.0,584.89453125,,0
1782300117.212332,8478.139617,224.0,,99.0,584.89453125,,0
1782300117.312340,8478.239625,223.0,,99.0,584.89453125,,0
1782300117.412333,8478.339616,221.0,,99.0,584.89453125,,0
1782300117.512330,8478.439613,229.0,,99.0,584.89453125,,0
1782300117.612336,8478.539619,230.0,,99.0,584.89453125,,0
1782300117.712336,8478.639621,224.0,,99.0,584.89453125,,0
1782300117.812349,8478.739633,221.0,,99.0,584.89453125,,0
1782300117.912346,8478.839631,222.0,,99.0,584.89453125,,0
1782300118.012337,8478.939623,221.0,,99.0,584.89453125,,0
1782300118.112330,8479.039614,221.0,,99.0,584.89453125,,0
1782300118.212333,8479.139618,223.0,,99.0,584.89453125,,0
1782300118.312335,8479.239618,229.0,,99.0,584.89453125,,0
1782300118.412334,8479.339619,229.0,,99.0,584.89453125,,0
1782300118.512333,8479.439616,230.0,,99.0,584.89453125,,0
1782300118.612341,8479.539626,231.0,,99.0,584.89453125,,0
1782300118.712337,8479.639621,230.0,,99.0,584.89453125,,0
1782300118.812331,8479.739616,222.0,,99.0,584.89453125,,0
1782300118.912357,8479.839642,231.0,,99.0,584.89453125,,0
1782300119.012337,8479.939622,219.0,,99.0,584.89453125,,0
1782300119.112335,8480.039620,223.0,,99.0,584.89453125,,0
1782300119.212352,8480.139635,223.0,,99.0,584.89453125,,0
1782300119.312350,8480.239634,225.0,,99.0,584.89453125,,0
1782300119.412335,8480.339620,219.0,,99.0,584.89453125,,0
1782300119.512323,8480.439607,222.0,,99.0,584.89453125,,0
1782300119.612338,8480.539623,219.0,,99.0,584.89453125,,0
1782300119.712336,8480.639619,220.0,,99.0,584.89453125,,0
1782300119.812336,8480.739620,221.0,,99.0,584.89453125,,0
1782300119.912339,8480.839623,222.0,,99.0,584.89453125,,0
1782300120.012264,8480.939547,222.0,,99.0,584.89453125,,0
1782300120.112248,8481.039531,222.0,,99.0,584.89453125,,0
1782300120.212248,8481.139531,215.0,,99.0,584.89453125,,0
1782300120.312250,8481.239533,210.0,,99.0,584.89453125,,0
1782300120.412250,8481.339533,225.0,,99.0,584.89453125,,0
1782300120.512249,8481.439532,226.0,,99.0,584.89453125,,0
1782300120.612250,8481.539533,225.0,,99.0,584.89453125,,0
1782300120.712249,8481.639532,224.0,,99.0,584.89453125,,0
1782300120.812250,8481.739534,226.0,,99.0,584.89453125,,0
1782300120.912251,8481.839534,223.0,,99.0,584.89453125,,0
1782300121.012250,8481.939533,223.0,,99.0,584.89453125,,0
1782300121.112250,8482.039533,223.0,,99.0,584.89453125,,0
1782300121.212249,8482.139533,225.0,,99.0,584.89453125,,0
1782300121.312250,8482.239533,226.0,,99.0,584.89453125,,0
1782300121.412249,8482.339533,224.0,,99.0,584.89453125,,0
1782300121.512248,8482.439532,223.0,,99.0,584.89453125,,0
1782300121.612249,8482.539532,214.0,,99.0,584.89453125,,0
1782300121.712250,8482.639533,224.0,,99.0,584.89453125,,0
1782300121.812250,8482.739533,218.0,,99.0,584.89453125,,0
1782300121.912251,8482.839534,226.0,,99.0,584.89453125,,0
1782300122.012250,8482.939533,220.0,,99.0,584.89453125,,0
1782300122.112251,8483.039534,218.0,,99.0,584.89453125,,0
1782300122.212251,8483.139534,217.0,,99.0,584.89453125,,0
1782300122.312250,8483.239533,221.0,,99.0,584.89453125,,0
1782300122.412249,8483.339532,226.0,,99.0,584.89453125,,0
1782300122.512300,8483.439583,219.0,,99.0,584.89453125,,0
1782300122.612291,8483.539574,216.0,,99.0,584.89453125,,0
1782300122.712332,8483.639616,219.0,,99.0,584.89453125,,0
1782300122.812307,8483.739590,218.0,,99.0,584.89453125,,0
1782300122.912289,8483.839572,214.0,,99.0,584.89453125,,0
1782300123.012332,8483.939616,213.0,,99.0,584.89453125,,0
1782300123.112302,8484.039585,220.0,,99.0,584.89453125,,0
1782300123.212298,8484.139587,222.0,,99.0,584.89453125,,0
1782300123.312344,8484.239627,213.0,,99.0,584.89453125,,0
1782300123.412355,8484.339638,218.0,,99.0,584.89453125,,0
1782300123.512330,8484.439614,218.0,,99.0,584.89453125,,0
1782300123.612337,8484.539622,210.0,,99.0,584.89453125,,0
1782300123.712337,8484.639621,215.0,,99.0,584.89453125,,0
1782300123.812339,8484.739624,212.0,,99.0,584.89453125,,0
1782300123.912330,8484.839614,215.0,,99.0,584.89453125,,0
1782300124.012334,8484.939618,213.0,,99.0,584.89453125,,0
1782300124.112332,8485.039615,216.0,,99.0,584.89453125,,0
1782300124.212335,8485.139619,221.0,,99.0,584.89453125,,0
1782300124.312337,8485.239621,220.0,,99.0,584.89453125,,0
1782300124.412333,8485.339618,218.0,,99.0,584.89453125,,0
1782300124.512275,8485.439560,213.0,,99.0,584.89453125,,0
1782300124.612337,8485.539621,216.0,,99.0,584.89453125,,0
1782300124.712336,8485.639621,214.0,,99.0,584.89453125,,0
1782300124.812336,8485.739621,218.0,,99.0,584.89453125,,0
1782300124.912354,8485.839638,217.0,,99.0,584.89453125,,0
1782300125.012338,8485.939621,216.0,,99.0,584.89453125,,0
1782300125.112335,8486.039619,220.0,,99.0,584.89453125,,0
1782300125.212337,8486.139622,222.0,,99.0,584.89453125,,0
1782300125.312360,8486.239644,213.0,,99.0,584.89453125,,0
1782300125.412334,8486.339619,222.0,,99.0,584.89453125,,0
1782300125.512350,8486.439636,211.0,,99.0,584.89453125,,0
1782300125.612341,8486.539624,213.0,,99.0,584.89453125,,0
1782300125.712336,8486.639621,216.0,,99.0,584.89453125,,0
1782300125.812337,8486.739620,221.0,,99.0,584.89453125,,0
1782300125.912338,8486.839623,221.0,,99.0,584.89453125,,0
1782300126.012337,8486.939622,215.0,,99.0,584.89453125,,0
1782300126.112339,8487.039622,210.0,,99.0,584.89453125,,0
1782300126.212339,8487.139624,218.0,,99.0,584.89453125,,0
1782300126.312337,8487.239621,222.0,,99.0,584.89453125,,0
1782300126.412330,8487.339615,221.0,,99.0,584.89453125,,0
1782300126.512340,8487.439625,223.0,,99.0,584.89453125,,0
1782300126.612337,8487.539621,221.0,,99.0,584.89453125,,0
1782300126.712335,8487.639620,221.0,,99.0,584.89453125,,0
1782300126.812342,8487.739625,215.0,,99.0,584.89453125,,0
1782300126.912332,8487.839615,217.0,,99.0,584.89453125,,0
1782300127.012341,8487.939624,214.0,,99.0,584.89453125,,0
1782300127.112337,8488.039622,218.0,,99.0,584.89453125,,0
1782300127.212276,8488.139560,219.0,,99.0,584.89453125,,0
1782300127.312339,8488.239622,217.0,,99.0,584.89453125,,0
1782300127.412338,8488.339622,216.0,,99.0,584.89453125,,0
1782300127.512336,8488.439620,217.0,,99.0,584.89453125,,0
1782300127.612341,8488.539626,223.0,,99.0,584.89453125,,0
1782300127.712334,8488.639618,213.0,,99.0,584.89453125,,0
1782300127.812338,8488.739621,216.0,,99.0,584.89453125,,0
1782300127.912335,8488.839620,215.0,,99.0,584.89453125,,0
1782300128.012334,8488.939619,215.0,,99.0,584.89453125,,0
1782300128.112335,8489.039621,219.0,,99.0,584.89453125,,0
1782300128.212337,8489.139621,218.0,,99.0,584.89453125,,0
1782300128.312336,8489.239620,219.0,,99.0,584.89453125,,0
1782300128.412338,8489.339621,218.0,,99.0,584.89453125,,0
1782300128.512333,8489.439617,214.0,,99.0,584.89453125,,0
1782300128.612332,8489.539616,224.0,,99.0,584.89453125,,0
1782300128.712337,8489.639622,223.0,,99.0,584.89453125,,0
1782300128.812334,8489.739619,213.0,,99.0,584.89453125,,0
1782300128.912334,8489.839617,224.0,,99.0,584.89453125,,0
1782300129.012337,8489.939622,230.0,,99.0,584.89453125,,0
1782300129.112339,8490.039624,230.0,,99.0,584.89453125,,0
1782300129.212337,8490.139621,230.0,,99.0,584.89453125,,0
1782300129.312338,8490.239622,230.0,,99.0,584.89453125,,0
1782300129.412346,8490.339630,230.0,,99.0,584.89453125,,0
1782300129.512337,8490.439621,231.0,,99.0,584.89453125,,0
1782300129.612340,8490.539624,231.0,,99.0,584.89453125,,0
1782300129.712276,8490.639561,230.0,,99.0,584.89453125,,0
1782300129.812335,8490.739620,231.0,,99.0,584.89453125,,0
1782300129.912338,8490.839623,228.0,,99.0,584.89453125,,0
1782300130.012337,8490.939622,229.0,,99.0,584.89453125,,0
1782300130.112331,8491.039615,230.0,,99.0,584.89453125,,0
1782300130.212337,8491.139620,229.0,,99.0,584.89453125,,0
1782300130.312336,8491.239619,224.0,,99.0,584.89453125,,0
1782300130.412330,8491.339614,230.0,,99.0,584.89453125,,0
1782300130.512334,8491.439617,231.0,,99.0,584.89453125,,0
1782300130.612344,8491.539627,230.0,,99.0,584.89453125,,0
1782300130.712336,8491.639620,230.0,,99.0,584.89453125,,0
1782300130.812337,8491.739620,230.0,,99.0,584.89453125,,0
1782300130.912338,8491.839623,231.0,,99.0,584.89453125,,0
1782300131.012338,8491.939622,231.0,,99.0,584.89453125,,0
1782300131.112340,8492.039624,231.0,,99.0,584.89453125,,0
1782300131.212277,8492.139562,230.0,,99.0,584.89453125,,0
1782300131.312336,8492.239621,221.0,,99.0,584.89453125,,0
1782300131.412334,8492.339619,231.0,,99.0,584.89453125,,0
1782300131.512334,8492.439618,227.0,,99.0,584.89453125,,0
1782300131.612339,8492.539623,231.0,,99.0,584.89453125,,0
1782300131.712334,8492.639617,230.0,,99.0,584.89453125,,0
1782300131.812335,8492.739620,224.0,,98.0,584.89453125,,0
1782300131.912338,8492.839621,230.0,,99.0,584.89453125,,0
1782300132.012247,8492.939530,231.0,,99.0,584.89453125,,0
1782300132.112336,8493.039621,233.0,,98.0,584.89453125,,0
1782300132.212252,8493.139535,231.0,,99.0,584.89453125,,0
1782300132.312250,8493.239533,230.0,,99.0,584.89453125,,0
1782300132.412250,8493.339533,231.0,,99.0,584.89453125,,0
1782300132.512249,8493.439532,231.0,,99.0,584.89453125,,0
1782300132.612249,8493.539532,231.0,,99.0,584.89453125,,0
1782300132.712249,8493.639532,231.0,,99.0,584.89453125,,0
1782300132.812250,8493.739533,231.0,,99.0,584.89453125,,0
1782300132.912250,8493.839533,227.0,,99.0,584.89453125,,0
1782300133.012251,8493.939534,231.0,,99.0,584.89453125,,0
1782300133.112250,8494.039533,231.0,,99.0,584.89453125,,0
1782300133.212249,8494.139533,228.0,,99.0,584.89453125,,0
1782300133.312251,8494.239534,226.0,,99.0,584.89453125,,0
1782300133.412250,8494.339533,225.0,,99.0,584.89453125,,0
1782300133.512250,8494.439533,227.0,,99.0,584.89453125,,0
1782300133.612251,8494.539534,226.0,,99.0,584.89453125,,0
1782300133.712249,8494.639533,229.0,,99.0,584.89453125,,0
1782300133.812250,8494.739533,227.0,,99.0,584.89453125,,0
1782300133.912251,8494.839534,224.0,,99.0,584.89453125,,0
1782300134.012250,8494.939533,231.0,,99.0,584.89453125,,0
1782300134.112251,8495.039534,231.0,,99.0,584.89453125,,0
1782300134.212251,8495.139534,228.0,,99.0,584.89453125,,0
1782300134.312247,8495.239530,231.0,,99.0,584.89453125,,0
1782300134.412251,8495.339534,231.0,,99.0,584.89453125,,0
1782300134.512246,8495.439529,231.0,,99.0,584.89453125,,0
1782300134.612250,8495.539533,231.0,,99.0,584.89453125,,0
1782300134.712251,8495.639534,231.0,,99.0,584.89453125,,0
1782300134.812250,8495.739533,229.0,,99.0,584.89453125,,0
1782300134.912249,8495.839532,231.0,,99.0,584.89453125,,0
1782300135.012251,8495.939534,229.0,,99.0,584.89453125,,0
1782300135.112249,8496.039532,227.0,,99.0,584.89453125,,0
1782300135.212250,8496.139534,231.0,,99.0,584.89453125,,0
1782300135.312248,8496.239532,232.0,,99.0,584.89453125,,0
1782300135.412250,8496.339533,231.0,,99.0,584.89453125,,0
1782300135.512251,8496.439534,223.0,,99.0,584.89453125,,0
1782300135.612251,8496.539534,223.0,,99.0,584.89453125,,0
1782300135.712248,8496.639531,215.0,,99.0,584.89453125,,0
1782300135.812248,8496.739532,220.0,,99.0,584.89453125,,0
1782300135.912249,8496.839532,220.0,,99.0,584.89453125,,0
1782300136.012246,8496.939529,221.0,,99.0,584.89453125,,0
1782300136.112249,8497.039532,222.0,,99.0,584.89453125,,0
1782300136.212246,8497.139529,217.0,,99.0,584.89453125,,0
1782300136.312248,8497.239531,219.0,,99.0,584.89453125,,0
1782300136.412250,8497.339533,223.0,,99.0,584.89453125,,0
1782300136.512247,8497.439530,221.0,,99.0,584.89453125,,0
1782300136.612249,8497.539532,220.0,,99.0,584.89453125,,0
1782300136.712251,8497.639534,222.0,,99.0,584.89453125,,0
1782300136.812250,8497.739534,221.0,,99.0,584.89453125,,0
1782300136.912251,8497.839534,216.0,,99.0,584.89453125,,0
1782300137.012249,8497.939532,220.0,,99.0,584.89453125,,0
1782300137.112249,8498.039532,221.0,,99.0,584.89453125,,0
1782300137.212249,8498.139532,222.0,,99.0,584.89453125,,0
1782300137.312251,8498.239534,218.0,,99.0,584.89453125,,0
1782300137.412250,8498.339533,221.0,,99.0,584.89453125,,0
1782300137.512251,8498.439534,220.0,,99.0,584.89453125,,0
1782300137.612249,8498.539532,216.0,,99.0,584.89453125,,0
1782300137.712248,8498.639531,222.0,,99.0,584.89453125,,0
1782300137.812250,8498.739533,220.0,,99.0,584.89453125,,0
1782300137.912249,8498.839532,221.0,,99.0,584.89453125,,0
1782300138.012276,8498.939560,222.0,,99.0,584.89453125,,0
1782300138.112276,8499.039560,219.0,,99.0,584.89453125,,0
1782300138.212273,8499.139558,218.0,,99.0,584.89453125,,0
1782300138.312262,8499.239545,222.0,,99.0,584.89453125,,0
1782300138.412259,8499.339543,222.0,,99.0,584.89453125,,0
1782300138.512258,8499.439542,219.0,,99.0,584.89453125,,0
1782300138.612365,8499.539650,162.0,,69.0,584.89453125,,0
1782300138.712348,8499.639633,38.0,,3.0,584.89453125,,0
1782300138.812343,8499.739628,18.0,,3.0,584.89453125,,0
1782300138.912342,8499.839626,19.0,,3.0,584.89453125,,0
1782300139.012342,8499.939626,22.0,,3.0,584.89453125,,0
1782300139.112342,8500.039627,21.0,,2.0,584.89453125,,0
1782300139.212274,8500.139558,20.0,,3.0,584.89453125,,0
1782300139.312341,8500.239626,20.0,,2.0,584.89453125,,0
1782300139.412349,8500.339633,19.0,,4.0,584.89453125,,0
1782300139.512342,8500.439626,19.0,,3.0,584.89453125,,0
1782300139.612344,8500.539629,19.0,,2.0,584.89453125,,0
1782300139.712343,8500.639628,19.0,,3.0,584.89453125,,0
1782300139.812340,8500.739625,19.0,,3.0,584.89453125,,0
1782300139.912340,8500.839625,19.0,,3.0,584.89453125,,0
1782300140.012342,8500.939627,19.0,,3.0,584.89453125,,0
1782300140.112341,8501.039626,18.0,,3.0,584.89453125,,0
1782300140.212342,8501.139626,18.0,,3.0,584.89453125,,0
1782300140.312343,8501.239627,21.0,,1.0,584.89453125,,0
1782300140.412344,8501.339628,17.0,,3.0,584.89453125,,0
1782300140.512341,8501.439626,21.0,,2.0,584.89453125,,0
1782300140.612341,8501.539626,19.0,,2.0,584.89453125,,0
1782300140.712342,8501.639627,19.0,,2.0,584.89453125,,0
1782300140.812339,8501.739624,19.0,,2.0,584.89453125,,0
1782300140.912343,8501.839627,21.0,,3.0,584.89453125,,0
1782300141.012345,8501.939630,18.0,,3.0,584.89453125,,0
1782300141.112342,8502.039627,19.0,,3.0,584.89453125,,0
1782300141.212341,8502.139626,19.0,,4.0,584.89453125,,0
1782300141.312345,8502.239630,18.0,,2.0,584.89453125,,0
1782300141.412344,8502.339628,18.0,,3.0,584.89453125,,0
1782300141.512339,8502.439624,18.0,,3.0,584.89453125,,0
1782300141.612341,8502.539626,19.0,,3.0,584.89453125,,0
1782300141.712343,8502.639628,18.0,,3.0,584.89453125,,0
1782300141.812344,8502.739629,17.0,,3.0,584.89453125,,0
1782300141.912343,8502.839627,18.0,,3.0,584.89453125,,0
1782300142.012345,8502.939629,18.0,,3.0,584.89453125,,0
1782300142.112346,8503.039631,20.0,,3.0,584.89453125,,0
1782300142.212341,8503.139626,20.0,,3.0,584.89453125,,0
1782300142.312342,8503.239627,20.0,,3.0,584.89453125,,0
1782300142.412340,8503.339624,19.0,,3.0,584.89453125,,0
1782300142.512345,8503.439630,19.0,,3.0,584.89453125,,0
1782300142.612341,8503.539626,18.0,,3.0,584.89453125,,0
1782300142.712348,8503.639632,19.0,,3.0,584.89453125,,0
1782300142.812341,8503.739626,18.0,,3.0,584.89453125,,0
1782300142.912342,8503.839626,17.0,,3.0,584.89453125,,0
1782300143.012341,8503.939625,16.0,,3.0,584.89453125,,0
1782300143.112349,8504.039634,18.0,,3.0,584.89453125,,0
1782300143.212275,8504.139559,18.0,,2.0,584.89453125,,0
1782300143.312343,8504.239628,19.0,,3.0,584.89453125,,0
1782300143.412343,8504.339627,18.0,,3.0,584.89453125,,0
1782300143.512341,8504.439626,19.0,,3.0,584.89453125,,0
1782300143.612326,8504.539610,48.0,,33.0,584.89453125,,0
1782300143.712340,8504.639623,160.0,,99.0,584.89453125,,0
1782300143.812333,8504.739616,164.0,,99.0,584.89453125,,0
1782300143.912340,8504.839625,165.0,,99.0,584.89453125,,0
1782300144.012334,8504.939617,164.0,,99.0,584.89453125,,0
1782300144.112335,8505.039620,168.0,,99.0,584.89453125,,0
1782300144.212337,8505.139622,170.0,,99.0,584.89453125,,0
1782300144.312336,8505.239621,171.0,,99.0,584.89453125,,0
1782300144.412330,8505.339615,172.0,,99.0,584.89453125,,0
1782300144.512332,8505.439616,176.0,,99.0,584.89453125,,0
1782300144.612341,8505.539625,178.0,,99.0,584.89453125,,0
1782300144.712469,8505.639752,181.0,,99.0,584.89453125,,0
1782300144.812332,8505.739617,184.0,,99.0,584.89453125,,0
1782300144.912333,8505.839617,186.0,,99.0,584.89453125,,0
1782300145.012342,8505.939627,189.0,,99.0,584.89453125,,0
1782300145.112336,8506.039620,189.0,,99.0,584.89453125,,0
1782300145.212348,8506.139632,192.0,,99.0,584.89453125,,0
1782300145.312346,8506.239629,194.0,,99.0,584.89453125,,0
1782300145.412331,8506.339616,198.0,,99.0,584.89453125,,0
1782300145.512360,8506.439644,200.0,,99.0,584.89453125,,0
1782300145.612337,8506.539621,203.0,,99.0,584.89453125,,0
1782300145.712331,8506.639614,203.0,,99.0,584.89453125,,0
1782300145.812330,8506.739613,208.0,,99.0,584.89453125,,0
1782300145.912335,8506.839620,213.0,,99.0,584.89453125,,0
1782300146.012249,8506.939532,208.0,,99.0,584.89453125,,0
1782300146.112274,8507.039558,212.0,,99.0,584.89453125,,0
1782300146.212274,8507.139559,220.0,,99.0,584.89453125,,0
1782300146.312274,8507.239558,222.0,,99.0,584.89453125,,0
1782300146.412274,8507.339558,223.0,,99.0,584.89453125,,0
1782300146.512263,8507.439546,221.0,,99.0,584.89453125,,0
1782300146.612261,8507.539545,223.0,,99.0,584.89453125,,0
1782300146.712275,8507.639559,224.0,,99.0,584.89453125,,0
1782300146.812248,8507.739531,207.0,,99.0,584.89453125,,0
1782300146.912250,8507.839533,225.0,,99.0,584.89453125,,0
1782300147.012250,8507.939533,223.0,,98.0,584.89453125,,0
1782300147.112250,8508.039533,225.0,,98.0,584.89453125,,0
1782300147.212247,8508.139530,227.0,,99.0,584.89453125,,0
1782300147.312251,8508.239534,229.0,,99.0,584.89453125,,0
1782300147.412250,8508.339533,224.0,,99.0,584.89453125,,0
1782300147.512249,8508.439532,228.0,,98.0,584.89453125,,0
1782300147.612251,8508.539534,226.0,,99.0,584.89453125,,0
1782300147.712250,8508.639533,228.0,,98.0,584.89453125,,0
1782300147.812249,8508.739533,227.0,,98.0,584.89453125,,0
1782300147.912250,8508.839533,228.0,,99.0,584.89453125,,0
1782300148.012249,8508.939532,227.0,,99.0,584.89453125,,0
1782300148.112329,8509.039612,227.0,,99.0,584.89453125,,0
1782300148.212287,8509.139570,229.0,,98.0,584.89453125,,0
1782300148.312323,8509.239607,226.0,,99.0,584.89453125,,0
1782300148.412292,8509.339575,228.0,,99.0,584.89453125,,0
1782300148.512288,8509.439571,226.0,,98.0,584.89453125,,0
1782300148.612307,8509.539591,227.0,,98.0,584.89453125,,0
1782300148.712286,8509.639569,229.0,,99.0,584.89453125,,0
1782300148.812333,8509.739616,231.0,,99.0,584.89453125,,0
1782300148.912246,8509.839530,228.0,,98.0,584.89453125,,0
1782300149.012250,8509.939533,226.0,,99.0,584.89453125,,0
1782300149.112346,8510.039629,225.0,,98.0,584.89453125,,0
1782300149.212341,8510.139625,227.0,,99.0,584.89453125,,0
1782300149.312333,8510.239617,226.0,,98.0,584.89453125,,0
1782300149.412340,8510.339626,227.0,,98.0,584.89453125,,0
1782300149.512348,8510.439631,225.0,,98.0,584.89453125,,0
1782300149.612344,8510.539627,227.0,,98.0,584.89453125,,0
1782300149.712341,8510.639625,225.0,,99.0,584.89453125,,0
1782300149.812334,8510.739618,224.0,,99.0,584.89453125,,0
1782300149.912340,8510.839624,226.0,,98.0,584.89453125,,0
1782300150.012337,8510.939622,227.0,,99.0,584.89453125,,0
1782300150.112336,8511.039621,227.0,,99.0,584.89453125,,0
1782300150.212333,8511.139618,225.0,,99.0,584.89453125,,0
1782300150.312332,8511.239616,221.0,,99.0,584.89453125,,0
1782300150.412335,8511.339618,224.0,,99.0,584.89453125,,0
1782300150.512337,8511.439620,226.0,,99.0,584.89453125,,0
1782300150.612335,8511.539619,228.0,,99.0,584.89453125,,0
1782300150.712342,8511.639626,228.0,,99.0,584.89453125,,0
1782300150.812332,8511.739617,227.0,,99.0,584.89453125,,0
1782300150.912341,8511.839625,219.0,,99.0,584.89453125,,0
1782300151.012337,8511.939622,227.0,,99.0,584.89453125,,0
1782300151.112338,8512.039623,217.0,,99.0,584.89453125,,0
1782300151.212349,8512.139634,228.0,,99.0,584.89453125,,0
1782300151.312341,8512.239625,228.0,,99.0,584.89453125,,0
1782300151.412347,8512.339631,223.0,,99.0,584.89453125,,0
1782300151.512342,8512.439627,222.0,,99.0,584.89453125,,0
1782300151.612341,8512.539626,218.0,,99.0,584.89453125,,0
1782300151.712336,8512.639620,227.0,,99.0,584.89453125,,0
1782300151.812340,8512.739625,227.0,,99.0,584.89453125,,0
1782300151.912336,8512.839619,228.0,,99.0,584.89453125,,0
1782300152.012249,8512.939532,228.0,,99.0,584.89453125,,0
1782300152.112247,8513.039531,228.0,,99.0,584.89453125,,0
1782300152.212249,8513.139532,229.0,,99.0,584.89453125,,0
1782300152.312249,8513.239532,226.0,,99.0,584.89453125,,0
1782300152.412248,8513.339532,220.0,,99.0,584.89453125,,0
1782300152.512249,8513.439532,215.0,,99.0,584.89453125,,0
1782300152.612251,8513.539534,222.0,,99.0,584.89453125,,0
1782300152.712250,8513.639534,223.0,,99.0,584.89453125,,0
1782300152.812250,8513.739533,219.0,,99.0,584.89453125,,0
1782300152.912250,8513.839533,223.0,,99.0,584.89453125,,0
1782300153.012249,8513.939533,222.0,,99.0,584.89453125,,0
1782300153.112250,8514.039533,221.0,,99.0,584.89453125,,0
1782300153.212250,8514.139533,221.0,,99.0,584.89453125,,0
1782300153.312251,8514.239534,218.0,,99.0,584.89453125,,0
1782300153.412251,8514.339534,223.0,,99.0,584.89453125,,0
1782300153.512249,8514.439533,218.0,,99.0,584.89453125,,0
1782300153.612250,8514.539533,223.0,,99.0,584.89453125,,0
1782300153.712250,8514.639533,227.0,,99.0,584.89453125,,0
1782300153.812251,8514.739534,222.0,,99.0,584.89453125,,0
1782300153.912250,8514.839533,220.0,,99.0,584.89453125,,0
1782300154.012249,8514.939532,220.0,,99.0,584.89453125,,0
1782300154.112249,8515.039532,221.0,,99.0,584.89453125,,0
1782300154.212251,8515.139534,225.0,,99.0,584.89453125,,0
1782300154.312249,8515.239532,220.0,,99.0,584.89453125,,0
1782300154.412250,8515.339533,223.0,,99.0,584.89453125,,0
1782300154.512248,8515.439531,217.0,,99.0,584.89453125,,0
1782300154.612249,8515.539533,224.0,,99.0,584.89453125,,0
1782300154.712251,8515.639534,220.0,,99.0,584.89453125,,0
1782300154.812250,8515.739533,224.0,,99.0,584.89453125,,0
1782300154.912251,8515.839534,224.0,,99.0,584.89453125,,0
1782300155.012250,8515.939533,222.0,,99.0,584.89453125,,0
1782300155.112250,8516.039533,221.0,,99.0,584.89453125,,0
1782300155.212249,8516.139532,218.0,,99.0,584.89453125,,0
1782300155.312251,8516.239534,225.0,,99.0,584.89453125,,0
1782300155.412249,8516.339533,216.0,,99.0,584.89453125,,0
1782300155.512250,8516.439533,223.0,,99.0,584.89453125,,0
1782300155.612251,8516.539534,226.0,,99.0,584.89453125,,0
1782300155.712249,8516.639532,226.0,,99.0,584.89453125,,0
1782300155.812251,8516.739534,229.0,,99.0,584.89453125,,0
1782300155.912253,8516.839537,224.0,,99.0,584.89453125,,0
1782300156.012250,8516.939533,229.0,,99.0,584.89453125,,0
1782300156.112250,8517.039533,221.0,,99.0,584.89453125,,0
1782300156.212251,8517.139534,222.0,,99.0,584.89453125,,0
1782300156.312248,8517.239531,227.0,,99.0,584.89453125,,0
1782300156.412246,8517.339530,228.0,,99.0,584.89453125,,0
1782300156.512249,8517.439533,223.0,,99.0,584.89453125,,0
1782300156.612251,8517.539534,228.0,,99.0,584.89453125,,0
1782300156.712250,8517.639533,228.0,,99.0,584.89453125,,0
1782300156.812250,8517.739534,229.0,,99.0,584.89453125,,0
1782300156.912246,8517.839529,228.0,,99.0,584.89453125,,0
1782300157.012249,8517.939533,224.0,,99.0,584.89453125,,0
1782300157.112250,8518.039534,225.0,,99.0,584.89453125,,0
1782300157.212251,8518.139534,230.0,,99.0,584.89453125,,0
1782300157.312247,8518.239530,227.0,,99.0,584.89453125,,0
1782300157.412250,8518.339534,221.0,,99.0,584.89453125,,0
1782300157.512250,8518.439533,229.0,,99.0,584.89453125,,0
1782300157.612249,8518.539532,231.0,,99.0,584.89453125,,0
1782300157.712250,8518.639533,230.0,,99.0,584.89453125,,0
1782300157.812248,8518.739532,227.0,,99.0,584.89453125,,0
1782300157.912249,8518.839532,222.0,,99.0,584.89453125,,0
1782300158.012250,8518.939533,231.0,,99.0,584.89453125,,0
1782300158.112249,8519.039532,228.0,,99.0,584.89453125,,0
1782300158.212246,8519.139529,227.0,,99.0,584.89453125,,0
1782300158.312250,8519.239533,229.0,,99.0,584.89453125,,0
1782300158.412249,8519.339533,231.0,,99.0,584.89453125,,0
1782300158.512249,8519.439532,230.0,,99.0,584.89453125,,0
1782300158.612250,8519.539533,229.0,,99.0,584.89453125,,0
1782300158.712249,8519.639533,227.0,,99.0,584.89453125,,0
1782300158.812250,8519.739533,229.0,,99.0,584.89453125,,0
1782300158.912249,8519.839532,229.0,,99.0,584.89453125,,0
1782300159.012249,8519.939533,227.0,,99.0,584.89453125,,0
1782300159.112249,8520.039532,226.0,,99.0,584.89453125,,0
1782300159.212250,8520.139533,226.0,,99.0,584.89453125,,0
1782300159.312249,8520.239532,226.0,,99.0,584.89453125,,0
1782300159.412250,8520.339533,223.0,,99.0,584.89453125,,0
1782300159.512250,8520.439533,223.0,,99.0,584.89453125,,0
1782300159.612249,8520.539533,225.0,,99.0,584.89453125,,0
1782300159.712248,8520.639531,221.0,,99.0,584.89453125,,0
1782300159.812249,8520.739532,227.0,,99.0,584.89453125,,0
1782300159.912251,8520.839534,226.0,,99.0,584.89453125,,0
1782300160.012250,8520.939534,224.0,,99.0,584.89453125,,0
1782300160.112262,8521.039546,224.0,,99.0,584.89453125,,0
1782300160.212260,8521.139543,224.0,,99.0,584.89453125,,0
1782300160.312258,8521.239542,223.0,,99.0,584.89453125,,0
1782300160.412259,8521.339543,222.0,,99.0,584.89453125,,0
1782300160.512258,8521.439542,225.0,,99.0,584.89453125,,0
1782300160.612258,8521.539541,221.0,,99.0,584.89453125,,0
1782300160.712256,8521.639540,226.0,,99.0,584.89453125,,0
1782300160.812258,8521.739542,223.0,,99.0,584.89453125,,0
1782300160.912257,8521.839540,221.0,,99.0,584.89453125,,0
1782300161.012257,8521.939540,218.0,,99.0,584.89453125,,0
1782300161.112259,8522.039542,223.0,,99.0,584.89453125,,0
1782300161.212256,8522.139540,223.0,,99.0,584.89453125,,0
1782300161.312257,8522.239540,221.0,,99.0,584.89453125,,0
1782300161.412256,8522.339540,224.0,,99.0,584.89453125,,0
1782300161.512258,8522.439542,221.0,,99.0,584.89453125,,0
1782300161.612257,8522.539541,222.0,,99.0,584.89453125,,0
1782300161.712258,8522.639542,223.0,,99.0,584.89453125,,0
1782300161.812256,8522.739539,225.0,,99.0,584.89453125,,0
1782300161.912256,8522.839539,225.0,,99.0,584.89453125,,0
1782300162.012257,8522.939540,222.0,,99.0,584.89453125,,0
1782300162.112275,8523.039559,226.0,,99.0,584.89453125,,0
1782300162.212273,8523.139557,223.0,,99.0,584.89453125,,0
1782300162.312262,8523.239545,224.0,,99.0,584.89453125,,0
1782300162.412259,8523.339543,220.0,,99.0,584.89453125,,0
1782300162.512260,8523.439544,222.0,,99.0,584.89453125,,0
1782300162.612259,8523.539542,226.0,,99.0,584.89453125,,0
1782300162.712259,8523.639543,223.0,,99.0,584.89453125,,0
1782300162.812274,8523.739558,229.0,,99.0,584.89453125,,0
1782300162.912260,8523.839544,223.0,,99.0,584.89453125,,0
1782300163.012260,8523.939544,226.0,,99.0,584.89453125,,0
1782300163.112259,8524.039543,222.0,,99.0,584.89453125,,0
1782300163.212269,8524.139553,225.0,,99.0,584.89453125,,0
1782300163.312261,8524.239545,222.0,,99.0,584.89453125,,0
1782300163.412259,8524.339542,223.0,,99.0,584.89453125,,0
1782300163.512258,8524.439541,222.0,,99.0,584.89453125,,0
1782300163.612258,8524.539541,220.0,,99.0,584.89453125,,0
1782300163.712257,8524.639541,224.0,,99.0,584.89453125,,0
1782300163.812258,8524.739541,224.0,,99.0,584.89453125,,0
1782300163.912257,8524.839541,231.0,,99.0,584.89453125,,0
1782300164.012276,8524.939560,231.0,,99.0,584.89453125,,0
1782300164.112274,8525.039558,227.0,,99.0,584.89453125,,0
1782300164.212260,8525.139544,228.0,,99.0,584.89453125,,0
1782300164.312276,8525.239560,219.0,,99.0,584.89453125,,0
1782300164.412276,8525.339560,230.0,,99.0,584.89453125,,0
1782300164.512250,8525.439533,227.0,,99.0,584.89453125,,0
1782300164.612250,8525.539533,232.0,,98.0,584.89453125,,0
1782300164.712250,8525.639533,224.0,,99.0,584.89453125,,0
1782300164.812251,8525.739534,231.0,,99.0,584.89453125,,0
1782300164.912251,8525.839534,227.0,,99.0,584.89453125,,0
1782300165.012250,8525.939533,225.0,,99.0,584.89453125,,0
1782300165.112250,8526.039533,222.0,,99.0,584.89453125,,0
1782300165.212250,8526.139533,222.0,,99.0,584.89453125,,0
1782300165.312250,8526.239533,218.0,,99.0,584.89453125,,0
1782300165.412251,8526.339534,222.0,,99.0,584.89453125,,0
1782300165.512247,8526.439530,228.0,,99.0,584.89453125,,0
1782300165.612251,8526.539534,229.0,,99.0,584.89453125,,0
1782300165.712251,8526.639534,231.0,,99.0,584.89453125,,0
1782300165.812249,8526.739532,220.0,,99.0,584.89453125,,0
1782300165.912249,8526.839532,223.0,,99.0,584.89453125,,0
1782300166.012248,8526.939531,229.0,,99.0,584.89453125,,0
1782300166.112251,8527.039534,226.0,,99.0,584.89453125,,0
1782300166.212248,8527.139532,231.0,,99.0,584.89453125,,0
1782300166.312249,8527.239532,227.0,,99.0,584.89453125,,0
1782300166.412249,8527.339532,228.0,,99.0,584.89453125,,0
1782300166.512251,8527.439534,227.0,,99.0,584.89453125,,0
1782300166.612249,8527.539532,225.0,,99.0,584.89453125,,0
1782300166.712250,8527.639533,230.0,,99.0,584.89453125,,0
1782300166.812249,8527.739532,224.0,,99.0,584.89453125,,0
1782300166.912248,8527.839531,226.0,,99.0,584.89453125,,0
1782300167.012250,8527.939533,226.0,,99.0,584.89453125,,0
1782300167.112249,8528.039532,224.0,,99.0,584.89453125,,0
1782300167.212248,8528.139531,228.0,,99.0,584.89453125,,0
1782300167.312250,8528.239533,225.0,,99.0,584.89453125,,0
1782300167.412251,8528.339534,230.0,,99.0,584.89453125,,0
1782300167.512248,8528.439531,231.0,,99.0,584.89453125,,0
1782300167.612249,8528.539533,226.0,,99.0,584.89453125,,0
1782300167.712249,8528.639533,231.0,,99.0,584.89453125,,0
1782300167.812251,8528.739534,230.0,,99.0,584.89453125,,0
1782300167.912250,8528.839533,230.0,,99.0,584.89453125,,0
1782300168.012247,8528.939530,227.0,,99.0,584.89453125,,0
1782300168.112251,8529.039534,223.0,,99.0,584.89453125,,0
1782300168.212337,8529.139621,224.0,,99.0,584.89453125,,0
1782300168.312343,8529.239626,230.0,,99.0,584.89453125,,0
1782300168.412338,8529.339623,229.0,,99.0,584.89453125,,0
1782300168.512330,8529.439614,229.0,,99.0,584.89453125,,0
1782300168.612331,8529.539614,229.0,,99.0,584.89453125,,0
1782300168.712335,8529.639620,224.0,,99.0,584.89453125,,0
1782300168.812336,8529.739621,227.0,,99.0,584.89453125,,0
1782300168.912336,8529.839621,228.0,,99.0,584.89453125,,0
1782300169.012333,8529.939618,231.0,,99.0,584.89453125,,0
1782300169.112339,8530.039623,231.0,,99.0,584.89453125,,0
1782300169.212335,8530.139620,230.0,,99.0,584.89453125,,0
1782300169.312346,8530.239630,230.0,,99.0,584.89453125,,0
1782300169.412337,8530.339622,217.0,,99.0,584.89453125,,0
1782300169.512334,8530.439618,230.0,,99.0,584.89453125,,0
1782300169.612332,8530.539615,224.0,,99.0,584.89453125,,0
1782300169.712334,8530.639618,229.0,,99.0,584.89453125,,0
1782300169.812332,8530.739615,229.0,,99.0,584.89453125,,0
1782300169.912334,8530.839617,224.0,,99.0,584.89453125,,0
1782300170.012337,8530.939621,228.0,,99.0,584.89453125,,0
1782300170.112333,8531.039618,225.0,,99.0,584.89453125,,0
1782300170.212335,8531.139618,224.0,,99.0,584.89453125,,0
1782300170.312332,8531.239615,218.0,,99.0,584.89453125,,0
1782300170.412338,8531.339621,230.0,,99.0,584.89453125,,0
1782300170.512335,8531.439619,230.0,,99.0,584.89453125,,0
1782300170.612329,8531.539614,226.0,,99.0,584.89453125,,0
1782300170.712330,8531.639614,226.0,,99.0,584.89453125,,0
1782300170.812344,8531.739628,231.0,,99.0,584.89453125,,0
1782300170.912334,8531.839618,231.0,,99.0,584.89453125,,0
1782300171.012351,8531.939634,227.0,,99.0,584.89453125,,0
1782300171.112334,8532.039618,228.0,,99.0,584.89453125,,0
1782300171.212348,8532.139632,226.0,,99.0,584.89453125,,0
1782300171.312342,8532.239626,227.0,,99.0,584.89453125,,0
1782300171.412359,8532.339643,230.0,,99.0,584.89453125,,0
1782300171.512337,8532.439622,230.0,,99.0,584.89453125,,0
1782300171.612329,8532.539615,230.0,,99.0,584.89453125,,0
1782300171.712329,8532.639614,230.0,,99.0,584.89453125,,0
1782300171.812339,8532.739623,231.0,,99.0,584.89453125,,0
1782300171.912335,8532.839620,230.0,,99.0,584.89453125,,0
1782300172.012335,8532.939620,230.0,,99.0,584.89453125,,0
1782300172.112333,8533.039618,231.0,,99.0,584.89453125,,0
1782300172.212276,8533.139560,231.0,,99.0,584.89453125,,0
1782300172.312250,8533.239533,227.0,,99.0,584.89453125,,0
1782300172.412251,8533.339534,226.0,,99.0,584.89453125,,0
1782300172.512250,8533.439533,226.0,,99.0,584.89453125,,0
1782300172.612250,8533.539533,226.0,,99.0,584.89453125,,0
1782300172.712251,8533.639534,230.0,,99.0,584.89453125,,0
1782300172.812294,8533.739577,228.0,,99.0,584.89453125,,0
1782300172.912287,8533.839570,230.0,,99.0,584.89453125,,0
1782300173.012325,8533.939609,227.0,,99.0,584.89453125,,0
1782300173.112296,8534.039579,230.0,,99.0,584.89453125,,0
1782300173.212286,8534.139569,231.0,,99.0,584.89453125,,0
1782300173.312327,8534.239611,229.0,,99.0,584.89453125,,0
1782300173.412293,8534.339577,231.0,,99.0,584.89453125,,0
1782300173.512290,8534.439573,220.0,,99.0,584.89453125,,0
1782300173.612326,8534.539610,231.0,,99.0,584.89453125,,0
1782300173.712319,8534.639602,226.0,,99.0,584.89453125,,0
1782300173.812290,8534.739573,226.0,,99.0,584.89453125,,0
1782300173.912284,8534.839568,229.0,,99.0,584.89453125,,0
1782300174.012286,8534.939569,230.0,,99.0,584.89453125,,0
1782300174.112316,8535.039600,231.0,,99.0,584.89453125,,0
1782300174.212287,8535.139571,230.0,,99.0,584.89453125,,0
1782300174.312289,8535.239572,225.0,,99.0,584.89453125,,0
1782300174.412325,8535.339608,227.0,,98.0,584.89453125,,0
1782300174.512303,8535.439587,229.0,,99.0,584.89453125,,0
1782300174.612284,8535.539568,224.0,,99.0,584.89453125,,0
1782300174.712328,8535.639611,231.0,,99.0,584.89453125,,0
1782300174.812311,8535.739595,230.0,,99.0,584.89453125,,0
1782300174.912290,8535.839574,223.0,,99.0,584.89453125,,0
1782300175.012286,8535.939569,230.0,,99.0,584.89453125,,0
1782300175.112326,8536.039610,226.0,,99.0,584.89453125,,0
1782300175.212284,8536.139567,231.0,,99.0,584.89453125,,0
1782300175.312336,8536.239620,231.0,,99.0,584.89453125,,0
1782300175.412333,8536.339618,230.0,,99.0,584.89453125,,0
1782300175.512339,8536.439623,222.0,,99.0,584.89453125,,0
1782300175.612340,8536.539625,220.0,,99.0,584.89453125,,0
1782300175.712336,8536.639620,228.0,,99.0,584.89453125,,0
1782300175.812335,8536.739618,229.0,,99.0,584.89453125,,0
1782300175.912338,8536.839624,231.0,,99.0,584.89453125,,0
1782300176.012331,8536.939615,230.0,,99.0,584.89453125,,0
1782300176.112334,8537.039619,231.0,,99.0,584.89453125,,0
1782300176.212336,8537.139621,229.0,,99.0,584.89453125,,0
1782300176.312335,8537.239620,228.0,,99.0,584.89453125,,0
1782300176.412337,8537.339620,226.0,,99.0,584.89453125,,0
1782300176.512336,8537.439620,222.0,,99.0,584.89453125,,0
1782300176.612338,8537.539622,225.0,,99.0,584.89453125,,0
1782300176.712336,8537.639621,220.0,,99.0,584.89453125,,0
1782300176.812336,8537.739619,226.0,,99.0,584.89453125,,0
1782300176.912348,8537.839633,225.0,,99.0,584.89453125,,0
1782300177.012342,8537.939627,228.0,,99.0,584.89453125,,0
1782300177.112337,8538.039620,229.0,,99.0,584.89453125,,0
1782300177.212335,8538.139619,228.0,,99.0,584.89453125,,0
1782300177.312342,8538.239626,225.0,,99.0,584.89453125,,0
1782300177.412334,8538.339617,231.0,,99.0,584.89453125,,0
1782300177.512335,8538.439620,230.0,,99.0,584.89453125,,0
1782300177.612341,8538.539625,229.0,,99.0,584.89453125,,0
1782300177.712340,8538.639624,230.0,,99.0,584.89453125,,0
1782300177.812337,8538.739620,221.0,,99.0,584.89453125,,0
1782300177.912339,8538.839624,231.0,,99.0,584.89453125,,0
1782300178.012336,8538.939621,226.0,,99.0,584.89453125,,0
1782300178.112334,8539.039619,231.0,,99.0,584.89453125,,0
1782300178.212338,8539.139623,224.0,,99.0,584.89453125,,0
1782300178.312250,8539.239533,230.0,,99.0,584.89453125,,0
1782300178.412250,8539.339533,230.0,,99.0,584.89453125,,0
1782300178.512250,8539.439533,229.0,,99.0,584.89453125,,0
1782300178.612273,8539.539557,66.0,,36.0,386.1484375,,0
1782300178.712370,8539.639656,41.0,,7.0,354.71484375,,0
1782300178.812347,8539.739632,31.0,,1.0,354.71484375,,0
1782300178.912341,8539.839626,26.0,,,354.71484375,,0
1782300179.012344,8539.939629,22.0,,,354.71484375,,0
1782300179.112341,8540.039626,13.0,,,354.71484375,,0
