sample_epoch,mono_s,power_w,energy_uj,gfx_busy_pct,vram_used_mb,sclk_mhz,device_id
1782297685.528832,6046.456115,17.0,,,338.27734375,,0
1782297685.629004,6046.556288,20.0,,,338.27734375,,0
1782297685.728981,6046.656266,15.0,,,338.27734375,,0
1782297685.828981,6046.756265,17.0,,,338.27734375,,0
1782297685.928981,6046.856266,14.0,,,338.27734375,,0
1782297686.030726,6046.958009,15.0,,,338.27734375,,0
1782297686.128897,6047.056181,20.0,,,338.27734375,,0
1782297686.228999,6047.156283,16.0,,,338.27734375,,0
1782297686.328984,6047.256268,17.0,,,338.27734375,,0
1782297686.428981,6047.356265,22.0,,,338.27734375,,0
1782297686.528984,6047.456268,20.0,,,338.27734375,,0
1782297686.628985,6047.556269,16.0,,,338.27734375,,0
1782297686.728982,6047.656267,16.0,,,338.27734375,,0
1782297686.828897,6047.756181,28.0,,21.0,338.27734375,,0
1782297686.928984,6047.856268,16.0,,,338.27734375,,0
1782297687.028978,6047.956263,16.0,,,338.27734375,,0
1782297687.128988,6048.056273,18.0,,,338.27734375,,0
1782297687.228981,6048.156264,17.0,,,338.27734375,,0
1782297687.328982,6048.256266,17.0,,,338.27734375,,0
1782297687.428893,6048.356177,29.0,,,338.27734375,,0
1782297687.528985,6048.456270,17.0,,,338.27734375,,0
1782297687.628995,6048.556279,16.0,,,338.27734375,,0
1782297687.728989,6048.656273,16.0,,,338.27734375,,0
1782297687.828983,6048.756267,15.0,,,338.27734375,,0
1782297687.928984,6048.856268,15.0,,,338.27734375,,0
1782297688.028984,6048.956269,36.0,,30.0,338.27734375,,0
1782297688.128982,6049.056266,21.0,,,338.27734375,,0
1782297688.228984,6049.156268,17.0,,,338.27734375,,0
1782297688.328981,6049.256265,19.0,,,338.27734375,,0
1782297688.428982,6049.356266,16.0,,,338.27734375,,0
1782297688.528986,6049.456270,17.0,,,338.27734375,,0
1782297688.628986,6049.556270,17.0,,,338.27734375,,0
1782297688.728987,6049.656271,15.0,,,338.27734375,,0
1782297688.828981,6049.756266,15.0,,,338.27734375,,0
1782297688.928983,6049.856267,16.0,,,338.27734375,,0
1782297689.028984,6049.956268,15.0,,,338.27734375,,0
1782297689.128983,6050.056267,16.0,,,338.27734375,,0
1782297689.228981,6050.156265,16.0,,,338.27734375,,0
1782297689.328985,6050.256270,18.0,,,338.27734375,,0
1782297689.428985,6050.356269,16.0,,,338.27734375,,0
1782297689.528982,6050.456266,16.0,,,338.27734375,,0
1782297689.628981,6050.556265,16.0,,,338.27734375,,0
1782297689.728984,6050.656268,16.0,,,338.27734375,,0
1782297689.828989,6050.756273,17.0,,,338.27734375,,0
1782297689.928990,6050.856274,17.0,,2.0,338.27734375,,0
1782297690.028984,6050.956268,20.0,,3.0,338.27734375,,0
1782297690.128979,6051.056263,18.0,,,338.27734375,,0
1782297690.228980,6051.156264,16.0,,,338.27734375,,0
1782297690.328980,6051.256264,16.0,,,338.27734375,,0
1782297690.428984,6051.356268,16.0,,,338.27734375,,0
1782297690.528978,6051.456262,17.0,,,338.27734375,,0
1782297690.628979,6051.556264,21.0,,3.0,338.31640625,,0
1782297690.728934,6051.656219,19.0,,,338.31640625,,0
1782297690.828947,6051.756232,17.0,,,338.31640625,,0
1782297690.928900,6051.856185,16.0,,,338.31640625,,0
1782297691.028997,6051.956282,21.0,,3.0,539.06640625,,0
1782297691.128983,6052.056268,44.0,,63.0,582.51171875,,0
1782297691.228980,6052.156263,46.0,,35.0,568.4921875,,0
1782297691.328981,6052.256264,85.0,,92.0,582.51171875,,0
1782297691.428970,6052.356254,97.0,,100.0,582.51171875,,0
1782297691.528972,6052.456255,212.0,,100.0,582.51171875,,0
1782297691.628977,6052.556263,250.0,,100.0,582.51171875,,0
1782297691.728971,6052.656254,324.0,,100.0,582.51171875,,0
1782297691.828972,6052.756255,295.0,,100.0,582.51171875,,0
1782297691.928972,6052.856255,286.0,,100.0,582.51171875,,0
1782297692.028971,6052.956254,294.0,,100.0,582.51171875,,0
1782297692.128975,6053.056258,298.0,,100.0,582.51171875,,0
1782297692.228972,6053.156255,305.0,,100.0,582.51171875,,0
1782297692.328971,6053.256254,301.0,,100.0,582.51171875,,0
1782297692.428976,6053.356259,298.0,,100.0,582.51171875,,0
1782297692.528970,6053.456254,299.0,,100.0,582.51171875,,0
1782297692.628978,6053.556261,299.0,,100.0,582.51171875,,0
1782297692.728973,6053.656257,302.0,,100.0,582.51171875,,0
1782297692.828978,6053.756261,296.0,,100.0,582.51171875,,0
1782297692.928978,6053.856262,302.0,,100.0,582.51171875,,0
1782297693.028972,6053.956256,300.0,,100.0,582.51171875,,0
1782297693.128982,6054.056266,299.0,,100.0,582.51171875,,0
1782297693.228966,6054.156249,300.0,,100.0,582.51171875,,0
1782297693.328978,6054.256261,299.0,,100.0,582.51171875,,0
1782297693.428981,6054.356264,298.0,,100.0,582.51171875,,0
1782297693.528980,6054.456263,301.0,,100.0,582.51171875,,0
1782297693.628987,6054.556271,297.0,,100.0,582.51171875,,0
1782297693.728977,6054.656261,300.0,,100.0,582.51171875,,0
1782297693.828977,6054.756260,301.0,,100.0,582.51171875,,0
1782297693.928978,6054.856262,299.0,,100.0,582.51171875,,0
1782297694.028975,6054.956258,301.0,,100.0,582.51171875,,0
1782297694.128971,6055.056254,301.0,,100.0,582.51171875,,0
1782297694.228975,6055.156258,296.0,,100.0,582.51171875,,0
1782297694.328971,6055.256254,301.0,,100.0,582.51171875,,0
1782297694.428977,6055.356261,298.0,,100.0,582.51171875,,0
1782297694.528971,6055.456256,301.0,,100.0,582.51171875,,0
1782297694.628970,6055.556253,296.0,,100.0,582.51171875,,0
1782297694.728975,6055.656260,301.0,,100.0,582.51171875,,0
1782297694.828969,6055.756253,300.0,,100.0,582.51171875,,0
1782297694.928972,6055.856257,301.0,,100.0,582.51171875,,0
1782297695.028972,6055.956256,298.0,,100.0,582.51171875,,0
1782297695.128970,6056.056254,299.0,,100.0,582.51171875,,0
1782297695.228971,6056.156254,298.0,,100.0,582.51171875,,0
1782297695.328970,6056.256254,301.0,,100.0,582.51171875,,0
1782297695.428971,6056.356255,299.0,,100.0,582.51171875,,0
1782297695.528978,6056.456261,297.0,,100.0,582.51171875,,0
1782297695.628974,6056.556257,298.0,,100.0,582.51171875,,0
1782297695.728972,6056.656255,294.0,,100.0,582.51171875,,0
1782297695.828973,6056.756256,296.0,,100.0,582.51171875,,0
1782297695.928974,6056.856257,302.0,,100.0,582.51171875,,0
1782297696.028979,6056.956262,299.0,,100.0,582.51171875,,0
1782297696.128976,6057.056260,298.0,,100.0,582.51171875,,0
1782297696.228976,6057.156261,300.0,,100.0,582.51171875,,0
1782297696.328981,6057.256264,298.0,,100.0,582.51171875,,0
1782297696.428977,6057.356261,300.0,,100.0,582.51171875,,0
1782297696.528977,6057.456260,299.0,,100.0,582.51171875,,0
1782297696.628888,6057.556172,299.0,,100.0,582.51171875,,0
1782297696.728972,6057.656255,300.0,,100.0,582.51171875,,0
1782297696.828975,6057.756260,299.0,,100.0,582.51171875,,0
1782297696.928975,6057.856259,300.0,,100.0,582.51171875,,0
1782297697.028975,6057.956259,300.0,,100.0,582.51171875,,0
1782297697.128976,6058.056260,298.0,,100.0,582.51171875,,0
1782297697.228975,6058.156258,328.0,,100.0,582.51171875,,0
1782297697.328975,6058.256259,297.0,,100.0,582.51171875,,0
1782297697.428974,6058.356257,224.0,,100.0,582.51171875,,0
1782297697.528973,6058.456256,320.0,,100.0,582.51171875,,0
1782297697.628975,6058.556259,267.0,,100.0,582.51171875,,0
1782297697.728969,6058.656253,198.0,,100.0,582.51171875,,0
1782297697.828976,6058.756259,298.0,,100.0,582.51171875,,0
1782297697.928976,6058.856259,302.0,,100.0,582.51171875,,0
1782297698.028974,6058.956257,299.0,,100.0,582.51171875,,0
1782297698.128976,6059.056259,299.0,,100.0,582.51171875,,0
1782297698.228981,6059.156264,298.0,,100.0,582.51171875,,0
1782297698.328975,6059.256258,302.0,,100.0,582.51171875,,0
1782297698.428974,6059.356259,299.0,,100.0,582.51171875,,0
1782297698.528974,6059.456258,301.0,,100.0,582.51171875,,0
1782297698.628974,6059.556258,299.0,,100.0,582.51171875,,0
1782297698.728975,6059.656260,301.0,,100.0,582.51171875,,0
1782297698.828975,6059.756258,299.0,,100.0,582.51171875,,0
1782297698.928975,6059.856258,297.0,,100.0,582.51171875,,0
1782297699.028979,6059.956262,300.0,,100.0,582.51171875,,0
1782297699.128975,6060.056260,299.0,,100.0,582.51171875,,0
1782297699.228976,6060.156259,302.0,,100.0,582.51171875,,0
1782297699.328976,6060.256259,298.0,,100.0,582.51171875,,0
1782297699.428986,6060.356269,299.0,,100.0,582.51171875,,0
1782297699.528977,6060.456260,340.0,,99.0,582.51171875,,0
1782297699.628977,6060.556260,354.0,,100.0,582.51171875,,0
1782297699.728975,6060.656260,248.0,,100.0,582.51171875,,0
1782297699.828982,6060.756266,256.0,,100.0,582.51171875,,0
1782297699.928978,6060.856261,328.0,,100.0,582.51171875,,0
1782297700.028976,6060.956259,299.0,,100.0,582.51171875,,0
1782297700.128977,6061.056260,335.0,,99.0,582.51171875,,0
1782297700.228976,6061.156259,394.0,,100.0,582.51171875,,0
1782297700.328976,6061.256260,237.0,,100.0,582.51171875,,0
1782297700.428977,6061.356261,318.0,,100.0,582.51171875,,0
1782297700.528975,6061.456259,226.0,,100.0,582.51171875,,0
1782297700.628972,6061.556255,266.0,,100.0,582.51171875,,0
1782297700.728975,6061.656259,370.0,,100.0,582.51171875,,0
1782297700.828971,6061.756255,378.0,,99.0,582.51171875,,0
1782297700.928968,6061.856252,293.0,,100.0,582.51171875,,0
1782297701.028976,6061.956259,231.0,,100.0,582.51171875,,0
1782297701.128971,6062.056254,252.0,,100.0,582.51171875,,0
1782297701.228972,6062.156255,232.0,,100.0,582.51171875,,0
1782297701.328973,6062.256257,300.0,,100.0,582.51171875,,0
1782297701.428889,6062.356172,299.0,,100.0,582.51171875,,0
1782297701.528975,6062.456258,358.0,,100.0,582.51171875,,0
1782297701.628971,6062.556254,220.0,,100.0,582.51171875,,0
1782297701.728971,6062.656256,302.0,,100.0,582.51171875,,0
1782297701.828975,6062.756260,302.0,,100.0,582.51171875,,0
1782297701.928973,6062.856256,254.0,,99.0,582.51171875,,0
1782297702.028971,6062.956255,250.0,,100.0,582.51171875,,0
1782297702.128971,6063.056256,298.0,,100.0,582.51171875,,0
1782297702.228972,6063.156255,299.0,,100.0,582.51171875,,0
1782297702.328966,6063.256251,304.0,,100.0,582.51171875,,0
1782297702.428971,6063.356256,299.0,,100.0,582.51171875,,0
1782297702.528970,6063.456253,297.0,,100.0,582.51171875,,0
1782297702.628972,6063.556255,221.0,,100.0,582.51171875,,0
1782297702.728974,6063.656259,299.0,,100.0,582.51171875,,0
1782297702.828971,6063.756254,298.0,,100.0,582.51171875,,0
1782297702.928886,6063.856170,303.0,,100.0,582.51171875,,0
1782297703.028971,6063.956254,298.0,,100.0,582.51171875,,0
1782297703.128975,6064.056259,276.0,,100.0,582.51171875,,0
1782297703.228889,6064.156172,330.0,,100.0,582.51171875,,0
1782297703.328886,6064.256170,299.0,,100.0,582.51171875,,0
1782297703.429156,6064.356440,300.0,,100.0,582.51171875,,0
1782297703.528973,6064.456256,299.0,,100.0,582.51171875,,0
1782297703.628889,6064.556172,299.0,,100.0,582.51171875,,0
1782297703.728889,6064.656172,303.0,,100.0,582.51171875,,0
1782297703.828907,6064.756191,296.0,,100.0,582.51171875,,0
1782297703.928887,6064.856170,302.0,,100.0,582.51171875,,0
1782297704.028974,6064.956258,300.0,,100.0,582.51171875,,0
1782297704.128968,6065.056252,297.0,,100.0,582.51171875,,0
1782297704.228974,6065.156258,302.0,,100.0,582.51171875,,0
1782297704.328969,6065.256253,298.0,,100.0,582.51171875,,0
1782297704.428886,6065.356170,298.0,,100.0,582.51171875,,0
1782297704.528964,6065.456248,298.0,,100.0,582.51171875,,0
1782297704.628968,6065.556252,301.0,,100.0,582.51171875,,0
1782297704.728965,6065.656248,209.0,,100.0,582.51171875,,0
1782297704.828969,6065.756254,300.0,,100.0,582.51171875,,0
1782297704.928971,6065.856254,302.0,,100.0,582.51171875,,0
1782297705.028972,6065.956255,298.0,,100.0,582.51171875,,0
1782297705.128972,6066.056255,300.0,,100.0,582.51171875,,0
1782297705.228976,6066.156259,298.0,,100.0,582.51171875,,0
1782297705.328988,6066.256272,296.0,,100.0,582.51171875,,0
1782297705.428976,6066.356260,303.0,,100.0,582.51171875,,0
1782297705.528972,6066.456256,298.0,,100.0,582.51171875,,0
1782297705.628971,6066.556255,302.0,,100.0,582.51171875,,0
1782297705.728975,6066.656259,300.0,,100.0,582.51171875,,0
1782297705.828973,6066.756256,295.0,,100.0,582.51171875,,0
1782297705.928971,6066.856256,302.0,,100.0,582.51171875,,0
1782297706.028971,6066.956254,299.0,,100.0,582.51171875,,0
1782297706.128971,6067.056256,301.0,,100.0,582.51171875,,0
1782297706.228970,6067.156253,295.0,,100.0,582.51171875,,0
1782297706.328970,6067.256253,303.0,,100.0,582.51171875,,0
1782297706.428976,6067.356259,298.0,,100.0,582.51171875,,0
1782297706.528973,6067.456256,300.0,,100.0,582.51171875,,0
1782297706.628973,6067.556256,301.0,,100.0,582.51171875,,0
1782297706.728977,6067.656260,296.0,,100.0,582.51171875,,0
1782297706.828969,6067.756254,303.0,,100.0,582.51171875,,0
1782297706.928973,6067.856257,300.0,,100.0,582.51171875,,0
1782297707.028966,6067.956249,296.0,,100.0,582.51171875,,0
1782297707.128969,6068.056252,302.0,,100.0,582.51171875,,0
1782297707.228975,6068.156259,299.0,,100.0,582.51171875,,0
1782297707.328972,6068.256255,299.0,,100.0,582.51171875,,0
1782297707.428975,6068.356259,300.0,,100.0,582.51171875,,0
1782297707.528971,6068.456255,297.0,,100.0,582.51171875,,0
1782297707.628976,6068.556261,301.0,,100.0,582.51171875,,0
1782297707.728972,6068.656257,303.0,,100.0,582.51171875,,0
1782297707.828979,6068.756263,300.0,,100.0,582.51171875,,0
1782297707.928972,6068.856257,299.0,,100.0,582.51171875,,0
1782297708.028974,6068.956257,297.0,,100.0,582.51171875,,0
1782297708.128968,6069.056251,300.0,,100.0,582.51171875,,0
1782297708.228976,6069.156260,298.0,,100.0,582.51171875,,0
1782297708.328977,6069.256261,301.0,,100.0,582.51171875,,0
1782297708.428975,6069.356259,299.0,,100.0,582.51171875,,0
1782297708.528976,6069.456261,301.0,,100.0,582.51171875,,0
1782297708.628975,6069.556259,302.0,,100.0,582.51171875,,0
1782297708.728970,6069.656254,297.0,,100.0,582.51171875,,0
1782297708.828981,6069.756265,300.0,,100.0,582.51171875,,0
1782297708.928977,6069.856262,301.0,,100.0,582.51171875,,0
1782297709.028973,6069.956256,301.0,,100.0,582.51171875,,0
1782297709.128976,6070.056261,298.0,,100.0,582.51171875,,0
1782297709.228981,6070.156265,299.0,,100.0,582.51171875,,0
1782297709.328976,6070.256259,299.0,,100.0,582.51171875,,0
1782297709.428974,6070.356258,300.0,,100.0,582.51171875,,0
1782297709.528974,6070.456257,300.0,,100.0,582.51171875,,0
1782297709.628977,6070.556260,300.0,,100.0,582.51171875,,0
1782297709.728971,6070.656255,299.0,,100.0,582.51171875,,0
1782297709.828966,6070.756251,303.0,,100.0,582.51171875,,0
1782297709.928972,6070.856257,295.0,,100.0,582.51171875,,0
1782297710.028972,6070.956255,299.0,,100.0,582.51171875,,0
1782297710.128972,6071.056256,299.0,,100.0,582.51171875,,0
1782297710.228971,6071.156254,302.0,,100.0,582.51171875,,0
1782297710.328966,6071.256250,296.0,,100.0,582.51171875,,0
1782297710.428970,6071.356255,301.0,,100.0,582.51171875,,0
1782297710.528970,6071.456253,300.0,,100.0,582.51171875,,0
1782297710.628975,6071.556258,296.0,,100.0,582.51171875,,0
1782297710.728970,6071.656253,300.0,,100.0,582.51171875,,0
1782297710.828971,6071.756254,301.0,,100.0,582.51171875,,0
1782297710.928970,6071.856255,298.0,,100.0,582.51171875,,0
1782297711.028966,6071.956250,297.0,,100.0,582.51171875,,0
1782297711.128968,6072.056252,303.0,,100.0,582.51171875,,0
1782297711.228970,6072.156254,298.0,,100.0,582.51171875,,0
1782297711.328969,6072.256254,300.0,,100.0,582.51171875,,0
1782297711.428971,6072.356254,238.0,,100.0,582.51171875,,0
1782297711.528972,6072.456255,298.0,,100.0,582.51171875,,0
1782297711.628965,6072.556248,301.0,,100.0,582.51171875,,0
1782297711.728888,6072.656172,295.0,,100.0,582.51171875,,0
1782297711.828977,6072.756261,304.0,,100.0,582.51171875,,0
1782297711.928972,6072.856257,298.0,,100.0,582.51171875,,0
1782297712.028970,6072.956255,301.0,,100.0,582.51171875,,0
1782297712.128968,6073.056252,297.0,,100.0,582.51171875,,0
1782297712.228889,6073.156172,302.0,,100.0,582.51171875,,0
1782297712.328966,6073.256249,299.0,,100.0,582.51171875,,0
1782297712.428969,6073.356253,298.0,,100.0,582.51171875,,0
1782297712.528963,6073.456246,301.0,,100.0,582.51171875,,0
1782297712.628972,6073.556255,299.0,,100.0,582.51171875,,0
1782297712.728889,6073.656172,299.0,,100.0,582.51171875,,0
1782297712.828988,6073.756271,302.0,,100.0,582.51171875,,0
1782297712.928972,6073.856255,298.0,,100.0,582.51171875,,0
1782297713.028971,6073.956254,298.0,,100.0,582.51171875,,0
1782297713.128975,6074.056259,300.0,,100.0,582.51171875,,0
1782297713.228972,6074.156257,299.0,,100.0,582.51171875,,0
1782297713.328965,6074.256248,301.0,,100.0,582.51171875,,0
1782297713.428971,6074.356255,300.0,,100.0,582.51171875,,0
1782297713.528972,6074.456256,297.0,,100.0,582.51171875,,0
1782297713.628968,6074.556252,297.0,,100.0,582.51171875,,0
1782297713.728970,6074.656253,298.0,,100.0,582.51171875,,0
1782297713.828971,6074.756255,302.0,,100.0,582.51171875,,0
1782297713.928974,6074.856257,301.0,,100.0,582.51171875,,0
1782297714.028974,6074.956257,298.0,,100.0,582.51171875,,0
1782297714.128972,6075.056255,299.0,,100.0,582.51171875,,0
1782297714.228970,6075.156253,299.0,,100.0,582.51171875,,0
1782297714.328970,6075.256253,301.0,,100.0,582.51171875,,0
1782297714.428971,6075.356254,299.0,,100.0,582.51171875,,0
1782297714.528970,6075.456253,301.0,,100.0,582.51171875,,0
1782297714.628970,6075.556255,298.0,,100.0,582.51171875,,0
1782297714.728977,6075.656260,298.0,,100.0,582.51171875,,0
1782297714.828975,6075.756260,303.0,,100.0,582.51171875,,0
1782297714.928974,6075.856258,299.0,,100.0,582.51171875,,0
1782297715.028974,6075.956257,298.0,,100.0,582.51171875,,0
1782297715.128973,6076.056256,297.0,,100.0,582.51171875,,0
1782297715.228975,6076.156258,301.0,,100.0,582.51171875,,0
1782297715.328978,6076.256263,299.0,,100.0,582.51171875,,0
1782297715.428975,6076.356258,299.0,,100.0,582.51171875,,0
1782297715.528979,6076.456263,295.0,,100.0,582.51171875,,0
1782297715.628978,6076.556261,305.0,,100.0,582.51171875,,0
1782297715.728982,6076.656267,296.0,,100.0,582.51171875,,0
1782297715.828978,6076.756262,298.0,,100.0,582.51171875,,0
1782297715.928978,6076.856261,304.0,,100.0,582.51171875,,0
1782297716.028976,6076.956261,300.0,,100.0,582.51171875,,0
1782297716.128975,6077.056258,300.0,,100.0,582.51171875,,0
1782297716.228978,6077.156262,299.0,,100.0,582.51171875,,0
1782297716.328973,6077.256256,301.0,,100.0,582.51171875,,0
1782297716.428974,6077.356258,282.0,,100.0,582.51171875,,0
1782297716.528983,6077.456267,267.0,,100.0,582.51171875,,0
1782297716.628972,6077.556255,357.0,,100.0,582.51171875,,0
1782297716.728976,6077.656261,346.0,,100.0,582.51171875,,0
1782297716.828975,6077.756259,297.0,,100.0,582.51171875,,0
1782297716.928975,6077.856258,371.0,,100.0,582.51171875,,0
1782297717.028976,6077.956260,273.0,,100.0,582.51171875,,0
1782297717.128976,6078.056260,388.0,,100.0,582.51171875,,0
1782297717.228976,6078.156259,238.0,,100.0,582.51171875,,0
1782297717.328974,6078.256258,342.0,,100.0,582.51171875,,0
1782297717.428975,6078.356259,267.0,,100.0,582.51171875,,0
1782297717.528974,6078.456257,337.0,,100.0,582.51171875,,0
1782297717.628974,6078.556258,390.0,,100.0,582.51171875,,0
1782297717.728972,6078.656255,352.0,,100.0,582.51171875,,0
1782297717.828975,6078.756260,335.0,,100.0,582.51171875,,0
1782297717.928965,6078.856249,344.0,,100.0,582.51171875,,0
1782297718.028969,6078.956252,373.0,,100.0,582.51171875,,0
1782297718.128971,6079.056255,375.0,,100.0,582.51171875,,0
1782297718.228969,6079.156252,301.0,,100.0,582.51171875,,0
1782297718.328977,6079.256262,249.0,,100.0,582.51171875,,0
1782297718.428970,6079.356253,302.0,,100.0,582.51171875,,0
1782297718.528970,6079.456254,297.0,,100.0,582.51171875,,0
1782297718.628976,6079.556261,301.0,,100.0,582.51171875,,0
1782297718.728889,6079.656172,297.0,,100.0,582.51171875,,0
1782297718.828976,6079.756259,301.0,,100.0,582.51171875,,0
1782297718.928977,6079.856260,299.0,,100.0,582.51171875,,0
1782297719.028888,6079.956172,303.0,,100.0,582.51171875,,0
1782297719.128974,6080.056258,296.0,,100.0,582.51171875,,0
1782297719.228971,6080.156254,298.0,,100.0,582.51171875,,0
1782297719.328974,6080.256259,216.0,,100.0,582.51171875,,0
1782297719.428970,6080.356255,300.0,,100.0,582.51171875,,0
1782297719.528978,6080.456261,297.0,,100.0,582.51171875,,0
1782297719.628977,6080.556262,301.0,,100.0,582.51171875,,0
1782297719.728976,6080.656259,299.0,,100.0,582.51171875,,0
1782297719.828971,6080.756256,301.0,,100.0,582.51171875,,0
1782297719.928968,6080.856252,299.0,,100.0,582.51171875,,0
1782297720.028963,6080.956246,299.0,,100.0,582.51171875,,0
1782297720.128969,6081.056253,302.0,,100.0,582.51171875,,0
1782297720.228977,6081.156262,295.0,,100.0,582.51171875,,0
1782297720.328980,6081.256263,302.0,,100.0,582.51171875,,0
1782297720.428976,6081.356259,302.0,,100.0,582.51171875,,0
1782297720.528967,6081.456251,299.0,,100.0,582.51171875,,0
1782297720.628971,6081.556256,298.0,,100.0,582.51171875,,0
1782297720.728915,6081.656199,299.0,,100.0,582.51171875,,0
1782297720.828978,6081.756261,301.0,,100.0,582.51171875,,0
1782297720.928972,6081.856255,296.0,,100.0,582.51171875,,0
1782297721.028991,6081.956274,303.0,,100.0,582.51171875,,0
1782297721.128889,6082.056172,297.0,,100.0,582.51171875,,0
1782297721.228965,6082.156248,299.0,,100.0,582.51171875,,0
1782297721.328979,6082.256262,302.0,,100.0,582.51171875,,0
1782297721.428981,6082.356264,361.0,,100.0,582.51171875,,0
1782297721.528980,6082.456264,300.0,,100.0,582.51171875,,0
1782297721.628976,6082.556261,189.0,,100.0,582.51171875,,0
1782297721.728964,6082.656247,296.0,,100.0,582.51171875,,0
1782297721.828972,6082.756256,305.0,,100.0,582.51171875,,0
1782297721.928972,6082.856255,298.0,,100.0,582.51171875,,0
1782297722.028968,6082.956252,299.0,,100.0,582.51171875,,0
1782297722.128970,6083.056253,298.0,,100.0,582.51171875,,0
1782297722.228978,6083.156261,298.0,,100.0,582.51171875,,0
1782297722.328976,6083.256261,306.0,,100.0,582.51171875,,0
1782297722.428968,6083.356252,294.0,,100.0,582.51171875,,0
1782297722.528970,6083.456253,300.0,,100.0,582.51171875,,0
1782297722.628975,6083.556258,302.0,,100.0,582.51171875,,0
1782297722.728978,6083.656263,301.0,,100.0,582.51171875,,0
1782297722.828980,6083.756266,285.0,,100.0,582.51171875,,0
1782297722.928975,6083.856259,278.0,,100.0,582.51171875,,0
1782297723.028981,6083.956266,349.0,,100.0,582.51171875,,0
1782297723.128975,6084.056258,351.0,,100.0,582.51171875,,0
1782297723.228975,6084.156259,300.0,,100.0,582.51171875,,0
1782297723.328984,6084.256269,302.0,,100.0,582.51171875,,0
1782297723.428978,6084.356261,297.0,,100.0,582.51171875,,0
1782297723.528982,6084.456266,296.0,,100.0,582.51171875,,0
1782297723.628967,6084.556251,305.0,,100.0,582.51171875,,0
1782297723.728976,6084.656259,294.0,,100.0,582.51171875,,0
1782297723.828978,6084.756262,295.0,,100.0,582.51171875,,0
1782297723.928983,6084.856268,308.0,,100.0,582.51171875,,0
1782297724.028979,6084.956262,297.0,,100.0,582.51171875,,0
1782297724.128980,6085.056263,299.0,,100.0,582.51171875,,0
1782297724.228980,6085.156263,301.0,,100.0,582.51171875,,0
1782297724.328976,6085.256259,300.0,,100.0,582.51171875,,0
1782297724.428976,6085.356259,297.0,,100.0,582.51171875,,0
1782297724.528988,6085.456272,302.0,,100.0,582.51171875,,0
1782297724.628992,6085.556276,301.0,,100.0,582.51171875,,0
1782297724.728996,6085.656281,294.0,,100.0,582.51171875,,0
1782297724.828969,6085.756252,298.0,,100.0,582.51171875,,0
1782297724.928970,6085.856254,308.0,,100.0,582.51171875,,0
1782297725.028972,6085.956255,296.0,,100.0,582.51171875,,0
1782297725.128976,6086.056259,293.0,,100.0,582.51171875,,0
1782297725.228974,6086.156259,293.0,,100.0,582.51171875,,0
1782297725.328974,6086.256258,308.0,,100.0,582.51171875,,0
1782297725.428977,6086.356260,288.0,,100.0,582.51171875,,0
1782297725.528970,6086.456255,306.0,,100.0,582.51171875,,0
1782297725.628969,6086.556252,301.0,,100.0,582.51171875,,0
1782297725.728975,6086.656260,300.0,,100.0,582.51171875,,0
1782297725.828971,6086.756255,297.0,,100.0,582.51171875,,0
1782297725.928972,6086.856256,304.0,,100.0,582.51171875,,0
1782297726.028966,6086.956249,297.0,,100.0,582.51171875,,0
1782297726.128973,6087.056256,299.0,,100.0,582.51171875,,0
1782297726.228974,6087.156259,297.0,,100.0,582.51171875,,0
1782297726.328980,6087.256264,24.0,,3.0,582.51171875,,0
1782297726.428974,6087.356258,25.0,,3.0,582.51171875,,0
1782297726.528983,6087.456266,24.0,,3.0,582.51171875,,0
1782297726.628975,6087.556259,23.0,,3.0,582.51171875,,0
1782297726.728971,6087.656255,25.0,,3.0,582.51171875,,0
1782297726.828977,6087.756262,25.0,,3.0,582.51171875,,0
1782297726.928974,6087.856257,24.0,,3.0,582.51171875,,0
1782297727.028977,6087.956260,23.0,,3.0,582.51171875,,0
1782297727.128979,6088.056262,24.0,,3.0,582.51171875,,0
1782297727.228981,6088.156266,23.0,,3.0,582.51171875,,0
1782297727.328978,6088.256262,23.0,,3.0,582.51171875,,0
1782297727.428982,6088.356267,25.0,,3.0,582.51171875,,0
1782297727.528975,6088.456259,27.0,,3.0,582.51171875,,0
1782297727.628974,6088.556257,23.0,,3.0,582.51171875,,0
1782297727.728980,6088.656263,25.0,,3.0,582.51171875,,0
1782297727.828975,6088.756259,23.0,,3.0,582.51171875,,0
1782297727.928983,6088.856267,25.0,,2.0,582.51171875,,0
1782297728.028975,6088.956258,25.0,,3.0,582.51171875,,0
1782297728.128981,6089.056265,25.0,,3.0,582.51171875,,0
1782297728.228978,6089.156262,25.0,,3.0,582.51171875,,0
1782297728.328979,6089.256262,23.0,,3.0,582.51171875,,0
1782297728.428980,6089.356263,24.0,,3.0,582.51171875,,0
1782297728.528979,6089.456262,23.0,,2.0,582.51171875,,0
1782297728.628976,6089.556260,24.0,,3.0,582.51171875,,0
1782297728.728977,6089.656260,24.0,,3.0,582.51171875,,0
1782297728.828976,6089.756260,23.0,,3.0,582.51171875,,0
1782297728.928979,6089.856263,23.0,,3.0,582.51171875,,0
1782297729.028977,6089.956261,24.0,,3.0,582.51171875,,0
1782297729.128978,6090.056263,24.0,,3.0,582.51171875,,0
1782297729.228979,6090.156263,24.0,,3.0,582.51171875,,0
1782297729.328979,6090.256262,24.0,,3.0,582.51171875,,0
1782297729.428975,6090.356258,24.0,,3.0,582.51171875,,0
1782297729.528977,6090.456260,24.0,,3.0,582.51171875,,0
1782297729.628978,6090.556261,26.0,,3.0,582.51171875,,0
1782297729.728974,6090.656257,24.0,,3.0,582.51171875,,0
1782297729.828977,6090.756262,24.0,,2.0,582.51171875,,0
1782297729.928979,6090.856264,23.0,,3.0,582.51171875,,0
1782297730.028979,6090.956262,23.0,,3.0,582.51171875,,0
1782297730.128978,6091.056261,24.0,,3.0,582.51171875,,0
1782297730.228981,6091.156265,25.0,,4.0,582.51171875,,0
1782297730.328979,6091.256262,22.0,,3.0,582.51171875,,0
1782297730.428979,6091.356263,24.0,,3.0,582.51171875,,0
1782297730.528984,6091.456267,24.0,,3.0,582.51171875,,0
1782297730.628982,6091.556265,25.0,,3.0,582.51171875,,0
1782297730.728984,6091.656268,24.0,,3.0,582.51171875,,0
1782297730.828977,6091.756262,24.0,,3.0,582.51171875,,0
1782297730.928978,6091.856261,24.0,,3.0,582.51171875,,0
1782297731.028980,6091.956265,24.0,,3.0,582.51171875,,0
1782297731.128979,6092.056264,24.0,,3.0,582.51171875,,0
1782297731.228977,6092.156260,25.0,,2.0,582.51171875,,0
1782297731.328892,6092.256175,159.0,,82.0,582.51171875,,0
1782297731.428890,6092.356173,211.0,,100.0,582.51171875,,0
1782297731.528980,6092.456263,245.0,,100.0,582.51171875,,0
1782297731.628975,6092.556258,316.0,,100.0,582.51171875,,0
1782297731.728978,6092.656261,314.0,,100.0,582.51171875,,0
1782297731.828976,6092.756260,301.0,,100.0,582.51171875,,0
1782297731.928889,6092.856173,298.0,,100.0,582.51171875,,0
1782297732.028980,6092.956263,296.0,,100.0,582.51171875,,0
1782297732.128978,6093.056263,302.0,,100.0,582.51171875,,0
1782297732.228978,6093.156261,300.0,,100.0,582.51171875,,0
1782297732.328979,6093.256262,289.0,,100.0,582.51171875,,0
1782297732.428973,6093.356256,295.0,,100.0,582.51171875,,0
1782297732.528974,6093.456257,288.0,,100.0,582.51171875,,0
1782297732.628972,6093.556255,302.0,,100.0,582.51171875,,0
1782297732.728977,6093.656261,308.0,,100.0,582.51171875,,0
1782297732.829000,6093.756285,295.0,,100.0,582.51171875,,0
1782297732.928968,6093.856252,305.0,,100.0,582.51171875,,0
1782297733.028977,6093.956261,298.0,,100.0,582.51171875,,0
1782297733.128973,6094.056257,295.0,,100.0,582.51171875,,0
1782297733.228979,6094.156263,300.0,,100.0,582.51171875,,0
1782297733.328977,6094.256262,300.0,,100.0,582.51171875,,0
1782297733.428980,6094.356263,300.0,,100.0,582.51171875,,0
1782297733.528974,6094.456257,297.0,,100.0,582.51171875,,0
1782297733.628973,6094.556257,300.0,,100.0,582.51171875,,0
1782297733.728974,6094.656257,301.0,,100.0,582.51171875,,0
1782297733.828974,6094.756258,299.0,,100.0,582.51171875,,0
1782297733.928971,6094.856254,300.0,,100.0,582.51171875,,0
1782297734.028981,6094.956265,299.0,,100.0,582.51171875,,0
1782297734.128889,6095.056173,224.0,,100.0,582.51171875,,0
1782297734.228972,6095.156255,299.0,,100.0,582.51171875,,0
1782297734.328974,6095.256259,303.0,,100.0,582.51171875,,0
1782297734.428976,6095.356260,297.0,,100.0,582.51171875,,0
1782297734.528974,6095.456257,300.0,,100.0,582.51171875,,0
1782297734.628886,6095.556170,248.0,,100.0,582.51171875,,0
1782297734.728976,6095.656260,299.0,,100.0,582.51171875,,0
1782297734.828972,6095.756255,301.0,,100.0,582.51171875,,0
1782297734.928976,6095.856259,391.0,,100.0,582.51171875,,0
1782297735.028972,6095.956255,218.0,,100.0,582.51171875,,0
1782297735.128979,6096.056265,221.0,,100.0,582.51171875,,0
1782297735.228973,6096.156257,297.0,,100.0,582.51171875,,0
1782297735.328980,6096.256264,287.0,,100.0,582.51171875,,0
1782297735.428981,6096.356264,402.0,,100.0,582.51171875,,0
1782297735.528992,6096.456276,360.0,,100.0,582.51171875,,0
1782297735.628973,6096.556257,360.0,,100.0,582.51171875,,0
1782297735.728978,6096.656261,246.0,,100.0,582.51171875,,0
1782297735.828974,6096.756258,356.0,,100.0,582.51171875,,0
1782297735.928976,6096.856260,257.0,,100.0,582.51171875,,0
1782297736.028972,6096.956257,291.0,,100.0,582.51171875,,0
1782297736.128975,6097.056259,350.0,,100.0,582.51171875,,0
1782297736.228977,6097.156261,364.0,,100.0,582.51171875,,0
1782297736.328973,6097.256257,227.0,,100.0,582.51171875,,0
1782297736.428977,6097.356261,226.0,,99.0,582.51171875,,0
1782297736.528973,6097.456256,299.0,,100.0,582.51171875,,0
1782297736.628967,6097.556252,345.0,,100.0,582.51171875,,0
1782297736.728971,6097.656255,300.0,,100.0,582.51171875,,0
1782297736.828886,6097.756170,299.0,,100.0,582.51171875,,0
1782297736.928976,6097.856259,302.0,,100.0,582.51171875,,0
1782297737.028975,6097.956258,297.0,,100.0,582.51171875,,0
1782297737.128971,6098.056255,297.0,,100.0,582.51171875,,0
1782297737.228973,6098.156257,302.0,,100.0,582.51171875,,0
1782297737.328975,6098.256258,300.0,,100.0,582.51171875,,0
1782297737.428975,6098.356260,298.0,,100.0,582.51171875,,0
1782297737.528974,6098.456259,300.0,,100.0,582.51171875,,0
1782297737.628971,6098.556254,301.0,,100.0,582.51171875,,0
1782297737.728969,6098.656253,299.0,,100.0,582.51171875,,0
1782297737.828969,6098.756253,299.0,,100.0,582.51171875,,0
1782297737.928975,6098.856258,298.0,,100.0,582.51171875,,0
1782297738.028969,6098.956252,300.0,,100.0,582.51171875,,0
1782297738.128982,6099.056265,300.0,,100.0,582.51171875,,0
1782297738.228976,6099.156259,299.0,,100.0,582.51171875,,0
1782297738.328977,6099.256260,300.0,,100.0,582.51171875,,0
1782297738.428971,6099.356254,301.0,,100.0,582.51171875,,0
1782297738.528976,6099.456262,301.0,,100.0,582.51171875,,0
1782297738.628972,6099.556255,295.0,,100.0,582.51171875,,0
1782297738.728979,6099.656263,301.0,,100.0,582.51171875,,0
1782297738.828970,6099.756253,299.0,,100.0,582.51171875,,0
1782297738.928973,6099.856256,300.0,,100.0,582.51171875,,0
1782297739.028969,6099.956252,301.0,,100.0,582.51171875,,0
1782297739.128971,6100.056255,298.0,,100.0,582.51171875,,0
1782297739.228974,6100.156259,298.0,,100.0,582.51171875,,0
1782297739.328969,6100.256252,305.0,,100.0,582.51171875,,0
1782297739.428969,6100.356252,294.0,,100.0,582.51171875,,0
1782297739.528997,6100.456281,301.0,,100.0,582.51171875,,0
1782297739.628977,6100.556260,299.0,,100.0,582.51171875,,0
1782297739.728970,6100.656255,302.0,,100.0,582.51171875,,0
1782297739.828978,6100.756261,296.0,,100.0,582.51171875,,0
1782297739.928976,6100.856259,302.0,,100.0,582.51171875,,0
1782297740.028974,6100.956257,299.0,,100.0,582.51171875,,0
1782297740.128979,6101.056263,301.0,,100.0,582.51171875,,0
1782297740.228975,6101.156259,300.0,,100.0,582.51171875,,0
1782297740.328977,6101.256261,299.0,,100.0,582.51171875,,0
1782297740.428973,6101.356256,300.0,,100.0,582.51171875,,0
1782297740.528968,6101.456251,298.0,,100.0,582.51171875,,0
1782297740.628972,6101.556256,300.0,,100.0,582.51171875,,0
1782297740.728963,6101.656247,299.0,,100.0,582.51171875,,0
1782297740.828965,6101.756249,297.0,,100.0,582.51171875,,0
1782297740.928979,6101.856262,303.0,,100.0,582.51171875,,0
1782297741.028971,6101.956256,300.0,,100.0,582.51171875,,0
1782297741.128975,6102.056260,301.0,,100.0,582.51171875,,0
1782297741.228974,6102.156257,297.0,,100.0,582.51171875,,0
1782297741.328972,6102.256255,299.0,,100.0,582.51171875,,0
1782297741.428970,6102.356255,290.0,,100.0,582.51171875,,0
1782297741.528974,6102.456257,314.0,,100.0,582.51171875,,0
1782297741.628971,6102.556254,300.0,,100.0,582.51171875,,0
1782297741.728973,6102.656258,300.0,,100.0,582.51171875,,0
1782297741.828976,6102.756260,298.0,,100.0,582.51171875,,0
1782297741.928975,6102.856260,301.0,,100.0,582.51171875,,0
1782297742.028976,6102.956259,312.0,,100.0,582.51171875,,0
1782297742.128976,6103.056259,297.0,,100.0,582.51171875,,0
1782297742.228971,6103.156254,301.0,,100.0,582.51171875,,0
1782297742.328973,6103.256258,301.0,,100.0,582.51171875,,0
1782297742.428971,6103.356254,372.0,,100.0,582.51171875,,0
1782297742.528966,6103.456249,302.0,,100.0,582.51171875,,0
1782297742.628976,6103.556261,303.0,,100.0,582.51171875,,0
1782297742.728975,6103.656258,205.0,,100.0,582.51171875,,0
1782297742.828966,6103.756249,299.0,,100.0,582.51171875,,0
1782297742.928973,6103.856257,301.0,,100.0,582.51171875,,0
1782297743.028968,6103.956252,300.0,,100.0,582.51171875,,0
1782297743.128975,6104.056260,298.0,,100.0,582.51171875,,0
1782297743.228973,6104.156257,352.0,,100.0,582.51171875,,0
1782297743.328976,6104.256260,278.0,,100.0,582.51171875,,0
1782297743.428965,6104.356248,220.0,,100.0,582.51171875,,0
1782297743.528974,6104.456257,298.0,,100.0,582.51171875,,0
1782297743.628974,6104.556259,301.0,,100.0,582.51171875,,0
1782297743.728975,6104.656258,305.0,,100.0,582.51171875,,0
1782297743.828976,6104.756259,297.0,,100.0,582.51171875,,0
1782297743.928977,6104.856261,299.0,,100.0,582.51171875,,0
1782297744.028979,6104.956262,295.0,,100.0,582.51171875,,0
1782297744.128978,6105.056263,307.0,,100.0,582.51171875,,0
1782297744.228974,6105.156258,299.0,,100.0,582.51171875,,0
1782297744.328972,6105.256255,296.0,,100.0,582.51171875,,0
1782297744.428981,6105.356266,294.0,,100.0,582.51171875,,0
1782297744.528975,6105.456260,298.0,,100.0,582.51171875,,0
1782297744.628981,6105.556264,299.0,,100.0,582.51171875,,0
1782297744.728965,6105.656248,299.0,,100.0,582.51171875,,0
1782297744.828972,6105.756257,303.0,,100.0,582.51171875,,0
1782297744.928964,6105.856247,299.0,,100.0,582.51171875,,0
1782297745.028975,6105.956258,298.0,,100.0,582.51171875,,0
1782297745.128972,6106.056255,300.0,,100.0,582.51171875,,0
1782297745.228969,6106.156252,298.0,,100.0,582.51171875,,0
1782297745.328966,6106.256251,299.0,,100.0,582.51171875,,0
1782297745.428963,6106.356247,300.0,,100.0,582.51171875,,0
1782297745.528970,6106.456255,301.0,,100.0,582.51171875,,0
1782297745.628976,6106.556260,302.0,,100.0,582.51171875,,0
1782297745.728971,6106.656256,297.0,,100.0,582.51171875,,0
1782297745.828973,6106.756256,298.0,,100.0,582.51171875,,0
1782297745.928967,6106.856250,305.0,,100.0,582.51171875,,0
1782297746.028977,6106.956260,299.0,,100.0,582.51171875,,0
1782297746.128969,6107.056252,294.0,,100.0,582.51171875,,0
1782297746.228971,6107.156254,302.0,,100.0,582.51171875,,0
1782297746.328970,6107.256254,300.0,,100.0,582.51171875,,0
1782297746.428977,6107.356260,297.0,,100.0,582.51171875,,0
1782297746.528969,6107.456252,301.0,,100.0,582.51171875,,0
1782297746.628970,6107.556253,302.0,,100.0,582.51171875,,0
1782297746.728966,6107.656249,298.0,,100.0,582.51171875,,0
1782297746.828974,6107.756257,298.0,,100.0,582.51171875,,0
1782297746.928967,6107.856252,299.0,,100.0,582.51171875,,0
1782297747.028976,6107.956259,300.0,,100.0,582.51171875,,0
1782297747.128977,6108.056261,298.0,,100.0,582.51171875,,0
1782297747.228970,6108.156253,299.0,,100.0,582.51171875,,0
1782297747.328974,6108.256259,304.0,,100.0,582.51171875,,0
1782297747.428968,6108.356253,298.0,,100.0,582.51171875,,0
1782297747.528971,6108.456255,297.0,,100.0,582.51171875,,0
1782297747.628975,6108.556259,307.0,,100.0,582.51171875,,0
1782297747.728964,6108.656249,289.0,,100.0,582.51171875,,0
1782297747.828973,6108.756257,305.0,,100.0,582.51171875,,0
1782297747.928970,6108.856253,300.0,,100.0,582.51171875,,0
1782297748.028973,6108.956256,298.0,,100.0,582.51171875,,0
1782297748.128966,6109.056250,299.0,,100.0,582.51171875,,0
1782297748.228989,6109.156273,301.0,,100.0,582.51171875,,0
1782297748.328977,6109.256260,302.0,,100.0,582.51171875,,0
1782297748.428972,6109.356256,299.0,,100.0,582.51171875,,0
1782297748.528971,6109.456255,296.0,,100.0,582.51171875,,0
1782297748.628965,6109.556248,300.0,,100.0,582.51171875,,0
1782297748.728975,6109.656260,298.0,,100.0,582.51171875,,0
1782297748.828967,6109.756250,304.0,,100.0,582.51171875,,0
1782297748.928971,6109.856255,296.0,,100.0,582.51171875,,0
1782297749.028968,6109.956252,302.0,,100.0,582.51171875,,0
1782297749.128979,6110.056265,295.0,,100.0,582.51171875,,0
1782297749.228975,6110.156260,300.0,,100.0,582.51171875,,0
1782297749.328965,6110.256249,303.0,,100.0,582.51171875,,0
1782297749.428968,6110.356251,297.0,,100.0,582.51171875,,0
1782297749.528974,6110.456257,301.0,,100.0,582.51171875,,0
1782297749.628972,6110.556255,299.0,,100.0,582.51171875,,0
1782297749.728965,6110.656248,298.0,,100.0,582.51171875,,0
1782297749.828970,6110.756254,298.0,,100.0,582.51171875,,0
1782297749.928890,6110.856174,303.0,,100.0,582.51171875,,0
1782297750.028891,6110.956174,297.0,,100.0,582.51171875,,0
1782297750.128966,6111.056249,305.0,,100.0,582.51171875,,0
1782297750.228971,6111.156254,292.0,,100.0,582.51171875,,0
1782297750.328974,6111.256259,291.0,,100.0,582.51171875,,0
1782297750.428969,6111.356253,295.0,,100.0,582.51171875,,0
1782297750.528974,6111.456257,308.0,,100.0,582.51171875,,0
1782297750.628970,6111.556253,297.0,,100.0,582.51171875,,0
1782297750.728967,6111.656251,297.0,,100.0,582.51171875,,0
1782297750.828970,6111.756254,300.0,,100.0,582.51171875,,0
1782297750.928970,6111.856253,303.0,,100.0,582.51171875,,0
1782297751.028970,6111.956254,301.0,,100.0,582.51171875,,0
1782297751.128987,6112.056271,296.0,,100.0,582.51171875,,0
1782297751.228975,6112.156259,297.0,,100.0,582.51171875,,0
1782297751.328889,6112.256172,300.0,,100.0,582.51171875,,0
1782297751.428975,6112.356260,302.0,,100.0,582.51171875,,0
1782297751.528969,6112.456254,298.0,,100.0,582.51171875,,0
1782297751.628973,6112.556256,299.0,,100.0,582.51171875,,0
1782297751.728970,6112.656253,298.0,,100.0,582.51171875,,0
1782297751.828966,6112.756249,301.0,,100.0,582.51171875,,0
1782297751.928889,6112.856172,374.0,,100.0,582.51171875,,0
1782297752.028971,6112.956255,299.0,,100.0,582.51171875,,0
1782297752.128975,6113.056258,299.0,,100.0,582.51171875,,0
1782297752.228976,6113.156260,300.0,,100.0,582.51171875,,0
1782297752.328979,6113.256262,299.0,,100.0,582.51171875,,0
1782297752.428980,6113.356264,248.0,,100.0,582.51171875,,0
1782297752.528982,6113.456265,272.0,,100.0,582.51171875,,0
1782297752.628981,6113.556265,365.0,,100.0,582.51171875,,0
1782297752.728976,6113.656261,244.0,,100.0,582.51171875,,0
1782297752.828981,6113.756264,335.0,,100.0,582.51171875,,0
1782297752.928977,6113.856260,230.0,,100.0,582.51171875,,0
1782297753.028975,6113.956260,353.0,,100.0,582.51171875,,0
1782297753.129007,6114.056291,372.0,,100.0,582.51171875,,0
1782297753.228979,6114.156262,351.0,,100.0,582.51171875,,0
1782297753.328996,6114.256281,295.0,,100.0,582.51171875,,0
1782297753.428975,6114.356258,220.0,,100.0,582.51171875,,0
1782297753.528888,6114.456172,304.0,,100.0,582.51171875,,0
1782297753.628977,6114.556260,237.0,,100.0,582.51171875,,0
1782297753.728975,6114.656259,203.0,,100.0,582.51171875,,0
1782297753.828972,6114.756255,298.0,,100.0,582.51171875,,0
1782297753.928972,6114.856257,302.0,,100.0,582.51171875,,0
1782297754.028992,6114.956276,301.0,,100.0,582.51171875,,0
1782297754.128965,6115.056249,294.0,,100.0,582.51171875,,0
1782297754.228965,6115.156249,304.0,,100.0,582.51171875,,0
1782297754.328964,6115.256247,301.0,,100.0,582.51171875,,0
1782297754.428976,6115.356261,190.0,,100.0,582.51171875,,0
1782297754.528970,6115.456254,355.0,,100.0,582.51171875,,0
1782297754.628975,6115.556259,281.0,,100.0,582.51171875,,0
1782297754.728964,6115.656247,188.0,,100.0,582.51171875,,0
1782297754.828969,6115.756252,297.0,,100.0,582.51171875,,0
1782297754.928968,6115.856253,295.0,,100.0,582.51171875,,0
1782297755.028968,6115.956251,201.0,,100.0,582.51171875,,0
1782297755.128967,6116.056252,299.0,,100.0,582.51171875,,0
1782297755.228968,6116.156253,303.0,,100.0,582.51171875,,0
1782297755.328968,6116.256253,299.0,,100.0,582.51171875,,0
1782297755.428971,6116.356254,300.0,,100.0,582.51171875,,0
1782297755.528908,6116.456193,259.0,,100.0,582.51171875,,0
1782297755.628970,6116.556253,178.0,,100.0,582.51171875,,0
1782297755.728969,6116.656252,339.0,,100.0,582.51171875,,0
1782297755.828971,6116.756254,211.0,,100.0,582.51171875,,0
1782297755.928971,6116.856254,304.0,,100.0,582.51171875,,0
1782297756.028971,6116.956255,176.0,,100.0,582.51171875,,0
1782297756.128972,6117.056255,249.0,,100.0,582.51171875,,0
1782297756.228887,6117.156170,300.0,,100.0,582.51171875,,0
1782297756.328979,6117.256262,298.0,,100.0,582.51171875,,0
1782297756.428977,6117.356261,296.0,,100.0,582.51171875,,0
1782297756.528889,6117.456172,300.0,,100.0,582.51171875,,0
1782297756.628978,6117.556261,300.0,,100.0,582.51171875,,0
1782297756.728967,6117.656250,302.0,,100.0,582.51171875,,0
1782297756.828973,6117.756257,298.0,,100.0,582.51171875,,0
1782297756.928974,6117.856257,302.0,,100.0,582.51171875,,0
1782297757.028975,6117.956258,296.0,,100.0,582.51171875,,0
1782297757.128977,6118.056261,296.0,,100.0,582.51171875,,0
1782297757.228976,6118.156261,301.0,,100.0,582.51171875,,0
1782297757.328977,6118.256262,306.0,,100.0,582.51171875,,0
1782297757.428978,6118.356263,296.0,,100.0,582.51171875,,0
1782297757.528978,6118.456261,298.0,,100.0,582.51171875,,0
1782297757.628975,6118.556258,300.0,,100.0,582.51171875,,0
1782297757.728975,6118.656258,299.0,,100.0,582.51171875,,0
1782297757.828974,6118.756257,299.0,,100.0,582.51171875,,0
1782297757.928975,6118.856260,302.0,,100.0,582.51171875,,0
1782297758.028977,6118.956260,300.0,,100.0,582.51171875,,0
1782297758.128976,6119.056259,297.0,,100.0,582.51171875,,0
1782297758.228975,6119.156260,302.0,,100.0,582.51171875,,0
1782297758.328977,6119.256260,303.0,,100.0,582.51171875,,0
1782297758.428977,6119.356262,298.0,,100.0,582.51171875,,0
1782297758.528970,6119.456254,301.0,,100.0,582.51171875,,0
1782297758.628976,6119.556259,297.0,,100.0,582.51171875,,0
1782297758.728974,6119.656258,301.0,,100.0,582.51171875,,0
1782297758.828979,6119.756264,297.0,,100.0,582.51171875,,0
1782297758.928974,6119.856257,383.0,,100.0,582.51171875,,0
1782297759.028975,6119.956259,239.0,,100.0,582.51171875,,0
1782297759.128975,6120.056259,297.0,,100.0,582.51171875,,0
1782297759.228976,6120.156259,303.0,,100.0,582.51171875,,0
1782297759.328974,6120.256258,302.0,,100.0,582.51171875,,0
1782297759.428978,6120.356263,297.0,,100.0,582.51171875,,0
1782297759.528977,6120.456261,300.0,,100.0,582.51171875,,0
1782297759.628974,6120.556258,300.0,,100.0,582.51171875,,0
1782297759.728977,6120.656261,297.0,,100.0,582.51171875,,0
1782297759.828983,6120.756268,300.0,,100.0,582.51171875,,0
1782297759.928979,6120.856263,298.0,,100.0,582.51171875,,0
1782297760.028977,6120.956261,300.0,,100.0,582.51171875,,0
1782297760.128975,6121.056260,300.0,,100.0,582.51171875,,0
1782297760.228975,6121.156258,390.0,,100.0,582.51171875,,0
1782297760.328976,6121.256260,299.0,,100.0,582.51171875,,0
1782297760.428976,6121.356259,296.0,,100.0,582.51171875,,0
1782297760.528976,6121.456259,303.0,,100.0,582.51171875,,0
1782297760.628973,6121.556256,299.0,,100.0,582.51171875,,0
1782297760.728977,6121.656261,300.0,,100.0,582.51171875,,0
1782297760.828974,6121.756258,294.0,,100.0,582.51171875,,0
1782297760.928980,6121.856265,226.0,,99.0,582.51171875,,0
1782297761.028975,6121.956259,304.0,,100.0,582.51171875,,0
1782297761.128973,6122.056257,302.0,,100.0,582.51171875,,0
1782297761.228977,6122.156260,293.0,,100.0,582.51171875,,0
1782297761.328977,6122.256260,305.0,,100.0,582.51171875,,0
1782297761.428976,6122.356260,298.0,,100.0,582.51171875,,0
1782297761.528977,6122.456260,178.0,,100.0,582.51171875,,0
1782297761.628976,6122.556259,301.0,,100.0,582.51171875,,0
1782297761.728978,6122.656262,351.0,,100.0,582.51171875,,0
1782297761.828976,6122.756260,294.0,,100.0,582.51171875,,0
1782297761.928982,6122.856266,309.0,,100.0,582.51171875,,0
1782297762.028976,6122.956259,297.0,,100.0,582.51171875,,0
1782297762.128976,6123.056260,300.0,,100.0,582.51171875,,0
1782297762.228974,6123.156258,201.0,,100.0,582.51171875,,0
1782297762.328974,6123.256258,240.0,,100.0,582.51171875,,0
1782297762.428976,6123.356259,284.0,,100.0,582.51171875,,0
1782297762.528975,6123.456259,296.0,,99.0,582.51171875,,0
1782297762.628976,6123.556259,304.0,,100.0,582.51171875,,0
1782297762.728978,6123.656262,296.0,,100.0,582.51171875,,0
1782297762.828979,6123.756263,305.0,,100.0,582.51171875,,0
1782297762.928979,6123.856264,321.0,,100.0,582.51171875,,0
1782297763.028977,6123.956261,347.0,,100.0,582.51171875,,0
1782297763.128975,6124.056258,278.0,,100.0,582.51171875,,0
1782297763.228977,6124.156262,320.0,,99.0,582.51171875,,0
1782297763.328977,6124.256260,299.0,,100.0,582.51171875,,0
1782297763.428977,6124.356261,302.0,,100.0,582.51171875,,0
1782297763.528974,6124.456258,297.0,,100.0,582.51171875,,0
1782297763.628975,6124.556260,302.0,,100.0,582.51171875,,0
1782297763.728978,6124.656261,296.0,,100.0,582.51171875,,0
1782297763.828977,6124.756261,306.0,,100.0,582.51171875,,0
1782297763.928975,6124.856258,294.0,,100.0,582.51171875,,0
1782297764.028977,6124.956260,305.0,,100.0,582.51171875,,0
1782297764.128974,6125.056258,297.0,,100.0,582.51171875,,0
1782297764.228975,6125.156258,301.0,,100.0,582.51171875,,0
1782297764.328978,6125.256261,300.0,,100.0,582.51171875,,0
1782297764.428976,6125.356260,297.0,,100.0,582.51171875,,0
1782297764.528985,6125.456268,296.0,,100.0,582.51171875,,0
1782297764.628983,6125.556267,306.0,,100.0,582.51171875,,0
1782297764.728979,6125.656264,297.0,,100.0,582.51171875,,0
1782297764.828976,6125.756259,297.0,,100.0,582.51171875,,0
1782297764.928976,6125.856261,300.0,,100.0,582.51171875,,0
1782297765.028975,6125.956259,300.0,,100.0,582.51171875,,0
1782297765.128968,6126.056252,298.0,,100.0,582.51171875,,0
1782297765.228982,6126.156265,295.0,,100.0,582.51171875,,0
1782297765.328975,6126.256258,298.0,,100.0,582.51171875,,0
1782297765.428977,6126.356260,301.0,,100.0,582.51171875,,0
1782297765.528970,6126.456254,300.0,,100.0,582.51171875,,0
1782297765.628974,6126.556258,300.0,,100.0,582.51171875,,0
1782297765.728976,6126.656261,300.0,,100.0,582.51171875,,0
1782297765.828975,6126.756259,297.0,,100.0,582.51171875,,0
1782297765.928978,6126.856261,300.0,,100.0,582.51171875,,0
1782297766.028975,6126.956258,300.0,,100.0,582.51171875,,0
1782297766.128977,6127.056261,304.0,,100.0,582.51171875,,0
1782297766.228976,6127.156260,298.0,,100.0,582.51171875,,0
1782297766.328978,6127.256261,25.0,,3.0,582.51171875,,0
1782297766.428977,6127.356260,24.0,,3.0,582.51171875,,0
1782297766.528977,6127.456260,26.0,,3.0,582.51171875,,0
1782297766.628977,6127.556262,23.0,,3.0,582.51171875,,0
1782297766.728980,6127.656263,21.0,,3.0,582.51171875,,0
1782297766.828974,6127.756257,24.0,,3.0,582.51171875,,0
1782297766.928981,6127.856266,24.0,,3.0,582.51171875,,0
1782297767.028974,6127.956257,25.0,,3.0,582.51171875,,0
1782297767.128981,6128.056264,25.0,,3.0,582.51171875,,0
1782297767.228974,6128.156257,25.0,,3.0,582.51171875,,0
1782297767.328977,6128.256260,25.0,,3.0,582.51171875,,0
1782297767.428975,6128.356259,24.0,,3.0,582.51171875,,0
1782297767.528974,6128.456257,23.0,,3.0,582.51171875,,0
1782297767.628977,6128.556260,25.0,,3.0,582.51171875,,0
1782297767.728973,6128.656257,24.0,,3.0,582.51171875,,0
1782297767.828981,6128.756265,25.0,,3.0,582.51171875,,0
1782297767.928974,6128.856258,25.0,,3.0,582.51171875,,0
1782297768.028978,6128.956261,24.0,,3.0,582.51171875,,0
1782297768.128975,6129.056259,25.0,,3.0,582.51171875,,0
1782297768.228975,6129.156259,25.0,,3.0,582.51171875,,0
1782297768.328976,6129.256259,25.0,,3.0,582.51171875,,0
1782297768.428972,6129.356256,27.0,,3.0,582.51171875,,0
1782297768.528975,6129.456259,25.0,,3.0,582.51171875,,0
1782297768.628975,6129.556259,25.0,,3.0,582.51171875,,0
1782297768.728975,6129.656260,25.0,,3.0,582.51171875,,0
1782297768.828976,6129.756260,24.0,,3.0,582.51171875,,0
1782297768.928980,6129.856263,24.0,,3.0,582.51171875,,0
1782297769.028973,6129.956256,23.0,,3.0,582.51171875,,0
1782297769.128978,6130.056262,24.0,,3.0,582.51171875,,0
1782297769.228980,6130.156265,24.0,,3.0,582.51171875,,0
1782297769.328974,6130.256258,26.0,,2.0,582.51171875,,0
1782297769.428975,6130.356258,23.0,,3.0,582.51171875,,0
1782297769.528974,6130.456258,23.0,,3.0,582.51171875,,0
1782297769.628973,6130.556257,24.0,,2.0,582.51171875,,0
1782297769.728975,6130.656258,24.0,,3.0,582.51171875,,0
1782297769.828979,6130.756262,27.0,,2.0,582.51171875,,0
1782297769.928976,6130.856259,26.0,,3.0,582.51171875,,0
1782297770.028978,6130.956261,27.0,,4.0,582.51171875,,0
1782297770.128982,6131.056265,24.0,,3.0,582.51171875,,0
1782297770.228974,6131.156257,24.0,,3.0,582.51171875,,0
1782297770.328982,6131.256265,24.0,,4.0,582.51171875,,0
1782297770.428977,6131.356260,25.0,,3.0,582.51171875,,0
1782297770.528980,6131.456266,24.0,,2.0,582.51171875,,0
1782297770.628975,6131.556258,26.0,,3.0,582.51171875,,0
1782297770.728975,6131.656258,24.0,,2.0,582.51171875,,0
1782297770.828977,6131.756260,23.0,,3.0,582.51171875,,0
1782297770.928975,6131.856258,24.0,,3.0,582.51171875,,0
1782297771.028976,6131.956259,24.0,,3.0,582.51171875,,0
1782297771.128974,6132.056257,24.0,,3.0,582.51171875,,0
1782297771.228972,6132.156255,24.0,,3.0,582.51171875,,0
1782297771.328969,6132.256255,141.0,,74.0,582.51171875,,0
1782297771.428979,6132.356263,251.0,,100.0,582.51171875,,0
1782297771.528971,6132.456255,254.0,,100.0,582.51171875,,0
1782297771.628978,6132.556263,315.0,,100.0,582.51171875,,0
1782297771.728892,6132.656175,309.0,,100.0,582.51171875,,0
1782297771.828968,6132.756251,301.0,,100.0,582.51171875,,0
1782297771.928974,6132.856258,301.0,,100.0,582.51171875,,0
1782297772.028971,6132.956256,300.0,,100.0,582.51171875,,0
1782297772.128975,6133.056260,287.0,,100.0,582.51171875,,0
1782297772.228968,6133.156252,312.0,,100.0,582.51171875,,0
1782297772.328972,6133.256255,292.0,,100.0,582.51171875,,0
1782297772.428972,6133.356257,305.0,,100.0,582.51171875,,0
1782297772.528973,6133.456256,296.0,,100.0,582.51171875,,0
1782297772.628973,6133.556257,307.0,,100.0,582.51171875,,0
1782297772.728964,6133.656247,296.0,,100.0,582.51171875,,0
1782297772.828979,6133.756264,290.0,,100.0,582.51171875,,0
1782297772.928967,6133.856250,290.0,,100.0,582.51171875,,0
1782297773.028970,6133.956253,295.0,,100.0,582.51171875,,0
1782297773.128968,6134.056253,306.0,,100.0,582.51171875,,0
1782297773.228974,6134.156258,301.0,,100.0,582.51171875,,0
1782297773.328974,6134.256257,302.0,,100.0,582.51171875,,0
1782297773.428966,6134.356249,295.0,,100.0,582.51171875,,0
1782297773.528972,6134.456256,302.0,,100.0,582.51171875,,0
1782297773.628973,6134.556257,299.0,,100.0,582.51171875,,0
1782297773.728974,6134.656258,299.0,,100.0,582.51171875,,0
1782297773.828976,6134.756260,298.0,,100.0,582.51171875,,0
1782297773.928972,6134.856255,300.0,,100.0,582.51171875,,0
1782297774.028971,6134.956255,301.0,,100.0,582.51171875,,0
1782297774.128976,6135.056260,300.0,,100.0,582.51171875,,0
1782297774.228971,6135.156256,300.0,,100.0,582.51171875,,0
1782297774.328969,6135.256253,299.0,,100.0,582.51171875,,0
1782297774.428966,6135.356250,300.0,,100.0,582.51171875,,0
1782297774.528970,6135.456255,208.0,,100.0,582.51171875,,0
1782297774.628977,6135.556262,345.0,,100.0,582.51171875,,0
1782297774.728975,6135.656260,300.0,,100.0,582.51171875,,0
1782297774.828984,6135.756268,299.0,,100.0,582.51171875,,0
1782297774.928976,6135.856260,299.0,,100.0,582.51171875,,0
1782297775.028975,6135.956259,303.0,,100.0,582.51171875,,0
1782297775.128977,6136.056262,299.0,,100.0,582.51171875,,0
1782297775.228983,6136.156266,298.0,,100.0,582.51171875,,0
1782297775.328969,6136.256252,300.0,,100.0,582.51171875,,0
1782297775.428975,6136.356260,300.0,,100.0,582.51171875,,0
1782297775.528969,6136.456253,300.0,,100.0,582.51171875,,0
1782297775.628974,6136.556257,298.0,,100.0,582.51171875,,0
1782297775.728974,6136.656258,183.0,,100.0,582.51171875,,0
1782297775.828992,6136.756276,257.0,,100.0,582.51171875,,0
1782297775.928981,6136.856266,237.0,,100.0,582.51171875,,0
1782297776.028974,6136.956257,300.0,,100.0,582.51171875,,0
1782297776.128975,6137.056258,287.0,,100.0,582.51171875,,0
1782297776.228974,6137.156257,300.0,,100.0,582.51171875,,0
1782297776.328970,6137.256253,301.0,,100.0,582.51171875,,0
1782297776.428977,6137.356261,294.0,,100.0,582.51171875,,0
1782297776.528971,6137.456256,302.0,,100.0,582.51171875,,0
1782297776.628979,6137.556263,300.0,,100.0,582.51171875,,0
1782297776.728973,6137.656257,301.0,,100.0,582.51171875,,0
1782297776.828978,6137.756262,300.0,,100.0,582.51171875,,0
1782297776.928978,6137.856262,296.0,,100.0,582.51171875,,0
1782297777.028978,6137.956262,301.0,,100.0,582.51171875,,0
1782297777.128983,6138.056267,297.0,,100.0,582.51171875,,0
1782297777.228978,6138.156263,303.0,,100.0,582.51171875,,0
1782297777.328892,6138.256175,302.0,,100.0,582.51171875,,0
1782297777.428892,6138.356175,297.0,,100.0,582.51171875,,0
1782297777.528978,6138.456261,297.0,,100.0,582.51171875,,0
1782297777.628975,6138.556259,299.0,,100.0,582.51171875,,0
1782297777.728971,6138.656256,299.0,,100.0,582.51171875,,0
1782297777.828971,6138.756254,301.0,,100.0,582.51171875,,0
1782297777.928967,6138.856251,298.0,,100.0,582.51171875,,0
1782297778.028975,6138.956260,304.0,,100.0,582.51171875,,0
1782297778.128974,6139.056257,296.0,,100.0,582.51171875,,0
1782297778.228972,6139.156255,299.0,,100.0,582.51171875,,0
1782297778.328986,6139.256269,304.0,,100.0,582.51171875,,0
1782297778.428976,6139.356261,300.0,,100.0,582.51171875,,0
1782297778.528973,6139.456258,294.0,,100.0,582.51171875,,0
1782297778.628973,6139.556257,301.0,,100.0,582.51171875,,0
1782297778.728969,6139.656254,300.0,,100.0,582.51171875,,0
1782297778.828974,6139.756257,299.0,,100.0,582.51171875,,0
1782297778.928968,6139.856251,297.0,,100.0,582.51171875,,0
1782297779.028968,6139.956252,303.0,,100.0,582.51171875,,0
1782297779.128970,6140.056255,298.0,,100.0,582.51171875,,0
1782297779.228977,6140.156261,301.0,,100.0,582.51171875,,0
1782297779.328965,6140.256248,301.0,,100.0,582.51171875,,0
1782297779.428971,6140.356254,295.0,,100.0,582.51171875,,0
1782297779.528978,6140.456263,301.0,,100.0,582.51171875,,0
1782297779.628983,6140.556267,300.0,,100.0,582.51171875,,0
1782297779.728971,6140.656255,298.0,,100.0,582.51171875,,0
1782297779.828970,6140.756254,301.0,,100.0,582.51171875,,0
1782297779.928975,6140.856260,301.0,,100.0,582.51171875,,0
1782297780.028975,6140.956259,299.0,,100.0,582.51171875,,0
1782297780.128970,6141.056253,298.0,,100.0,582.51171875,,0
1782297780.228972,6141.156256,297.0,,100.0,582.51171875,,0
1782297780.328972,6141.256256,300.0,,100.0,582.51171875,,0
1782297780.428973,6141.356256,300.0,,100.0,582.51171875,,0
1782297780.528975,6141.456258,300.0,,100.0,582.51171875,,0
1782297780.628977,6141.556261,303.0,,100.0,582.51171875,,0
1782297780.728976,6141.656260,299.0,,100.0,582.51171875,,0
1782297780.828982,6141.756265,299.0,,100.0,582.51171875,,0
1782297780.928977,6141.856261,297.0,,100.0,582.51171875,,0
1782297781.028983,6141.956267,300.0,,100.0,582.51171875,,0
1782297781.128976,6142.056259,298.0,,100.0,582.51171875,,0
1782297781.228977,6142.156262,301.0,,100.0,582.51171875,,0
1782297781.328979,6142.256263,297.0,,100.0,582.51171875,,0
1782297781.428979,6142.356263,298.0,,100.0,582.51171875,,0
1782297781.528980,6142.456263,248.0,,100.0,582.51171875,,0
1782297781.628979,6142.556264,296.0,,100.0,582.51171875,,0
1782297781.728979,6142.656263,301.0,,100.0,582.51171875,,0
1782297781.828981,6142.756266,300.0,,100.0,582.51171875,,0
1782297781.928982,6142.856266,300.0,,100.0,582.51171875,,0
1782297782.028976,6142.956261,230.0,,100.0,582.51171875,,0
1782297782.128976,6143.056261,301.0,,100.0,582.51171875,,0
1782297782.228982,6143.156265,301.0,,100.0,582.51171875,,0
1782297782.328969,6143.256252,247.0,,100.0,582.51171875,,0
1782297782.428971,6143.356254,264.0,,99.0,582.51171875,,0
1782297782.528977,6143.456261,243.0,,100.0,582.51171875,,0
1782297782.628976,6143.556260,209.0,,99.0,582.51171875,,0
1782297782.728967,6143.656252,188.0,,100.0,582.51171875,,0
1782297782.828977,6143.756261,301.0,,100.0,582.51171875,,0
1782297782.928971,6143.856254,301.0,,100.0,582.51171875,,0
1782297783.028975,6143.956259,315.0,,100.0,582.51171875,,0
1782297783.128973,6144.056257,302.0,,100.0,582.51171875,,0
1782297783.228975,6144.156259,299.0,,100.0,582.51171875,,0
1782297783.328979,6144.256263,291.0,,100.0,582.51171875,,0
1782297783.428997,6144.356281,292.0,,100.0,582.51171875,,0
1782297783.528974,6144.456258,308.0,,100.0,582.51171875,,0
1782297783.628973,6144.556257,297.0,,100.0,582.51171875,,0
1782297783.728979,6144.656263,299.0,,100.0,582.51171875,,0
1782297783.828977,6144.756261,260.0,,100.0,582.51171875,,0
1782297783.928979,6144.856262,177.0,,100.0,582.51171875,,0
1782297784.028975,6144.956260,313.0,,100.0,582.51171875,,0
1782297784.128971,6145.056255,385.0,,100.0,582.51171875,,0
1782297784.228975,6145.156258,303.0,,100.0,582.51171875,,0
1782297784.328970,6145.256253,245.0,,100.0,582.51171875,,0
1782297784.428979,6145.356263,229.0,,100.0,582.51171875,,0
1782297784.528976,6145.456260,305.0,,100.0,582.51171875,,0
1782297784.628970,6145.556253,403.0,,100.0,582.51171875,,0
1782297784.728976,6145.656260,239.0,,100.0,582.51171875,,0
1782297784.828969,6145.756254,187.0,,100.0,582.51171875,,0
1782297784.928973,6145.856256,247.0,,100.0,582.51171875,,0
1782297785.028977,6145.956262,301.0,,100.0,582.51171875,,0
1782297785.128976,6146.056259,289.0,,100.0,582.51171875,,0
1782297785.228969,6146.156254,303.0,,100.0,582.51171875,,0
1782297785.328979,6146.256264,298.0,,100.0,582.51171875,,0
1782297785.428974,6146.356258,300.0,,100.0,582.51171875,,0
1782297785.528965,6146.456248,299.0,,100.0,582.51171875,,0
1782297785.628978,6146.556262,299.0,,100.0,582.51171875,,0
1782297785.728975,6146.656258,297.0,,100.0,582.51171875,,0
1782297785.828976,6146.756259,301.0,,100.0,582.51171875,,0
1782297785.928975,6146.856259,300.0,,99.0,582.51171875,,0
1782297786.028978,6146.956263,374.0,,100.0,582.51171875,,0
1782297786.128971,6147.056255,299.0,,100.0,582.51171875,,0
1782297786.228975,6147.156259,299.0,,100.0,582.51171875,,0
1782297786.328976,6147.256259,298.0,,100.0,582.51171875,,0
1782297786.428970,6147.356255,304.0,,100.0,582.51171875,,0
1782297786.528975,6147.456258,297.0,,100.0,582.51171875,,0
1782297786.628975,6147.556258,300.0,,100.0,582.51171875,,0
1782297786.728974,6147.656257,299.0,,100.0,582.51171875,,0
1782297786.828980,6147.756264,301.0,,100.0,582.51171875,,0
1782297786.928976,6147.856259,302.0,,100.0,582.51171875,,0
1782297787.028977,6147.956260,300.0,,100.0,582.51171875,,0
1782297787.128973,6148.056258,299.0,,100.0,582.51171875,,0
1782297787.228977,6148.156261,296.0,,100.0,582.51171875,,0
1782297787.328980,6148.256264,300.0,,100.0,582.51171875,,0
1782297787.428982,6148.356265,298.0,,100.0,582.51171875,,0
1782297787.528981,6148.456264,306.0,,100.0,582.51171875,,0
1782297787.628982,6148.556265,293.0,,100.0,582.51171875,,0
1782297787.728980,6148.656263,302.0,,100.0,582.51171875,,0
1782297787.828982,6148.756265,296.0,,100.0,582.51171875,,0
1782297787.928982,6148.856265,300.0,,100.0,582.51171875,,0
1782297788.028978,6148.956263,302.0,,100.0,582.51171875,,0
1782297788.128979,6149.056264,298.0,,100.0,582.51171875,,0
1782297788.228973,6149.156256,301.0,,100.0,582.51171875,,0
1782297788.328977,6149.256262,300.0,,100.0,582.51171875,,0
1782297788.428978,6149.356262,298.0,,100.0,582.51171875,,0
1782297788.528978,6149.456261,301.0,,100.0,582.51171875,,0
1782297788.628981,6149.556265,302.0,,100.0,582.51171875,,0
1782297788.728979,6149.656262,298.0,,100.0,582.51171875,,0
1782297788.828981,6149.756265,300.0,,100.0,582.51171875,,0
1782297788.928977,6149.856261,299.0,,100.0,582.51171875,,0
1782297789.028973,6149.956256,299.0,,100.0,582.51171875,,0
1782297789.128977,6150.056262,298.0,,100.0,582.51171875,,0
1782297789.228975,6150.156260,301.0,,100.0,582.51171875,,0
1782297789.328978,6150.256263,297.0,,100.0,582.51171875,,0
1782297789.428979,6150.356262,301.0,,100.0,582.51171875,,0
1782297789.528981,6150.456264,299.0,,100.0,582.51171875,,0
1782297789.628967,6150.556251,301.0,,100.0,582.51171875,,0
1782297789.728977,6150.656260,298.0,,100.0,582.51171875,,0
1782297789.828975,6150.756259,300.0,,100.0,582.51171875,,0
1782297789.928969,6150.856253,299.0,,100.0,582.51171875,,0
1782297790.028975,6150.956259,301.0,,100.0,582.51171875,,0
1782297790.128982,6151.056266,298.0,,100.0,582.51171875,,0
1782297790.228978,6151.156262,300.0,,100.0,582.51171875,,0
1782297790.328964,6151.256249,299.0,,100.0,582.51171875,,0
1782297790.428974,6151.356257,302.0,,100.0,582.51171875,,0
1782297790.528971,6151.456255,301.0,,100.0,582.51171875,,0
1782297790.628970,6151.556253,300.0,,100.0,582.51171875,,0
1782297790.728982,6151.656265,300.0,,100.0,582.51171875,,0
1782297790.828994,6151.756277,300.0,,100.0,582.51171875,,0
1782297790.928972,6151.856255,300.0,,100.0,582.51171875,,0
1782297791.028967,6151.956250,299.0,,100.0,582.51171875,,0
1782297791.128964,6152.056248,295.0,,100.0,582.51171875,,0
1782297791.228969,6152.156254,297.0,,100.0,582.51171875,,0
1782297791.328974,6152.256259,303.0,,100.0,582.51171875,,0
1782297791.428975,6152.356260,297.0,,100.0,582.51171875,,0
1782297791.528977,6152.456262,299.0,,100.0,582.51171875,,0
1782297791.628973,6152.556257,299.0,,100.0,582.51171875,,0
1782297791.728977,6152.656260,291.0,,100.0,582.51171875,,0
1782297791.828977,6152.756262,304.0,,100.0,582.51171875,,0
1782297791.928968,6152.856252,300.0,,100.0,582.51171875,,0
1782297792.028971,6152.956254,298.0,,100.0,582.51171875,,0
1782297792.128971,6153.056254,302.0,,100.0,582.51171875,,0
1782297792.228981,6153.156264,301.0,,100.0,582.51171875,,0
1782297792.328976,6153.256260,297.0,,100.0,582.51171875,,0
1782297792.428980,6153.356264,299.0,,100.0,582.51171875,,0
1782297792.528983,6153.456267,301.0,,100.0,582.51171875,,0
1782297792.628980,6153.556263,299.0,,100.0,582.51171875,,0
1782297792.728983,6153.656266,301.0,,100.0,582.51171875,,0
1782297792.828981,6153.756264,301.0,,100.0,582.51171875,,0
1782297792.928986,6153.856269,298.0,,100.0,582.51171875,,0
1782297793.028974,6153.956258,300.0,,100.0,582.51171875,,0
1782297793.128981,6154.056264,292.0,,100.0,582.51171875,,0
1782297793.228978,6154.156262,304.0,,100.0,582.51171875,,0
1782297793.328971,6154.256255,271.0,,100.0,582.51171875,,0
1782297793.428979,6154.356262,170.0,,100.0,582.51171875,,0
1782297793.528980,6154.456265,299.0,,100.0,582.51171875,,0
1782297793.628975,6154.556258,300.0,,100.0,582.51171875,,0
1782297793.728974,6154.656259,294.0,,100.0,582.51171875,,0
1782297793.828976,6154.756260,263.0,,100.0,582.51171875,,0
1782297793.928978,6154.856262,302.0,,100.0,582.51171875,,0
1782297794.028978,6154.956261,294.0,,100.0,582.51171875,,0
1782297794.128976,6155.056260,298.0,,100.0,582.51171875,,0
1782297794.228967,6155.156250,303.0,,100.0,582.51171875,,0
1782297794.328975,6155.256258,297.0,,100.0,582.51171875,,0
1782297794.428981,6155.356265,299.0,,100.0,582.51171875,,0
1782297794.528976,6155.456259,301.0,,100.0,582.51171875,,0
1782297794.628974,6155.556258,218.0,,100.0,582.51171875,,0
1782297794.728975,6155.656258,207.0,,100.0,582.51171875,,0
1782297794.828981,6155.756264,304.0,,100.0,582.51171875,,0
1782297794.928976,6155.856259,301.0,,100.0,582.51171875,,0
1782297795.028980,6155.956263,297.0,,100.0,582.51171875,,0
1782297795.128978,6156.056261,298.0,,100.0,582.51171875,,0
1782297795.228975,6156.156258,301.0,,100.0,582.51171875,,0
1782297795.328981,6156.256266,300.0,,100.0,582.51171875,,0
1782297795.428975,6156.356258,299.0,,100.0,582.51171875,,0
1782297795.528981,6156.456264,285.0,,100.0,582.51171875,,0
1782297795.628976,6156.556260,303.0,,100.0,582.51171875,,0
1782297795.728976,6156.656259,300.0,,100.0,582.51171875,,0
1782297795.828975,6156.756258,296.0,,100.0,582.51171875,,0
1782297795.928984,6156.856267,301.0,,100.0,582.51171875,,0
1782297796.028980,6156.956264,300.0,,100.0,582.51171875,,0
1782297796.128979,6157.056262,241.0,,100.0,582.51171875,,0
1782297796.228982,6157.156268,305.0,,100.0,582.51171875,,0
1782297796.328983,6157.256268,290.0,,100.0,582.51171875,,0
1782297796.428983,6157.356267,307.0,,100.0,582.51171875,,0
1782297796.528977,6157.456260,295.0,,100.0,582.51171875,,0
1782297796.628979,6157.556264,302.0,,100.0,582.51171875,,0
1782297796.728977,6157.656261,293.0,,100.0,582.51171875,,0
1782297796.828977,6157.756261,294.0,,100.0,582.51171875,,0
1782297796.928984,6157.856267,310.0,,100.0,582.51171875,,0
1782297797.028980,6157.956263,297.0,,100.0,582.51171875,,0
1782297797.128972,6158.056256,298.0,,100.0,582.51171875,,0
1782297797.228971,6158.156255,300.0,,100.0,582.51171875,,0
1782297797.328973,6158.256256,303.0,,100.0,582.51171875,,0
1782297797.428967,6158.356252,333.0,,100.0,582.51171875,,0
1782297797.528975,6158.456259,296.0,,100.0,582.51171875,,0
1782297797.628970,6158.556256,298.0,,100.0,582.51171875,,0
1782297797.728978,6158.656261,300.0,,100.0,582.51171875,,0
1782297797.828976,6158.756261,295.0,,100.0,582.51171875,,0
1782297797.928975,6158.856259,297.0,,100.0,582.51171875,,0
1782297798.028977,6158.956260,303.0,,100.0,582.51171875,,0
1782297798.128971,6159.056254,301.0,,100.0,582.51171875,,0
1782297798.228972,6159.156256,302.0,,100.0,582.51171875,,0
1782297798.328972,6159.256256,295.0,,100.0,582.51171875,,0
1782297798.428972,6159.356256,298.0,,100.0,582.51171875,,0
1782297798.528975,6159.456259,307.0,,100.0,582.51171875,,0
1782297798.628971,6159.556254,297.0,,100.0,582.51171875,,0
1782297798.728990,6159.656274,299.0,,100.0,582.51171875,,0
1782297798.828975,6159.756258,297.0,,100.0,582.51171875,,0
1782297798.928991,6159.856276,300.0,,100.0,582.51171875,,0
1782297799.028971,6159.956255,301.0,,100.0,582.51171875,,0
1782297799.128974,6160.056259,300.0,,100.0,582.51171875,,0
1782297799.228966,6160.156250,300.0,,100.0,582.51171875,,0
1782297799.328973,6160.256256,298.0,,100.0,582.51171875,,0
1782297799.428973,6160.356256,301.0,,100.0,582.51171875,,0
1782297799.528973,6160.456257,338.0,,99.0,582.51171875,,0
1782297799.628972,6160.556255,307.0,,100.0,582.51171875,,0
1782297799.728974,6160.656259,385.0,,100.0,582.51171875,,0
1782297799.828975,6160.756260,317.0,,100.0,582.51171875,,0
1782297799.928972,6160.856255,398.0,,100.0,582.51171875,,0
1782297800.028980,6160.956264,224.0,,100.0,582.51171875,,0
1782297800.128973,6161.056256,267.0,,100.0,582.51171875,,0
1782297800.228974,6161.156259,203.0,,100.0,582.51171875,,0
1782297800.328973,6161.256256,204.0,,100.0,582.51171875,,0
1782297800.428974,6161.356260,300.0,,100.0,582.51171875,,0
1782297800.528974,6161.456259,301.0,,100.0,582.51171875,,0
1782297800.628973,6161.556258,357.0,,100.0,582.51171875,,0
1782297800.728980,6161.656265,246.0,,100.0,582.51171875,,0
1782297800.828976,6161.756259,318.0,,100.0,582.51171875,,0
1782297800.928975,6161.856260,384.0,,100.0,582.51171875,,0
1782297801.028966,6161.956249,226.0,,100.0,582.51171875,,0
1782297801.128976,6162.056259,302.0,,100.0,582.51171875,,0
1782297801.228975,6162.156259,300.0,,100.0,582.51171875,,0
1782297801.328973,6162.256257,257.0,,100.0,582.51171875,,0
1782297801.428969,6162.356253,301.0,,100.0,582.51171875,,0
1782297801.528974,6162.456257,302.0,,100.0,582.51171875,,0
1782297801.628977,6162.556261,296.0,,100.0,582.51171875,,0
1782297801.728978,6162.656263,302.0,,100.0,582.51171875,,0
1782297801.828975,6162.756259,301.0,,100.0,582.51171875,,0
1782297801.928969,6162.856253,252.0,,100.0,582.51171875,,0
1782297802.028972,6162.956256,303.0,,100.0,582.51171875,,0
1782297802.128973,6163.056258,301.0,,100.0,582.51171875,,0
1782297802.228976,6163.156259,300.0,,100.0,582.51171875,,0
1782297802.328968,6163.256252,297.0,,100.0,582.51171875,,0
1782297802.428971,6163.356254,299.0,,100.0,582.51171875,,0
1782297802.528972,6163.456255,301.0,,100.0,582.51171875,,0
1782297802.628973,6163.556256,299.0,,100.0,582.51171875,,0
1782297802.728983,6163.656267,301.0,,100.0,582.51171875,,0
1782297802.828972,6163.756255,298.0,,100.0,582.51171875,,0
1782297802.928970,6163.856253,299.0,,100.0,582.51171875,,0
1782297803.028976,6163.956260,226.0,,100.0,582.51171875,,0
1782297803.128974,6164.056258,303.0,,100.0,582.51171875,,0
1782297803.228976,6164.156259,299.0,,100.0,582.51171875,,0
1782297803.328966,6164.256249,301.0,,100.0,582.51171875,,0
1782297803.428972,6164.356256,302.0,,100.0,582.51171875,,0
1782297803.528965,6164.456249,299.0,,100.0,582.51171875,,0
1782297803.628977,6164.556261,297.0,,100.0,582.51171875,,0
1782297803.728974,6164.656258,299.0,,100.0,582.51171875,,0
1782297803.828969,6164.756253,301.0,,100.0,582.51171875,,0
1782297803.928971,6164.856255,303.0,,100.0,582.51171875,,0
1782297804.028977,6164.956260,298.0,,100.0,582.51171875,,0
1782297804.128975,6165.056259,303.0,,100.0,582.51171875,,0
1782297804.228972,6165.156255,292.0,,100.0,582.51171875,,0
1782297804.328970,6165.256254,302.0,,100.0,582.51171875,,0
1782297804.428892,6165.356175,304.0,,100.0,582.51171875,,0
1782297804.528966,6165.456250,293.0,,100.0,582.51171875,,0
1782297804.628973,6165.556257,306.0,,100.0,582.51171875,,0
1782297804.728971,6165.656255,293.0,,100.0,582.51171875,,0
1782297804.828975,6165.756259,307.0,,100.0,582.51171875,,0
1782297804.928966,6165.856249,294.0,,100.0,582.51171875,,0
1782297805.028969,6165.956253,303.0,,100.0,582.51171875,,0
1782297805.128973,6166.056256,301.0,,100.0,582.51171875,,0
1782297805.228970,6166.156254,297.0,,100.0,582.51171875,,0
1782297805.328974,6166.256258,295.0,,100.0,582.51171875,,0
1782297805.428972,6166.356255,308.0,,100.0,582.51171875,,0
1782297805.528970,6166.456253,298.0,,100.0,582.51171875,,0
1782297805.628976,6166.556260,296.0,,100.0,582.51171875,,0
1782297805.728971,6166.656255,301.0,,100.0,582.51171875,,0
1782297805.828971,6166.756254,302.0,,100.0,582.51171875,,0
1782297805.928971,6166.856255,297.0,,100.0,582.51171875,,0
1782297806.028980,6166.956264,304.0,,100.0,582.51171875,,0
1782297806.128968,6167.056251,298.0,,100.0,582.51171875,,0
1782297806.228974,6167.156257,297.0,,100.0,582.51171875,,0
1782297806.328981,6167.256264,119.0,,37.0,582.51171875,,0
1782297806.428980,6167.356264,25.0,,3.0,582.51171875,,0
1782297806.528975,6167.456258,26.0,,3.0,582.51171875,,0
1782297806.628975,6167.556258,24.0,,3.0,582.51171875,,0
1782297806.728981,6167.656265,26.0,,3.0,582.51171875,,0
1782297806.828976,6167.756260,23.0,,3.0,582.51171875,,0
1782297806.928977,6167.856262,26.0,,3.0,582.51171875,,0
1782297807.028973,6167.956256,25.0,,3.0,582.51171875,,0
1782297807.128975,6168.056258,25.0,,2.0,582.51171875,,0
1782297807.228976,6168.156259,26.0,,3.0,582.51171875,,0
1782297807.328974,6168.256258,26.0,,3.0,582.51171875,,0
1782297807.428976,6168.356259,25.0,,2.0,582.51171875,,0
1782297807.528981,6168.456265,25.0,,2.0,582.51171875,,0
1782297807.628975,6168.556258,25.0,,3.0,582.51171875,,0
1782297807.728987,6168.656271,25.0,,3.0,582.51171875,,0
1782297807.828974,6168.756258,25.0,,3.0,582.51171875,,0
1782297807.928978,6168.856261,24.0,,2.0,582.51171875,,0
1782297808.028976,6168.956259,22.0,,3.0,582.51171875,,0
1782297808.128977,6169.056262,23.0,,3.0,582.51171875,,0
1782297808.228975,6169.156258,24.0,,3.0,582.51171875,,0
1782297808.328980,6169.256264,24.0,,3.0,582.51171875,,0
1782297808.428976,6169.356260,24.0,,3.0,582.51171875,,0
1782297808.528978,6169.456262,24.0,,3.0,582.51171875,,0
1782297808.628975,6169.556258,25.0,,3.0,582.51171875,,0
1782297808.728974,6169.656258,25.0,,3.0,582.51171875,,0
1782297808.828977,6169.756261,25.0,,2.0,582.51171875,,0
1782297808.928978,6169.856261,25.0,,3.0,582.51171875,,0
1782297809.028980,6169.956264,25.0,,3.0,582.51171875,,0
1782297809.128975,6170.056258,27.0,,2.0,582.51171875,,0
1782297809.228977,6170.156260,25.0,,2.0,582.51171875,,0
1782297809.328976,6170.256260,26.0,,3.0,582.51171875,,0
1782297809.428977,6170.356260,24.0,,3.0,582.51171875,,0
1782297809.528979,6170.456262,24.0,,3.0,582.51171875,,0
1782297809.628983,6170.556268,28.0,,3.0,582.51171875,,0
1782297809.728975,6170.656258,25.0,,3.0,582.51171875,,0
1782297809.828979,6170.756262,26.0,,3.0,582.51171875,,0
1782297809.928976,6170.856259,24.0,,3.0,582.51171875,,0
1782297810.028977,6170.956260,24.0,,3.0,582.51171875,,0
1782297810.128979,6171.056262,24.0,,3.0,582.51171875,,0
1782297810.228975,6171.156258,25.0,,3.0,582.51171875,,0
1782297810.328976,6171.256261,26.0,,3.0,582.51171875,,0
1782297810.428976,6171.356261,27.0,,3.0,582.51171875,,0
1782297810.528980,6171.456264,24.0,,3.0,582.51171875,,0
1782297810.628981,6171.556264,23.0,,3.0,582.51171875,,0
1782297810.728978,6171.656261,26.0,,3.0,582.51171875,,0
1782297810.828975,6171.756259,24.0,,3.0,582.51171875,,0
1782297810.928975,6171.856259,24.0,,3.0,582.51171875,,0
1782297811.028974,6171.956257,24.0,,3.0,582.51171875,,0
1782297811.128976,6172.056259,25.0,,2.0,582.51171875,,0
1782297811.228977,6172.156261,23.0,,3.0,582.51171875,,0
1782297811.328969,6172.256254,130.0,,67.0,582.51171875,,0
1782297811.428978,6172.356262,205.0,,100.0,582.51171875,,0
1782297811.528977,6172.456260,244.0,,100.0,582.51171875,,0
1782297811.628977,6172.556260,293.0,,100.0,582.51171875,,0
1782297811.728975,6172.656259,298.0,,100.0,582.51171875,,0
1782297811.828979,6172.756263,314.0,,100.0,582.51171875,,0
1782297811.928976,6172.856260,299.0,,100.0,582.51171875,,0
1782297812.028973,6172.956258,298.0,,100.0,582.51171875,,0
1782297812.128977,6173.056260,294.0,,100.0,582.51171875,,0
1782297812.228964,6173.156248,297.0,,100.0,582.51171875,,0
1782297812.328974,6173.256258,303.0,,100.0,582.51171875,,0
1782297812.428978,6173.356261,297.0,,100.0,582.51171875,,0
1782297812.528973,6173.456257,301.0,,100.0,582.51171875,,0
1782297812.628977,6173.556261,301.0,,100.0,582.51171875,,0
1782297812.728970,6173.656254,302.0,,100.0,582.51171875,,0
1782297812.828980,6173.756264,296.0,,100.0,582.51171875,,0
1782297812.928981,6173.856264,300.0,,100.0,582.51171875,,0
1782297813.028978,6173.956262,301.0,,100.0,582.51171875,,0
1782297813.128973,6174.056257,299.0,,100.0,582.51171875,,0
1782297813.229000,6174.156285,299.0,,100.0,582.51171875,,0
1782297813.328983,6174.256266,300.0,,100.0,582.51171875,,0
1782297813.428978,6174.356261,297.0,,100.0,582.51171875,,0
1782297813.528990,6174.456275,299.0,,100.0,582.51171875,,0
1782297813.628977,6174.556260,231.0,,100.0,582.51171875,,0
1782297813.728978,6174.656261,274.0,,100.0,582.51171875,,0
1782297813.828979,6174.756262,339.0,,100.0,582.51171875,,0
1782297813.928976,6174.856261,299.0,,100.0,582.51171875,,0
1782297814.028976,6174.956261,298.0,,100.0,582.51171875,,0
1782297814.128979,6175.056264,300.0,,100.0,582.51171875,,0
1782297814.228976,6175.156259,299.0,,100.0,582.51171875,,0
1782297814.328979,6175.256263,301.0,,100.0,582.51171875,,0
1782297814.428976,6175.356260,297.0,,100.0,582.51171875,,0
1782297814.528976,6175.456261,303.0,,100.0,582.51171875,,0
1782297814.628982,6175.556266,295.0,,100.0,582.51171875,,0
1782297814.728977,6175.656262,390.0,,100.0,582.51171875,,0
1782297814.828977,6175.756261,210.0,,100.0,582.51171875,,0
1782297814.928969,6175.856254,297.0,,100.0,582.51171875,,0
1782297815.028979,6175.956262,356.0,,100.0,582.51171875,,0
1782297815.128968,6176.056252,238.0,,100.0,582.51171875,,0
1782297815.228973,6176.156256,382.0,,99.0,582.51171875,,0
1782297815.328985,6176.256269,244.0,,100.0,582.51171875,,0
1782297815.428971,6176.356254,386.0,,100.0,582.51171875,,0
1782297815.528973,6176.456256,335.0,,100.0,582.51171875,,0
1782297815.628973,6176.556257,313.0,,100.0,582.51171875,,0
1782297815.728970,6176.656255,220.0,,100.0,582.51171875,,0
1782297815.828979,6176.756262,313.0,,100.0,582.51171875,,0
1782297815.928973,6176.856257,361.0,,100.0,582.51171875,,0
1782297816.028978,6176.956262,315.0,,99.0,582.51171875,,0
1782297816.128969,6177.056253,253.0,,100.0,582.51171875,,0
1782297816.228976,6177.156259,300.0,,100.0,582.51171875,,0
1782297816.328971,6177.256255,299.0,,100.0,582.51171875,,0
1782297816.428970,6177.356254,298.0,,100.0,582.51171875,,0
1782297816.528974,6177.456258,299.0,,100.0,582.51171875,,0
1782297816.628978,6177.556263,301.0,,100.0,582.51171875,,0
1782297816.728983,6177.656266,298.0,,100.0,582.51171875,,0
1782297816.828974,6177.756257,297.0,,100.0,582.51171875,,0
1782297816.928970,6177.856253,304.0,,100.0,582.51171875,,0
1782297817.028972,6177.956255,302.0,,100.0,582.51171875,,0
1782297817.128889,6178.056172,295.0,,100.0,582.51171875,,0
1782297817.228976,6178.156261,301.0,,100.0,582.51171875,,0
1782297817.328971,6178.256254,300.0,,100.0,582.51171875,,0
1782297817.428974,6178.356258,300.0,,100.0,582.51171875,,0
1782297817.528972,6178.456257,295.0,,100.0,582.51171875,,0
1782297817.628975,6178.556259,304.0,,100.0,582.51171875,,0
1782297817.728969,6178.656252,300.0,,100.0,582.51171875,,0
1782297817.828971,6178.756254,297.0,,100.0,582.51171875,,0
1782297817.928972,6178.856255,301.0,,100.0,582.51171875,,0
1782297818.028971,6178.956254,299.0,,100.0,582.51171875,,0
1782297818.128971,6179.056255,301.0,,100.0,582.51171875,,0
1782297818.228971,6179.156255,295.0,,100.0,582.51171875,,0
1782297818.328972,6179.256256,306.0,,100.0,582.51171875,,0
1782297818.428972,6179.356255,296.0,,100.0,582.51171875,,0
1782297818.528973,6179.456256,299.0,,100.0,582.51171875,,0
1782297818.628973,6179.556256,298.0,,100.0,582.51171875,,0
1782297818.728977,6179.656262,299.0,,100.0,582.51171875,,0
1782297818.828975,6179.756258,300.0,,100.0,582.51171875,,0
1782297818.928984,6179.856267,301.0,,100.0,582.51171875,,0
1782297819.028967,6179.956250,299.0,,100.0,582.51171875,,0
1782297819.128978,6180.056261,298.0,,100.0,582.51171875,,0
1782297819.228970,6180.156253,301.0,,100.0,582.51171875,,0
1782297819.328971,6180.256254,241.0,,100.0,582.51171875,,0
1782297819.428972,6180.356255,229.0,,100.0,582.51171875,,0
1782297819.528972,6180.456255,299.0,,100.0,582.51171875,,0
1782297819.628973,6180.556256,209.0,,100.0,582.51171875,,0
1782297819.728975,6180.656258,299.0,,100.0,582.51171875,,0
1782297819.828887,6180.756170,302.0,,100.0,582.51171875,,0
1782297819.928980,6180.856264,298.0,,100.0,582.51171875,,0
1782297820.028970,6180.956255,302.0,,100.0,582.51171875,,0
1782297820.128971,6181.056254,298.0,,100.0,582.51171875,,0
1782297820.228977,6181.156261,297.0,,100.0,582.51171875,,0
1782297820.328981,6181.256265,307.0,,100.0,582.51171875,,0
1782297820.428972,6181.356256,296.0,,100.0,582.51171875,,0
1782297820.528977,6181.456261,300.0,,100.0,582.51171875,,0
1782297820.628989,6181.556274,310.0,,100.0,582.51171875,,0
1782297820.728971,6181.656254,337.0,,100.0,582.51171875,,0
1782297820.828973,6181.756256,310.0,,100.0,582.51171875,,0
1782297820.928969,6181.856252,302.0,,100.0,582.51171875,,0
1782297821.028977,6181.956262,299.0,,100.0,582.51171875,,0
1782297821.128973,6182.056256,211.0,,100.0,582.51171875,,0
1782297821.228971,6182.156254,300.0,,100.0,582.51171875,,0
1782297821.328972,6182.256257,276.0,,100.0,582.51171875,,0
1782297821.428983,6182.356267,299.0,,100.0,582.51171875,,0
1782297821.528980,6182.456265,299.0,,100.0,582.51171875,,0
1782297821.628887,6182.556170,302.0,,100.0,582.51171875,,0
1782297821.728974,6182.656258,299.0,,100.0,582.51171875,,0
1782297821.828974,6182.756257,298.0,,100.0,582.51171875,,0
1782297821.928975,6182.856258,300.0,,100.0,582.51171875,,0
1782297822.028972,6182.956256,299.0,,100.0,582.51171875,,0
1782297822.128979,6183.056262,298.0,,100.0,582.51171875,,0
1782297822.228975,6183.156258,300.0,,100.0,582.51171875,,0
1782297822.328977,6183.256261,300.0,,100.0,582.51171875,,0
1782297822.428985,6183.356268,299.0,,100.0,582.51171875,,0
1782297822.528886,6183.456169,298.0,,100.0,582.51171875,,0
1782297822.628970,6183.556253,301.0,,100.0,582.51171875,,0
1782297822.728973,6183.656257,297.0,,100.0,582.51171875,,0
1782297822.828972,6183.756256,301.0,,100.0,582.51171875,,0
1782297822.928970,6183.856253,298.0,,100.0,582.51171875,,0
1782297823.028975,6183.956260,304.0,,100.0,582.51171875,,0
1782297823.128976,6184.056260,298.0,,100.0,582.51171875,,0
1782297823.228970,6184.156254,299.0,,100.0,582.51171875,,0
1782297823.328979,6184.256263,249.0,,100.0,582.51171875,,0
1782297823.428972,6184.356257,298.0,,100.0,582.51171875,,0
1782297823.528978,6184.456261,303.0,,100.0,582.51171875,,0
1782297823.628911,6184.556195,298.0,,100.0,582.51171875,,0
1782297823.728977,6184.656261,298.0,,100.0,582.51171875,,0
1782297823.828976,6184.756259,298.0,,100.0,582.51171875,,0
1782297823.928977,6184.856262,305.0,,100.0,582.51171875,,0
1782297824.028981,6184.956266,295.0,,100.0,582.51171875,,0
1782297824.128972,6185.056256,300.0,,100.0,582.51171875,,0
1782297824.228969,6185.156252,299.0,,100.0,582.51171875,,0
1782297824.328974,6185.256257,293.0,,100.0,582.51171875,,0
1782297824.428973,6185.356256,302.0,,100.0,582.51171875,,0
1782297824.528974,6185.456257,299.0,,100.0,582.51171875,,0
1782297824.628970,6185.556255,304.0,,100.0,582.51171875,,0
1782297824.728982,6185.656265,298.0,,100.0,582.51171875,,0
1782297824.828969,6185.756253,300.0,,100.0,582.51171875,,0
1782297824.928986,6185.856271,300.0,,100.0,582.51171875,,0
1782297825.028965,6185.956248,299.0,,100.0,582.51171875,,0
1782297825.128976,6186.056259,299.0,,100.0,582.51171875,,0
1782297825.228970,6186.156253,299.0,,100.0,582.51171875,,0
1782297825.328972,6186.256255,299.0,,100.0,582.51171875,,0
1782297825.428975,6186.356258,301.0,,100.0,582.51171875,,0
1782297825.528971,6186.456255,300.0,,100.0,582.51171875,,0
1782297825.628970,6186.556254,287.0,,100.0,582.51171875,,0
1782297825.728978,6186.656261,299.0,,100.0,582.51171875,,0
1782297825.828977,6186.756262,297.0,,100.0,582.51171875,,0
1782297825.928972,6186.856255,302.0,,100.0,582.51171875,,0
1782297826.028980,6186.956264,302.0,,100.0,582.51171875,,0
1782297826.128976,6187.056260,298.0,,100.0,582.51171875,,0
1782297826.228982,6187.156265,295.0,,100.0,582.51171875,,0
1782297826.328976,6187.256260,306.0,,100.0,582.51171875,,0
1782297826.428981,6187.356265,291.0,,100.0,582.51171875,,0
1782297826.528981,6187.456265,307.0,,100.0,582.51171875,,0
1782297826.628979,6187.556264,297.0,,100.0,582.51171875,,0
1782297826.728977,6187.656261,298.0,,100.0,582.51171875,,0
1782297826.828973,6187.756256,304.0,,100.0,582.51171875,,0
1782297826.928973,6187.856257,294.0,,100.0,582.51171875,,0
1782297827.028978,6187.956262,302.0,,100.0,582.51171875,,0
1782297827.128972,6188.056255,301.0,,100.0,582.51171875,,0
1782297827.228971,6188.156254,302.0,,100.0,582.51171875,,0
1782297827.328982,6188.256267,302.0,,100.0,582.51171875,,0
1782297827.428975,6188.356259,296.0,,100.0,582.51171875,,0
1782297827.528997,6188.456280,297.0,,100.0,582.51171875,,0
1782297827.628975,6188.556259,304.0,,100.0,582.51171875,,0
1782297827.729001,6188.656286,296.0,,100.0,582.51171875,,0
1782297827.828979,6188.756262,302.0,,100.0,582.51171875,,0
1782297827.928978,6188.856261,300.0,,100.0,582.51171875,,0
1782297828.028971,6188.956255,297.0,,100.0,582.51171875,,0
1782297828.128989,6189.056272,301.0,,100.0,582.51171875,,0
1782297828.228972,6189.156258,297.0,,100.0,582.51171875,,0
1782297828.328977,6189.256261,302.0,,100.0,582.51171875,,0
1782297828.428981,6189.356264,299.0,,100.0,582.51171875,,0
1782297828.528975,6189.456259,300.0,,100.0,582.51171875,,0
1782297828.628970,6189.556256,299.0,,100.0,582.51171875,,0
1782297828.728977,6189.656262,301.0,,100.0,582.51171875,,0
1782297828.828977,6189.756261,296.0,,100.0,582.51171875,,0
1782297828.928978,6189.856263,302.0,,100.0,582.51171875,,0
1782297829.028971,6189.956255,295.0,,100.0,582.51171875,,0
1782297829.128970,6190.056254,299.0,,100.0,582.51171875,,0
1782297829.228980,6190.156263,304.0,,100.0,582.51171875,,0
1782297829.328976,6190.256260,298.0,,100.0,582.51171875,,0
1782297829.428976,6190.356259,296.0,,100.0,582.51171875,,0
1782297829.528977,6190.456261,298.0,,100.0,582.51171875,,0
1782297829.628973,6190.556258,304.0,,99.0,582.51171875,,0
1782297829.728980,6190.656263,298.0,,100.0,582.51171875,,0
1782297829.828977,6190.756261,298.0,,100.0,582.51171875,,0
1782297829.928976,6190.856261,296.0,,100.0,582.51171875,,0
1782297830.028980,6190.956265,302.0,,100.0,582.51171875,,0
1782297830.128976,6191.056261,301.0,,100.0,582.51171875,,0
1782297830.228977,6191.156261,226.0,,99.0,582.51171875,,0
1782297830.328979,6191.256263,299.0,,100.0,582.51171875,,0
1782297830.428974,6191.356259,302.0,,100.0,582.51171875,,0
1782297830.528972,6191.456256,299.0,,100.0,582.51171875,,0
1782297830.628975,6191.556259,297.0,,100.0,582.51171875,,0
1782297830.728968,6191.656253,212.0,,99.0,582.51171875,,0
1782297830.828975,6191.756258,236.0,,100.0,582.51171875,,0
1782297830.928976,6191.856259,405.0,,100.0,582.51171875,,0
1782297831.028981,6191.956265,366.0,,100.0,582.51171875,,0
1782297831.128971,6192.056254,245.0,,100.0,582.51171875,,0
1782297831.228977,6192.156260,397.0,,100.0,582.51171875,,0
1782297831.328977,6192.256263,355.0,,100.0,582.51171875,,0
1782297831.428975,6192.356260,297.0,,100.0,582.51171875,,0
1782297831.528978,6192.456261,300.0,,100.0,582.51171875,,0
1782297831.628976,6192.556260,292.0,,100.0,582.51171875,,0
1782297831.728978,6192.656263,306.0,,100.0,582.51171875,,0
1782297831.828980,6192.756264,364.0,,100.0,582.51171875,,0
1782297831.928980,6192.856265,287.0,,100.0,582.51171875,,0
1782297832.028890,6192.956173,301.0,,100.0,582.51171875,,0
1782297832.128979,6193.056263,302.0,,100.0,582.51171875,,0
1782297832.228981,6193.156265,296.0,,100.0,582.51171875,,0
1782297832.328974,6193.256258,298.0,,100.0,582.51171875,,0
1782297832.428979,6193.356263,301.0,,100.0,582.51171875,,0
1782297832.528969,6193.456252,299.0,,100.0,582.51171875,,0
1782297832.628977,6193.556260,274.0,,100.0,582.51171875,,0
1782297832.728973,6193.656257,273.0,,100.0,582.51171875,,0
1782297832.828970,6193.756253,265.0,,99.0,582.51171875,,0
1782297832.928969,6193.856254,295.0,,100.0,582.51171875,,0
1782297833.028974,6193.956258,301.0,,100.0,582.51171875,,0
1782297833.128978,6194.056263,299.0,,100.0,582.51171875,,0
1782297833.228977,6194.156261,210.0,,100.0,582.51171875,,0
1782297833.328911,6194.256195,306.0,,100.0,582.51171875,,0
1782297833.428978,6194.356261,300.0,,100.0,582.51171875,,0
1782297833.528974,6194.456259,302.0,,100.0,582.51171875,,0
1782297833.628969,6194.556252,342.0,,100.0,582.51171875,,0
1782297833.728977,6194.656261,298.0,,100.0,582.51171875,,0
1782297833.828976,6194.756260,341.0,,100.0,582.51171875,,0
1782297833.928972,6194.856255,295.0,,100.0,582.51171875,,0
1782297834.028977,6194.956260,305.0,,100.0,582.51171875,,0
1782297834.128977,6195.056260,244.0,,100.0,582.51171875,,0
1782297834.228973,6195.156257,301.0,,100.0,582.51171875,,0
1782297834.328889,6195.256172,294.0,,100.0,582.51171875,,0
1782297834.428969,6195.356253,297.0,,100.0,582.51171875,,0
1782297834.528979,6195.456263,305.0,,100.0,582.51171875,,0
1782297834.628970,6195.556254,293.0,,100.0,582.51171875,,0
1782297834.728968,6195.656251,295.0,,100.0,582.51171875,,0
1782297834.828966,6195.756251,303.0,,100.0,582.51171875,,0
1782297834.928976,6195.856259,299.0,,100.0,582.51171875,,0
1782297835.028976,6195.956261,302.0,,100.0,582.51171875,,0
1782297835.128976,6196.056261,300.0,,100.0,582.51171875,,0
1782297835.228976,6196.156260,304.0,,100.0,582.51171875,,0
1782297835.328977,6196.256261,298.0,,100.0,582.51171875,,0
1782297835.428978,6196.356261,296.0,,100.0,582.51171875,,0
1782297835.528975,6196.456259,305.0,,100.0,582.51171875,,0
1782297835.628975,6196.556259,297.0,,100.0,582.51171875,,0
1782297835.728976,6196.656260,301.0,,100.0,582.51171875,,0
1782297835.828973,6196.756256,295.0,,100.0,582.51171875,,0
1782297835.928977,6196.856261,303.0,,100.0,582.51171875,,0
1782297836.028969,6196.956254,302.0,,100.0,582.51171875,,0
1782297836.128977,6197.056261,295.0,,100.0,582.51171875,,0
1782297836.228971,6197.156256,366.0,,100.0,582.51171875,,0
1782297836.328975,6197.256258,301.0,,100.0,582.51171875,,0
1782297836.428970,6197.356255,297.0,,100.0,582.51171875,,0
1782297836.528977,6197.456261,301.0,,100.0,582.51171875,,0
1782297836.628979,6197.556263,300.0,,100.0,582.51171875,,0
1782297836.728972,6197.656255,299.0,,100.0,582.51171875,,0
1782297836.828979,6197.756262,299.0,,100.0,582.51171875,,0
1782297836.928971,6197.856255,298.0,,100.0,582.51171875,,0
1782297837.028889,6197.956172,298.0,,100.0,582.51171875,,0
1782297837.128974,6198.056258,296.0,,100.0,582.51171875,,0
1782297837.228972,6198.156255,306.0,,100.0,582.51171875,,0
1782297837.328977,6198.256260,295.0,,100.0,582.51171875,,0
1782297837.428981,6198.356266,302.0,,100.0,582.51171875,,0
1782297837.528978,6198.456265,298.0,,100.0,582.51171875,,0
1782297837.628975,6198.556259,304.0,,100.0,582.51171875,,0
1782297837.728978,6198.656262,298.0,,100.0,582.51171875,,0
1782297837.828974,6198.756257,296.0,,100.0,582.51171875,,0
1782297837.928983,6198.856267,306.0,,100.0,582.51171875,,0
1782297838.028980,6198.956263,296.0,,100.0,582.51171875,,0
1782297838.128975,6199.056258,299.0,,100.0,582.51171875,,0
1782297838.228979,6199.156263,301.0,,100.0,582.51171875,,0
1782297838.328975,6199.256259,296.0,,100.0,582.51171875,,0
1782297838.428978,6199.356262,302.0,,100.0,582.51171875,,0
1782297838.528976,6199.456259,296.0,,100.0,582.51171875,,0
1782297838.628979,6199.556262,302.0,,100.0,582.51171875,,0
1782297838.728977,6199.656262,304.0,,100.0,582.51171875,,0
1782297838.828981,6199.756266,293.0,,100.0,582.51171875,,0
1782297838.928982,6199.856266,292.0,,100.0,582.51171875,,0
1782297839.028974,6199.956258,309.0,,100.0,582.51171875,,0
1782297839.128975,6200.056258,296.0,,100.0,582.51171875,,0
1782297839.228886,6200.156170,296.0,,100.0,582.51171875,,0
1782297839.328983,6200.256266,298.0,,100.0,582.51171875,,0
1782297839.428978,6200.356261,308.0,,100.0,582.51171875,,0
1782297839.528975,6200.456258,298.0,,100.0,582.51171875,,0
1782297839.628978,6200.556261,299.0,,100.0,582.51171875,,0
1782297839.728976,6200.656259,302.0,,100.0,582.51171875,,0
1782297839.828982,6200.756265,298.0,,100.0,582.51171875,,0
1782297839.928978,6200.856261,301.0,,100.0,582.51171875,,0
1782297840.028981,6200.956265,300.0,,100.0,582.51171875,,0
1782297840.128976,6201.056259,296.0,,100.0,582.51171875,,0
1782297840.228976,6201.156260,296.0,,100.0,582.51171875,,0
1782297840.328978,6201.256261,303.0,,100.0,582.51171875,,0
1782297840.428981,6201.356265,297.0,,100.0,582.51171875,,0
1782297840.528978,6201.456262,299.0,,100.0,582.51171875,,0
1782297840.628976,6201.556259,304.0,,100.0,582.51171875,,0
1782297840.728979,6201.656264,297.0,,100.0,582.51171875,,0
1782297840.828978,6201.756261,300.0,,100.0,582.51171875,,0
1782297840.928980,6201.856264,301.0,,100.0,582.51171875,,0
1782297841.028976,6201.956259,297.0,,100.0,582.51171875,,0
1782297841.128994,6202.056279,225.0,,99.0,582.51171875,,0
1782297841.228975,6202.156258,298.0,,100.0,582.51171875,,0
1782297841.328977,6202.256260,297.0,,100.0,582.51171875,,0
1782297841.428976,6202.356259,302.0,,100.0,582.51171875,,0
1782297841.528972,6202.456255,299.0,,100.0,582.51171875,,0
1782297841.628983,6202.556266,298.0,,100.0,582.51171875,,0
1782297841.728981,6202.656264,300.0,,100.0,582.51171875,,0
1782297841.828977,6202.756260,300.0,,100.0,582.51171875,,0
1782297841.928973,6202.856258,298.0,,100.0,582.51171875,,0
1782297842.028980,6202.956263,300.0,,100.0,582.51171875,,0
1782297842.128976,6203.056260,301.0,,100.0,582.51171875,,0
1782297842.228975,6203.156258,297.0,,100.0,582.51171875,,0
1782297842.328976,6203.256261,300.0,,100.0,582.51171875,,0
1782297842.428977,6203.356261,295.0,,100.0,582.51171875,,0
1782297842.528978,6203.456261,303.0,,100.0,582.51171875,,0
1782297842.628978,6203.556261,298.0,,100.0,582.51171875,,0
1782297842.728966,6203.656249,291.0,,100.0,582.51171875,,0
1782297842.828977,6203.756260,305.0,,100.0,582.51171875,,0
1782297842.928975,6203.856258,302.0,,100.0,582.51171875,,0
1782297843.028976,6203.956261,296.0,,100.0,582.51171875,,0
1782297843.128971,6204.056255,304.0,,100.0,582.51171875,,0
1782297843.228971,6204.156256,299.0,,100.0,582.51171875,,0
1782297843.328966,6204.256251,298.0,,100.0,582.51171875,,0
1782297843.428991,6204.356274,299.0,,100.0,582.51171875,,0
1782297843.528973,6204.456256,301.0,,100.0,582.51171875,,0
1782297843.628974,6204.556258,304.0,,100.0,582.51171875,,0
1782297843.728969,6204.656254,299.0,,100.0,582.51171875,,0
1782297843.828970,6204.756254,296.0,,100.0,582.51171875,,0
1782297843.928976,6204.856259,292.0,,100.0,582.51171875,,0
1782297844.028967,6204.956251,300.0,,100.0,582.51171875,,0
1782297844.128973,6205.056256,304.0,,100.0,582.51171875,,0
1782297844.228971,6205.156255,299.0,,100.0,582.51171875,,0
1782297844.328965,6205.256250,296.0,,100.0,582.51171875,,0
1782297844.428986,6205.356271,298.0,,100.0,582.51171875,,0
1782297844.528977,6205.456262,305.0,,100.0,582.51171875,,0
1782297844.628968,6205.556252,301.0,,100.0,582.51171875,,0
1782297844.728980,6205.656264,299.0,,100.0,582.51171875,,0
1782297844.828970,6205.756254,296.0,,100.0,582.51171875,,0
1782297844.928973,6205.856258,301.0,,100.0,582.51171875,,0
1782297845.028977,6205.956260,300.0,,100.0,582.51171875,,0
1782297845.128976,6206.056260,297.0,,100.0,582.51171875,,0
1782297845.228972,6206.156255,301.0,,100.0,582.51171875,,0
1782297845.328973,6206.256256,299.0,,100.0,582.51171875,,0
1782297845.428968,6206.356252,298.0,,100.0,582.51171875,,0
1782297845.528968,6206.456252,302.0,,100.0,582.51171875,,0
1782297845.628975,6206.556259,297.0,,100.0,582.51171875,,0
1782297845.728970,6206.656255,371.0,,100.0,582.51171875,,0
1782297845.828975,6206.756258,400.0,,100.0,582.51171875,,0
1782297845.928967,6206.856251,212.0,,100.0,582.51171875,,0
1782297846.028976,6206.956260,299.0,,100.0,582.51171875,,0
1782297846.128966,6207.056249,280.0,,100.0,582.51171875,,0
1782297846.228997,6207.156281,235.0,,100.0,582.51171875,,0
1782297846.328974,6207.256258,28.0,,3.0,582.51171875,,0
1782297846.428974,6207.356257,25.0,,3.0,582.51171875,,0
1782297846.528976,6207.456260,25.0,,3.0,582.51171875,,0
1782297846.628978,6207.556262,25.0,,3.0,582.51171875,,0
1782297846.728976,6207.656259,25.0,,3.0,582.51171875,,0
1782297846.828974,6207.756258,27.0,,3.0,582.51171875,,0
1782297846.928982,6207.856265,28.0,,3.0,582.51171875,,0
1782297847.028978,6207.956262,26.0,,3.0,582.51171875,,0
1782297847.128979,6208.056264,27.0,,3.0,582.51171875,,0
1782297847.228976,6208.156259,24.0,,3.0,582.51171875,,0
1782297847.328977,6208.256260,24.0,,3.0,582.51171875,,0
1782297847.428978,6208.356262,24.0,,3.0,582.51171875,,0
1782297847.528974,6208.456257,25.0,,4.0,582.51171875,,0
1782297847.628977,6208.556260,25.0,,3.0,582.51171875,,0
1782297847.728979,6208.656265,26.0,,3.0,582.51171875,,0
1782297847.828980,6208.756264,24.0,,3.0,582.51171875,,0
1782297847.928976,6208.856259,25.0,,3.0,582.51171875,,0
1782297848.028978,6208.956261,25.0,,3.0,582.51171875,,0
1782297848.128974,6209.056258,23.0,,2.0,582.51171875,,0
1782297848.228978,6209.156261,24.0,,3.0,582.51171875,,0
1782297848.328977,6209.256260,24.0,,3.0,582.51171875,,0
1782297848.428978,6209.356261,27.0,,3.0,582.51171875,,0
1782297848.528973,6209.456256,24.0,,2.0,582.51171875,,0
1782297848.628977,6209.556261,24.0,,3.0,582.51171875,,0
1782297848.728977,6209.656260,24.0,,3.0,582.51171875,,0
1782297848.828976,6209.756259,26.0,,3.0,582.51171875,,0
1782297848.928976,6209.856260,27.0,,3.0,582.51171875,,0
1782297849.028974,6209.956257,24.0,,3.0,582.51171875,,0
1782297849.128973,6210.056257,23.0,,3.0,582.51171875,,0
1782297849.228976,6210.156260,23.0,,2.0,582.51171875,,0
1782297849.328979,6210.256262,28.0,,3.0,582.51171875,,0
1782297849.428975,6210.356258,27.0,,3.0,582.51171875,,0
1782297849.528976,6210.456260,24.0,,3.0,582.51171875,,0
1782297849.628976,6210.556260,24.0,,2.0,582.51171875,,0
1782297849.728975,6210.656258,24.0,,3.0,582.51171875,,0
1782297849.828977,6210.756262,27.0,,3.0,582.51171875,,0
1782297849.928977,6210.856260,26.0,,3.0,582.51171875,,0
1782297850.028976,6210.956261,24.0,,3.0,582.51171875,,0
1782297850.128977,6211.056261,23.0,,3.0,582.51171875,,0
1782297850.228975,6211.156259,23.0,,3.0,582.51171875,,0
1782297850.328978,6211.256261,23.0,,3.0,582.51171875,,0
1782297850.428981,6211.356265,23.0,,3.0,582.51171875,,0
1782297850.528975,6211.456258,23.0,,3.0,582.51171875,,0
1782297850.628977,6211.556261,24.0,,3.0,582.51171875,,0
1782297850.728977,6211.656260,23.0,,3.0,582.51171875,,0
1782297850.828977,6211.756261,24.0,,3.0,582.51171875,,0
1782297850.928974,6211.856258,25.0,,1.0,582.51171875,,0
1782297851.028977,6211.956260,25.0,,3.0,582.51171875,,0
1782297851.128974,6212.056258,24.0,,3.0,582.51171875,,0
1782297851.228972,6212.156255,25.0,,3.0,582.51171875,,0
1782297851.328969,6212.256253,127.0,,65.0,582.51171875,,0
1782297851.428979,6212.356263,205.0,,100.0,582.51171875,,0
1782297851.528975,6212.456258,238.0,,100.0,582.51171875,,0
1782297851.628974,6212.556258,293.0,,100.0,582.51171875,,0
1782297851.728976,6212.656260,315.0,,100.0,582.51171875,,0
1782297851.828977,6212.756261,306.0,,100.0,582.51171875,,0
1782297851.928973,6212.856256,289.0,,100.0,582.51171875,,0
1782297852.028973,6212.956257,292.0,,100.0,582.51171875,,0
1782297852.128974,6213.056257,296.0,,100.0,582.51171875,,0
1782297852.228975,6213.156259,303.0,,100.0,582.51171875,,0
1782297852.328974,6213.256257,302.0,,100.0,582.51171875,,0
1782297852.428977,6213.356261,298.0,,100.0,582.51171875,,0
1782297852.528974,6213.456257,320.0,,100.0,582.51171875,,0
1782297852.628970,6213.556254,300.0,,100.0,582.51171875,,0
1782297852.728974,6213.656257,310.0,,100.0,582.51171875,,0
1782297852.828971,6213.756254,230.0,,100.0,582.51171875,,0
1782297852.928971,6213.856254,297.0,,100.0,582.51171875,,0
1782297853.028963,6213.956246,218.0,,100.0,582.51171875,,0
1782297853.128983,6214.056266,241.0,,100.0,582.51171875,,0
1782297853.228971,6214.156254,187.0,,100.0,582.51171875,,0
1782297853.328971,6214.256254,306.0,,100.0,582.51171875,,0
1782297853.428971,6214.356254,297.0,,100.0,582.51171875,,0
1782297853.528970,6214.456254,298.0,,100.0,582.51171875,,0
1782297853.628970,6214.556254,299.0,,100.0,582.51171875,,0
1782297853.728889,6214.656172,298.0,,100.0,582.51171875,,0
1782297853.828972,6214.756256,301.0,,100.0,582.51171875,,0
1782297853.928973,6214.856256,191.0,,100.0,582.51171875,,0
1782297854.028973,6214.956258,300.0,,100.0,582.51171875,,0
1782297854.128973,6215.056257,226.0,,100.0,582.51171875,,0
1782297854.228966,6215.156249,310.0,,100.0,582.51171875,,0
1782297854.328971,6215.256256,301.0,,100.0,582.51171875,,0
1782297854.428977,6215.356261,297.0,,100.0,582.51171875,,0
1782297854.528973,6215.456256,302.0,,100.0,582.51171875,,0
1782297854.628964,6215.556247,299.0,,100.0,582.51171875,,0
1782297854.728970,6215.656254,299.0,,100.0,582.51171875,,0
1782297854.828977,6215.756260,301.0,,100.0,582.51171875,,0
1782297854.928981,6215.856266,299.0,,100.0,582.51171875,,0
1782297855.028975,6215.956258,300.0,,100.0,582.51171875,,0
1782297855.128984,6216.056269,301.0,,100.0,582.51171875,,0
1782297855.228975,6216.156258,298.0,,100.0,582.51171875,,0
1782297855.328975,6216.256258,301.0,,100.0,582.51171875,,0
1782297855.428976,6216.356260,298.0,,100.0,582.51171875,,0
1782297855.528979,6216.456262,302.0,,100.0,582.51171875,,0
1782297855.628975,6216.556259,299.0,,100.0,582.51171875,,0
1782297855.728976,6216.656260,299.0,,100.0,582.51171875,,0
1782297855.828982,6216.756265,302.0,,100.0,582.51171875,,0
1782297855.928888,6216.856172,298.0,,100.0,582.51171875,,0
1782297856.028979,6216.956264,302.0,,100.0,582.51171875,,0
1782297856.128978,6217.056263,298.0,,100.0,582.51171875,,0
1782297856.228975,6217.156260,299.0,,100.0,582.51171875,,0
1782297856.328976,6217.256259,299.0,,100.0,582.51171875,,0
1782297856.428886,6217.356170,299.0,,100.0,582.51171875,,0
1782297856.528976,6217.456259,300.0,,100.0,582.51171875,,0
1782297856.628975,6217.556258,299.0,,100.0,582.51171875,,0
1782297856.728975,6217.656259,302.0,,100.0,582.51171875,,0
1782297856.828977,6217.756262,299.0,,100.0,582.51171875,,0
1782297856.928974,6217.856258,300.0,,100.0,582.51171875,,0
1782297857.028977,6217.956261,299.0,,100.0,582.51171875,,0
1782297857.128976,6218.056261,300.0,,100.0,582.51171875,,0
1782297857.228977,6218.156262,300.0,,100.0,582.51171875,,0
1782297857.328976,6218.256259,299.0,,100.0,582.51171875,,0
1782297857.428974,6218.356258,299.0,,100.0,582.51171875,,0
1782297857.528983,6218.456267,300.0,,100.0,582.51171875,,0
1782297857.628978,6218.556263,299.0,,100.0,582.51171875,,0
1782297857.728976,6218.656260,300.0,,100.0,582.51171875,,0
1782297857.828976,6218.756259,298.0,,100.0,582.51171875,,0
1782297857.928975,6218.856259,301.0,,100.0,582.51171875,,0
1782297858.028976,6218.956260,297.0,,100.0,582.51171875,,0
1782297858.128975,6219.056258,301.0,,100.0,582.51171875,,0
1782297858.228978,6219.156261,299.0,,100.0,582.51171875,,0
1782297858.328979,6219.256263,301.0,,100.0,582.51171875,,0
1782297858.428975,6219.356260,297.0,,100.0,582.51171875,,0
1782297858.528971,6219.456255,299.0,,100.0,582.51171875,,0
1782297858.628886,6219.556170,300.0,,100.0,582.51171875,,0
1782297858.728971,6219.656254,300.0,,100.0,582.51171875,,0
1782297858.828972,6219.756257,299.0,,100.0,582.51171875,,0
1782297858.928965,6219.856248,298.0,,100.0,582.51171875,,0
1782297859.028965,6219.956250,301.0,,100.0,582.51171875,,0
1782297859.128971,6220.056256,296.0,,100.0,582.51171875,,0
1782297859.228971,6220.156256,193.0,,100.0,582.51171875,,0
1782297859.328982,6220.256265,303.0,,100.0,582.51171875,,0
1782297859.428986,6220.356270,299.0,,100.0,582.51171875,,0
1782297859.528973,6220.456258,302.0,,100.0,582.51171875,,0
1782297859.628972,6220.556257,291.0,,100.0,582.51171875,,0
1782297859.728972,6220.656255,303.0,,100.0,582.51171875,,0
1782297859.828966,6220.756250,296.0,,100.0,582.51171875,,0
1782297859.928964,6220.856247,298.0,,100.0,582.51171875,,0
1782297860.028973,6220.956258,301.0,,100.0,582.51171875,,0
1782297860.128972,6221.056255,300.0,,100.0,582.51171875,,0
1782297860.228967,6221.156250,302.0,,100.0,582.51171875,,0
1782297860.328974,6221.256257,300.0,,100.0,582.51171875,,0
1782297860.428980,6221.356263,301.0,,100.0,582.51171875,,0
1782297860.528971,6221.456256,351.0,,100.0,582.51171875,,0
1782297860.628972,6221.556256,258.0,,100.0,582.51171875,,0
1782297860.728976,6221.656261,371.0,,100.0,582.51171875,,0
1782297860.828976,6221.756260,318.0,,100.0,582.51171875,,0
1782297860.928977,6221.856260,300.0,,100.0,582.51171875,,0
1782297861.028977,6221.956262,301.0,,100.0,582.51171875,,0
1782297861.128975,6222.056260,302.0,,100.0,582.51171875,,0
1782297861.228977,6222.156261,299.0,,100.0,582.51171875,,0
1782297861.328977,6222.256261,298.0,,100.0,582.51171875,,0
1782297861.428977,6222.356260,210.0,,100.0,582.51171875,,0
1782297861.528974,6222.456258,385.0,,100.0,582.51171875,,0
1782297861.628977,6222.556260,300.0,,100.0,582.51171875,,0
1782297861.728977,6222.656261,299.0,,100.0,582.51171875,,0
1782297861.828975,6222.756258,297.0,,100.0,582.51171875,,0
1782297861.928978,6222.856263,204.0,,99.0,582.51171875,,0
1782297862.028983,6222.956267,269.0,,100.0,582.51171875,,0
1782297862.128972,6223.056256,212.0,,100.0,582.51171875,,0
1782297862.228977,6223.156261,290.0,,100.0,582.51171875,,0
1782297862.328981,6223.256266,233.0,,100.0,582.51171875,,0
1782297862.428999,6223.356283,209.0,,100.0,582.51171875,,0
1782297862.528976,6223.456260,300.0,,100.0,582.51171875,,0
1782297862.628983,6223.556266,215.0,,100.0,582.51171875,,0
1782297862.728979,6223.656263,299.0,,100.0,582.51171875,,0
1782297862.828974,6223.756258,304.0,,100.0,582.51171875,,0
1782297862.928965,6223.856248,296.0,,100.0,582.51171875,,0
1782297863.028969,6223.956252,259.0,,100.0,582.51171875,,0
1782297863.128970,6224.056253,214.0,,99.0,582.51171875,,0
1782297863.228971,6224.156255,289.0,,100.0,582.51171875,,0
1782297863.328972,6224.256255,295.0,,100.0,582.51171875,,0
1782297863.428966,6224.356250,301.0,,100.0,582.51171875,,0
1782297863.528974,6224.456259,299.0,,100.0,582.51171875,,0
1782297863.628975,6224.556258,299.0,,100.0,582.51171875,,0
1782297863.728972,6224.656256,299.0,,100.0,582.51171875,,0
1782297863.828975,6224.756258,301.0,,100.0,582.51171875,,0
1782297863.928975,6224.856260,299.0,,100.0,582.51171875,,0
1782297864.028976,6224.956259,298.0,,100.0,582.51171875,,0
1782297864.128969,6225.056252,300.0,,100.0,582.51171875,,0
1782297864.228977,6225.156260,298.0,,100.0,582.51171875,,0
1782297864.328971,6225.256254,298.0,,100.0,582.51171875,,0
1782297864.428966,6225.356251,301.0,,100.0,582.51171875,,0
1782297864.528968,6225.456252,299.0,,100.0,582.51171875,,0
1782297864.628970,6225.556253,298.0,,100.0,582.51171875,,0
1782297864.728972,6225.656255,300.0,,100.0,582.51171875,,0
1782297864.828976,6225.756259,299.0,,100.0,582.51171875,,0
1782297864.928979,6225.856262,304.0,,100.0,582.51171875,,0
1782297865.028980,6225.956264,300.0,,100.0,582.51171875,,0
1782297865.128975,6226.056259,299.0,,100.0,582.51171875,,0
1782297865.228978,6226.156261,298.0,,100.0,582.51171875,,0
1782297865.328976,6226.256259,237.0,,100.0,582.51171875,,0
1782297865.428977,6226.356261,300.0,,100.0,582.51171875,,0
1782297865.528987,6226.456271,299.0,,100.0,582.51171875,,0
1782297865.628976,6226.556261,300.0,,100.0,582.51171875,,0
1782297865.728978,6226.656261,302.0,,100.0,582.51171875,,0
1782297865.828987,6226.756271,300.0,,100.0,582.51171875,,0
1782297865.928972,6226.856255,296.0,,100.0,582.51171875,,0
1782297866.028974,6226.956259,299.0,,100.0,582.51171875,,0
1782297866.128973,6227.056256,304.0,,100.0,582.51171875,,0
1782297866.228889,6227.156172,298.0,,100.0,582.51171875,,0
1782297866.328980,6227.256263,298.0,,100.0,582.51171875,,0
1782297866.428976,6227.356261,299.0,,100.0,582.51171875,,0
1782297866.528973,6227.456257,296.0,,100.0,582.51171875,,0
1782297866.628976,6227.556259,304.0,,100.0,582.51171875,,0
1782297866.728978,6227.656262,301.0,,100.0,582.51171875,,0
1782297866.828966,6227.756249,292.0,,100.0,582.51171875,,0
1782297866.928972,6227.856257,304.0,,100.0,582.51171875,,0
1782297867.028978,6227.956261,297.0,,100.0,582.51171875,,0
1782297867.128976,6228.056261,301.0,,100.0,582.51171875,,0
1782297867.228965,6228.156248,301.0,,100.0,582.51171875,,0
1782297867.328970,6228.256253,302.0,,100.0,582.51171875,,0
1782297867.428977,6228.356260,294.0,,100.0,582.51171875,,0
1782297867.528974,6228.456257,298.0,,100.0,582.51171875,,0
1782297867.628971,6228.556254,302.0,,100.0,582.51171875,,0
1782297867.728965,6228.656249,299.0,,100.0,582.51171875,,0
1782297867.828972,6228.756256,299.0,,100.0,582.51171875,,0
1782297867.928973,6228.856256,297.0,,100.0,582.51171875,,0
1782297868.028965,6228.956248,307.0,,100.0,582.51171875,,0
1782297868.128972,6229.056256,299.0,,100.0,582.51171875,,0
1782297868.228971,6229.156255,295.0,,100.0,582.51171875,,0
1782297868.328971,6229.256256,297.0,,100.0,582.51171875,,0
1782297868.428969,6229.356253,302.0,,100.0,582.51171875,,0
1782297868.528981,6229.456266,299.0,,100.0,582.51171875,,0
1782297868.628969,6229.556253,299.0,,100.0,582.51171875,,0
1782297868.728972,6229.656255,304.0,,100.0,582.51171875,,0
1782297868.828985,6229.756270,296.0,,100.0,582.51171875,,0
1782297868.928977,6229.856260,297.0,,100.0,582.51171875,,0
1782297869.028974,6229.956257,304.0,,100.0,582.51171875,,0
1782297869.128985,6230.056269,300.0,,100.0,582.51171875,,0
1782297869.228972,6230.156255,304.0,,100.0,582.51171875,,0
1782297869.328981,6230.256266,297.0,,100.0,582.51171875,,0
1782297869.428971,6230.356254,297.0,,100.0,582.51171875,,0
1782297869.528975,6230.456258,301.0,,100.0,582.51171875,,0
1782297869.628977,6230.556262,303.0,,100.0,582.51171875,,0
1782297869.728981,6230.656264,291.0,,100.0,582.51171875,,0
1782297869.828972,6230.756257,306.0,,100.0,582.51171875,,0
1782297869.928974,6230.856258,294.0,,100.0,582.51171875,,0
1782297870.028973,6230.956256,306.0,,100.0,582.51171875,,0
1782297870.128976,6231.056259,295.0,,100.0,582.51171875,,0
1782297870.228969,6231.156252,302.0,,100.0,582.51171875,,0
1782297870.328970,6231.256255,298.0,,100.0,582.51171875,,0
1782297870.428889,6231.356172,300.0,,100.0,582.51171875,,0
1782297870.528982,6231.456265,285.0,,100.0,582.51171875,,0
1782297870.628976,6231.556260,297.0,,100.0,582.51171875,,0
1782297870.728974,6231.656259,306.0,,100.0,582.51171875,,0
1782297870.828976,6231.756260,302.0,,100.0,582.51171875,,0
1782297870.928976,6231.856259,301.0,,100.0,582.51171875,,0
1782297871.028964,6231.956248,294.0,,100.0,582.51171875,,0
1782297871.128972,6232.056255,304.0,,100.0,582.51171875,,0
1782297871.228974,6232.156257,300.0,,100.0,582.51171875,,0
1782297871.328968,6232.256252,297.0,,100.0,582.51171875,,0
1782297871.428973,6232.356256,302.0,,100.0,582.51171875,,0
1782297871.528969,6232.456252,292.0,,100.0,582.51171875,,0
1782297871.628972,6232.556255,298.0,,100.0,582.51171875,,0
1782297871.728889,6232.656172,281.0,,100.0,582.51171875,,0
1782297871.828976,6232.756260,298.0,,100.0,582.51171875,,0
1782297871.928975,6232.856259,189.0,,100.0,582.51171875,,0
1782297872.028969,6232.956253,297.0,,100.0,582.51171875,,0
1782297872.128975,6233.056259,300.0,,100.0,582.51171875,,0
1782297872.228973,6233.156257,294.0,,100.0,582.51171875,,0
1782297872.328971,6233.256255,304.0,,100.0,582.51171875,,0
1782297872.428971,6233.356254,279.0,,99.0,582.51171875,,0
1782297872.528975,6233.456260,239.0,,100.0,582.51171875,,0
1782297872.628889,6233.556172,300.0,,100.0,582.51171875,,0
1782297872.728973,6233.656256,296.0,,100.0,582.51171875,,0
1782297872.828971,6233.756256,277.0,,99.0,582.51171875,,0
1782297872.928979,6233.856263,304.0,,100.0,582.51171875,,0
1782297873.028977,6233.956262,352.0,,99.0,582.51171875,,0
1782297873.128970,6234.056253,250.0,,100.0,582.51171875,,0
1782297873.228976,6234.156261,201.0,,100.0,582.51171875,,0
1782297873.328974,6234.256260,303.0,,100.0,582.51171875,,0
1782297873.428969,6234.356252,299.0,,100.0,582.51171875,,0
1782297873.528975,6234.456260,298.0,,100.0,582.51171875,,0
1782297873.628970,6234.556254,376.0,,100.0,582.51171875,,0
1782297873.728972,6234.656256,300.0,,100.0,582.51171875,,0
1782297873.828979,6234.756262,298.0,,100.0,582.51171875,,0
1782297873.928976,6234.856261,298.0,,100.0,582.51171875,,0
1782297874.028981,6234.956266,299.0,,100.0,582.51171875,,0
1782297874.128978,6235.056263,300.0,,100.0,582.51171875,,0
1782297874.228977,6235.156262,298.0,,100.0,582.51171875,,0
1782297874.328973,6235.256258,304.0,,100.0,582.51171875,,0
1782297874.428977,6235.356261,301.0,,100.0,582.51171875,,0
1782297874.528975,6235.456258,288.0,,100.0,582.51171875,,0
1782297874.628975,6235.556258,303.0,,100.0,582.51171875,,0
1782297874.728972,6235.656255,305.0,,100.0,582.51171875,,0
1782297874.828977,6235.756262,296.0,,100.0,582.51171875,,0
1782297874.928972,6235.856255,303.0,,100.0,582.51171875,,0
1782297875.028972,6235.956257,303.0,,100.0,582.51171875,,0
1782297875.128975,6236.056259,297.0,,100.0,582.51171875,,0
1782297875.228978,6236.156263,300.0,,100.0,582.51171875,,0
1782297875.328906,6236.256189,301.0,,100.0,582.51171875,,0
1782297875.428972,6236.356255,296.0,,100.0,582.51171875,,0
1782297875.528973,6236.456256,297.0,,100.0,582.51171875,,0
1782297875.628975,6236.556258,300.0,,100.0,582.51171875,,0
1782297875.728985,6236.656268,299.0,,100.0,582.51171875,,0
1782297875.828974,6236.756259,302.0,,100.0,582.51171875,,0
1782297875.928976,6236.856260,294.0,,100.0,582.51171875,,0
1782297876.028979,6236.956262,303.0,,100.0,582.51171875,,0
1782297876.128975,6237.056258,304.0,,100.0,582.51171875,,0
1782297876.228976,6237.156259,296.0,,100.0,582.51171875,,0
1782297876.328977,6237.256260,298.0,,100.0,582.51171875,,0
1782297876.428978,6237.356261,298.0,,100.0,582.51171875,,0
1782297876.529004,6237.456288,302.0,,100.0,582.51171875,,0
1782297876.628980,6237.556263,301.0,,100.0,582.51171875,,0
1782297876.728978,6237.656262,294.0,,100.0,582.51171875,,0
1782297876.828985,6237.756268,303.0,,100.0,582.51171875,,0
1782297876.928979,6237.856264,299.0,,100.0,582.51171875,,0
1782297877.028970,6237.956255,280.0,,99.0,582.51171875,,0
1782297877.128978,6238.056263,293.0,,100.0,582.51171875,,0
1782297877.228975,6238.156259,208.0,,99.0,582.51171875,,0
1782297877.328976,6238.256260,286.0,,100.0,582.51171875,,0
1782297877.428975,6238.356260,312.0,,100.0,582.51171875,,0
1782297877.528977,6238.456262,287.0,,100.0,582.51171875,,0
1782297877.628975,6238.556258,319.0,,99.0,582.51171875,,0
1782297877.728972,6238.656256,350.0,,100.0,582.51171875,,0
1782297877.828982,6238.756266,219.0,,99.0,582.51171875,,0
1782297877.928981,6238.856266,267.0,,100.0,582.51171875,,0
1782297878.028979,6238.956264,390.0,,99.0,582.51171875,,0
1782297878.128976,6239.056259,221.0,,100.0,582.51171875,,0
1782297878.228975,6239.156259,285.0,,99.0,582.51171875,,0
1782297878.328974,6239.256257,358.0,,100.0,582.51171875,,0
1782297878.428982,6239.356267,351.0,,100.0,582.51171875,,0
1782297878.528978,6239.456261,395.0,,100.0,582.51171875,,0
1782297878.628978,6239.556261,302.0,,100.0,582.51171875,,0
1782297878.728979,6239.656263,277.0,,100.0,582.51171875,,0
1782297878.828974,6239.756258,296.0,,100.0,582.51171875,,0
1782297878.928975,6239.856260,228.0,,100.0,582.51171875,,0
1782297879.028975,6239.956258,359.0,,100.0,582.51171875,,0
1782297879.128979,6240.056264,302.0,,100.0,582.51171875,,0
1782297879.228977,6240.156262,361.0,,100.0,582.51171875,,0
1782297879.328977,6240.256260,312.0,,100.0,582.51171875,,0
1782297879.428969,6240.356255,208.0,,100.0,582.51171875,,0
1782297879.528975,6240.456259,298.0,,100.0,582.51171875,,0
1782297879.628974,6240.556257,295.0,,100.0,582.51171875,,0
1782297879.728978,6240.656261,302.0,,100.0,582.51171875,,0
1782297879.828976,6240.756259,299.0,,100.0,582.51171875,,0
1782297879.928973,6240.856259,294.0,,100.0,582.51171875,,0
1782297880.028973,6240.956257,301.0,,100.0,582.51171875,,0
1782297880.128970,6241.056254,307.0,,100.0,582.51171875,,0
1782297880.228977,6241.156261,296.0,,100.0,582.51171875,,0
1782297880.328979,6241.256262,299.0,,100.0,582.51171875,,0
1782297880.428972,6241.356256,298.0,,100.0,582.51171875,,0
1782297880.528968,6241.456251,302.0,,100.0,582.51171875,,0
1782297880.628968,6241.556251,295.0,,100.0,582.51171875,,0
1782297880.728979,6241.656263,304.0,,100.0,582.51171875,,0
1782297880.828972,6241.756255,295.0,,100.0,582.51171875,,0
1782297880.928976,6241.856259,298.0,,100.0,582.51171875,,0
1782297881.028970,6241.956253,300.0,,100.0,582.51171875,,0
1782297881.129296,6242.056579,304.0,,100.0,582.51171875,,0
1782297881.228973,6242.156256,298.0,,100.0,582.51171875,,0
1782297881.328976,6242.256260,298.0,,100.0,582.51171875,,0
1782297881.428975,6242.356259,295.0,,100.0,582.51171875,,0
1782297881.528972,6242.456255,297.0,,100.0,582.51171875,,0
1782297881.628970,6242.556254,295.0,,100.0,582.51171875,,0
1782297881.728973,6242.656257,309.0,,100.0,582.51171875,,0
1782297881.828980,6242.756264,235.0,,100.0,582.51171875,,0
1782297881.928976,6242.856261,300.0,,100.0,582.51171875,,0
1782297882.028978,6242.956261,300.0,,100.0,582.51171875,,0
1782297882.128971,6243.056254,296.0,,100.0,582.51171875,,0
1782297882.228972,6243.156255,306.0,,100.0,582.51171875,,0
1782297882.328972,6243.256258,295.0,,99.0,582.51171875,,0
1782297882.428975,6243.356259,300.0,,100.0,582.51171875,,0
1782297882.528973,6243.456256,302.0,,100.0,582.51171875,,0
1782297882.628971,6243.556256,301.0,,100.0,582.51171875,,0
1782297882.728974,6243.656258,298.0,,100.0,582.51171875,,0
1782297882.828968,6243.756253,298.0,,100.0,582.51171875,,0
1782297882.928972,6243.856255,301.0,,100.0,582.51171875,,0
1782297883.028977,6243.956262,298.0,,100.0,582.51171875,,0
1782297883.128971,6244.056254,304.0,,100.0,582.51171875,,0
1782297883.228966,6244.156251,300.0,,100.0,582.51171875,,0
1782297883.328967,6244.256251,294.0,,100.0,582.51171875,,0
1782297883.428972,6244.356255,302.0,,100.0,582.51171875,,0
1782297883.528968,6244.456252,301.0,,100.0,582.51171875,,0
1782297883.628973,6244.556258,294.0,,100.0,582.51171875,,0
1782297883.728967,6244.656252,301.0,,100.0,582.51171875,,0
1782297883.828978,6244.756262,303.0,,100.0,582.51171875,,0
1782297883.928970,6244.856254,299.0,,100.0,582.51171875,,0
1782297884.028974,6244.956257,296.0,,100.0,582.51171875,,0
1782297884.128970,6245.056254,294.0,,100.0,582.51171875,,0
1782297884.228978,6245.156261,301.0,,100.0,582.51171875,,0
1782297884.328976,6245.256260,302.0,,100.0,582.51171875,,0
1782297884.428980,6245.356263,301.0,,100.0,582.51171875,,0
1782297884.528977,6245.456261,300.0,,100.0,582.51171875,,0
1782297884.628980,6245.556264,301.0,,100.0,582.51171875,,0
1782297884.728981,6245.656264,295.0,,100.0,582.51171875,,0
1782297884.828984,6245.756268,303.0,,100.0,582.51171875,,0
1782297884.928982,6245.856265,297.0,,100.0,582.51171875,,0
1782297885.028967,6245.956250,299.0,,100.0,582.51171875,,0
1782297885.128974,6246.056258,302.0,,100.0,582.51171875,,0
1782297885.228979,6246.156262,298.0,,100.0,582.51171875,,0
1782297885.328972,6246.256256,301.0,,100.0,582.51171875,,0
1782297885.428966,6246.356251,297.0,,100.0,582.51171875,,0
1782297885.528972,6246.456255,298.0,,100.0,582.51171875,,0
1782297885.628968,6246.556252,303.0,,100.0,582.51171875,,0
1782297885.728972,6246.656255,297.0,,100.0,582.51171875,,0
1782297885.828972,6246.756256,301.0,,100.0,582.51171875,,0
1782297885.928966,6246.856249,359.0,,100.0,582.51171875,,0
1782297886.028971,6246.956255,300.0,,100.0,582.51171875,,0
1782297886.128971,6247.056254,294.0,,100.0,582.51171875,,0
1782297886.228981,6247.156265,309.0,,100.0,582.51171875,,0
1782297886.328987,6247.256271,40.0,,3.0,568.4921875,,0
1782297886.428980,6247.356264,36.0,,3.0,568.4921875,,0
1782297886.528894,6247.456179,31.0,,12.0,399.1484375,,0
1782297886.628990,6247.556275,40.0,,3.0,338.27734375,,0
1782297886.728982,6247.656266,34.0,,1.0,338.27734375,,0
1782297886.828984,6247.756268,18.0,,,338.27734375,,0
1782297886.928983,6247.856268,20.0,,,338.27734375,,0
1782297887.028980,6247.956265,20.0,,,338.27734375,,0
