sample_epoch,mono_s,power_w,energy_uj,gfx_busy_pct,vram_used_mb,sclk_mhz,device_id
1782298300.913000,6661.840283,22.0,,1.0,354.71484375,,0
1782298301.013156,6661.940441,13.0,,1.0,354.71484375,,0
1782298301.113153,6662.040438,13.0,,,354.71484375,,0
1782298301.213148,6662.140433,13.0,,,354.71484375,,0
1782298301.313152,6662.240437,14.0,,,354.71484375,,0
1782298301.415725,6662.343009,14.0,,,354.71484375,,0
1782298301.513057,6662.440340,18.0,,,354.71484375,,0
1782298301.613156,6662.540440,13.0,,,354.71484375,,0
1782298301.713154,6662.640438,12.0,,,354.71484375,,0
1782298301.813155,6662.740439,12.0,,,354.71484375,,0
1782298301.913161,6662.840445,14.0,,,354.71484375,,0
1782298302.013161,6662.940445,12.0,,,354.71484375,,0
1782298302.113157,6663.040441,14.0,,,354.71484375,,0
1782298302.213154,6663.140438,12.0,,,354.71484375,,0
1782298302.313161,6663.240445,12.0,,,354.71484375,,0
1782298302.413155,6663.340440,12.0,,,354.71484375,,0
1782298302.513092,6663.440376,17.0,,,354.71484375,,0
1782298302.613155,6663.540439,12.0,,,354.71484375,,0
1782298302.713154,6663.640438,12.0,,,354.71484375,,0
1782298302.813151,6663.740435,12.0,,,354.71484375,,0
1782298302.913154,6663.840438,12.0,,,354.71484375,,0
1782298303.013157,6663.940441,16.0,,,354.71484375,,0
1782298303.113156,6664.040440,13.0,,1.0,354.71484375,,0
1782298303.213065,6664.140349,12.0,,,354.71484375,,0
1782298303.313151,6664.240435,16.0,,,354.71484375,,0
1782298303.413161,6664.340445,12.0,,,354.71484375,,0
1782298303.513155,6664.440439,13.0,,,354.71484375,,0
1782298303.613156,6664.540440,13.0,,,354.71484375,,0
1782298303.713160,6664.640444,17.0,,,354.71484375,,0
1782298303.813157,6664.740441,12.0,,,354.71484375,,0
1782298303.913163,6664.840448,15.0,,,354.71484375,,0
1782298304.013157,6664.940442,12.0,,,354.71484375,,0
1782298304.113161,6665.040445,13.0,,,354.71484375,,0
1782298304.213156,6665.140440,12.0,,,354.71484375,,0
1782298304.313157,6665.240442,10.0,,,354.71484375,,0
1782298304.413153,6665.340437,11.0,,,354.71484375,,0
1782298304.513151,6665.440435,11.0,,,354.71484375,,0
1782298304.613150,6665.540434,11.0,,,354.71484375,,0
1782298304.713150,6665.640434,15.0,,,354.71484375,,0
1782298304.813156,6665.740441,10.0,,,354.71484375,,0
1782298304.913155,6665.840439,16.0,,,354.71484375,,0
1782298305.013160,6665.940445,11.0,,,354.71484375,,0
1782298305.113152,6666.040435,16.0,,,354.71484375,,0
1782298305.213153,6666.140437,13.0,,,354.71484375,,0
1782298305.313155,6666.240439,18.0,,2.0,354.71484375,,0
1782298305.413148,6666.340432,13.0,,,354.71484375,,0
1782298305.513153,6666.440436,15.0,,,354.71484375,,0
1782298305.613152,6666.540435,12.0,,,354.71484375,,0
1782298305.713152,6666.640437,11.0,,,354.71484375,,0
1782298305.813151,6666.740435,12.0,,,354.71484375,,0
1782298305.913170,6666.840454,13.0,,2.0,354.7578125,,0
1782298306.013149,6666.940432,18.0,,1.0,354.7578125,,0
1782298306.113151,6667.040434,12.0,,,354.7578125,,0
1782298306.213152,6667.140436,13.0,,,354.7578125,,0
1782298306.313153,6667.240437,13.0,,,354.7578125,,0
1782298306.413153,6667.340437,13.0,,,354.7578125,,0
1782298306.513151,6667.440435,11.0,,,354.7578125,,0
1782298306.613154,6667.540438,11.0,,4.0,524.1328125,,0
1782298306.713143,6667.640427,23.0,,20.0,584.90625,,0
1782298306.813160,6667.740445,70.0,,99.0,584.90625,,0
1782298306.913143,6667.840427,79.0,,99.0,584.90625,,0
1782298307.013134,6667.940418,92.0,,99.0,584.90625,,0
1782298307.113144,6668.040429,128.0,,98.0,584.90625,,0
1782298307.213076,6668.140361,146.0,,98.0,584.90625,,0
1782298307.313140,6668.240424,147.0,,98.0,584.90625,,0
1782298307.413143,6668.340428,146.0,,98.0,584.90625,,0
1782298307.513140,6668.440424,146.0,,98.0,584.90625,,0
1782298307.613143,6668.540427,147.0,,98.0,584.90625,,0
1782298307.713151,6668.640435,149.0,,98.0,584.90625,,0
1782298307.813148,6668.740433,151.0,,98.0,584.90625,,0
1782298307.913143,6668.840428,154.0,,98.0,584.90625,,0
1782298308.013154,6668.940438,155.0,,98.0,584.90625,,0
1782298308.113144,6669.040429,156.0,,98.0,584.90625,,0
1782298308.213057,6669.140341,157.0,,98.0,584.90625,,0
1782298308.313140,6669.240424,160.0,,98.0,584.90625,,0
1782298308.413142,6669.340427,161.0,,98.0,584.90625,,0
1782298308.513144,6669.440429,163.0,,98.0,584.90625,,0
1782298308.613145,6669.540429,164.0,,98.0,584.90625,,0
1782298308.713130,6669.640414,167.0,,98.0,584.90625,,0
1782298308.813136,6669.740421,167.0,,98.0,584.90625,,0
1782298308.913074,6669.840359,169.0,,98.0,584.90625,,0
1782298309.013073,6669.940357,172.0,,98.0,584.90625,,0
1782298309.113136,6670.040421,174.0,,98.0,584.90625,,0
1782298309.213133,6670.140418,175.0,,98.0,584.90625,,0
1782298309.313128,6670.240412,178.0,,98.0,584.90625,,0
1782298309.413145,6670.340429,181.0,,98.0,584.90625,,0
1782298309.513139,6670.440424,184.0,,98.0,584.90625,,0
1782298309.613142,6670.540426,183.0,,98.0,584.90625,,0
1782298309.713142,6670.640427,183.0,,98.0,584.90625,,0
1782298309.813141,6670.740425,183.0,,98.0,584.90625,,0
1782298309.913138,6670.840422,183.0,,98.0,584.90625,,0
1782298310.013146,6670.940431,183.0,,98.0,584.90625,,0
1782298310.113143,6671.040428,183.0,,98.0,584.90625,,0
1782298310.213140,6671.140425,184.0,,98.0,584.90625,,0
1782298310.313145,6671.240430,183.0,,98.0,584.90625,,0
1782298310.413139,6671.340424,184.0,,98.0,584.90625,,0
1782298310.513071,6671.440355,184.0,,98.0,584.90625,,0
1782298310.613145,6671.540430,184.0,,98.0,584.90625,,0
1782298310.713144,6671.640429,181.0,,98.0,584.90625,,0
1782298310.813146,6671.740430,184.0,,98.0,584.90625,,0
1782298310.913141,6671.840425,184.0,,98.0,584.90625,,0
1782298311.013146,6671.940431,184.0,,98.0,584.90625,,0
1782298311.113141,6672.040425,183.0,,98.0,584.90625,,0
1782298311.213075,6672.140360,184.0,,98.0,584.90625,,0
1782298311.313070,6672.240354,184.0,,98.0,584.90625,,0
1782298311.413148,6672.340432,182.0,,98.0,584.90625,,0
1782298311.513141,6672.440425,181.0,,98.0,584.90625,,0
1782298311.613163,6672.540446,181.0,,98.0,584.90625,,0
1782298311.713148,6672.640433,182.0,,98.0,584.90625,,0
1782298311.813149,6672.740432,185.0,,98.0,584.90625,,0
1782298311.913142,6672.840425,184.0,,98.0,584.90625,,0
1782298312.013153,6672.940438,185.0,,98.0,584.90625,,0
1782298312.113072,6673.040356,184.0,,98.0,584.90625,,0
1782298312.213133,6673.140417,184.0,,98.0,584.90625,,0
1782298312.313139,6673.240424,183.0,,98.0,584.90625,,0
1782298312.413148,6673.340433,180.0,,98.0,584.90625,,0
1782298312.513139,6673.440423,179.0,,98.0,584.90625,,0
1782298312.613145,6673.540429,179.0,,98.0,584.90625,,0
1782298312.713138,6673.640422,179.0,,98.0,584.90625,,0
1782298312.813145,6673.740429,179.0,,98.0,584.90625,,0
1782298312.913144,6673.840428,179.0,,98.0,584.90625,,0
1782298313.013144,6673.940429,180.0,,98.0,584.90625,,0
1782298313.113143,6674.040428,180.0,,98.0,584.90625,,0
1782298313.213071,6674.140356,180.0,,98.0,584.90625,,0
1782298313.313133,6674.240417,180.0,,98.0,584.90625,,0
1782298313.413128,6674.340413,181.0,,98.0,584.90625,,0
1782298313.513135,6674.440420,180.0,,98.0,584.90625,,0
1782298313.613141,6674.540426,182.0,,98.0,584.90625,,0
1782298313.713144,6674.640429,185.0,,98.0,584.90625,,0
1782298313.813141,6674.740426,186.0,,98.0,584.90625,,0
1782298313.913144,6674.840429,185.0,,98.0,584.90625,,0
1782298314.013140,6674.940424,184.0,,98.0,584.90625,,0
1782298314.113147,6675.040432,184.0,,98.0,584.90625,,0
1782298314.213145,6675.140430,186.0,,98.0,584.90625,,0
1782298314.313133,6675.240418,184.0,,98.0,584.90625,,0
1782298314.413132,6675.340417,186.0,,98.0,584.90625,,0
1782298314.513139,6675.440424,186.0,,98.0,584.90625,,0
1782298314.613071,6675.540356,186.0,,98.0,584.90625,,0
1782298314.713143,6675.640427,186.0,,98.0,584.90625,,0
1782298314.813140,6675.740424,187.0,,98.0,584.90625,,0
1782298314.913146,6675.840430,185.0,,98.0,584.90625,,0
1782298315.013146,6675.940431,184.0,,98.0,584.90625,,0
1782298315.113071,6676.040356,183.0,,98.0,584.90625,,0
1782298315.213077,6676.140361,184.0,,98.0,584.90625,,0
1782298315.313072,6676.240356,185.0,,98.0,584.90625,,0
1782298315.413134,6676.340418,184.0,,98.0,584.90625,,0
1782298315.513141,6676.440424,185.0,,98.0,584.90625,,0
1782298315.613142,6676.540427,185.0,,98.0,584.90625,,0
1782298315.713144,6676.640429,185.0,,98.0,584.90625,,0
1782298315.813142,6676.740427,185.0,,98.0,584.90625,,0
1782298315.913143,6676.840427,185.0,,98.0,584.90625,,0
1782298316.013140,6676.940423,185.0,,98.0,584.90625,,0
1782298316.113145,6677.040428,185.0,,98.0,584.90625,,0
1782298316.213057,6677.140340,184.0,,98.0,584.90625,,0
1782298316.313144,6677.240427,185.0,,98.0,584.90625,,0
1782298316.413143,6677.340426,185.0,,98.0,584.90625,,0
1782298316.513144,6677.440429,185.0,,98.0,584.90625,,0
1782298316.613139,6677.540424,184.0,,98.0,584.90625,,0
1782298316.713140,6677.640425,186.0,,98.0,584.90625,,0
1782298316.813143,6677.740426,184.0,,98.0,584.90625,,0
1782298316.913057,6677.840341,186.0,,98.0,584.90625,,0
1782298317.013141,6677.940425,185.0,,98.0,584.90625,,0
1782298317.113141,6678.040425,188.0,,98.0,584.90625,,0
1782298317.213143,6678.140427,182.0,,98.0,584.90625,,0
1782298317.313141,6678.240425,187.0,,98.0,584.90625,,0
1782298317.413141,6678.340425,182.0,,98.0,584.90625,,0
1782298317.513141,6678.440424,186.0,,98.0,584.90625,,0
1782298317.613146,6678.540430,185.0,,99.0,584.90625,,0
1782298317.713143,6678.640426,190.0,,98.0,584.90625,,0
1782298317.813143,6678.740427,192.0,,98.0,584.90625,,0
1782298317.913163,6678.840448,185.0,,98.0,584.90625,,0
1782298318.013145,6678.940428,186.0,,98.0,584.90625,,0
1782298318.113147,6679.040431,182.0,,98.0,584.90625,,0
1782298318.213141,6679.140425,189.0,,99.0,584.90625,,0
1782298318.313152,6679.240435,182.0,,99.0,584.90625,,0
1782298318.413143,6679.340428,179.0,,98.0,584.90625,,0
1782298318.513071,6679.440356,186.0,,98.0,584.90625,,0
1782298318.613070,6679.540354,184.0,,98.0,584.90625,,0
1782298318.713070,6679.640355,186.0,,98.0,584.90625,,0
1782298318.813145,6679.740429,187.0,,98.0,584.90625,,0
1782298318.913138,6679.840422,189.0,,98.0,584.90625,,0
1782298319.013145,6679.940430,187.0,,98.0,584.90625,,0
1782298319.113144,6680.040428,185.0,,98.0,584.90625,,0
1782298319.213078,6680.140362,185.0,,98.0,584.90625,,0
1782298319.313141,6680.240425,187.0,,98.0,584.90625,,0
1782298319.413143,6680.340426,185.0,,98.0,584.90625,,0
1782298319.513072,6680.440356,184.0,,98.0,584.90625,,0
1782298319.613145,6680.540430,185.0,,98.0,584.90625,,0
1782298319.713144,6680.640428,184.0,,98.0,584.90625,,0
1782298319.813143,6680.740427,186.0,,98.0,584.90625,,0
1782298319.913146,6680.840431,184.0,,98.0,584.90625,,0
1782298320.013057,6680.940341,187.0,,98.0,584.90625,,0
1782298320.113070,6681.040355,186.0,,98.0,584.90625,,0
1782298320.213132,6681.140416,184.0,,98.0,584.90625,,0
1782298320.313133,6681.240417,184.0,,98.0,584.90625,,0
1782298320.413134,6681.340419,185.0,,98.0,584.90625,,0
1782298320.513140,6681.440425,186.0,,98.0,584.90625,,0
1782298320.613143,6681.540428,186.0,,98.0,584.90625,,0
1782298320.713072,6681.640356,185.0,,98.0,584.90625,,0
1782298320.813142,6681.740425,183.0,,98.0,584.90625,,0
1782298320.913147,6681.840431,184.0,,98.0,584.90625,,0
1782298321.013070,6681.940355,186.0,,98.0,584.90625,,0
1782298321.113139,6682.040423,187.0,,98.0,584.90625,,0
1782298321.213070,6682.140355,188.0,,98.0,584.90625,,0
1782298321.313070,6682.240355,187.0,,98.0,584.90625,,0
1782298321.413141,6682.340425,186.0,,98.0,584.90625,,0
1782298321.513141,6682.440426,187.0,,98.0,584.90625,,0
1782298321.613142,6682.540426,187.0,,98.0,584.90625,,0
1782298321.713144,6682.640429,186.0,,98.0,584.90625,,0
1782298321.813141,6682.740425,185.0,,98.0,584.90625,,0
1782298321.913148,6682.840432,185.0,,98.0,584.90625,,0
1782298322.013140,6682.940425,186.0,,98.0,584.90625,,0
1782298322.113155,6683.040439,187.0,,98.0,584.90625,,0
1782298322.213141,6683.140427,187.0,,98.0,584.90625,,0
1782298322.313146,6683.240432,186.0,,98.0,584.90625,,0
1782298322.413141,6683.340424,184.0,,98.0,584.90625,,0
1782298322.513143,6683.440427,184.0,,98.0,584.90625,,0
1782298322.613070,6683.540355,184.0,,98.0,584.90625,,0
1782298322.713143,6683.640427,185.0,,98.0,584.90625,,0
1782298322.813153,6683.740437,185.0,,98.0,584.90625,,0
1782298322.913140,6683.840425,184.0,,98.0,584.90625,,0
1782298323.013140,6683.940424,185.0,,98.0,584.90625,,0
1782298323.113074,6684.040358,184.0,,98.0,584.90625,,0
1782298323.213075,6684.140360,185.0,,98.0,584.90625,,0
1782298323.313345,6684.240630,183.0,,98.0,584.90625,,0
1782298323.413139,6684.340424,186.0,,98.0,584.90625,,0
1782298323.513143,6684.440427,185.0,,98.0,584.90625,,0
1782298323.613139,6684.540424,185.0,,98.0,584.90625,,0
1782298323.713142,6684.640426,184.0,,98.0,584.90625,,0
1782298323.813145,6684.740428,184.0,,98.0,584.90625,,0
1782298323.913140,6684.840424,184.0,,98.0,584.90625,,0
1782298324.013144,6684.940429,185.0,,98.0,584.90625,,0
1782298324.113142,6685.040426,186.0,,98.0,584.90625,,0
1782298324.213070,6685.140355,186.0,,98.0,584.90625,,0
1782298324.313138,6685.240423,187.0,,98.0,584.90625,,0
1782298324.413140,6685.340425,190.0,,98.0,584.90625,,0
1782298324.513139,6685.440424,185.0,,98.0,584.90625,,0
1782298324.613145,6685.540428,183.0,,98.0,584.90625,,0
1782298324.713141,6685.640426,183.0,,98.0,584.90625,,0
1782298324.813142,6685.740426,188.0,,98.0,584.90625,,0
1782298324.913074,6685.840359,188.0,,98.0,584.90625,,0
1782298325.013139,6685.940422,188.0,,98.0,584.90625,,0
1782298325.113069,6686.040354,190.0,,98.0,584.90625,,0
1782298325.213143,6686.140428,189.0,,98.0,584.90625,,0
1782298325.313141,6686.240426,189.0,,98.0,584.90625,,0
1782298325.413141,6686.340427,189.0,,98.0,584.90625,,0
1782298325.513141,6686.440426,189.0,,98.0,584.90625,,0
1782298325.613140,6686.540425,189.0,,98.0,584.90625,,0
1782298325.713139,6686.640424,188.0,,98.0,584.90625,,0
1782298325.813143,6686.740427,189.0,,98.0,584.90625,,0
1782298325.913140,6686.840425,188.0,,98.0,584.90625,,0
1782298326.013140,6686.940425,188.0,,98.0,584.90625,,0
1782298326.113147,6687.040431,188.0,,98.0,584.90625,,0
1782298326.213142,6687.140426,188.0,,98.0,584.90625,,0
1782298326.313139,6687.240424,187.0,,98.0,584.90625,,0
1782298326.413149,6687.340434,187.0,,98.0,584.90625,,0
1782298326.513140,6687.440423,188.0,,98.0,584.90625,,0
1782298326.613070,6687.540354,187.0,,98.0,584.90625,,0
1782298326.713141,6687.640426,188.0,,98.0,584.90625,,0
1782298326.813140,6687.740425,188.0,,98.0,584.90625,,0
1782298326.913142,6687.840426,188.0,,98.0,584.90625,,0
1782298327.013139,6687.940424,189.0,,98.0,584.90625,,0
1782298327.113070,6688.040354,188.0,,98.0,584.90625,,0
1782298327.213077,6688.140361,189.0,,98.0,584.90625,,0
1782298327.313149,6688.240432,188.0,,98.0,584.90625,,0
1782298327.413135,6688.340420,188.0,,98.0,584.90625,,0
1782298327.513137,6688.440421,188.0,,98.0,584.90625,,0
1782298327.613135,6688.540420,188.0,,98.0,584.90625,,0
1782298327.713137,6688.640422,188.0,,98.0,584.90625,,0
1782298327.813149,6688.740433,189.0,,98.0,584.90625,,0
1782298327.913138,6688.840422,189.0,,98.0,584.90625,,0
1782298328.013140,6688.940423,189.0,,98.0,584.90625,,0
1782298328.113070,6689.040355,189.0,,98.0,584.90625,,0
1782298328.213129,6689.140413,187.0,,98.0,584.90625,,0
1782298328.313138,6689.240422,187.0,,98.0,584.90625,,0
1782298328.413143,6689.340429,187.0,,98.0,584.90625,,0
1782298328.513136,6689.440421,188.0,,98.0,584.90625,,0
1782298328.613145,6689.540428,188.0,,98.0,584.90625,,0
1782298328.713145,6689.640429,189.0,,98.0,584.90625,,0
1782298328.813140,6689.740424,189.0,,98.0,584.90625,,0
1782298328.913141,6689.840425,189.0,,98.0,584.90625,,0
1782298329.013134,6689.940419,188.0,,98.0,584.90625,,0
1782298329.113136,6690.040420,188.0,,98.0,584.90625,,0
1782298329.213136,6690.140419,189.0,,98.0,584.90625,,0
1782298329.313135,6690.240420,188.0,,98.0,584.90625,,0
1782298329.413137,6690.340422,188.0,,98.0,584.90625,,0
1782298329.513135,6690.440420,189.0,,98.0,584.90625,,0
1782298329.613136,6690.540421,189.0,,98.0,584.90625,,0
1782298329.713137,6690.640422,189.0,,98.0,584.90625,,0
1782298329.813143,6690.740426,189.0,,98.0,584.90625,,0
1782298329.913139,6690.840424,190.0,,98.0,584.90625,,0
1782298330.013142,6690.940426,190.0,,98.0,584.90625,,0
1782298330.113134,6691.040418,187.0,,98.0,584.90625,,0
1782298330.213143,6691.140426,188.0,,98.0,584.90625,,0
1782298330.313138,6691.240423,186.0,,98.0,584.90625,,0
1782298330.413140,6691.340424,189.0,,98.0,584.90625,,0
1782298330.513140,6691.440424,186.0,,98.0,584.90625,,0
1782298330.613139,6691.540424,190.0,,98.0,584.90625,,0
1782298330.713140,6691.640425,187.0,,98.0,584.90625,,0
1782298330.813148,6691.740432,186.0,,98.0,584.90625,,0
1782298330.913145,6691.840429,187.0,,98.0,584.90625,,0
1782298331.013142,6691.940426,186.0,,98.0,584.90625,,0
1782298331.113143,6692.040426,187.0,,98.0,584.90625,,0
1782298331.213076,6692.140360,186.0,,98.0,584.90625,,0
1782298331.313140,6692.240425,186.0,,98.0,584.90625,,0
1782298331.413147,6692.340431,186.0,,98.0,584.90625,,0
1782298331.513141,6692.440426,186.0,,98.0,584.90625,,0
1782298331.613146,6692.540430,186.0,,98.0,584.90625,,0
1782298331.713153,6692.640437,187.0,,98.0,584.90625,,0
1782298331.813141,6692.740425,187.0,,98.0,584.90625,,0
1782298331.913149,6692.840434,187.0,,98.0,584.90625,,0
1782298332.013142,6692.940427,187.0,,98.0,584.90625,,0
1782298332.113147,6693.040431,186.0,,98.0,584.90625,,0
1782298332.213144,6693.140428,187.0,,98.0,584.90625,,0
1782298332.313142,6693.240426,187.0,,98.0,584.90625,,0
1782298332.413141,6693.340424,186.0,,98.0,584.90625,,0
1782298332.513143,6693.440427,186.0,,98.0,584.90625,,0
1782298332.613146,6693.540431,187.0,,98.0,584.90625,,0
1782298332.713145,6693.640429,187.0,,98.0,584.90625,,0
1782298332.813139,6693.740423,187.0,,98.0,584.90625,,0
1782298332.913057,6693.840340,184.0,,98.0,584.90625,,0
1782298333.013146,6693.940430,187.0,,98.0,584.90625,,0
1782298333.113141,6694.040425,186.0,,98.0,584.90625,,0
1782298333.213143,6694.140426,186.0,,98.0,584.90625,,0
1782298333.313146,6694.240430,187.0,,98.0,584.90625,,0
1782298333.413143,6694.340426,187.0,,98.0,584.90625,,0
1782298333.513143,6694.440426,187.0,,98.0,584.90625,,0
1782298333.613142,6694.540427,187.0,,98.0,584.90625,,0
1782298333.713143,6694.640428,183.0,,99.0,584.90625,,0
1782298333.813143,6694.740428,189.0,,98.0,584.90625,,0
1782298333.913140,6694.840425,188.0,,99.0,584.90625,,0
1782298334.013136,6694.940421,184.0,,99.0,584.90625,,0
1782298334.113151,6695.040434,183.0,,98.0,584.90625,,0
1782298334.213138,6695.140422,186.0,,98.0,584.90625,,0
1782298334.313139,6695.240422,182.0,,98.0,584.90625,,0
1782298334.413141,6695.340426,183.0,,98.0,584.90625,,0
1782298334.513134,6695.440419,190.0,,98.0,584.90625,,0
1782298334.613145,6695.540429,187.0,,98.0,584.90625,,0
1782298334.713137,6695.640422,183.0,,98.0,584.90625,,0
1782298334.813135,6695.740419,190.0,,99.0,584.90625,,0
1782298334.913135,6695.840420,194.0,,98.0,584.90625,,0
1782298335.013137,6695.940422,192.0,,99.0,584.90625,,0
1782298335.113145,6696.040428,186.0,,98.0,584.90625,,0
1782298335.213077,6696.140361,187.0,,98.0,584.90625,,0
1782298335.313141,6696.240425,187.0,,98.0,584.90625,,0
1782298335.413156,6696.340440,187.0,,98.0,584.90625,,0
1782298335.513140,6696.440425,187.0,,98.0,584.90625,,0
1782298335.613147,6696.540431,189.0,,98.0,584.90625,,0
1782298335.713142,6696.640427,189.0,,98.0,584.90625,,0
1782298335.813140,6696.740424,191.0,,98.0,584.90625,,0
1782298335.913144,6696.840428,188.0,,98.0,584.90625,,0
1782298336.013142,6696.940426,187.0,,98.0,584.90625,,0
1782298336.113078,6697.040363,187.0,,98.0,584.90625,,0
1782298336.213146,6697.140429,187.0,,98.0,584.90625,,0
1782298336.313140,6697.240424,186.0,,98.0,584.90625,,0
1782298336.413139,6697.340424,186.0,,98.0,584.90625,,0
1782298336.513140,6697.440425,186.0,,98.0,584.90625,,0
1782298336.613140,6697.540425,186.0,,98.0,584.90625,,0
1782298336.713136,6697.640420,186.0,,98.0,584.90625,,0
1782298336.813143,6697.740426,186.0,,98.0,584.90625,,0
1782298336.913143,6697.840428,187.0,,98.0,584.90625,,0
1782298337.013143,6697.940428,186.0,,98.0,584.90625,,0
1782298337.113140,6698.040425,186.0,,98.0,584.90625,,0
1782298337.213141,6698.140425,186.0,,98.0,584.90625,,0
1782298337.313144,6698.240429,186.0,,98.0,584.90625,,0
1782298337.413141,6698.340426,186.0,,98.0,584.90625,,0
1782298337.513140,6698.440425,186.0,,98.0,584.90625,,0
1782298337.613146,6698.540429,186.0,,98.0,584.90625,,0
1782298337.713144,6698.640429,186.0,,98.0,584.90625,,0
1782298337.813145,6698.740429,186.0,,98.0,584.90625,,0
1782298337.913142,6698.840427,186.0,,98.0,584.90625,,0
1782298338.013143,6698.940427,185.0,,98.0,584.90625,,0
1782298338.113143,6699.040427,186.0,,98.0,584.90625,,0
1782298338.213142,6699.140427,186.0,,98.0,584.90625,,0
1782298338.313142,6699.240427,186.0,,98.0,584.90625,,0
1782298338.413144,6699.340427,186.0,,98.0,584.90625,,0
1782298338.513140,6699.440425,186.0,,98.0,584.90625,,0
1782298338.613141,6699.540424,186.0,,98.0,584.90625,,0
1782298338.713142,6699.640426,186.0,,98.0,584.90625,,0
1782298338.813143,6699.740428,186.0,,98.0,584.90625,,0
1782298338.913142,6699.840425,186.0,,98.0,584.90625,,0
1782298339.013142,6699.940425,186.0,,98.0,584.90625,,0
1782298339.113143,6700.040426,185.0,,98.0,584.90625,,0
1782298339.213077,6700.140361,185.0,,98.0,584.90625,,0
1782298339.313146,6700.240431,185.0,,98.0,584.90625,,0
1782298339.413141,6700.340426,186.0,,98.0,584.90625,,0
1782298339.513143,6700.440428,186.0,,98.0,584.90625,,0
1782298339.613143,6700.540428,186.0,,98.0,584.90625,,0
1782298339.713141,6700.640426,186.0,,98.0,584.90625,,0
1782298339.813143,6700.740427,186.0,,98.0,584.90625,,0
1782298339.913141,6700.840426,185.0,,98.0,584.90625,,0
1782298340.013147,6700.940431,185.0,,98.0,584.90625,,0
1782298340.113142,6701.040427,185.0,,98.0,584.90625,,0
1782298340.213148,6701.140433,185.0,,98.0,584.90625,,0
1782298340.313142,6701.240427,186.0,,98.0,584.90625,,0
1782298340.413142,6701.340426,186.0,,98.0,584.90625,,0
1782298340.513140,6701.440425,187.0,,98.0,584.90625,,0
1782298340.613145,6701.540430,186.0,,98.0,584.90625,,0
1782298340.713147,6701.640432,185.0,,98.0,584.90625,,0
1782298340.813142,6701.740426,185.0,,98.0,584.90625,,0
1782298340.913138,6701.840421,185.0,,98.0,584.90625,,0
1782298341.013154,6701.940437,185.0,,98.0,584.90625,,0
1782298341.113142,6702.040426,185.0,,98.0,584.90625,,0
1782298341.213143,6702.140428,186.0,,98.0,584.90625,,0
1782298341.313151,6702.240436,186.0,,98.0,584.90625,,0
1782298341.413144,6702.340429,186.0,,98.0,584.90625,,0
1782298341.513144,6702.440427,186.0,,98.0,584.90625,,0
1782298341.613144,6702.540428,185.0,,98.0,584.90625,,0
1782298341.713149,6702.640433,163.0,,84.0,584.90625,,0
1782298341.813143,6702.740427,37.0,,2.0,584.90625,,0
1782298341.913141,6702.840424,35.0,,3.0,584.90625,,0
1782298342.013142,6702.940426,27.0,,3.0,584.90625,,0
1782298342.113142,6703.040425,17.0,,2.0,584.90625,,0
1782298342.213142,6703.140425,17.0,,3.0,584.90625,,0
1782298342.313144,6703.240429,17.0,,3.0,584.90625,,0
1782298342.413143,6703.340427,17.0,,3.0,584.90625,,0
1782298342.513142,6703.440425,16.0,,3.0,584.90625,,0
1782298342.613146,6703.540431,18.0,,2.0,584.90625,,0
1782298342.713141,6703.640425,16.0,,3.0,584.90625,,0
1782298342.813143,6703.740427,15.0,,2.0,584.90625,,0
1782298342.913145,6703.840428,18.0,,3.0,584.90625,,0
1782298343.013154,6703.940439,17.0,,3.0,584.90625,,0
1782298343.113141,6704.040424,16.0,,4.0,584.90625,,0
1782298343.213056,6704.140340,16.0,,3.0,584.90625,,0
1782298343.313056,6704.240339,16.0,,3.0,584.90625,,0
1782298343.413141,6704.340424,18.0,,3.0,584.90625,,0
1782298343.513142,6704.440425,17.0,,3.0,584.90625,,0
1782298343.613142,6704.540426,17.0,,1.0,584.90625,,0
1782298343.713140,6704.640424,20.0,,3.0,584.90625,,0
1782298343.813144,6704.740427,17.0,,3.0,584.90625,,0
1782298343.913143,6704.840426,17.0,,4.0,584.90625,,0
1782298344.013140,6704.940424,16.0,,3.0,584.90625,,0
1782298344.113143,6705.040426,21.0,,3.0,584.90625,,0
1782298344.213143,6705.140426,19.0,,3.0,584.90625,,0
1782298344.313143,6705.240426,15.0,,3.0,584.90625,,0
1782298344.413144,6705.340427,16.0,,3.0,584.90625,,0
1782298344.513140,6705.440423,19.0,,3.0,584.90625,,0
1782298344.613141,6705.540425,16.0,,3.0,584.90625,,0
1782298344.713144,6705.640427,16.0,,3.0,584.90625,,0
1782298344.813142,6705.740425,18.0,,3.0,584.90625,,0
1782298344.913153,6705.840436,16.0,,3.0,584.90625,,0
1782298345.013142,6705.940426,17.0,,3.0,584.90625,,0
1782298345.113151,6706.040434,16.0,,2.0,584.90625,,0
1782298345.213149,6706.140432,16.0,,2.0,584.90625,,0
1782298345.313141,6706.240425,17.0,,4.0,584.90625,,0
1782298345.413141,6706.340424,19.0,,2.0,584.90625,,0
1782298345.513143,6706.440427,17.0,,3.0,584.90625,,0
1782298345.613143,6706.540426,16.0,,3.0,584.90625,,0
1782298345.713144,6706.640427,15.0,,3.0,584.90625,,0
1782298345.813151,6706.740434,15.0,,3.0,584.90625,,0
1782298345.913141,6706.840424,17.0,,3.0,584.90625,,0
1782298346.013146,6706.940430,17.0,,3.0,584.90625,,0
1782298346.113146,6707.040429,16.0,,3.0,584.90625,,0
1782298346.213143,6707.140426,16.0,,3.0,584.90625,,0
1782298346.313142,6707.240425,16.0,,2.0,584.90625,,0
1782298346.413074,6707.340359,16.0,,3.0,584.90625,,0
1782298346.513144,6707.440427,16.0,,3.0,584.90625,,0
1782298346.613144,6707.540427,17.0,,3.0,584.90625,,0
1782298346.713060,6707.640343,30.0,,18.0,584.90625,,0
1782298346.813059,6707.740342,136.0,,98.0,584.90625,,0
1782298346.913057,6707.840341,144.0,,98.0,584.90625,,0
1782298347.013059,6707.940342,144.0,,98.0,584.90625,,0
1782298347.113059,6708.040343,145.0,,98.0,584.90625,,0
1782298347.213056,6708.140339,147.0,,98.0,584.90625,,0
1782298347.313059,6708.240342,149.0,,98.0,584.90625,,0
1782298347.413059,6708.340343,151.0,,98.0,584.90625,,0
1782298347.513057,6708.440340,152.0,,98.0,584.90625,,0
1782298347.613059,6708.540343,155.0,,98.0,584.90625,,0
1782298347.713059,6708.640343,155.0,,98.0,584.90625,,0
1782298347.813060,6708.740343,157.0,,98.0,584.90625,,0
1782298347.913057,6708.840341,160.0,,98.0,584.90625,,0
1782298348.013060,6708.940343,161.0,,98.0,584.90625,,0
1782298348.113059,6709.040342,163.0,,98.0,584.90625,,0
1782298348.213060,6709.140343,163.0,,98.0,584.90625,,0
1782298348.313059,6709.240343,165.0,,98.0,584.90625,,0
1782298348.413059,6709.340343,168.0,,98.0,584.90625,,0
1782298348.513059,6709.440343,170.0,,98.0,584.90625,,0
1782298348.613060,6709.540343,172.0,,98.0,584.90625,,0
1782298348.713059,6709.640343,178.0,,98.0,584.90625,,0
1782298348.813060,6709.740343,176.0,,98.0,584.90625,,0
1782298348.913060,6709.840343,176.0,,98.0,584.90625,,0
1782298349.013068,6709.940352,182.0,,98.0,584.90625,,0
1782298349.113065,6710.040349,187.0,,99.0,584.90625,,0
1782298349.213064,6710.140348,181.0,,98.0,584.90625,,0
1782298349.313064,6710.240348,184.0,,98.0,584.90625,,0
1782298349.413063,6710.340347,184.0,,98.0,584.90625,,0
1782298349.513063,6710.440347,190.0,,99.0,584.90625,,0
1782298349.613063,6710.540346,181.0,,98.0,584.90625,,0
1782298349.713063,6710.640347,182.0,,98.0,584.90625,,0
1782298349.813064,6710.740347,184.0,,99.0,584.90625,,0
1782298349.913064,6710.840348,179.0,,98.0,584.90625,,0
1782298350.013062,6710.940345,185.0,,98.0,584.90625,,0
1782298350.113065,6711.040348,190.0,,99.0,584.90625,,0
1782298350.213063,6711.140347,185.0,,98.0,584.90625,,0
1782298350.313063,6711.240346,185.0,,98.0,584.90625,,0
1782298350.413063,6711.340346,185.0,,98.0,584.90625,,0
1782298350.513062,6711.440346,185.0,,98.0,584.90625,,0
1782298350.613063,6711.540346,185.0,,98.0,584.90625,,0
1782298350.713063,6711.640346,190.0,,98.0,584.90625,,0
1782298350.813059,6711.740342,185.0,,98.0,584.90625,,0
1782298350.913063,6711.840346,185.0,,98.0,584.90625,,0
1782298351.013062,6711.940346,185.0,,98.0,584.90625,,0
1782298351.113062,6712.040346,185.0,,98.0,584.90625,,0
1782298351.213057,6712.140340,183.0,,98.0,584.90625,,0
1782298351.313067,6712.240351,185.0,,98.0,584.90625,,0
1782298351.413065,6712.340349,186.0,,98.0,584.90625,,0
1782298351.513064,6712.440348,183.0,,98.0,584.90625,,0
1782298351.613064,6712.540347,185.0,,98.0,584.90625,,0
1782298351.713063,6712.640346,185.0,,98.0,584.90625,,0
1782298351.813064,6712.740347,184.0,,98.0,584.90625,,0
1782298351.913063,6712.840347,186.0,,98.0,584.90625,,0
1782298352.013063,6712.940346,188.0,,98.0,584.90625,,0
1782298352.113063,6713.040347,189.0,,98.0,584.90625,,0
1782298352.213063,6713.140346,188.0,,98.0,584.90625,,0
1782298352.313063,6713.240346,184.0,,98.0,584.90625,,0
1782298352.413063,6713.340346,183.0,,98.0,584.90625,,0
1782298352.513062,6713.440346,183.0,,98.0,584.90625,,0
1782298352.613063,6713.540347,183.0,,98.0,584.90625,,0
1782298352.713062,6713.640346,183.0,,98.0,584.90625,,0
1782298352.813065,6713.740348,184.0,,98.0,584.90625,,0
1782298352.913064,6713.840348,184.0,,98.0,584.90625,,0
1782298353.013063,6713.940346,183.0,,98.0,584.90625,,0
1782298353.113063,6714.040346,183.0,,98.0,584.90625,,0
1782298353.213062,6714.140346,184.0,,98.0,584.90625,,0
1782298353.313065,6714.240349,184.0,,98.0,584.90625,,0
1782298353.413065,6714.340349,184.0,,98.0,584.90625,,0
1782298353.513063,6714.440347,185.0,,98.0,584.90625,,0
1782298353.613063,6714.540346,184.0,,98.0,584.90625,,0
1782298353.713062,6714.640346,185.0,,98.0,584.90625,,0
1782298353.813063,6714.740347,186.0,,98.0,584.90625,,0
1782298353.913063,6714.840346,184.0,,98.0,584.90625,,0
1782298354.013064,6714.940348,184.0,,98.0,584.90625,,0
1782298354.113065,6715.040348,185.0,,98.0,584.90625,,0
1782298354.213063,6715.140347,187.0,,98.0,584.90625,,0
1782298354.313063,6715.240346,184.0,,98.0,584.90625,,0
1782298354.413063,6715.340347,186.0,,98.0,584.90625,,0
1782298354.513062,6715.440346,186.0,,98.0,584.90625,,0
1782298354.613063,6715.540346,186.0,,98.0,584.90625,,0
1782298354.713063,6715.640346,188.0,,98.0,584.90625,,0
1782298354.813062,6715.740346,187.0,,98.0,584.90625,,0
1782298354.913062,6715.840346,185.0,,98.0,584.90625,,0
1782298355.013062,6715.940346,185.0,,98.0,584.90625,,0
1782298355.113062,6716.040346,185.0,,98.0,584.90625,,0
1782298355.213062,6716.140346,185.0,,98.0,584.90625,,0
1782298355.313063,6716.240346,187.0,,98.0,584.90625,,0
1782298355.413063,6716.340346,189.0,,98.0,584.90625,,0
1782298355.513062,6716.440345,190.0,,98.0,584.90625,,0
1782298355.613062,6716.540346,190.0,,98.0,584.90625,,0
1782298355.713062,6716.640346,189.0,,98.0,584.90625,,0
1782298355.813062,6716.740346,190.0,,98.0,584.90625,,0
1782298355.913062,6716.840346,188.0,,98.0,584.90625,,0
1782298356.013062,6716.940346,184.0,,98.0,584.90625,,0
1782298356.113063,6717.040347,184.0,,98.0,584.90625,,0
1782298356.213063,6717.140346,185.0,,98.0,584.90625,,0
1782298356.313062,6717.240345,185.0,,98.0,584.90625,,0
1782298356.413063,6717.340346,185.0,,98.0,584.90625,,0
1782298356.513064,6717.440347,185.0,,98.0,584.90625,,0
1782298356.613063,6717.540347,185.0,,98.0,584.90625,,0
1782298356.713063,6717.640347,185.0,,98.0,584.90625,,0
1782298356.813063,6717.740346,185.0,,98.0,584.90625,,0
1782298356.913063,6717.840346,185.0,,98.0,584.90625,,0
1782298357.013063,6717.940346,185.0,,98.0,584.90625,,0
1782298357.113063,6718.040347,185.0,,98.0,584.90625,,0
1782298357.213062,6718.140346,185.0,,98.0,584.90625,,0
1782298357.313066,6718.240350,184.0,,98.0,584.90625,,0
1782298357.413063,6718.340346,185.0,,98.0,584.90625,,0
1782298357.513062,6718.440346,187.0,,98.0,584.90625,,0
1782298357.613064,6718.540348,188.0,,98.0,584.90625,,0
1782298357.713064,6718.640347,188.0,,98.0,584.90625,,0
1782298357.813062,6718.740346,187.0,,98.0,584.90625,,0
1782298357.913062,6718.840345,188.0,,98.0,584.90625,,0
1782298358.013063,6718.940346,187.0,,98.0,584.90625,,0
1782298358.113062,6719.040345,184.0,,98.0,584.90625,,0
1782298358.213062,6719.140345,186.0,,98.0,584.90625,,0
1782298358.313063,6719.240347,186.0,,98.0,584.90625,,0
1782298358.413062,6719.340345,186.0,,98.0,584.90625,,0
1782298358.513064,6719.440348,186.0,,98.0,584.90625,,0
1782298358.613062,6719.540346,186.0,,98.0,584.90625,,0
1782298358.713063,6719.640347,189.0,,98.0,584.90625,,0
1782298358.813063,6719.740346,188.0,,98.0,584.90625,,0
1782298358.913063,6719.840346,185.0,,98.0,584.90625,,0
1782298359.013063,6719.940346,185.0,,98.0,584.90625,,0
1782298359.113063,6720.040346,186.0,,98.0,584.90625,,0
1782298359.213062,6720.140345,186.0,,98.0,584.90625,,0
1782298359.313064,6720.240347,186.0,,98.0,584.90625,,0
1782298359.413064,6720.340347,186.0,,98.0,584.90625,,0
1782298359.513063,6720.440346,186.0,,98.0,584.90625,,0
1782298359.613062,6720.540346,189.0,,98.0,584.90625,,0
1782298359.713062,6720.640345,189.0,,98.0,584.90625,,0
1782298359.813062,6720.740345,189.0,,98.0,584.90625,,0
1782298359.913063,6720.840346,188.0,,98.0,584.90625,,0
1782298360.013061,6720.940345,186.0,,98.0,584.90625,,0
1782298360.113063,6721.040346,187.0,,98.0,584.90625,,0
1782298360.213065,6721.140349,188.0,,98.0,584.90625,,0
1782298360.313063,6721.240346,186.0,,98.0,584.90625,,0
1782298360.413062,6721.340346,188.0,,98.0,584.90625,,0
1782298360.513064,6721.440348,186.0,,98.0,584.90625,,0
1782298360.613064,6721.540348,187.0,,98.0,584.90625,,0
1782298360.713063,6721.640347,188.0,,98.0,584.90625,,0
1782298360.813062,6721.740346,189.0,,98.0,584.90625,,0
1782298360.913063,6721.840346,190.0,,98.0,584.90625,,0
1782298361.013063,6721.940346,188.0,,98.0,584.90625,,0
1782298361.113063,6722.040347,188.0,,98.0,584.90625,,0
1782298361.213063,6722.140346,189.0,,98.0,584.90625,,0
1782298361.313071,6722.240355,189.0,,98.0,584.90625,,0
1782298361.413065,6722.340349,185.0,,98.0,584.90625,,0
1782298361.513064,6722.440347,189.0,,98.0,584.90625,,0
1782298361.613065,6722.540348,190.0,,98.0,584.90625,,0
1782298361.713063,6722.640346,189.0,,98.0,584.90625,,0
1782298361.813063,6722.740346,189.0,,98.0,584.90625,,0
1782298361.913063,6722.840346,190.0,,98.0,584.90625,,0
1782298362.013063,6722.940346,188.0,,98.0,584.90625,,0
1782298362.113063,6723.040347,189.0,,98.0,584.90625,,0
1782298362.213062,6723.140346,187.0,,98.0,584.90625,,0
1782298362.313062,6723.240346,187.0,,98.0,584.90625,,0
1782298362.413063,6723.340347,189.0,,98.0,584.90625,,0
1782298362.513062,6723.440346,189.0,,98.0,584.90625,,0
1782298362.613062,6723.540345,188.0,,98.0,584.90625,,0
1782298362.713063,6723.640346,187.0,,98.0,584.90625,,0
1782298362.813061,6723.740345,188.0,,98.0,584.90625,,0
1782298362.913064,6723.840348,187.0,,98.0,584.90625,,0
1782298363.013062,6723.940346,187.0,,98.0,584.90625,,0
1782298363.113063,6724.040346,187.0,,98.0,584.90625,,0
1782298363.213062,6724.140345,187.0,,98.0,584.90625,,0
1782298363.313066,6724.240349,187.0,,98.0,584.90625,,0
1782298363.413078,6724.340363,187.0,,98.0,584.90625,,0
1782298363.513067,6724.440350,187.0,,98.0,584.90625,,0
1782298363.613066,6724.540350,186.0,,98.0,584.90625,,0
1782298363.713056,6724.640339,187.0,,98.0,584.90625,,0
1782298363.813056,6724.740339,187.0,,98.0,584.90625,,0
1782298363.913079,6724.840363,188.0,,98.0,584.90625,,0
1782298364.013056,6724.940340,187.0,,98.0,584.90625,,0
1782298364.113056,6725.040340,187.0,,98.0,584.90625,,0
1782298364.213056,6725.140340,186.0,,98.0,584.90625,,0
1782298364.313056,6725.240340,186.0,,98.0,584.90625,,0
1782298364.413056,6725.340340,186.0,,98.0,584.90625,,0
1782298364.513074,6725.440358,186.0,,98.0,584.90625,,0
1782298364.613066,6725.540350,187.0,,98.0,584.90625,,0
1782298364.713057,6725.640340,187.0,,98.0,584.90625,,0
1782298364.813056,6725.740340,187.0,,98.0,584.90625,,0
1782298364.913057,6725.840340,188.0,,98.0,584.90625,,0
1782298365.013056,6725.940340,187.0,,98.0,584.90625,,0
1782298365.113056,6726.040340,189.0,,98.0,584.90625,,0
1782298365.213079,6726.140363,189.0,,98.0,584.90625,,0
1782298365.313056,6726.240340,191.0,,98.0,584.90625,,0
1782298365.413057,6726.340340,195.0,,98.0,584.90625,,0
1782298365.513056,6726.440340,190.0,,98.0,584.90625,,0
1782298365.613057,6726.540340,188.0,,98.0,584.90625,,0
1782298365.713056,6726.640340,189.0,,98.0,584.90625,,0
1782298365.813057,6726.740340,187.0,,98.0,584.90625,,0
1782298365.913056,6726.840340,190.0,,98.0,584.90625,,0
1782298366.013057,6726.940340,190.0,,98.0,584.90625,,0
1782298366.113056,6727.040340,186.0,,98.0,584.90625,,0
1782298366.213057,6727.140340,191.0,,99.0,584.90625,,0
1782298366.313056,6727.240340,187.0,,98.0,584.90625,,0
1782298366.413057,6727.340340,190.0,,99.0,584.90625,,0
1782298366.513057,6727.440340,190.0,,98.0,584.90625,,0
1782298366.613056,6727.540340,187.0,,98.0,584.90625,,0
1782298366.713074,6727.640358,196.0,,98.0,584.90625,,0
1782298366.813066,6727.740349,189.0,,98.0,584.90625,,0
1782298366.913064,6727.840347,187.0,,98.0,584.90625,,0
1782298367.013070,6727.940354,187.0,,98.0,584.90625,,0
1782298367.113065,6728.040348,187.0,,98.0,584.90625,,0
1782298367.213063,6728.140347,187.0,,98.0,584.90625,,0
1782298367.313064,6728.240348,186.0,,98.0,584.90625,,0
1782298367.413063,6728.340347,193.0,,98.0,584.90625,,0
1782298367.513062,6728.440345,186.0,,98.0,584.90625,,0
1782298367.613063,6728.540347,191.0,,98.0,584.90625,,0
1782298367.713064,6728.640348,188.0,,98.0,584.90625,,0
1782298367.813065,6728.740348,188.0,,98.0,584.90625,,0
1782298367.913064,6728.840347,188.0,,98.0,584.90625,,0
1782298368.013062,6728.940346,188.0,,98.0,584.90625,,0
1782298368.113063,6729.040347,188.0,,98.0,584.90625,,0
1782298368.213062,6729.140346,189.0,,98.0,584.90625,,0
1782298368.313062,6729.240345,185.0,,98.0,584.90625,,0
1782298368.413062,6729.340346,184.0,,98.0,584.90625,,0
1782298368.513062,6729.440346,185.0,,98.0,584.90625,,0
1782298368.613064,6729.540348,186.0,,98.0,584.90625,,0
1782298368.713063,6729.640347,187.0,,98.0,584.90625,,0
1782298368.813062,6729.740346,186.0,,98.0,584.90625,,0
1782298368.913063,6729.840346,185.0,,98.0,584.90625,,0
1782298369.013062,6729.940345,186.0,,98.0,584.90625,,0
1782298369.113062,6730.040346,189.0,,98.0,584.90625,,0
1782298369.213064,6730.140348,191.0,,98.0,584.90625,,0
1782298369.313063,6730.240347,188.0,,98.0,584.90625,,0
1782298369.413062,6730.340346,188.0,,98.0,584.90625,,0
1782298369.513064,6730.440347,188.0,,98.0,584.90625,,0
1782298369.613062,6730.540346,188.0,,98.0,584.90625,,0
1782298369.713062,6730.640345,189.0,,98.0,584.90625,,0
1782298369.813063,6730.740346,190.0,,98.0,584.90625,,0
1782298369.913061,6730.840344,186.0,,98.0,584.90625,,0
1782298370.013063,6730.940346,189.0,,98.0,584.90625,,0
1782298370.113062,6731.040346,188.0,,98.0,584.90625,,0
1782298370.213063,6731.140346,187.0,,98.0,584.90625,,0
1782298370.313063,6731.240346,187.0,,98.0,584.90625,,0
1782298370.413062,6731.340346,187.0,,98.0,584.90625,,0
1782298370.513062,6731.440346,188.0,,98.0,584.90625,,0
1782298370.613062,6731.540346,188.0,,98.0,584.90625,,0
1782298370.713061,6731.640345,186.0,,98.0,584.90625,,0
1782298370.813062,6731.740345,186.0,,98.0,584.90625,,0
1782298370.913063,6731.840346,186.0,,98.0,584.90625,,0
1782298371.013062,6731.940345,187.0,,98.0,584.90625,,0
1782298371.113063,6732.040346,186.0,,98.0,584.90625,,0
1782298371.213062,6732.140345,186.0,,98.0,584.90625,,0
1782298371.313063,6732.240347,186.0,,98.0,584.90625,,0
1782298371.413063,6732.340346,185.0,,98.0,584.90625,,0
1782298371.513063,6732.440347,186.0,,98.0,584.90625,,0
1782298371.613063,6732.540347,185.0,,98.0,584.90625,,0
1782298371.713063,6732.640347,186.0,,98.0,584.90625,,0
1782298371.813062,6732.740345,186.0,,98.0,584.90625,,0
1782298371.913062,6732.840346,185.0,,98.0,584.90625,,0
1782298372.013063,6732.940346,186.0,,98.0,584.90625,,0
1782298372.113063,6733.040346,185.0,,98.0,584.90625,,0
1782298372.213062,6733.140346,184.0,,98.0,584.90625,,0
1782298372.313063,6733.240346,187.0,,98.0,584.90625,,0
1782298372.413063,6733.340346,189.0,,98.0,584.90625,,0
1782298372.513062,6733.440345,187.0,,98.0,584.90625,,0
1782298372.613066,6733.540350,187.0,,98.0,584.90625,,0
1782298372.713066,6733.640350,186.0,,98.0,584.90625,,0
1782298372.813057,6733.740340,183.0,,98.0,584.90625,,0
1782298372.913057,6733.840340,183.0,,98.0,584.90625,,0
1782298373.013080,6733.940364,183.0,,98.0,584.90625,,0
1782298373.113066,6734.040350,183.0,,98.0,584.90625,,0
1782298373.213064,6734.140348,184.0,,98.0,584.90625,,0
1782298373.313064,6734.240347,183.0,,98.0,584.90625,,0
1782298373.413064,6734.340347,183.0,,98.0,584.90625,,0
1782298373.513063,6734.440347,183.0,,98.0,584.90625,,0
1782298373.613064,6734.540347,184.0,,98.0,584.90625,,0
1782298373.713062,6734.640345,184.0,,98.0,584.90625,,0
1782298373.813064,6734.740348,184.0,,98.0,584.90625,,0
1782298373.913064,6734.840347,184.0,,98.0,584.90625,,0
1782298374.013062,6734.940346,184.0,,98.0,584.90625,,0
1782298374.113063,6735.040346,184.0,,98.0,584.90625,,0
1782298374.213064,6735.140347,184.0,,98.0,584.90625,,0
1782298374.313063,6735.240347,183.0,,98.0,584.90625,,0
1782298374.413063,6735.340346,184.0,,98.0,584.90625,,0
1782298374.513061,6735.440345,184.0,,98.0,584.90625,,0
1782298374.613063,6735.540347,184.0,,98.0,584.90625,,0
1782298374.713064,6735.640348,184.0,,98.0,584.90625,,0
1782298374.813062,6735.740345,184.0,,98.0,584.90625,,0
1782298374.913062,6735.840346,184.0,,98.0,584.90625,,0
1782298375.013064,6735.940348,184.0,,98.0,584.90625,,0
1782298375.113062,6736.040346,182.0,,98.0,584.90625,,0
1782298375.213063,6736.140347,184.0,,98.0,584.90625,,0
1782298375.313063,6736.240346,184.0,,98.0,584.90625,,0
1782298375.413063,6736.340346,186.0,,98.0,584.90625,,0
1782298375.513064,6736.440347,186.0,,98.0,584.90625,,0
1782298375.613062,6736.540346,188.0,,98.0,584.90625,,0
1782298375.713062,6736.640346,188.0,,98.0,584.90625,,0
1782298375.813063,6736.740347,188.0,,98.0,584.90625,,0
1782298375.913062,6736.840346,189.0,,98.0,584.90625,,0
1782298376.013063,6736.940346,189.0,,98.0,584.90625,,0
1782298376.113063,6737.040346,189.0,,98.0,584.90625,,0
1782298376.213062,6737.140346,188.0,,98.0,584.90625,,0
1782298376.313063,6737.240346,189.0,,98.0,584.90625,,0
1782298376.413064,6737.340348,189.0,,98.0,584.90625,,0
1782298376.513063,6737.440346,190.0,,98.0,584.90625,,0
1782298376.613066,6737.540350,189.0,,98.0,584.90625,,0
1782298376.713065,6737.640348,185.0,,98.0,584.90625,,0
1782298376.813063,6737.740347,185.0,,98.0,584.90625,,0
1782298376.913063,6737.840347,185.0,,98.0,584.90625,,0
1782298377.013062,6737.940346,186.0,,98.0,584.90625,,0
1782298377.113062,6738.040346,186.0,,98.0,584.90625,,0
1782298377.213062,6738.140346,186.0,,98.0,584.90625,,0
1782298377.313062,6738.240346,186.0,,98.0,584.90625,,0
1782298377.413064,6738.340347,186.0,,98.0,584.90625,,0
1782298377.513062,6738.440345,190.0,,98.0,584.90625,,0
1782298377.613063,6738.540346,190.0,,98.0,584.90625,,0
1782298377.713063,6738.640346,192.0,,98.0,584.90625,,0
1782298377.813062,6738.740346,193.0,,98.0,584.90625,,0
1782298377.913061,6738.840344,193.0,,98.0,584.90625,,0
1782298378.013062,6738.940346,193.0,,98.0,584.90625,,0
1782298378.113061,6739.040345,192.0,,98.0,584.90625,,0
1782298378.213062,6739.140346,190.0,,98.0,584.90625,,0
1782298378.313062,6739.240345,189.0,,98.0,584.90625,,0
1782298378.413062,6739.340345,190.0,,98.0,584.90625,,0
1782298378.513063,6739.440347,190.0,,98.0,584.90625,,0
1782298378.613062,6739.540346,190.0,,98.0,584.90625,,0
1782298378.713062,6739.640346,190.0,,98.0,584.90625,,0
1782298378.813062,6739.740345,190.0,,98.0,584.90625,,0
1782298378.913062,6739.840346,190.0,,98.0,584.90625,,0
1782298379.013061,6739.940345,190.0,,98.0,584.90625,,0
1782298379.113062,6740.040346,190.0,,98.0,584.90625,,0
1782298379.213061,6740.140345,190.0,,98.0,584.90625,,0
1782298379.313063,6740.240347,190.0,,98.0,584.90625,,0
1782298379.413063,6740.340346,189.0,,98.0,584.90625,,0
1782298379.513062,6740.440345,189.0,,98.0,584.90625,,0
1782298379.613061,6740.540345,190.0,,98.0,584.90625,,0
1782298379.713063,6740.640347,190.0,,98.0,584.90625,,0
1782298379.813063,6740.740347,190.0,,98.0,584.90625,,0
1782298379.913064,6740.840347,190.0,,98.0,584.90625,,0
1782298380.013062,6740.940346,190.0,,98.0,584.90625,,0
1782298380.113063,6741.040346,188.0,,98.0,584.90625,,0
1782298380.213063,6741.140346,187.0,,98.0,584.90625,,0
1782298380.313062,6741.240346,189.0,,98.0,584.90625,,0
1782298380.413063,6741.340347,191.0,,98.0,584.90625,,0
1782298380.513063,6741.440347,191.0,,98.0,584.90625,,0
1782298380.613064,6741.540347,191.0,,98.0,584.90625,,0
1782298380.713063,6741.640347,191.0,,98.0,584.90625,,0
1782298380.813063,6741.740346,191.0,,98.0,584.90625,,0
1782298380.913063,6741.840346,191.0,,98.0,584.90625,,0
1782298381.013064,6741.940347,191.0,,98.0,584.90625,,0
1782298381.113062,6742.040346,192.0,,98.0,584.90625,,0
1782298381.213062,6742.140346,192.0,,98.0,584.90625,,0
1782298381.313062,6742.240346,191.0,,98.0,584.90625,,0
1782298381.413063,6742.340346,190.0,,98.0,584.90625,,0
1782298381.513063,6742.440347,190.0,,98.0,584.90625,,0
1782298381.613062,6742.540345,188.0,,98.0,584.90625,,0
1782298381.713068,6742.640352,38.0,,3.0,584.90625,,0
1782298381.813147,6742.740431,38.0,,3.0,584.90625,,0
1782298381.913149,6742.840432,36.0,,3.0,584.90625,,0
1782298382.013144,6742.940428,25.0,,3.0,584.90625,,0
1782298382.113146,6743.040430,20.0,,3.0,584.90625,,0
1782298382.213144,6743.140428,18.0,,3.0,584.90625,,0
1782298382.313140,6743.240423,18.0,,3.0,584.90625,,0
1782298382.413148,6743.340432,18.0,,3.0,584.90625,,0
1782298382.513147,6743.440431,18.0,,3.0,584.90625,,0
1782298382.613141,6743.540426,18.0,,3.0,584.90625,,0
1782298382.713148,6743.640432,18.0,,3.0,584.90625,,0
1782298382.813144,6743.740428,17.0,,3.0,584.90625,,0
1782298382.913146,6743.840430,17.0,,3.0,584.90625,,0
1782298383.013148,6743.940431,19.0,,2.0,584.90625,,0
1782298383.113141,6744.040424,17.0,,3.0,584.90625,,0
1782298383.213055,6744.140338,22.0,,2.0,584.90625,,0
1782298383.313142,6744.240425,17.0,,3.0,584.90625,,0
1782298383.413142,6744.340425,17.0,,3.0,584.90625,,0
1782298383.513144,6744.440427,17.0,,3.0,584.90625,,0
1782298383.613143,6744.540429,17.0,,3.0,584.90625,,0
1782298383.713148,6744.640431,17.0,,3.0,584.90625,,0
1782298383.813140,6744.740424,17.0,,3.0,584.90625,,0
1782298383.913144,6744.840427,17.0,,3.0,584.90625,,0
1782298384.013142,6744.940425,17.0,,2.0,584.90625,,0
1782298384.113142,6745.040425,19.0,,3.0,584.90625,,0
1782298384.213146,6745.140429,18.0,,3.0,584.90625,,0
1782298384.313144,6745.240429,17.0,,3.0,584.90625,,0
1782298384.413145,6745.340429,17.0,,3.0,584.90625,,0
1782298384.513144,6745.440427,21.0,,4.0,584.90625,,0
1782298384.613149,6745.540434,17.0,,3.0,584.90625,,0
1782298384.713141,6745.640424,22.0,,3.0,584.90625,,0
1782298384.813143,6745.740426,22.0,,3.0,584.90625,,0
1782298384.913145,6745.840428,17.0,,3.0,584.90625,,0
1782298385.013142,6745.940425,17.0,,3.0,584.90625,,0
1782298385.113141,6746.040424,16.0,,3.0,584.90625,,0
1782298385.213144,6746.140428,19.0,,3.0,584.90625,,0
1782298385.313142,6746.240425,17.0,,2.0,584.90625,,0
1782298385.413143,6746.340426,16.0,,3.0,584.90625,,0
1782298385.513143,6746.440426,17.0,,3.0,584.90625,,0
1782298385.613148,6746.540431,21.0,,3.0,584.90625,,0
1782298385.713145,6746.640429,17.0,,3.0,584.90625,,0
1782298385.813144,6746.740428,17.0,,3.0,584.90625,,0
1782298385.913142,6746.840427,17.0,,2.0,584.90625,,0
1782298386.013141,6746.940425,21.0,,2.0,584.90625,,0
1782298386.113142,6747.040425,16.0,,3.0,584.90625,,0
1782298386.213143,6747.140426,18.0,,3.0,584.90625,,0
1782298386.313142,6747.240425,15.0,,3.0,584.90625,,0
1782298386.413145,6747.340429,15.0,,3.0,584.90625,,0
1782298386.513147,6747.440430,15.0,,2.0,584.90625,,0
1782298386.613142,6747.540425,16.0,,3.0,584.90625,,0
1782298386.713135,6747.640419,29.0,,17.0,584.90625,,0
1782298386.813143,6747.740428,137.0,,98.0,584.90625,,0
1782298386.913142,6747.840427,145.0,,98.0,584.90625,,0
1782298387.013170,6747.940454,145.0,,98.0,584.90625,,0
1782298387.113141,6748.040424,145.0,,98.0,584.90625,,0
1782298387.213077,6748.140361,149.0,,98.0,584.90625,,0
1782298387.313146,6748.240431,150.0,,98.0,584.90625,,0
1782298387.413144,6748.340428,152.0,,98.0,584.90625,,0
1782298387.513141,6748.440425,153.0,,98.0,584.90625,,0
1782298387.613141,6748.540424,155.0,,98.0,584.90625,,0
1782298387.713144,6748.640428,155.0,,98.0,584.90625,,0
1782298387.813145,6748.740428,158.0,,98.0,584.90625,,0
1782298387.913141,6748.840424,161.0,,98.0,584.90625,,0
1782298388.013144,6748.940429,162.0,,98.0,584.90625,,0
1782298388.113144,6749.040429,164.0,,98.0,584.90625,,0
1782298388.213143,6749.140427,166.0,,98.0,584.90625,,0
1782298388.313147,6749.240431,167.0,,98.0,584.90625,,0
1782298388.413141,6749.340425,169.0,,98.0,584.90625,,0
1782298388.513150,6749.440433,173.0,,98.0,584.90625,,0
1782298388.613141,6749.540426,173.0,,98.0,584.90625,,0
1782298388.713142,6749.640425,176.0,,98.0,584.90625,,0
1782298388.813171,6749.740455,178.0,,98.0,584.90625,,0
1782298388.913078,6749.840362,180.0,,98.0,584.90625,,0
1782298389.013056,6749.940339,182.0,,98.0,584.90625,,0
1782298389.113083,6750.040367,185.0,,98.0,584.90625,,0
1782298389.213058,6750.140341,183.0,,98.0,584.90625,,0
1782298389.313077,6750.240361,183.0,,98.0,584.90625,,0
1782298389.413058,6750.340341,183.0,,98.0,584.90625,,0
1782298389.513057,6750.440340,184.0,,98.0,584.90625,,0
1782298389.613057,6750.540341,187.0,,98.0,584.90625,,0
1782298389.713072,6750.640356,188.0,,98.0,584.90625,,0
1782298389.813072,6750.740356,189.0,,98.0,584.90625,,0
1782298389.913072,6750.840355,189.0,,98.0,584.90625,,0
1782298390.013055,6750.940338,189.0,,98.0,584.90625,,0
1782298390.113057,6751.040340,189.0,,98.0,584.90625,,0
1782298390.213056,6751.140339,189.0,,98.0,584.90625,,0
1782298390.313059,6751.240342,186.0,,98.0,584.90625,,0
1782298390.413055,6751.340338,188.0,,98.0,584.90625,,0
1782298390.513055,6751.440338,190.0,,98.0,584.90625,,0
1782298390.613077,6751.540361,187.0,,98.0,584.90625,,0
1782298390.713070,6751.640354,186.0,,98.0,584.90625,,0
1782298390.813079,6751.740363,186.0,,98.0,584.90625,,0
1782298390.913055,6751.840339,186.0,,98.0,584.90625,,0
1782298391.013072,6751.940356,186.0,,98.0,584.90625,,0
1782298391.113055,6752.040338,186.0,,98.0,584.90625,,0
1782298391.213071,6752.140355,187.0,,98.0,584.90625,,0
1782298391.313055,6752.240338,186.0,,98.0,584.90625,,0
1782298391.413072,6752.340356,188.0,,98.0,584.90625,,0
1782298391.513055,6752.440339,186.0,,98.0,584.90625,,0
1782298391.613058,6752.540341,184.0,,98.0,584.90625,,0
1782298391.713055,6752.640338,184.0,,98.0,584.90625,,0
1782298391.813055,6752.740338,184.0,,98.0,584.90625,,0
1782298391.913057,6752.840340,184.0,,98.0,584.90625,,0
1782298392.013072,6752.940356,184.0,,98.0,584.90625,,0
1782298392.113055,6753.040338,184.0,,98.0,584.90625,,0
1782298392.213058,6753.140342,185.0,,98.0,584.90625,,0
1782298392.313072,6753.240356,186.0,,98.0,584.90625,,0
1782298392.413151,6753.340435,187.0,,98.0,584.90625,,0
1782298392.513136,6753.440419,188.0,,98.0,584.90625,,0
1782298392.613143,6753.540428,186.0,,98.0,584.90625,,0
1782298392.713134,6753.640419,185.0,,98.0,584.90625,,0
1782298392.813142,6753.740427,185.0,,98.0,584.90625,,0
1782298392.913141,6753.840426,184.0,,98.0,584.90625,,0
1782298393.013144,6753.940429,185.0,,98.0,584.90625,,0
1782298393.113148,6754.040433,184.0,,98.0,584.90625,,0
1782298393.213151,6754.140435,185.0,,98.0,584.90625,,0
1782298393.313141,6754.240425,184.0,,98.0,584.90625,,0
1782298393.413141,6754.340426,184.0,,98.0,584.90625,,0
1782298393.513145,6754.440429,185.0,,98.0,584.90625,,0
1782298393.613142,6754.540425,185.0,,98.0,584.90625,,0
1782298393.713141,6754.640427,186.0,,98.0,584.90625,,0
1782298393.813149,6754.740434,185.0,,98.0,584.90625,,0
1782298393.913142,6754.840425,185.0,,98.0,584.90625,,0
1782298394.013144,6754.940429,185.0,,98.0,584.90625,,0
1782298394.113140,6755.040425,186.0,,98.0,584.90625,,0
1782298394.213155,6755.140440,186.0,,98.0,584.90625,,0
1782298394.313141,6755.240426,186.0,,98.0,584.90625,,0
1782298394.413139,6755.340424,187.0,,98.0,584.90625,,0
1782298394.513146,6755.440430,186.0,,98.0,584.90625,,0
1782298394.613141,6755.540426,187.0,,98.0,584.90625,,0
1782298394.713140,6755.640425,186.0,,98.0,584.90625,,0
1782298394.813139,6755.740423,186.0,,98.0,584.90625,,0
1782298394.913143,6755.840426,186.0,,98.0,584.90625,,0
1782298395.013141,6755.940425,186.0,,98.0,584.90625,,0
1782298395.113141,6756.040426,189.0,,98.0,584.90625,,0
1782298395.213077,6756.140361,185.0,,98.0,584.90625,,0
1782298395.313149,6756.240434,187.0,,98.0,584.90625,,0
1782298395.413139,6756.340423,184.0,,98.0,584.90625,,0
1782298395.513141,6756.440425,186.0,,98.0,584.90625,,0
1782298395.613139,6756.540423,187.0,,98.0,584.90625,,0
1782298395.713142,6756.640425,186.0,,98.0,584.90625,,0
1782298395.813140,6756.740424,185.0,,98.0,584.90625,,0
1782298395.913166,6756.840450,184.0,,98.0,584.90625,,0
1782298396.013142,6756.940426,186.0,,98.0,584.90625,,0
1782298396.113144,6757.040428,186.0,,98.0,584.90625,,0
1782298396.213140,6757.140424,185.0,,98.0,584.90625,,0
1782298396.313145,6757.240428,186.0,,98.0,584.90625,,0
1782298396.413143,6757.340427,186.0,,98.0,584.90625,,0
1782298396.513142,6757.440425,186.0,,98.0,584.90625,,0
1782298396.613142,6757.540427,186.0,,98.0,584.90625,,0
1782298396.713142,6757.640426,185.0,,98.0,584.90625,,0
1782298396.813143,6757.740427,185.0,,98.0,584.90625,,0
1782298396.913143,6757.840426,186.0,,98.0,584.90625,,0
1782298397.013141,6757.940426,188.0,,98.0,584.90625,,0
1782298397.113141,6758.040425,189.0,,98.0,584.90625,,0
1782298397.213141,6758.140425,188.0,,98.0,584.90625,,0
1782298397.313160,6758.240444,187.0,,98.0,584.90625,,0
1782298397.413141,6758.340426,187.0,,99.0,584.90625,,0
1782298397.513141,6758.440425,187.0,,99.0,584.90625,,0
1782298397.613144,6758.540428,187.0,,99.0,584.90625,,0
1782298397.713141,6758.640425,187.0,,99.0,584.90625,,0
1782298397.813142,6758.740427,188.0,,99.0,584.90625,,0
1782298397.913139,6758.840424,187.0,,99.0,584.90625,,0
1782298398.013143,6758.940427,189.0,,98.0,584.90625,,0
1782298398.113146,6759.040430,187.0,,98.0,584.90625,,0
1782298398.213140,6759.140424,188.0,,98.0,584.90625,,0
1782298398.313143,6759.240426,188.0,,98.0,584.90625,,0
1782298398.413140,6759.340425,189.0,,98.0,584.90625,,0
1782298398.513143,6759.440427,189.0,,98.0,584.90625,,0
1782298398.613139,6759.540423,189.0,,98.0,584.90625,,0
1782298398.713145,6759.640428,189.0,,98.0,584.90625,,0
1782298398.813140,6759.740423,190.0,,99.0,584.90625,,0
1782298398.913140,6759.840425,190.0,,99.0,584.90625,,0
1782298399.013142,6759.940426,189.0,,99.0,584.90625,,0
1782298399.113080,6760.040365,189.0,,99.0,584.90625,,0
1782298399.213076,6760.140360,189.0,,99.0,584.90625,,0
1782298399.313145,6760.240429,189.0,,99.0,584.90625,,0
1782298399.413140,6760.340424,189.0,,99.0,584.90625,,0
1782298399.513140,6760.440424,190.0,,99.0,584.90625,,0
1782298399.613140,6760.540424,190.0,,99.0,584.90625,,0
1782298399.713147,6760.640431,190.0,,99.0,584.90625,,0
1782298399.813142,6760.740426,190.0,,99.0,584.90625,,0
1782298399.913144,6760.840427,187.0,,98.0,584.90625,,0
1782298400.013138,6760.940423,194.0,,99.0,584.90625,,0
1782298400.113143,6761.040428,196.0,,98.0,584.90625,,0
1782298400.213140,6761.140425,189.0,,98.0,584.90625,,0
1782298400.313139,6761.240424,185.0,,98.0,584.90625,,0
1782298400.413140,6761.340425,186.0,,98.0,584.90625,,0
1782298400.513142,6761.440427,196.0,,99.0,584.90625,,0
1782298400.613139,6761.540423,186.0,,98.0,584.90625,,0
1782298400.713145,6761.640430,183.0,,99.0,584.90625,,0
1782298400.813141,6761.740426,192.0,,99.0,584.90625,,0
1782298400.913143,6761.840428,191.0,,99.0,584.90625,,0
1782298401.013140,6761.940424,186.0,,98.0,584.90625,,0
1782298401.113142,6762.040427,188.0,,99.0,584.90625,,0
1782298401.213141,6762.140426,184.0,,99.0,584.90625,,0
1782298401.313140,6762.240423,184.0,,98.0,584.90625,,0
1782298401.413142,6762.340426,185.0,,98.0,584.90625,,0
1782298401.513140,6762.440424,187.0,,99.0,584.90625,,0
1782298401.613141,6762.540424,188.0,,99.0,584.90625,,0
1782298401.713140,6762.640424,188.0,,99.0,584.90625,,0
1782298401.813143,6762.740426,188.0,,99.0,584.90625,,0
1782298401.913145,6762.840430,188.0,,99.0,584.90625,,0
1782298402.013140,6762.940425,188.0,,99.0,584.90625,,0
1782298402.113142,6763.040426,188.0,,99.0,584.90625,,0
1782298402.213137,6763.140422,187.0,,99.0,584.90625,,0
1782298402.313142,6763.240426,188.0,,99.0,584.90625,,0
1782298402.413140,6763.340424,188.0,,99.0,584.90625,,0
1782298402.513139,6763.440423,188.0,,99.0,584.90625,,0
1782298402.613134,6763.540419,188.0,,99.0,584.90625,,0
1782298402.713143,6763.640426,188.0,,99.0,584.90625,,0
1782298402.813143,6763.740427,188.0,,99.0,584.90625,,0
1782298402.913141,6763.840425,188.0,,99.0,584.90625,,0
1782298403.013140,6763.940425,188.0,,99.0,584.90625,,0
1782298403.113140,6764.040425,188.0,,99.0,584.90625,,0
1782298403.213077,6764.140361,189.0,,99.0,584.90625,,0
1782298403.313151,6764.240435,189.0,,99.0,584.90625,,0
1782298403.413142,6764.340426,188.0,,99.0,584.90625,,0
1782298403.513145,6764.440430,188.0,,99.0,584.90625,,0
1782298403.613141,6764.540426,188.0,,99.0,584.90625,,0
1782298403.713140,6764.640425,188.0,,99.0,584.90625,,0
1782298403.813143,6764.740428,188.0,,99.0,584.90625,,0
1782298403.913142,6764.840427,188.0,,99.0,584.90625,,0
1782298404.013145,6764.940428,189.0,,99.0,584.90625,,0
1782298404.113145,6765.040429,188.0,,99.0,584.90625,,0
1782298404.213057,6765.140340,188.0,,99.0,584.90625,,0
1782298404.313145,6765.240429,188.0,,99.0,584.90625,,0
1782298404.413145,6765.340429,188.0,,99.0,584.90625,,0
1782298404.513141,6765.440426,188.0,,99.0,584.90625,,0
1782298404.613137,6765.540422,189.0,,99.0,584.90625,,0
1782298404.713142,6765.640425,189.0,,99.0,584.90625,,0
1782298404.813150,6765.740435,189.0,,99.0,584.90625,,0
1782298404.913134,6765.840419,189.0,,99.0,584.90625,,0
1782298405.013141,6765.940425,189.0,,99.0,584.90625,,0
1782298405.113143,6766.040428,189.0,,99.0,584.90625,,0
1782298405.213140,6766.140425,188.0,,99.0,584.90625,,0
1782298405.313139,6766.240424,188.0,,99.0,584.90625,,0
1782298405.413149,6766.340434,189.0,,99.0,584.90625,,0
1782298405.513135,6766.440420,189.0,,99.0,584.90625,,0
1782298405.613135,6766.540419,189.0,,99.0,584.90625,,0
1782298405.713153,6766.640437,189.0,,99.0,584.90625,,0
1782298405.813140,6766.740424,189.0,,99.0,584.90625,,0
1782298405.913141,6766.840425,189.0,,99.0,584.90625,,0
1782298406.013143,6766.940428,188.0,,99.0,584.90625,,0
1782298406.113137,6767.040422,188.0,,99.0,584.90625,,0
1782298406.213153,6767.140438,189.0,,99.0,584.90625,,0
1782298406.313134,6767.240418,189.0,,99.0,584.90625,,0
1782298406.413136,6767.340421,189.0,,99.0,584.90625,,0
1782298406.513153,6767.440437,189.0,,99.0,584.90625,,0
1782298406.613139,6767.540423,189.0,,99.0,584.90625,,0
1782298406.713134,6767.640419,189.0,,99.0,584.90625,,0
1782298406.813138,6767.740422,189.0,,99.0,584.90625,,0
1782298406.913057,6767.840340,189.0,,99.0,584.90625,,0
1782298407.013136,6767.940420,189.0,,99.0,584.90625,,0
1782298407.113137,6768.040421,189.0,,99.0,584.90625,,0
1782298407.213077,6768.140361,188.0,,99.0,584.90625,,0
1782298407.313140,6768.240425,189.0,,99.0,584.90625,,0
1782298407.413136,6768.340420,189.0,,99.0,584.90625,,0
1782298407.513147,6768.440431,189.0,,99.0,584.90625,,0
1782298407.613149,6768.540434,189.0,,99.0,584.90625,,0
1782298407.713140,6768.640425,189.0,,99.0,584.90625,,0
1782298407.813135,6768.740419,189.0,,99.0,584.90625,,0
1782298407.913138,6768.840421,189.0,,99.0,584.90625,,0
1782298408.013140,6768.940424,189.0,,99.0,584.90625,,0
1782298408.113138,6769.040423,189.0,,99.0,584.90625,,0
1782298408.213140,6769.140425,189.0,,99.0,584.90625,,0
1782298408.313142,6769.240426,189.0,,99.0,584.90625,,0
1782298408.413135,6769.340419,189.0,,99.0,584.90625,,0
1782298408.513139,6769.440424,189.0,,99.0,584.90625,,0
1782298408.613145,6769.540430,189.0,,99.0,584.90625,,0
1782298408.713136,6769.640421,189.0,,99.0,584.90625,,0
1782298408.813056,6769.740339,189.0,,99.0,584.90625,,0
1782298408.913057,6769.840340,188.0,,99.0,584.90625,,0
1782298409.013057,6769.940340,189.0,,99.0,584.90625,,0
1782298409.113056,6770.040339,188.0,,99.0,584.90625,,0
1782298409.213056,6770.140340,189.0,,99.0,584.90625,,0
1782298409.313056,6770.240340,189.0,,99.0,584.90625,,0
1782298409.413056,6770.340339,189.0,,99.0,584.90625,,0
1782298409.513056,6770.440339,189.0,,99.0,584.90625,,0
1782298409.613097,6770.540380,188.0,,99.0,584.90625,,0
1782298409.713141,6770.640426,189.0,,99.0,584.90625,,0
1782298409.813144,6770.740429,189.0,,99.0,584.90625,,0
1782298409.913135,6770.840420,189.0,,99.0,584.90625,,0
1782298410.013141,6770.940426,189.0,,99.0,584.90625,,0
1782298410.113155,6771.040439,189.0,,99.0,584.90625,,0
1782298410.213136,6771.140420,189.0,,99.0,584.90625,,0
1782298410.313138,6771.240423,189.0,,99.0,584.90625,,0
1782298410.413137,6771.340421,188.0,,99.0,584.90625,,0
1782298410.513136,6771.440421,189.0,,99.0,584.90625,,0
1782298410.613141,6771.540425,188.0,,99.0,584.90625,,0
1782298410.713140,6771.640425,188.0,,99.0,584.90625,,0
1782298410.813135,6771.740419,188.0,,99.0,584.90625,,0
1782298410.913136,6771.840421,190.0,,99.0,584.90625,,0
1782298411.013144,6771.940428,191.0,,99.0,584.90625,,0
1782298411.113142,6772.040426,191.0,,99.0,584.90625,,0
1782298411.213076,6772.140360,191.0,,99.0,584.90625,,0
1782298411.313142,6772.240426,191.0,,99.0,584.90625,,0
1782298411.413145,6772.340429,191.0,,99.0,584.90625,,0
1782298411.513145,6772.440429,191.0,,99.0,584.90625,,0
1782298411.613139,6772.540424,189.0,,99.0,584.90625,,0
1782298411.713140,6772.640425,189.0,,99.0,584.90625,,0
1782298411.813144,6772.740427,189.0,,99.0,584.90625,,0
1782298411.913143,6772.840428,189.0,,99.0,584.90625,,0
1782298412.013140,6772.940423,189.0,,99.0,584.90625,,0
1782298412.113147,6773.040432,191.0,,99.0,584.90625,,0
1782298412.213147,6773.140431,189.0,,99.0,584.90625,,0
1782298412.313142,6773.240427,190.0,,99.0,584.90625,,0
1782298412.413146,6773.340430,191.0,,99.0,584.90625,,0
1782298412.513141,6773.440425,189.0,,99.0,584.90625,,0
1782298412.613140,6773.540424,189.0,,99.0,584.90625,,0
1782298412.713144,6773.640428,188.0,,99.0,584.90625,,0
1782298412.813163,6773.740447,189.0,,99.0,584.90625,,0
1782298412.913143,6773.840428,189.0,,99.0,584.90625,,0
1782298413.013139,6773.940424,188.0,,99.0,584.90625,,0
1782298413.113150,6774.040433,189.0,,99.0,584.90625,,0
1782298413.213136,6774.140420,188.0,,99.0,584.90625,,0
1782298413.313145,6774.240429,189.0,,99.0,584.90625,,0
1782298413.413139,6774.340423,189.0,,99.0,584.90625,,0
1782298413.513140,6774.440424,188.0,,99.0,584.90625,,0
1782298413.613158,6774.540442,188.0,,99.0,584.90625,,0
1782298413.713144,6774.640429,189.0,,99.0,584.90625,,0
1782298413.813142,6774.740427,189.0,,99.0,584.90625,,0
1782298413.913145,6774.840430,189.0,,99.0,584.90625,,0
1782298414.013143,6774.940428,189.0,,99.0,584.90625,,0
1782298414.113141,6775.040425,189.0,,99.0,584.90625,,0
1782298414.213154,6775.140439,189.0,,99.0,584.90625,,0
1782298414.313141,6775.240426,189.0,,99.0,584.90625,,0
1782298414.413141,6775.340426,189.0,,99.0,584.90625,,0
1782298414.513148,6775.440431,188.0,,99.0,584.90625,,0
1782298414.613142,6775.540427,189.0,,99.0,584.90625,,0
1782298414.713161,6775.640446,188.0,,99.0,584.90625,,0
1782298414.813140,6775.740425,188.0,,99.0,584.90625,,0
1782298414.913141,6775.840426,189.0,,99.0,584.90625,,0
1782298415.013136,6775.940421,188.0,,99.0,584.90625,,0
1782298415.113139,6776.040423,188.0,,99.0,584.90625,,0
1782298415.213078,6776.140362,188.0,,99.0,584.90625,,0
1782298415.313142,6776.240427,188.0,,99.0,584.90625,,0
1782298415.413139,6776.340424,188.0,,99.0,584.90625,,0
1782298415.513139,6776.440422,188.0,,99.0,584.90625,,0
1782298415.613146,6776.540430,189.0,,99.0,584.90625,,0
1782298415.713141,6776.640426,188.0,,99.0,584.90625,,0
1782298415.813144,6776.740427,188.0,,99.0,584.90625,,0
1782298415.913139,6776.840424,188.0,,99.0,584.90625,,0
1782298416.013141,6776.940426,188.0,,99.0,584.90625,,0
1782298416.113153,6777.040437,188.0,,99.0,584.90625,,0
1782298416.213135,6777.140420,188.0,,99.0,584.90625,,0
1782298416.313138,6777.240423,188.0,,99.0,584.90625,,0
1782298416.413138,6777.340423,187.0,,99.0,584.90625,,0
1782298416.513146,6777.440431,184.0,,99.0,584.90625,,0
1782298416.613152,6777.540435,187.0,,98.0,584.90625,,0
1782298416.713140,6777.640425,189.0,,98.0,584.90625,,0
1782298416.813154,6777.740438,189.0,,98.0,584.90625,,0
1782298416.913144,6777.840428,185.0,,98.0,584.90625,,0
1782298417.013147,6777.940432,185.0,,98.0,584.90625,,0
1782298417.113150,6778.040435,187.0,,98.0,584.90625,,0
1782298417.213147,6778.140432,192.0,,99.0,584.90625,,0
1782298417.313143,6778.240428,184.0,,99.0,584.90625,,0
1782298417.413145,6778.340430,194.0,,99.0,584.90625,,0
1782298417.513142,6778.440427,187.0,,99.0,584.90625,,0
1782298417.613145,6778.540429,185.0,,99.0,584.90625,,0
1782298417.713146,6778.640431,183.0,,98.0,584.90625,,0
1782298417.813145,6778.740430,193.0,,99.0,584.90625,,0
1782298417.913146,6778.840431,185.0,,99.0,584.90625,,0
1782298418.013146,6778.940431,183.0,,98.0,584.90625,,0
1782298418.113146,6779.040430,186.0,,98.0,584.90625,,0
1782298418.213145,6779.140429,188.0,,99.0,584.90625,,0
1782298418.313145,6779.240429,189.0,,99.0,584.90625,,0
1782298418.413141,6779.340425,188.0,,99.0,584.90625,,0
1782298418.513140,6779.440425,188.0,,99.0,584.90625,,0
1782298418.613138,6779.540423,188.0,,99.0,584.90625,,0
1782298418.713142,6779.640426,187.0,,99.0,584.90625,,0
1782298418.813139,6779.740423,187.0,,99.0,584.90625,,0
1782298418.913140,6779.840424,187.0,,99.0,584.90625,,0
1782298419.013146,6779.940430,188.0,,99.0,584.90625,,0
1782298419.113144,6780.040429,188.0,,99.0,584.90625,,0
1782298419.213077,6780.140361,188.0,,99.0,584.90625,,0
1782298419.313145,6780.240430,188.0,,99.0,584.90625,,0
1782298419.413147,6780.340432,188.0,,99.0,584.90625,,0
1782298419.513165,6780.440449,188.0,,99.0,584.90625,,0
1782298419.613152,6780.540437,188.0,,99.0,584.90625,,0
1782298419.713148,6780.640432,188.0,,99.0,584.90625,,0
1782298419.813146,6780.740431,188.0,,99.0,584.90625,,0
1782298419.913151,6780.840435,188.0,,99.0,584.90625,,0
1782298420.013144,6780.940427,188.0,,99.0,584.90625,,0
1782298420.113144,6781.040429,188.0,,99.0,584.90625,,0
1782298420.213147,6781.140430,187.0,,99.0,584.90625,,0
1782298420.313146,6781.240430,187.0,,98.0,584.90625,,0
1782298420.413157,6781.340441,187.0,,98.0,584.90625,,0
1782298420.513146,6781.440431,187.0,,98.0,584.90625,,0
1782298420.613148,6781.540431,188.0,,98.0,584.90625,,0
1782298420.713145,6781.640429,188.0,,98.0,584.90625,,0
1782298420.813149,6781.740433,187.0,,98.0,584.90625,,0
1782298420.913142,6781.840427,187.0,,98.0,584.90625,,0
1782298421.013143,6781.940427,187.0,,98.0,584.90625,,0
1782298421.113145,6782.040430,187.0,,98.0,584.90625,,0
1782298421.213145,6782.140430,187.0,,98.0,584.90625,,0
1782298421.313147,6782.240432,188.0,,98.0,584.90625,,0
1782298421.413147,6782.340432,187.0,,98.0,584.90625,,0
1782298421.513140,6782.440425,187.0,,98.0,584.90625,,0
1782298421.613143,6782.540429,187.0,,98.0,584.90625,,0
1782298421.713146,6782.640432,165.0,,84.0,584.90625,,0
1782298421.813147,6782.740430,36.0,,3.0,584.90625,,0
1782298421.913150,6782.840433,34.0,,3.0,584.90625,,0
1782298422.013146,6782.940429,18.0,,3.0,584.90625,,0
1782298422.113147,6783.040431,19.0,,3.0,584.90625,,0
1782298422.213148,6783.140431,16.0,,3.0,584.90625,,0
1782298422.313146,6783.240431,21.0,,3.0,584.90625,,0
1782298422.413144,6783.340427,17.0,,3.0,584.90625,,0
1782298422.513146,6783.440429,16.0,,3.0,584.90625,,0
1782298422.613148,6783.540432,18.0,,3.0,584.90625,,0
1782298422.713141,6783.640424,17.0,,3.0,584.90625,,0
1782298422.813147,6783.740430,19.0,,3.0,584.90625,,0
1782298422.913142,6783.840425,17.0,,3.0,584.90625,,0
1782298423.013146,6783.940430,18.0,,3.0,584.90625,,0
1782298423.113142,6784.040427,20.0,,3.0,584.90625,,0
1782298423.213076,6784.140360,17.0,,3.0,584.90625,,0
1782298423.313147,6784.240430,17.0,,3.0,584.90625,,0
1782298423.413142,6784.340426,17.0,,2.0,584.90625,,0
1782298423.513148,6784.440433,17.0,,4.0,584.90625,,0
1782298423.613150,6784.540433,21.0,,3.0,584.90625,,0
1782298423.713151,6784.640435,17.0,,3.0,584.90625,,0
1782298423.813147,6784.740431,16.0,,3.0,584.90625,,0
1782298423.913144,6784.840427,16.0,,3.0,584.90625,,0
1782298424.013147,6784.940430,18.0,,3.0,584.90625,,0
1782298424.113147,6785.040430,16.0,,3.0,584.90625,,0
1782298424.213145,6785.140429,17.0,,3.0,584.90625,,0
1782298424.313150,6785.240433,17.0,,3.0,584.90625,,0
1782298424.413145,6785.340428,18.0,,3.0,584.90625,,0
1782298424.513144,6785.440428,17.0,,3.0,584.90625,,0
1782298424.613143,6785.540427,17.0,,3.0,584.90625,,0
1782298424.713145,6785.640429,17.0,,3.0,584.90625,,0
1782298424.813145,6785.740428,18.0,,3.0,584.90625,,0
1782298424.913143,6785.840428,17.0,,3.0,584.90625,,0
1782298425.013143,6785.940428,17.0,,3.0,584.90625,,0
1782298425.113145,6786.040428,16.0,,3.0,584.90625,,0
1782298425.213147,6786.140430,16.0,,3.0,584.90625,,0
1782298425.313146,6786.240429,18.0,,3.0,584.90625,,0
1782298425.413145,6786.340428,15.0,,3.0,584.90625,,0
1782298425.513146,6786.440429,15.0,,3.0,584.90625,,0
1782298425.613146,6786.540430,16.0,,3.0,584.90625,,0
1782298425.713142,6786.640426,16.0,,3.0,584.90625,,0
1782298425.813148,6786.740431,16.0,,3.0,584.90625,,0
1782298425.913147,6786.840430,15.0,,3.0,584.90625,,0
1782298426.013145,6786.940428,17.0,,2.0,584.90625,,0
1782298426.113147,6787.040430,16.0,,3.0,584.90625,,0
1782298426.213147,6787.140430,19.0,,3.0,584.90625,,0
1782298426.313146,6787.240429,17.0,,3.0,584.90625,,0
1782298426.413150,6787.340434,18.0,,3.0,584.90625,,0
1782298426.513147,6787.440431,16.0,,3.0,584.90625,,0
1782298426.613144,6787.540427,17.0,,3.0,584.90625,,0
1782298426.713056,6787.640340,29.0,,16.0,584.90625,,0
1782298426.813056,6787.740340,134.0,,98.0,584.90625,,0
1782298426.913057,6787.840340,145.0,,98.0,584.90625,,0
1782298427.013056,6787.940339,143.0,,98.0,584.90625,,0
1782298427.113057,6788.040340,144.0,,98.0,584.90625,,0
1782298427.213053,6788.140336,148.0,,98.0,584.90625,,0
1782298427.313057,6788.240340,151.0,,98.0,584.90625,,0
1782298427.413057,6788.340340,152.0,,98.0,584.90625,,0
1782298427.513144,6788.440427,153.0,,98.0,584.90625,,0
1782298427.613142,6788.540426,155.0,,98.0,584.90625,,0
1782298427.713150,6788.640434,156.0,,98.0,584.90625,,0
1782298427.813144,6788.740429,159.0,,98.0,584.90625,,0
1782298427.913145,6788.840429,161.0,,98.0,584.90625,,0
1782298428.013139,6788.940422,162.0,,98.0,584.90625,,0
1782298428.113145,6789.040428,163.0,,98.0,584.90625,,0
1782298428.213144,6789.140429,165.0,,98.0,584.90625,,0
1782298428.313138,6789.240421,166.0,,98.0,584.90625,,0
1782298428.413142,6789.340426,171.0,,98.0,584.90625,,0
1782298428.513144,6789.440428,170.0,,98.0,584.90625,,0
1782298428.613146,6789.540430,173.0,,98.0,584.90625,,0
1782298428.713143,6789.640426,173.0,,98.0,584.90625,,0
1782298428.813143,6789.740426,176.0,,98.0,584.90625,,0
1782298428.913141,6789.840425,181.0,,98.0,584.90625,,0
1782298429.013146,6789.940431,183.0,,98.0,584.90625,,0
1782298429.113147,6790.040431,183.0,,98.0,584.90625,,0
1782298429.213147,6790.140430,186.0,,98.0,584.90625,,0
1782298429.313148,6790.240433,184.0,,98.0,584.90625,,0
1782298429.413146,6790.340429,184.0,,98.0,584.90625,,0
1782298429.513143,6790.440426,182.0,,98.0,584.90625,,0
1782298429.613140,6790.540423,183.0,,98.0,584.90625,,0
1782298429.713141,6790.640424,186.0,,98.0,584.90625,,0
1782298429.813139,6790.740422,186.0,,98.0,584.90625,,0
1782298429.913143,6790.840426,186.0,,98.0,584.90625,,0
1782298430.013138,6790.940421,188.0,,98.0,584.90625,,0
1782298430.113139,6791.040424,188.0,,98.0,584.90625,,0
1782298430.213142,6791.140427,184.0,,98.0,584.90625,,0
1782298430.313144,6791.240428,186.0,,98.0,584.90625,,0
1782298430.413141,6791.340425,187.0,,98.0,584.90625,,0
1782298430.513141,6791.440425,188.0,,98.0,584.90625,,0
1782298430.613141,6791.540424,188.0,,98.0,584.90625,,0
1782298430.713141,6791.640425,186.0,,98.0,584.90625,,0
1782298430.813146,6791.740429,184.0,,98.0,584.90625,,0
1782298430.913159,6791.840442,185.0,,99.0,584.90625,,0
1782298431.013146,6791.940429,185.0,,99.0,584.90625,,0
1782298431.113146,6792.040429,185.0,,99.0,584.90625,,0
1782298431.213057,6792.140340,185.0,,99.0,584.90625,,0
1782298431.313139,6792.240422,186.0,,99.0,584.90625,,0
1782298431.413160,6792.340445,187.0,,99.0,584.90625,,0
1782298431.513146,6792.440430,185.0,,99.0,584.90625,,0
1782298431.613144,6792.540427,188.0,,99.0,584.90625,,0
1782298431.713147,6792.640430,188.0,,99.0,584.90625,,0
1782298431.813147,6792.740430,186.0,,99.0,584.90625,,0
1782298431.913141,6792.840424,185.0,,99.0,584.90625,,0
1782298432.013145,6792.940429,185.0,,99.0,584.90625,,0
1782298432.113146,6793.040431,185.0,,99.0,584.90625,,0
1782298432.213149,6793.140432,187.0,,99.0,584.90625,,0
1782298432.313140,6793.240425,188.0,,99.0,584.90625,,0
1782298432.413140,6793.340424,188.0,,99.0,584.90625,,0
1782298432.513141,6793.440425,188.0,,99.0,584.90625,,0
1782298432.613146,6793.540430,188.0,,99.0,584.90625,,0
1782298432.713145,6793.640429,188.0,,98.0,584.90625,,0
1782298432.813146,6793.740431,187.0,,98.0,584.90625,,0
1782298432.913139,6793.840424,188.0,,98.0,584.90625,,0
1782298433.013151,6793.940436,188.0,,98.0,584.90625,,0
1782298433.113141,6794.040424,187.0,,98.0,584.90625,,0
1782298433.213140,6794.140425,190.0,,98.0,584.90625,,0
1782298433.313143,6794.240427,184.0,,98.0,584.90625,,0
1782298433.413144,6794.340427,187.0,,99.0,584.90625,,0
1782298433.513143,6794.440426,192.0,,98.0,584.90625,,0
1782298433.613141,6794.540425,189.0,,98.0,584.90625,,0
1782298433.713145,6794.640430,194.0,,98.0,584.90625,,0
1782298433.813145,6794.740428,193.0,,98.0,584.90625,,0
1782298433.913140,6794.840423,186.0,,98.0,584.90625,,0
1782298434.013164,6794.940449,184.0,,98.0,584.90625,,0
1782298434.113142,6795.040426,187.0,,98.0,584.90625,,0
1782298434.213140,6795.140423,182.0,,98.0,584.90625,,0
1782298434.313146,6795.240429,190.0,,98.0,584.90625,,0
1782298434.413142,6795.340426,196.0,,99.0,584.90625,,0
1782298434.513142,6795.440427,189.0,,98.0,584.90625,,0
1782298434.613139,6795.540423,185.0,,99.0,584.90625,,0
1782298434.713140,6795.640423,186.0,,98.0,584.90625,,0
1782298434.813143,6795.740427,186.0,,98.0,584.90625,,0
1782298434.913142,6795.840426,185.0,,98.0,584.90625,,0
1782298435.013143,6795.940427,186.0,,98.0,584.90625,,0
1782298435.113139,6796.040424,185.0,,98.0,584.90625,,0
1782298435.213057,6796.140341,186.0,,98.0,584.90625,,0
1782298435.313142,6796.240425,187.0,,98.0,584.90625,,0
1782298435.413144,6796.340429,185.0,,98.0,584.90625,,0
1782298435.513144,6796.440427,186.0,,98.0,584.90625,,0
1782298435.613141,6796.540425,186.0,,98.0,584.90625,,0
1782298435.713142,6796.640426,186.0,,98.0,584.90625,,0
1782298435.813147,6796.740430,186.0,,98.0,584.90625,,0
1782298435.913140,6796.840423,186.0,,98.0,584.90625,,0
1782298436.013139,6796.940423,186.0,,98.0,584.90625,,0
1782298436.113141,6797.040424,186.0,,98.0,584.90625,,0
1782298436.213141,6797.140426,186.0,,98.0,584.90625,,0
1782298436.313142,6797.240425,185.0,,98.0,584.90625,,0
1782298436.413140,6797.340425,186.0,,98.0,584.90625,,0
1782298436.513141,6797.440425,186.0,,98.0,584.90625,,0
1782298436.613142,6797.540427,186.0,,98.0,584.90625,,0
1782298436.713140,6797.640423,185.0,,98.0,584.90625,,0
1782298436.813142,6797.740425,186.0,,98.0,584.90625,,0
1782298436.913141,6797.840424,186.0,,98.0,584.90625,,0
1782298437.013152,6797.940436,186.0,,98.0,584.90625,,0
1782298437.113143,6798.040427,187.0,,98.0,584.90625,,0
1782298437.213140,6798.140423,187.0,,98.0,584.90625,,0
1782298437.313140,6798.240425,187.0,,98.0,584.90625,,0
1782298437.413160,6798.340443,186.0,,98.0,584.90625,,0
1782298437.513141,6798.440426,186.0,,98.0,584.90625,,0
1782298437.613139,6798.540423,186.0,,98.0,584.90625,,0
1782298437.713140,6798.640423,186.0,,98.0,584.90625,,0
1782298437.813164,6798.740447,185.0,,98.0,584.90625,,0
1782298437.913141,6798.840424,185.0,,98.0,584.90625,,0
1782298438.013139,6798.940423,186.0,,98.0,584.90625,,0
1782298438.113142,6799.040425,187.0,,98.0,584.90625,,0
1782298438.213143,6799.140426,186.0,,98.0,584.90625,,0
1782298438.313143,6799.240427,187.0,,98.0,584.90625,,0
1782298438.413139,6799.340423,186.0,,98.0,584.90625,,0
1782298438.513139,6799.440423,186.0,,98.0,584.90625,,0
1782298438.613140,6799.540424,187.0,,98.0,584.90625,,0
1782298438.713141,6799.640425,187.0,,98.0,584.90625,,0
1782298438.813140,6799.740425,187.0,,98.0,584.90625,,0
1782298438.913138,6799.840422,187.0,,98.0,584.90625,,0
1782298439.013140,6799.940425,187.0,,98.0,584.90625,,0
1782298439.113140,6800.040423,188.0,,98.0,584.90625,,0
1782298439.213057,6800.140340,188.0,,98.0,584.90625,,0
1782298439.313161,6800.240445,189.0,,98.0,584.90625,,0
1782298439.413141,6800.340426,190.0,,98.0,584.90625,,0
1782298439.513147,6800.440430,190.0,,98.0,584.90625,,0
1782298439.613157,6800.540440,187.0,,98.0,584.90625,,0
1782298439.713143,6800.640427,189.0,,98.0,584.90625,,0
1782298439.813142,6800.740425,190.0,,98.0,584.90625,,0
1782298439.913144,6800.840427,188.0,,98.0,584.90625,,0
1782298440.013141,6800.940424,187.0,,98.0,584.90625,,0
1782298440.113139,6801.040423,187.0,,98.0,584.90625,,0
1782298440.213140,6801.140423,186.0,,98.0,584.90625,,0
1782298440.313143,6801.240426,185.0,,98.0,584.90625,,0
1782298440.413144,6801.340429,186.0,,98.0,584.90625,,0
1782298440.513142,6801.440426,185.0,,98.0,584.90625,,0
1782298440.613142,6801.540425,186.0,,98.0,584.90625,,0
1782298440.713142,6801.640426,185.0,,98.0,584.90625,,0
1782298440.813143,6801.740427,186.0,,98.0,584.90625,,0
1782298440.913141,6801.840424,186.0,,98.0,584.90625,,0
1782298441.013144,6801.940428,186.0,,98.0,584.90625,,0
1782298441.113150,6802.040434,188.0,,98.0,584.90625,,0
1782298441.213141,6802.140424,188.0,,99.0,584.90625,,0
1782298441.313142,6802.240425,188.0,,98.0,584.90625,,0
1782298441.413145,6802.340429,191.0,,98.0,584.90625,,0
1782298441.513139,6802.440422,191.0,,98.0,584.90625,,0
1782298441.613143,6802.540427,192.0,,98.0,584.90625,,0
1782298441.713143,6802.640426,193.0,,98.0,584.90625,,0
1782298441.813139,6802.740423,193.0,,98.0,584.90625,,0
1782298441.913143,6802.840426,192.0,,98.0,584.90625,,0
1782298442.013139,6802.940424,193.0,,98.0,584.90625,,0
1782298442.113148,6803.040432,192.0,,98.0,584.90625,,0
1782298442.213144,6803.140428,193.0,,98.0,584.90625,,0
1782298442.313141,6803.240424,193.0,,98.0,584.90625,,0
1782298442.413141,6803.340424,193.0,,98.0,584.90625,,0
1782298442.513141,6803.440424,193.0,,98.0,584.90625,,0
1782298442.613143,6803.540427,192.0,,98.0,584.90625,,0
1782298442.713141,6803.640426,193.0,,98.0,584.90625,,0
1782298442.813140,6803.740423,192.0,,98.0,584.90625,,0
1782298442.913139,6803.840422,193.0,,98.0,584.90625,,0
1782298443.013142,6803.940425,194.0,,99.0,584.90625,,0
1782298443.113141,6804.040424,193.0,,98.0,584.90625,,0
1782298443.213057,6804.140341,192.0,,98.0,584.90625,,0
1782298443.313143,6804.240426,193.0,,98.0,584.90625,,0
1782298443.413141,6804.340424,193.0,,98.0,584.90625,,0
1782298443.513140,6804.440424,193.0,,98.0,584.90625,,0
1782298443.613141,6804.540425,193.0,,98.0,584.90625,,0
1782298443.713138,6804.640422,193.0,,98.0,584.90625,,0
1782298443.813147,6804.740432,193.0,,98.0,584.90625,,0
1782298443.913141,6804.840425,193.0,,98.0,584.90625,,0
1782298444.013142,6804.940425,193.0,,98.0,584.90625,,0
1782298444.113139,6805.040422,193.0,,98.0,584.90625,,0
1782298444.213142,6805.140425,193.0,,98.0,584.90625,,0
1782298444.313160,6805.240443,193.0,,98.0,584.90625,,0
1782298444.413140,6805.340423,193.0,,98.0,584.90625,,0
1782298444.513144,6805.440427,194.0,,98.0,584.90625,,0
1782298444.613153,6805.540437,193.0,,98.0,584.90625,,0
1782298444.713146,6805.640429,193.0,,98.0,584.90625,,0
1782298444.813143,6805.740427,194.0,,98.0,584.90625,,0
1782298444.913142,6805.840426,194.0,,98.0,584.90625,,0
1782298445.013140,6805.940425,193.0,,98.0,584.90625,,0
1782298445.113141,6806.040424,193.0,,98.0,584.90625,,0
1782298445.213143,6806.140427,193.0,,98.0,584.90625,,0
1782298445.313146,6806.240429,193.0,,98.0,584.90625,,0
1782298445.413146,6806.340430,193.0,,98.0,584.90625,,0
1782298445.513140,6806.440425,193.0,,98.0,584.90625,,0
1782298445.613158,6806.540442,193.0,,98.0,584.90625,,0
1782298445.713143,6806.640426,193.0,,98.0,584.90625,,0
1782298445.813140,6806.740424,193.0,,98.0,584.90625,,0
1782298445.913142,6806.840427,193.0,,98.0,584.90625,,0
1782298446.013141,6806.940425,193.0,,98.0,584.90625,,0
1782298446.113143,6807.040426,193.0,,98.0,584.90625,,0
1782298446.213140,6807.140423,192.0,,98.0,584.90625,,0
1782298446.313144,6807.240428,193.0,,98.0,584.90625,,0
1782298446.413143,6807.340426,194.0,,98.0,584.90625,,0
1782298446.513141,6807.440426,193.0,,98.0,584.90625,,0
1782298446.613141,6807.540424,193.0,,98.0,584.90625,,0
1782298446.713143,6807.640428,193.0,,98.0,584.90625,,0
1782298446.813145,6807.740428,192.0,,98.0,584.90625,,0
1782298446.913142,6807.840426,193.0,,98.0,584.90625,,0
1782298447.013139,6807.940423,193.0,,98.0,584.90625,,0
1782298447.113148,6808.040432,194.0,,98.0,584.90625,,0
1782298447.213057,6808.140340,193.0,,98.0,584.90625,,0
1782298447.313139,6808.240422,193.0,,98.0,584.90625,,0
1782298447.413140,6808.340423,193.0,,98.0,584.90625,,0
1782298447.513141,6808.440424,192.0,,98.0,584.90625,,0
1782298447.613142,6808.540425,193.0,,98.0,584.90625,,0
1782298447.713141,6808.640424,193.0,,98.0,584.90625,,0
1782298447.813140,6808.740424,193.0,,98.0,584.90625,,0
1782298447.913143,6808.840428,193.0,,98.0,584.90625,,0
1782298448.013146,6808.940429,193.0,,98.0,584.90625,,0
1782298448.113149,6809.040433,193.0,,98.0,584.90625,,0
1782298448.213143,6809.140426,192.0,,98.0,584.90625,,0
1782298448.313146,6809.240430,193.0,,98.0,584.90625,,0
1782298448.413140,6809.340423,193.0,,98.0,584.90625,,0
1782298448.513145,6809.440430,194.0,,98.0,584.90625,,0
1782298448.613145,6809.540429,193.0,,98.0,584.90625,,0
1782298448.713140,6809.640425,193.0,,98.0,584.90625,,0
1782298448.813140,6809.740423,193.0,,98.0,584.90625,,0
1782298448.913141,6809.840426,193.0,,98.0,584.90625,,0
1782298449.013139,6809.940422,194.0,,98.0,584.90625,,0
1782298449.113140,6810.040423,193.0,,98.0,584.90625,,0
1782298449.213143,6810.140427,192.0,,98.0,584.90625,,0
1782298449.313140,6810.240424,191.0,,98.0,584.90625,,0
1782298449.413146,6810.340429,188.0,,98.0,584.90625,,0
1782298449.513145,6810.440429,189.0,,98.0,584.90625,,0
1782298449.613140,6810.540424,190.0,,98.0,584.90625,,0
1782298449.713143,6810.640426,187.0,,99.0,584.90625,,0
1782298449.813141,6810.740425,193.0,,99.0,584.90625,,0
1782298449.913145,6810.840428,184.0,,99.0,584.90625,,0
1782298450.013139,6810.940424,187.0,,98.0,584.90625,,0
1782298450.113139,6811.040422,197.0,,98.0,584.90625,,0
1782298450.213144,6811.140428,194.0,,97.0,584.90625,,0
1782298450.313140,6811.240424,186.0,,98.0,584.90625,,0
1782298450.413138,6811.340421,191.0,,98.0,584.90625,,0
1782298450.513141,6811.440424,189.0,,98.0,584.90625,,0
1782298450.613140,6811.540423,188.0,,98.0,584.90625,,0
1782298450.713142,6811.640425,187.0,,98.0,584.90625,,0
1782298450.813140,6811.740424,198.0,,98.0,584.90625,,0
1782298450.913143,6811.840426,191.0,,98.0,584.90625,,0
1782298451.013144,6811.940427,193.0,,98.0,584.90625,,0
1782298451.113160,6812.040444,185.0,,98.0,584.90625,,0
1782298451.213057,6812.140340,189.0,,98.0,584.90625,,0
1782298451.313143,6812.240427,190.0,,98.0,584.90625,,0
1782298451.413143,6812.340426,189.0,,98.0,584.90625,,0
1782298451.513141,6812.440425,188.0,,98.0,584.90625,,0
1782298451.613145,6812.540429,188.0,,98.0,584.90625,,0
1782298451.713146,6812.640431,189.0,,98.0,584.90625,,0
1782298451.813145,6812.740429,189.0,,98.0,584.90625,,0
1782298451.913148,6812.840432,190.0,,98.0,584.90625,,0
1782298452.013139,6812.940422,189.0,,98.0,584.90625,,0
1782298452.113139,6813.040423,189.0,,98.0,584.90625,,0
1782298452.213142,6813.140427,189.0,,98.0,584.90625,,0
1782298452.313142,6813.240427,189.0,,98.0,584.90625,,0
1782298452.413140,6813.340423,189.0,,98.0,584.90625,,0
1782298452.513143,6813.440428,192.0,,98.0,584.90625,,0
1782298452.613139,6813.540424,192.0,,98.0,584.90625,,0
1782298452.713140,6813.640423,192.0,,98.0,584.90625,,0
1782298452.813140,6813.740425,191.0,,98.0,584.90625,,0
1782298452.913139,6813.840422,189.0,,98.0,584.90625,,0
1782298453.013146,6813.940431,188.0,,98.0,584.90625,,0
1782298453.113143,6814.040426,189.0,,98.0,584.90625,,0
1782298453.213148,6814.140432,192.0,,98.0,584.90625,,0
1782298453.313144,6814.240427,193.0,,98.0,584.90625,,0
1782298453.413143,6814.340428,193.0,,98.0,584.90625,,0
1782298453.513142,6814.440427,192.0,,98.0,584.90625,,0
1782298453.613147,6814.540430,192.0,,98.0,584.90625,,0
1782298453.713140,6814.640425,190.0,,98.0,584.90625,,0
1782298453.813142,6814.740425,188.0,,98.0,584.90625,,0
1782298453.913147,6814.840430,189.0,,98.0,584.90625,,0
1782298454.013142,6814.940427,189.0,,98.0,584.90625,,0
1782298454.113145,6815.040428,189.0,,98.0,584.90625,,0
1782298454.213143,6815.140426,188.0,,98.0,584.90625,,0
1782298454.313143,6815.240426,188.0,,98.0,584.90625,,0
1782298454.413149,6815.340432,188.0,,98.0,584.90625,,0
1782298454.513141,6815.440426,189.0,,98.0,584.90625,,0
1782298454.613145,6815.540429,188.0,,98.0,584.90625,,0
1782298454.713139,6815.640423,187.0,,98.0,584.90625,,0
1782298454.813141,6815.740426,188.0,,98.0,584.90625,,0
1782298454.913140,6815.840424,188.0,,98.0,584.90625,,0
1782298455.013160,6815.940444,188.0,,98.0,584.90625,,0
1782298455.113141,6816.040426,188.0,,98.0,584.90625,,0
1782298455.213057,6816.140341,188.0,,98.0,584.90625,,0
1782298455.313142,6816.240425,188.0,,98.0,584.90625,,0
1782298455.413147,6816.340432,188.0,,98.0,584.90625,,0
1782298455.513140,6816.440423,188.0,,98.0,584.90625,,0
1782298455.613142,6816.540426,187.0,,98.0,584.90625,,0
1782298455.713141,6816.640425,189.0,,98.0,584.90625,,0
1782298455.813144,6816.740428,190.0,,98.0,584.90625,,0
1782298455.913141,6816.840426,190.0,,98.0,584.90625,,0
1782298456.013145,6816.940428,188.0,,98.0,584.90625,,0
1782298456.113139,6817.040424,189.0,,98.0,584.90625,,0
1782298456.213146,6817.140430,190.0,,98.0,584.90625,,0
1782298456.313138,6817.240422,190.0,,98.0,584.90625,,0
1782298456.413141,6817.340425,188.0,,98.0,584.90625,,0
1782298456.513144,6817.440427,188.0,,98.0,584.90625,,0
1782298456.613144,6817.540428,187.0,,98.0,584.90625,,0
1782298456.713140,6817.640423,188.0,,98.0,584.90625,,0
1782298456.813140,6817.740424,189.0,,98.0,584.90625,,0
1782298456.913141,6817.840424,188.0,,98.0,584.90625,,0
1782298457.013140,6817.940423,188.0,,98.0,584.90625,,0
1782298457.113143,6818.040427,188.0,,98.0,584.90625,,0
1782298457.213139,6818.140424,187.0,,98.0,584.90625,,0
1782298457.313139,6818.240422,187.0,,98.0,584.90625,,0
1782298457.413162,6818.340445,187.0,,98.0,584.90625,,0
1782298457.513151,6818.440436,189.0,,98.0,584.90625,,0
1782298457.613142,6818.540427,190.0,,98.0,584.90625,,0
1782298457.713144,6818.640427,189.0,,98.0,584.90625,,0
1782298457.813138,6818.740422,187.0,,98.0,584.90625,,0
1782298457.913141,6818.840426,187.0,,98.0,584.90625,,0
1782298458.013141,6818.940425,188.0,,98.0,584.90625,,0
1782298458.113143,6819.040426,188.0,,98.0,584.90625,,0
1782298458.213140,6819.140423,186.0,,98.0,584.90625,,0
1782298458.313148,6819.240431,187.0,,98.0,584.90625,,0
1782298458.413141,6819.340424,188.0,,98.0,584.90625,,0
1782298458.513144,6819.440429,189.0,,98.0,584.90625,,0
1782298458.613141,6819.540424,189.0,,98.0,584.90625,,0
1782298458.713142,6819.640426,189.0,,98.0,584.90625,,0
1782298458.813141,6819.740426,193.0,,98.0,584.90625,,0
1782298458.913144,6819.840428,193.0,,98.0,584.90625,,0
1782298459.013143,6819.940427,191.0,,98.0,584.90625,,0
1782298459.113141,6820.040426,189.0,,98.0,584.90625,,0
1782298459.213056,6820.140340,187.0,,98.0,584.90625,,0
1782298459.313147,6820.240430,190.0,,98.0,584.90625,,0
1782298459.413141,6820.340425,188.0,,98.0,584.90625,,0
1782298459.513140,6820.440423,188.0,,98.0,584.90625,,0
1782298459.613143,6820.540426,190.0,,98.0,584.90625,,0
1782298459.713148,6820.640433,193.0,,98.0,584.90625,,0
1782298459.813144,6820.740427,190.0,,98.0,584.90625,,0
1782298459.913138,6820.840422,188.0,,98.0,584.90625,,0
1782298460.013140,6820.940423,190.0,,98.0,584.90625,,0
1782298460.113145,6821.040429,189.0,,98.0,584.90625,,0
1782298460.213144,6821.140427,188.0,,98.0,584.90625,,0
1782298460.313140,6821.240423,188.0,,98.0,584.90625,,0
1782298460.413144,6821.340428,188.0,,98.0,584.90625,,0
1782298460.513141,6821.440425,190.0,,98.0,584.90625,,0
1782298460.613147,6821.540432,190.0,,98.0,584.90625,,0
1782298460.713141,6821.640424,189.0,,98.0,584.90625,,0
1782298460.813167,6821.740450,188.0,,98.0,584.90625,,0
1782298460.913143,6821.840427,186.0,,98.0,584.90625,,0
1782298461.013144,6821.940429,188.0,,98.0,584.90625,,0
1782298461.113141,6822.040425,192.0,,98.0,584.90625,,0
1782298461.213140,6822.140425,192.0,,98.0,584.90625,,0
1782298461.313140,6822.240424,189.0,,98.0,584.90625,,0
1782298461.413139,6822.340422,189.0,,98.0,584.90625,,0
1782298461.513139,6822.440423,190.0,,98.0,584.90625,,0
1782298461.613141,6822.540424,188.0,,98.0,584.90625,,0
1782298461.713140,6822.640423,166.0,,84.0,584.90625,,0
1782298461.813146,6822.740429,39.0,,2.0,584.90625,,0
1782298461.913146,6822.840429,35.0,,3.0,584.90625,,0
1782298462.013146,6822.940429,19.0,,3.0,584.90625,,0
1782298462.113143,6823.040427,18.0,,3.0,584.90625,,0
1782298462.213145,6823.140428,20.0,,3.0,584.90625,,0
1782298462.313142,6823.240425,18.0,,3.0,584.90625,,0
1782298462.413148,6823.340431,20.0,,3.0,584.90625,,0
1782298462.513161,6823.440445,22.0,,3.0,584.90625,,0
1782298462.613142,6823.540426,17.0,,3.0,584.90625,,0
1782298462.713142,6823.640425,16.0,,3.0,584.90625,,0
1782298462.813142,6823.740425,17.0,,3.0,584.90625,,0
1782298462.913142,6823.840426,16.0,,3.0,584.90625,,0
1782298463.013148,6823.940431,19.0,,3.0,584.90625,,0
1782298463.113146,6824.040430,17.0,,3.0,584.90625,,0
1782298463.213057,6824.140340,18.0,,3.0,584.90625,,0
1782298463.313143,6824.240426,17.0,,3.0,584.90625,,0
1782298463.413141,6824.340424,17.0,,3.0,584.90625,,0
1782298463.513139,6824.440422,17.0,,3.0,584.90625,,0
1782298463.613143,6824.540426,17.0,,2.0,584.90625,,0
1782298463.713149,6824.640432,18.0,,3.0,584.90625,,0
1782298463.813144,6824.740428,17.0,,3.0,584.90625,,0
1782298463.913142,6824.840426,18.0,,3.0,584.90625,,0
1782298464.013144,6824.940428,19.0,,5.0,584.90625,,0
1782298464.113144,6825.040428,17.0,,4.0,584.90625,,0
1782298464.213141,6825.140424,17.0,,4.0,584.90625,,0
1782298464.313139,6825.240423,16.0,,3.0,584.90625,,0
1782298464.413141,6825.340424,17.0,,2.0,584.90625,,0
1782298464.513141,6825.440424,17.0,,3.0,584.90625,,0
1782298464.613153,6825.540436,16.0,,3.0,584.90625,,0
1782298464.713140,6825.640423,15.0,,3.0,584.90625,,0
1782298464.813146,6825.740429,15.0,,3.0,584.90625,,0
1782298464.913144,6825.840428,17.0,,3.0,584.90625,,0
1782298465.013140,6825.940424,17.0,,3.0,584.90625,,0
1782298465.113147,6826.040432,17.0,,3.0,584.90625,,0
1782298465.213142,6826.140426,18.0,,3.0,584.90625,,0
1782298465.313141,6826.240425,17.0,,3.0,584.90625,,0
1782298465.413141,6826.340426,18.0,,3.0,584.90625,,0
1782298465.513143,6826.440426,17.0,,3.0,584.90625,,0
1782298465.613150,6826.540433,17.0,,3.0,584.90625,,0
1782298465.713145,6826.640428,16.0,,3.0,584.90625,,0
1782298465.813142,6826.740425,16.0,,3.0,584.90625,,0
1782298465.913140,6826.840423,16.0,,2.0,584.90625,,0
1782298466.013141,6826.940424,16.0,,3.0,584.90625,,0
1782298466.113144,6827.040428,16.0,,3.0,584.90625,,0
1782298466.213144,6827.140427,18.0,,3.0,584.90625,,0
1782298466.313143,6827.240426,19.0,,3.0,584.90625,,0
1782298466.413152,6827.340435,16.0,,3.0,584.90625,,0
1782298466.513145,6827.440428,16.0,,3.0,584.90625,,0
1782298466.613142,6827.540425,16.0,,3.0,584.90625,,0
1782298466.713150,6827.640434,104.0,,98.0,584.90625,,0
1782298466.813149,6827.740433,147.0,,99.0,584.90625,,0
1782298466.913142,6827.840426,151.0,,98.0,584.90625,,0
1782298467.013151,6827.940434,148.0,,98.0,584.90625,,0
1782298467.113148,6828.040431,146.0,,98.0,584.90625,,0
1782298467.213133,6828.140417,149.0,,98.0,584.90625,,0
1782298467.313128,6828.240412,152.0,,98.0,584.90625,,0
1782298467.413147,6828.340431,151.0,,98.0,584.90625,,0
1782298467.513155,6828.440440,156.0,,99.0,584.90625,,0
1782298467.613145,6828.540428,155.0,,99.0,584.90625,,0
1782298467.713136,6828.640420,160.0,,98.0,584.90625,,0
1782298467.813144,6828.740429,161.0,,98.0,584.90625,,0
1782298467.913146,6828.840431,161.0,,98.0,584.90625,,0
1782298468.013142,6828.940426,163.0,,98.0,584.90625,,0
1782298468.113150,6829.040435,165.0,,98.0,584.90625,,0
1782298468.213078,6829.140362,167.0,,98.0,584.90625,,0
1782298468.313146,6829.240431,169.0,,98.0,584.90625,,0
1782298468.413141,6829.340426,171.0,,98.0,584.90625,,0
1782298468.513142,6829.440427,173.0,,98.0,584.90625,,0
1782298468.613142,6829.540428,175.0,,98.0,584.90625,,0
1782298468.713145,6829.640429,178.0,,98.0,584.90625,,0
1782298468.813143,6829.740426,180.0,,98.0,584.90625,,0
1782298468.913142,6829.840427,181.0,,98.0,584.90625,,0
1782298469.013142,6829.940426,183.0,,98.0,584.90625,,0
1782298469.113139,6830.040424,183.0,,98.0,584.90625,,0
1782298469.213141,6830.140425,183.0,,98.0,584.90625,,0
1782298469.313140,6830.240424,184.0,,98.0,584.90625,,0
1782298469.413139,6830.340423,184.0,,98.0,584.90625,,0
1782298469.513171,6830.440456,184.0,,98.0,584.90625,,0
1782298469.613142,6830.540427,184.0,,98.0,584.90625,,0
1782298469.713135,6830.640420,184.0,,98.0,584.90625,,0
1782298469.813142,6830.740426,184.0,,98.0,584.90625,,0
1782298469.913146,6830.840430,184.0,,98.0,584.90625,,0
1782298470.013142,6830.940427,186.0,,98.0,584.90625,,0
1782298470.113145,6831.040430,184.0,,98.0,584.90625,,0
1782298470.213138,6831.140423,184.0,,98.0,584.90625,,0
1782298470.313146,6831.240431,184.0,,98.0,584.90625,,0
1782298470.413144,6831.340428,184.0,,98.0,584.90625,,0
1782298470.513145,6831.440430,185.0,,98.0,584.90625,,0
1782298470.613146,6831.540430,184.0,,98.0,584.90625,,0
1782298470.713141,6831.640425,185.0,,98.0,584.90625,,0
1782298470.813143,6831.740428,185.0,,98.0,584.90625,,0
1782298470.913142,6831.840426,184.0,,98.0,584.90625,,0
1782298471.013146,6831.940431,184.0,,98.0,584.90625,,0
1782298471.113145,6832.040429,185.0,,98.0,584.90625,,0
1782298471.213076,6832.140361,185.0,,98.0,584.90625,,0
1782298471.313140,6832.240425,183.0,,98.0,584.90625,,0
1782298471.413153,6832.340438,183.0,,98.0,584.90625,,0
1782298471.513143,6832.440428,185.0,,98.0,584.90625,,0
1782298471.613147,6832.540431,185.0,,98.0,584.90625,,0
1782298471.713147,6832.640431,186.0,,98.0,584.90625,,0
1782298471.813146,6832.740431,187.0,,98.0,584.90625,,0
1782298471.913142,6832.840427,187.0,,98.0,584.90625,,0
1782298472.013148,6832.940432,187.0,,98.0,584.90625,,0
1782298472.113146,6833.040430,186.0,,98.0,584.90625,,0
1782298472.213144,6833.140428,185.0,,98.0,584.90625,,0
1782298472.313149,6833.240434,185.0,,98.0,584.90625,,0
1782298472.413146,6833.340430,185.0,,98.0,584.90625,,0
1782298472.513143,6833.440428,187.0,,98.0,584.90625,,0
1782298472.613143,6833.540428,185.0,,98.0,584.90625,,0
1782298472.713158,6833.640441,185.0,,98.0,584.90625,,0
1782298472.813145,6833.740428,184.0,,98.0,584.90625,,0
1782298472.913141,6833.840426,184.0,,98.0,584.90625,,0
1782298473.013146,6833.940429,185.0,,98.0,584.90625,,0
1782298473.113147,6834.040431,185.0,,98.0,584.90625,,0
1782298473.213148,6834.140433,185.0,,98.0,584.90625,,0
1782298473.313146,6834.240431,185.0,,98.0,584.90625,,0
1782298473.413165,6834.340449,185.0,,98.0,584.90625,,0
1782298473.513163,6834.440447,185.0,,98.0,584.90625,,0
1782298473.613145,6834.540429,185.0,,98.0,584.90625,,0
1782298473.713146,6834.640431,184.0,,98.0,584.90625,,0
1782298473.813149,6834.740433,185.0,,98.0,584.90625,,0
1782298473.913146,6834.840430,185.0,,98.0,584.90625,,0
1782298474.013146,6834.940430,185.0,,98.0,584.90625,,0
1782298474.113145,6835.040429,186.0,,98.0,584.90625,,0
1782298474.213164,6835.140447,187.0,,98.0,584.90625,,0
1782298474.313146,6835.240431,185.0,,98.0,584.90625,,0
1782298474.413364,6835.340647,185.0,,98.0,584.90625,,0
1782298474.513057,6835.440341,187.0,,98.0,584.90625,,0
1782298474.613057,6835.540341,188.0,,98.0,584.90625,,0
1782298474.713057,6835.640340,188.0,,98.0,584.90625,,0
1782298474.813056,6835.740340,188.0,,98.0,584.90625,,0
1782298474.913079,6835.840363,188.0,,98.0,584.90625,,0
1782298475.013065,6835.940349,188.0,,98.0,584.90625,,0
1782298475.113064,6836.040348,188.0,,98.0,584.90625,,0
1782298475.213065,6836.140349,188.0,,98.0,584.90625,,0
1782298475.313064,6836.240348,188.0,,98.0,584.90625,,0
1782298475.413063,6836.340346,188.0,,98.0,584.90625,,0
1782298475.513063,6836.440347,188.0,,98.0,584.90625,,0
1782298475.613063,6836.540347,189.0,,98.0,584.90625,,0
1782298475.713066,6836.640350,189.0,,98.0,584.90625,,0
1782298475.813066,6836.740349,188.0,,98.0,584.90625,,0
1782298475.913065,6836.840349,189.0,,98.0,584.90625,,0
1782298476.013057,6836.940340,188.0,,98.0,584.90625,,0
1782298476.113079,6837.040363,189.0,,98.0,584.90625,,0
1782298476.213065,6837.140349,188.0,,98.0,584.90625,,0
1782298476.313064,6837.240347,188.0,,98.0,584.90625,,0
1782298476.413064,6837.340348,189.0,,98.0,584.90625,,0
1782298476.513064,6837.440347,188.0,,98.0,584.90625,,0
1782298476.613063,6837.540347,189.0,,98.0,584.90625,,0
1782298476.713063,6837.640347,189.0,,98.0,584.90625,,0
1782298476.813064,6837.740347,188.0,,98.0,584.90625,,0
1782298476.913064,6837.840348,186.0,,98.0,584.90625,,0
1782298477.013064,6837.940348,186.0,,98.0,584.90625,,0
1782298477.113064,6838.040348,186.0,,98.0,584.90625,,0
1782298477.213062,6838.140346,186.0,,98.0,584.90625,,0
1782298477.313063,6838.240347,186.0,,98.0,584.90625,,0
1782298477.413063,6838.340347,187.0,,98.0,584.90625,,0
1782298477.513063,6838.440347,187.0,,98.0,584.90625,,0
1782298477.613063,6838.540347,187.0,,98.0,584.90625,,0
1782298477.713062,6838.640346,187.0,,98.0,584.90625,,0
1782298477.813057,6838.740340,186.0,,98.0,584.90625,,0
1782298477.913072,6838.840357,187.0,,98.0,584.90625,,0
1782298478.013065,6838.940349,187.0,,98.0,584.90625,,0
1782298478.113064,6839.040348,188.0,,98.0,584.90625,,0
1782298478.213064,6839.140348,187.0,,98.0,584.90625,,0
1782298478.313063,6839.240347,188.0,,98.0,584.90625,,0
1782298478.413064,6839.340347,188.0,,98.0,584.90625,,0
1782298478.513063,6839.440347,188.0,,98.0,584.90625,,0
1782298478.613057,6839.540340,187.0,,98.0,584.90625,,0
1782298478.713068,6839.640351,186.0,,98.0,584.90625,,0
1782298478.813064,6839.740347,187.0,,98.0,584.90625,,0
1782298478.913064,6839.840348,187.0,,98.0,584.90625,,0
1782298479.013064,6839.940348,188.0,,98.0,584.90625,,0
1782298479.113064,6840.040348,187.0,,98.0,584.90625,,0
1782298479.213063,6840.140346,187.0,,98.0,584.90625,,0
1782298479.313063,6840.240347,187.0,,98.0,584.90625,,0
1782298479.413064,6840.340347,187.0,,98.0,584.90625,,0
1782298479.513063,6840.440347,188.0,,98.0,584.90625,,0
1782298479.613063,6840.540347,188.0,,98.0,584.90625,,0
1782298479.713063,6840.640347,188.0,,98.0,584.90625,,0
1782298479.813062,6840.740346,193.0,,98.0,584.90625,,0
1782298479.913062,6840.840346,194.0,,98.0,584.90625,,0
1782298480.013062,6840.940346,194.0,,98.0,584.90625,,0
1782298480.113063,6841.040346,195.0,,98.0,584.90625,,0
1782298480.213063,6841.140346,194.0,,98.0,584.90625,,0
1782298480.313063,6841.240347,194.0,,98.0,584.90625,,0
1782298480.413064,6841.340348,194.0,,98.0,584.90625,,0
1782298480.513063,6841.440346,194.0,,98.0,584.90625,,0
1782298480.613063,6841.540347,194.0,,98.0,584.90625,,0
1782298480.713065,6841.640349,194.0,,98.0,584.90625,,0
1782298480.813063,6841.740347,195.0,,98.0,584.90625,,0
1782298480.913064,6841.840347,194.0,,98.0,584.90625,,0
1782298481.013064,6841.940348,195.0,,98.0,584.90625,,0
1782298481.113063,6842.040346,194.0,,98.0,584.90625,,0
1782298481.213064,6842.140348,186.0,,98.0,584.90625,,0
1782298481.313056,6842.240339,187.0,,99.0,584.90625,,0
1782298481.413082,6842.340367,188.0,,98.0,584.90625,,0
1782298481.513067,6842.440351,192.0,,98.0,584.90625,,0
1782298481.613066,6842.540350,189.0,,98.0,584.90625,,0
1782298481.713063,6842.640347,189.0,,98.0,584.90625,,0
1782298481.813065,6842.740349,189.0,,99.0,584.90625,,0
1782298481.913073,6842.840358,188.0,,98.0,584.90625,,0
1782298482.013056,6842.940340,186.0,,98.0,584.90625,,0
1782298482.113056,6843.040340,188.0,,98.0,584.90625,,0
1782298482.213056,6843.140340,186.0,,98.0,584.90625,,0
1782298482.313056,6843.240340,191.0,,98.0,584.90625,,0
1782298482.413056,6843.340340,195.0,,98.0,584.90625,,0
1782298482.513078,6843.440363,190.0,,99.0,584.90625,,0
1782298482.613066,6843.540350,187.0,,98.0,584.90625,,0
1782298482.713067,6843.640350,189.0,,98.0,584.90625,,0
1782298482.813056,6843.740340,187.0,,98.0,584.90625,,0
1782298482.913079,6843.840363,191.0,,99.0,584.90625,,0
1782298483.013065,6843.940348,189.0,,98.0,584.90625,,0
1782298483.113079,6844.040364,188.0,,98.0,584.90625,,0
1782298483.213067,6844.140351,188.0,,98.0,584.90625,,0
1782298483.313064,6844.240348,188.0,,98.0,584.90625,,0
1782298483.413067,6844.340351,188.0,,98.0,584.90625,,0
1782298483.513066,6844.440349,188.0,,98.0,584.90625,,0
1782298483.613065,6844.540348,189.0,,98.0,584.90625,,0
1782298483.713066,6844.640349,188.0,,98.0,584.90625,,0
1782298483.813063,6844.740346,188.0,,98.0,584.90625,,0
1782298483.913063,6844.840346,188.0,,98.0,584.90625,,0
1782298484.013062,6844.940346,188.0,,98.0,584.90625,,0
1782298484.113064,6845.040348,187.0,,98.0,584.90625,,0
1782298484.213063,6845.140347,187.0,,98.0,584.90625,,0
1782298484.313063,6845.240346,187.0,,98.0,584.90625,,0
1782298484.413063,6845.340346,186.0,,98.0,584.90625,,0
1782298484.513064,6845.440348,187.0,,98.0,584.90625,,0
1782298484.613063,6845.540346,186.0,,98.0,584.90625,,0
1782298484.713064,6845.640348,186.0,,98.0,584.90625,,0
1782298484.813063,6845.740347,185.0,,98.0,584.90625,,0
1782298484.913064,6845.840348,186.0,,98.0,584.90625,,0
1782298485.013056,6845.940340,186.0,,98.0,584.90625,,0
1782298485.113056,6846.040340,187.0,,98.0,584.90625,,0
1782298485.213057,6846.140340,187.0,,98.0,584.90625,,0
1782298485.313057,6846.240340,185.0,,98.0,584.90625,,0
1782298485.413057,6846.340341,186.0,,98.0,584.90625,,0
1782298485.513074,6846.440358,186.0,,98.0,584.90625,,0
1782298485.613066,6846.540350,185.0,,98.0,584.90625,,0
1782298485.713064,6846.640348,185.0,,98.0,584.90625,,0
1782298485.813064,6846.740347,186.0,,98.0,584.90625,,0
1782298485.913064,6846.840347,188.0,,98.0,584.90625,,0
1782298486.013063,6846.940347,187.0,,98.0,584.90625,,0
1782298486.113063,6847.040346,186.0,,98.0,584.90625,,0
1782298486.213063,6847.140347,186.0,,98.0,584.90625,,0
1782298486.313064,6847.240347,185.0,,98.0,584.90625,,0
1782298486.413062,6847.340346,185.0,,98.0,584.90625,,0
1782298486.513062,6847.440346,186.0,,98.0,584.90625,,0
1782298486.613063,6847.540347,186.0,,98.0,584.90625,,0
1782298486.713062,6847.640346,185.0,,98.0,584.90625,,0
1782298486.813062,6847.740346,187.0,,98.0,584.90625,,0
1782298486.913064,6847.840347,186.0,,98.0,584.90625,,0
1782298487.013065,6847.940349,185.0,,98.0,584.90625,,0
1782298487.113064,6848.040347,186.0,,98.0,584.90625,,0
1782298487.213063,6848.140347,186.0,,98.0,584.90625,,0
1782298487.313063,6848.240347,186.0,,98.0,584.90625,,0
1782298487.413065,6848.340348,185.0,,98.0,584.90625,,0
1782298487.513063,6848.440346,185.0,,98.0,584.90625,,0
1782298487.613063,6848.540347,185.0,,98.0,584.90625,,0
1782298487.713063,6848.640346,186.0,,98.0,584.90625,,0
1782298487.813062,6848.740346,186.0,,98.0,584.90625,,0
1782298487.913062,6848.840346,185.0,,98.0,584.90625,,0
1782298488.013062,6848.940346,186.0,,98.0,584.90625,,0
1782298488.113062,6849.040346,186.0,,98.0,584.90625,,0
1782298488.213063,6849.140347,187.0,,98.0,584.90625,,0
1782298488.313065,6849.240348,186.0,,98.0,584.90625,,0
1782298488.413057,6849.340340,186.0,,98.0,584.90625,,0
1782298488.513075,6849.440360,186.0,,98.0,584.90625,,0
1782298488.613065,6849.540349,185.0,,98.0,584.90625,,0
1782298488.713065,6849.640349,187.0,,99.0,584.90625,,0
1782298488.813064,6849.740348,186.0,,98.0,584.90625,,0
1782298488.913063,6849.840347,186.0,,98.0,584.90625,,0
1782298489.013063,6849.940347,186.0,,98.0,584.90625,,0
1782298489.113063,6850.040347,186.0,,98.0,584.90625,,0
1782298489.213063,6850.140347,186.0,,98.0,584.90625,,0
1782298489.313063,6850.240347,186.0,,98.0,584.90625,,0
1782298489.413063,6850.340347,186.0,,98.0,584.90625,,0
1782298489.513063,6850.440347,186.0,,98.0,584.90625,,0
1782298489.613063,6850.540347,186.0,,98.0,584.90625,,0
1782298489.713063,6850.640347,186.0,,98.0,584.90625,,0
1782298489.813065,6850.740348,186.0,,98.0,584.90625,,0
1782298489.913057,6850.840340,185.0,,98.0,584.90625,,0
1782298490.013057,6850.940340,185.0,,98.0,584.90625,,0
1782298490.113076,6851.040361,186.0,,98.0,584.90625,,0
1782298490.213066,6851.140350,186.0,,98.0,584.90625,,0
1782298490.313064,6851.240348,186.0,,98.0,584.90625,,0
1782298490.413064,6851.340347,185.0,,98.0,584.90625,,0
1782298490.513066,6851.440350,187.0,,98.0,584.90625,,0
1782298490.613063,6851.540346,186.0,,98.0,584.90625,,0
1782298490.713062,6851.640346,186.0,,98.0,584.90625,,0
1782298490.813064,6851.740347,185.0,,98.0,584.90625,,0
1782298490.913065,6851.840349,186.0,,98.0,584.90625,,0
1782298491.013063,6851.940346,186.0,,98.0,584.90625,,0
1782298491.113063,6852.040346,186.0,,98.0,584.90625,,0
1782298491.213063,6852.140346,185.0,,98.0,584.90625,,0
1782298491.313064,6852.240347,186.0,,98.0,584.90625,,0
1782298491.413063,6852.340346,185.0,,98.0,584.90625,,0
1782298491.513056,6852.440340,186.0,,98.0,584.90625,,0
1782298491.613081,6852.540365,186.0,,98.0,584.90625,,0
1782298491.713065,6852.640349,186.0,,98.0,584.90625,,0
1782298491.813064,6852.740347,185.0,,98.0,584.90625,,0
1782298491.913064,6852.840348,185.0,,98.0,584.90625,,0
1782298492.013063,6852.940346,185.0,,98.0,584.90625,,0
1782298492.113063,6853.040346,186.0,,98.0,584.90625,,0
1782298492.213062,6853.140346,187.0,,98.0,584.90625,,0
1782298492.313063,6853.240346,186.0,,98.0,584.90625,,0
1782298492.413064,6853.340347,186.0,,98.0,584.90625,,0
1782298492.513064,6853.440347,186.0,,98.0,584.90625,,0
1782298492.613064,6853.540348,185.0,,98.0,584.90625,,0
1782298492.713064,6853.640348,185.0,,98.0,584.90625,,0
1782298492.813062,6853.740346,187.0,,99.0,584.90625,,0
1782298492.913063,6853.840346,187.0,,98.0,584.90625,,0
1782298493.013066,6853.940349,186.0,,98.0,584.90625,,0
1782298493.113062,6854.040346,186.0,,98.0,584.90625,,0
1782298493.213066,6854.140349,186.0,,98.0,584.90625,,0
1782298493.313064,6854.240347,185.0,,98.0,584.90625,,0
1782298493.413063,6854.340346,186.0,,98.0,584.90625,,0
1782298493.513063,6854.440347,186.0,,98.0,584.90625,,0
1782298493.613063,6854.540347,187.0,,98.0,584.90625,,0
1782298493.713062,6854.640345,186.0,,98.0,584.90625,,0
1782298493.813063,6854.740347,187.0,,98.0,584.90625,,0
1782298493.913063,6854.840346,191.0,,98.0,584.90625,,0
1782298494.013062,6854.940345,191.0,,98.0,584.90625,,0
1782298494.113063,6855.040347,188.0,,98.0,584.90625,,0
1782298494.213063,6855.140346,189.0,,98.0,584.90625,,0
1782298494.313062,6855.240345,188.0,,98.0,584.90625,,0
1782298494.413064,6855.340347,189.0,,98.0,584.90625,,0
1782298494.513063,6855.440347,190.0,,98.0,584.90625,,0
1782298494.613063,6855.540347,189.0,,98.0,584.90625,,0
1782298494.713062,6855.640346,189.0,,98.0,584.90625,,0
1782298494.813063,6855.740347,189.0,,98.0,584.90625,,0
1782298494.913063,6855.840346,190.0,,98.0,584.90625,,0
1782298495.013063,6855.940346,189.0,,98.0,584.90625,,0
1782298495.113063,6856.040346,191.0,,98.0,584.90625,,0
1782298495.213063,6856.140347,190.0,,98.0,584.90625,,0
1782298495.313063,6856.240346,188.0,,98.0,584.90625,,0
1782298495.413064,6856.340348,188.0,,98.0,584.90625,,0
1782298495.513062,6856.440346,189.0,,98.0,584.90625,,0
1782298495.613063,6856.540347,188.0,,98.0,584.90625,,0
1782298495.713065,6856.640349,188.0,,98.0,584.90625,,0
1782298495.813057,6856.740340,188.0,,98.0,584.90625,,0
1782298495.913056,6856.840340,188.0,,98.0,584.90625,,0
1782298496.013079,6856.940364,188.0,,98.0,584.90625,,0
1782298496.113063,6857.040347,188.0,,98.0,584.90625,,0
1782298496.213064,6857.140348,188.0,,98.0,584.90625,,0
1782298496.313063,6857.240347,188.0,,98.0,584.90625,,0
1782298496.413064,6857.340348,188.0,,98.0,584.90625,,0
1782298496.513067,6857.440351,188.0,,98.0,584.90625,,0
1782298496.613067,6857.540351,188.0,,98.0,584.90625,,0
1782298496.713056,6857.640340,188.0,,98.0,584.90625,,0
1782298496.813072,6857.740357,188.0,,98.0,584.90625,,0
1782298496.913066,6857.840349,188.0,,98.0,584.90625,,0
1782298497.013064,6857.940348,188.0,,98.0,584.90625,,0
1782298497.113064,6858.040348,188.0,,98.0,584.90625,,0
1782298497.213064,6858.140348,187.0,,98.0,584.90625,,0
1782298497.313063,6858.240347,188.0,,98.0,584.90625,,0
1782298497.413063,6858.340346,188.0,,98.0,584.90625,,0
1782298497.513062,6858.440346,188.0,,98.0,584.90625,,0
1782298497.613063,6858.540347,188.0,,98.0,584.90625,,0
1782298497.713063,6858.640347,188.0,,98.0,584.90625,,0
1782298497.813063,6858.740347,186.0,,98.0,584.90625,,0
1782298497.913062,6858.840346,187.0,,98.0,584.90625,,0
1782298498.013062,6858.940346,188.0,,98.0,584.90625,,0
1782298498.113063,6859.040346,191.0,,98.0,584.90625,,0
1782298498.213063,6859.140347,187.0,,98.0,584.90625,,0
1782298498.313062,6859.240346,187.0,,98.0,584.90625,,0
1782298498.413063,6859.340347,192.0,,98.0,584.90625,,0
1782298498.513063,6859.440347,196.0,,98.0,584.90625,,0
1782298498.613063,6859.540347,186.0,,98.0,584.90625,,0
1782298498.713063,6859.640347,180.0,,99.0,584.90625,,0
1782298498.813062,6859.740345,193.0,,98.0,584.90625,,0
1782298498.913062,6859.840346,187.0,,98.0,584.90625,,0
1782298499.013063,6859.940347,187.0,,98.0,584.90625,,0
1782298499.113063,6860.040347,186.0,,98.0,584.90625,,0
1782298499.213062,6860.140346,184.0,,99.0,584.90625,,0
1782298499.313062,6860.240346,190.0,,98.0,584.90625,,0
1782298499.413062,6860.340346,189.0,,98.0,584.90625,,0
1782298499.513063,6860.440346,188.0,,98.0,584.90625,,0
1782298499.613062,6860.540346,188.0,,98.0,584.90625,,0
1782298499.713062,6860.640346,187.0,,98.0,584.90625,,0
1782298499.813064,6860.740347,187.0,,98.0,584.90625,,0
1782298499.913063,6860.840346,187.0,,98.0,584.90625,,0
1782298500.013064,6860.940347,187.0,,98.0,584.90625,,0
1782298500.113063,6861.040347,187.0,,98.0,584.90625,,0
1782298500.213063,6861.140346,186.0,,98.0,584.90625,,0
1782298500.313062,6861.240346,186.0,,98.0,584.90625,,0
1782298500.413062,6861.340345,186.0,,98.0,584.90625,,0
1782298500.513063,6861.440346,185.0,,98.0,584.90625,,0
1782298500.613063,6861.540347,186.0,,98.0,584.90625,,0
1782298500.713063,6861.640347,187.0,,99.0,584.90625,,0
1782298500.813067,6861.740352,187.0,,98.0,584.90625,,0
1782298500.913065,6861.840349,186.0,,98.0,584.90625,,0
1782298501.013063,6861.940347,186.0,,98.0,584.90625,,0
1782298501.113065,6862.040348,188.0,,98.0,584.90625,,0
1782298501.213064,6862.140347,188.0,,98.0,584.90625,,0
1782298501.313063,6862.240346,188.0,,98.0,584.90625,,0
1782298501.413063,6862.340347,187.0,,98.0,584.90625,,0
1782298501.513063,6862.440347,187.0,,98.0,584.90625,,0
1782298501.613063,6862.540347,187.0,,98.0,584.90625,,0
1782298501.713068,6862.640351,43.0,,3.0,584.890625,,0
1782298501.813066,6862.740350,36.0,,2.0,584.890625,,0
1782298501.913068,6862.840351,36.0,,3.0,584.890625,,0
1782298502.013155,6862.940440,36.0,,10.0,354.71484375,,0
1782298502.113149,6863.040434,31.0,,2.0,354.71484375,,0
1782298502.213148,6863.140433,24.0,,,354.71484375,,0
1782298502.313154,6863.240438,14.0,,1.0,354.71484375,,0
1782298502.413149,6863.340434,24.0,,1.0,354.71484375,,0
