sample_epoch,mono_s,power_w,energy_uj,gfx_busy_pct,vram_used_mb,sclk_mhz,device_id
1782300832.383654,9193.310937,23.0,,3.0,354.71484375,,0
1782300832.483808,9193.411093,18.0,,,354.71484375,,0
1782300832.583802,9193.511086,18.0,,1.0,354.71484375,,0
1782300832.683811,9193.611096,17.0,,,354.71484375,,0
1782300832.783803,9193.711088,16.0,,,354.71484375,,0
1782300832.883713,9193.810996,16.0,,,354.71484375,,0
1782300832.985723,9193.913007,17.0,,,354.71484375,,0
1782300833.083823,9194.011108,16.0,,,354.71484375,,0
1782300833.183805,9194.111089,18.0,,,354.71484375,,0
1782300833.283803,9194.211087,16.0,,,354.71484375,,0
1782300833.383806,9194.311090,16.0,,,354.71484375,,0
1782300833.483813,9194.411097,16.0,,,354.71484375,,0
1782300833.583807,9194.511091,20.0,,,354.71484375,,0
1782300833.683817,9194.611101,15.0,,,354.71484375,,0
1782300833.783816,9194.711100,16.0,,2.0,354.71484375,,0
1782300833.883804,9194.811088,21.0,,,354.71484375,,0
1782300833.983813,9194.911097,19.0,,,354.71484375,,0
1782300834.083810,9195.011094,19.0,,,354.71484375,,0
1782300834.183803,9195.111087,15.0,,,354.71484375,,0
1782300834.283812,9195.211096,16.0,,,354.71484375,,0
1782300834.383804,9195.311088,17.0,,,354.71484375,,0
1782300834.483811,9195.411094,15.0,,,354.71484375,,0
1782300834.583811,9195.511095,19.0,,,354.71484375,,0
1782300834.683809,9195.611092,16.0,,,354.71484375,,0
1782300834.783808,9195.711092,18.0,,,354.71484375,,0
1782300834.883814,9195.811098,19.0,,,354.71484375,,0
1782300834.983806,9195.911090,17.0,,1.0,354.71484375,,0
1782300835.083807,9196.011091,18.0,,,354.71484375,,0
1782300835.183813,9196.111097,15.0,,,354.71484375,,0
1782300835.283811,9196.211095,17.0,,,354.71484375,,0
1782300835.383807,9196.311091,15.0,,,354.71484375,,0
1782300835.483812,9196.411096,20.0,,,354.71484375,,0
1782300835.583741,9196.511027,18.0,,,354.71484375,,0
1782300835.683807,9196.611091,15.0,,,354.71484375,,0
1782300835.783811,9196.711095,17.0,,,354.71484375,,0
1782300835.883804,9196.811088,15.0,,,354.71484375,,0
1782300835.983802,9196.911085,16.0,,,354.71484375,,0
1782300836.083812,9197.011096,16.0,,,354.71484375,,0
1782300836.183814,9197.111099,20.0,,,354.71484375,,0
1782300836.283816,9197.211101,15.0,,,354.71484375,,0
1782300836.383807,9197.311091,15.0,,,354.71484375,,0
1782300836.483810,9197.411094,15.0,,,354.71484375,,0
1782300836.583809,9197.511093,19.0,,,354.71484375,,0
1782300836.683805,9197.611089,15.0,,,354.71484375,,0
1782300836.783819,9197.711103,24.0,,3.0,354.71484375,,0
1782300836.883804,9197.811088,20.0,,,354.71484375,,0
1782300836.983804,9197.911088,16.0,,,354.71484375,,0
1782300837.083804,9198.011087,15.0,,,354.71484375,,0
1782300837.183805,9198.111088,14.0,,,354.71484375,,0
1782300837.283804,9198.211088,16.0,,,354.71484375,,0
1782300837.383806,9198.311090,19.0,,,354.71484375,,0
1782300837.483722,9198.411007,16.0,,,354.71484375,,0
1782300837.583803,9198.511087,17.0,,,354.71484375,,0
1782300837.683805,9198.611089,16.0,,,354.71484375,,0
1782300837.783810,9198.711094,16.0,,,354.71484375,,0
1782300837.883805,9198.811089,15.0,,,354.71484375,,0
1782300837.983804,9198.911088,17.0,,,354.71484375,,0
1782300838.083805,9199.011089,16.0,,,354.71484375,,0
1782300838.183802,9199.111086,15.0,,,354.71484375,,0
1782300838.283801,9199.211085,17.0,,,354.71484375,,0
1782300838.383811,9199.311094,14.0,,,354.71484375,,0
1782300838.483811,9199.411096,13.0,,,354.71484375,,0
1782300838.583735,9199.511020,18.0,,3.0,354.7578125,,0
1782300838.683735,9199.611019,15.0,,,354.7578125,,0
1782300838.783730,9199.711014,14.0,,,354.7578125,,0
1782300838.883730,9199.811014,15.0,,,354.7578125,,0
1782300838.983730,9199.911015,16.0,,,354.7578125,,0
1782300839.083751,9200.011035,16.0,,,354.7578125,,0
1782300839.183837,9200.111121,18.0,,,354.7578125,,0
1782300839.283799,9200.211083,21.0,,3.0,563.5,,0
1782300839.383804,9200.311088,22.0,,3.0,565.58203125,,0
1782300839.483796,9200.411080,66.0,,63.0,739.234375,,0
1782300839.583811,9200.511095,48.0,,3.0,595.23828125,,0
1782300839.683792,9200.611077,79.0,,56.0,739.0,,0
1782300839.783809,9200.711093,69.0,,26.0,738.99609375,,0
1782300839.883804,9200.811088,49.0,,3.0,595.234375,,0
1782300839.983799,9200.911084,62.0,,37.0,739.0,,0
1782300840.083796,9201.011080,105.0,,89.0,595.0,,0
1782300840.183799,9201.111082,47.0,,26.0,739.234375,,0
1782300840.283787,9201.211071,70.0,,100.0,739.234375,,0
1782300840.383810,9201.311094,41.0,,4.0,739.1796875,,0
1782300840.483791,9201.411074,51.0,,91.0,739.0078125,,0
1782300840.583792,9201.511075,55.0,,100.0,595.00390625,,0
1782300840.683809,9201.611093,39.0,,20.0,739.234375,,0
1782300840.783791,9201.711074,48.0,,98.0,739.234375,,0
1782300840.883801,9201.811085,47.0,,100.0,739.234375,,0
1782300840.983797,9201.911081,37.0,,2.0,595.234375,,0
1782300841.083787,9202.011071,81.0,,86.0,739.0078125,,0
1782300841.183803,9202.111087,49.0,,3.0,595.0078125,,0
1782300841.283795,9202.211079,71.0,,54.0,739.234375,,0
1782300841.383790,9202.311073,106.0,,1.0,595.234375,,0
1782300841.483800,9202.411084,53.0,,19.0,739.0078125,,0
1782300841.583805,9202.511089,111.0,,93.0,595.0078125,,0
1782300841.683795,9202.611079,57.0,,24.0,739.234375,,0
1782300841.783800,9202.711084,86.0,,47.0,595.234375,,0
1782300841.883794,9202.811079,73.0,,69.0,739.0078125,,0
1782300841.983794,9202.911078,94.0,,100.0,739.0078125,,0
1782300842.083804,9203.011088,56.0,,22.0,739.06640625,,0
1782300842.183805,9203.111088,102.0,,96.0,739.234375,,0
1782300842.283801,9203.211085,58.0,,21.0,739.0703125,,0
1782300842.383794,9203.311078,86.0,,96.0,739.015625,,0
1782300842.483798,9203.411081,83.0,,78.0,595.01171875,,0
1782300842.583786,9203.511071,60.0,,38.0,739.234375,,0
1782300842.683786,9203.611070,94.0,,100.0,739.234375,,0
1782300842.783802,9203.711086,51.0,,3.0,595.23828125,,0
1782300842.883795,9203.811078,84.0,,77.0,739.015625,,0
1782300842.983817,9203.911101,97.0,,92.0,595.01171875,,0
1782300843.083801,9204.011084,61.0,,26.0,739.234375,,0
1782300843.183805,9204.111088,85.0,,39.0,595.234375,,0
1782300843.283789,9204.211072,85.0,,75.0,739.01171875,,0
1782300843.383796,9204.311080,89.0,,71.0,595.01171875,,0
1782300843.483801,9204.411084,63.0,,47.0,739.234375,,0
1782300843.583801,9204.511086,96.0,,100.0,739.234375,,0
1782300843.683792,9204.611076,56.0,,22.0,739.0703125,,0
1782300843.783800,9204.711083,86.0,,95.0,739.015625,,0
1782300843.883799,9204.811082,82.0,,74.0,595.01171875,,0
1782300843.983811,9204.911094,62.0,,42.0,739.234375,,0
1782300844.083799,9205.011082,95.0,,100.0,739.234375,,0
1782300844.183807,9205.111091,56.0,,21.0,739.12109375,,0
1782300844.283792,9205.211076,86.0,,93.0,739.015625,,0
1782300844.383745,9205.311030,86.0,,83.0,595.01953125,,0
1782300844.483799,9205.411083,56.0,,32.0,739.23828125,,0
1782300844.583789,9205.511072,93.0,,100.0,739.23828125,,0
1782300844.683797,9205.611081,73.0,,55.0,595.234375,,0
1782300844.783793,9205.711077,70.0,,63.0,739.01171875,,0
1782300844.883797,9205.811082,94.0,,100.0,739.01171875,,0
1782300844.983805,9205.911090,57.0,,22.0,739.0625,,0
1782300845.083799,9206.011084,90.0,,94.0,739.234375,,0
1782300845.183801,9206.111085,75.0,,46.0,595.23828125,,0
1782300845.283794,9206.211079,87.0,,71.0,739.01953125,,0
1782300845.383798,9206.311082,66.0,,28.0,595.015625,,0
1782300845.483800,9206.411084,94.0,,89.0,739.234375,,0
1782300845.583800,9206.511083,50.0,,3.0,585.21875,,0
1782300845.683806,9206.611089,59.0,,27.0,739.015625,,0
1782300845.783807,9206.711091,153.0,,100.0,739.015625,,0
1782300845.883797,9206.811081,163.0,,100.0,739.015625,,0
1782300845.983801,9206.911084,164.0,,100.0,739.015625,,0
1782300846.083799,9207.011082,165.0,,100.0,739.015625,,0
1782300846.183801,9207.111084,165.0,,100.0,739.015625,,0
1782300846.283790,9207.211073,168.0,,100.0,739.015625,,0
1782300846.383799,9207.311082,169.0,,100.0,739.015625,,0
1782300846.483791,9207.411074,170.0,,100.0,739.015625,,0
1782300846.583796,9207.511081,172.0,,100.0,739.015625,,0
1782300846.683800,9207.611085,172.0,,100.0,739.015625,,0
1782300846.783794,9207.711078,175.0,,100.0,739.015625,,0
1782300846.883789,9207.811072,177.0,,100.0,739.015625,,0
1782300846.983791,9207.911074,178.0,,100.0,739.015625,,0
1782300847.083794,9208.011079,179.0,,100.0,739.015625,,0
1782300847.183794,9208.111077,181.0,,100.0,739.015625,,0
1782300847.283795,9208.211079,182.0,,100.0,739.015625,,0
1782300847.383796,9208.311080,185.0,,100.0,739.015625,,0
1782300847.483793,9208.411076,187.0,,100.0,739.015625,,0
1782300847.583805,9208.511089,190.0,,100.0,739.015625,,0
1782300847.683799,9208.611082,192.0,,100.0,739.015625,,0
1782300847.783795,9208.711079,192.0,,100.0,739.015625,,0
1782300847.883807,9208.811093,192.0,,100.0,739.015625,,0
1782300847.983796,9208.911081,192.0,,100.0,739.015625,,0
1782300848.083797,9209.011081,192.0,,100.0,739.015625,,0
1782300848.183789,9209.111073,191.0,,100.0,739.015625,,0
1782300848.283793,9209.211076,192.0,,100.0,739.015625,,0
1782300848.383802,9209.311087,192.0,,100.0,739.015625,,0
1782300848.483793,9209.411079,192.0,,100.0,739.015625,,0
1782300848.583833,9209.511117,186.0,,97.0,739.015625,,0
1782300848.683793,9209.611076,191.0,,100.0,739.015625,,0
1782300848.783788,9209.711072,194.0,,100.0,739.015625,,0
1782300848.883796,9209.811079,196.0,,100.0,739.015625,,0
1782300848.983798,9209.911083,191.0,,100.0,739.015625,,0
1782300849.083797,9210.011080,186.0,,100.0,739.015625,,0
1782300849.183796,9210.111079,198.0,,100.0,739.015625,,0
1782300849.283798,9210.211081,193.0,,100.0,739.015625,,0
1782300849.383800,9210.311084,189.0,,100.0,739.015625,,0
1782300849.483795,9210.411079,186.0,,100.0,739.015625,,0
1782300849.583801,9210.511084,196.0,,100.0,739.015625,,0
1782300849.683802,9210.611085,194.0,,100.0,739.015625,,0
1782300849.783791,9210.711076,194.0,,100.0,739.015625,,0
1782300849.883790,9210.811074,194.0,,100.0,739.015625,,0
1782300849.983790,9210.911075,193.0,,100.0,739.015625,,0
1782300850.083802,9211.011086,192.0,,100.0,739.015625,,0
1782300850.183791,9211.111075,192.0,,100.0,739.015625,,0
1782300850.283813,9211.211096,192.0,,100.0,739.015625,,0
1782300850.383797,9211.311080,193.0,,100.0,739.015625,,0
1782300850.483789,9211.411074,193.0,,100.0,739.015625,,0
1782300850.583792,9211.511075,193.0,,100.0,739.015625,,0
1782300850.683794,9211.611079,193.0,,100.0,739.015625,,0
1782300850.783789,9211.711072,193.0,,100.0,739.015625,,0
1782300850.883797,9211.811081,193.0,,100.0,739.015625,,0
1782300850.983800,9211.911083,192.0,,100.0,739.015625,,0
1782300851.083799,9212.011082,193.0,,100.0,739.015625,,0
1782300851.183791,9212.111075,192.0,,100.0,739.015625,,0
1782300851.283802,9212.211085,192.0,,100.0,739.015625,,0
1782300851.383793,9212.311076,193.0,,100.0,739.015625,,0
1782300851.483796,9212.411079,193.0,,100.0,739.015625,,0
1782300851.583792,9212.511075,194.0,,100.0,739.015625,,0
1782300851.683790,9212.611074,194.0,,100.0,739.015625,,0
1782300851.783790,9212.711074,194.0,,100.0,739.015625,,0
1782300851.883794,9212.811077,192.0,,100.0,739.015625,,0
1782300851.983805,9212.911088,193.0,,100.0,739.015625,,0
1782300852.083792,9213.011075,193.0,,100.0,739.015625,,0
1782300852.183796,9213.111079,193.0,,100.0,739.015625,,0
1782300852.283793,9213.211076,193.0,,100.0,739.015625,,0
1782300852.383800,9213.311085,193.0,,100.0,739.015625,,0
1782300852.483797,9213.411080,192.0,,100.0,739.015625,,0
1782300852.583798,9213.511081,194.0,,100.0,739.015625,,0
1782300852.683793,9213.611077,193.0,,100.0,739.015625,,0
1782300852.783798,9213.711083,194.0,,100.0,739.015625,,0
1782300852.883790,9213.811075,193.0,,100.0,739.015625,,0
1782300852.983799,9213.911082,193.0,,100.0,739.015625,,0
1782300853.083796,9214.011080,193.0,,100.0,739.015625,,0
1782300853.183793,9214.111077,194.0,,100.0,739.015625,,0
1782300853.283795,9214.211078,193.0,,100.0,739.015625,,0
1782300853.383795,9214.311078,193.0,,100.0,739.015625,,0
1782300853.483791,9214.411074,193.0,,100.0,739.015625,,0
1782300853.583798,9214.511081,193.0,,100.0,739.015625,,0
1782300853.683794,9214.611077,193.0,,100.0,739.015625,,0
1782300853.783794,9214.711077,193.0,,100.0,739.015625,,0
1782300853.883798,9214.811081,193.0,,100.0,739.015625,,0
1782300853.983797,9214.911082,193.0,,100.0,739.015625,,0
1782300854.083798,9215.011081,192.0,,100.0,739.015625,,0
1782300854.183801,9215.111085,193.0,,100.0,739.015625,,0
1782300854.283800,9215.211083,194.0,,100.0,739.015625,,0
1782300854.383794,9215.311077,194.0,,100.0,739.015625,,0
1782300854.483792,9215.411078,194.0,,100.0,739.015625,,0
1782300854.583797,9215.511080,193.0,,100.0,739.015625,,0
1782300854.683796,9215.611079,193.0,,100.0,739.015625,,0
1782300854.783800,9215.711084,193.0,,100.0,739.015625,,0
1782300854.883796,9215.811079,194.0,,100.0,739.015625,,0
1782300854.983806,9215.911089,194.0,,100.0,739.015625,,0
1782300855.083794,9216.011078,194.0,,100.0,739.015625,,0
1782300855.183796,9216.111079,194.0,,100.0,739.015625,,0
1782300855.283795,9216.211078,193.0,,100.0,739.015625,,0
1782300855.383794,9216.311077,193.0,,100.0,739.015625,,0
1782300855.483799,9216.411082,193.0,,100.0,739.015625,,0
1782300855.583790,9216.511074,194.0,,100.0,739.015625,,0
1782300855.683797,9216.611082,193.0,,100.0,739.015625,,0
1782300855.783797,9216.711080,193.0,,100.0,739.015625,,0
1782300855.883800,9216.811084,193.0,,100.0,739.015625,,0
1782300855.983803,9216.911086,193.0,,100.0,739.015625,,0
1782300856.083803,9217.011087,193.0,,100.0,739.015625,,0
1782300856.183800,9217.111083,193.0,,100.0,739.015625,,0
1782300856.283849,9217.211132,193.0,,100.0,739.015625,,0
1782300856.383730,9217.311014,194.0,,100.0,739.015625,,0
1782300856.483804,9217.411090,194.0,,100.0,739.015625,,0
1782300856.583799,9217.511083,194.0,,100.0,739.015625,,0
1782300856.683797,9217.611082,195.0,,100.0,739.015625,,0
1782300856.783788,9217.711073,193.0,,100.0,739.015625,,0
1782300856.883797,9217.811082,193.0,,100.0,739.015625,,0
1782300856.983796,9217.911081,193.0,,100.0,739.015625,,0
1782300857.083798,9218.011083,193.0,,100.0,739.015625,,0
1782300857.183794,9218.111078,194.0,,100.0,739.015625,,0
1782300857.283798,9218.211083,193.0,,100.0,739.015625,,0
1782300857.383799,9218.311084,195.0,,100.0,739.015625,,0
1782300857.483796,9218.411080,194.0,,100.0,739.015625,,0
1782300857.583796,9218.511081,194.0,,100.0,739.015625,,0
1782300857.683797,9218.611082,193.0,,100.0,739.015625,,0
1782300857.783800,9218.711085,194.0,,100.0,739.015625,,0
1782300857.883796,9218.811081,193.0,,100.0,739.015625,,0
1782300857.983801,9218.911086,193.0,,100.0,739.015625,,0
1782300858.083800,9219.011084,195.0,,100.0,739.015625,,0
1782300858.183798,9219.111083,195.0,,100.0,739.015625,,0
1782300858.283799,9219.211083,194.0,,100.0,739.015625,,0
1782300858.383798,9219.311082,195.0,,100.0,739.015625,,0
1782300858.483799,9219.411084,194.0,,100.0,739.015625,,0
1782300858.583799,9219.511084,193.0,,100.0,739.015625,,0
1782300858.683799,9219.611084,193.0,,100.0,739.015625,,0
1782300858.783797,9219.711082,190.0,,97.0,739.015625,,0
1782300858.883788,9219.811072,193.0,,100.0,739.015625,,0
1782300858.983798,9219.911083,195.0,,100.0,739.015625,,0
1782300859.083794,9220.011077,195.0,,100.0,739.015625,,0
1782300859.183791,9220.111075,194.0,,100.0,739.015625,,0
1782300859.283791,9220.211075,193.0,,100.0,739.015625,,0
1782300859.383798,9220.311081,193.0,,100.0,739.015625,,0
1782300859.483791,9220.411076,194.0,,100.0,739.015625,,0
1782300859.583793,9220.511077,195.0,,100.0,739.015625,,0
1782300859.683799,9220.611082,195.0,,100.0,739.015625,,0
1782300859.783793,9220.711078,195.0,,100.0,739.015625,,0
1782300859.883793,9220.811076,195.0,,100.0,739.015625,,0
1782300859.983791,9220.911075,194.0,,100.0,739.015625,,0
1782300860.083798,9221.011083,194.0,,100.0,739.015625,,0
1782300860.183796,9221.111080,193.0,,100.0,739.015625,,0
1782300860.283793,9221.211077,194.0,,100.0,739.015625,,0
1782300860.383796,9221.311080,194.0,,100.0,739.015625,,0
1782300860.483790,9221.411074,193.0,,100.0,739.015625,,0
1782300860.583796,9221.511081,195.0,,100.0,739.015625,,0
1782300860.683792,9221.611077,195.0,,100.0,739.015625,,0
1782300860.783793,9221.711077,194.0,,100.0,739.015625,,0
1782300860.883797,9221.811080,194.0,,100.0,739.015625,,0
1782300860.983793,9221.911078,194.0,,100.0,739.015625,,0
1782300861.083791,9222.011075,193.0,,100.0,739.015625,,0
1782300861.183789,9222.111074,195.0,,100.0,739.015625,,0
1782300861.283800,9222.211085,195.0,,100.0,739.015625,,0
1782300861.383799,9222.311084,195.0,,100.0,739.015625,,0
1782300861.483790,9222.411074,195.0,,100.0,739.015625,,0
1782300861.583800,9222.511084,194.0,,100.0,739.015625,,0
1782300861.683799,9222.611082,193.0,,100.0,739.015625,,0
1782300861.783798,9222.711083,195.0,,100.0,739.015625,,0
1782300861.883798,9222.811082,194.0,,100.0,739.015625,,0
1782300861.983798,9222.911081,195.0,,100.0,739.015625,,0
1782300862.083802,9223.011085,195.0,,100.0,739.015625,,0
1782300862.183799,9223.111083,195.0,,100.0,739.015625,,0
1782300862.283802,9223.211085,194.0,,100.0,739.015625,,0
1782300862.383792,9223.311076,194.0,,100.0,739.015625,,0
1782300862.483792,9223.411077,194.0,,100.0,739.015625,,0
1782300862.583789,9223.511074,195.0,,100.0,739.015625,,0
1782300862.683803,9223.611088,195.0,,100.0,739.015625,,0
1782300862.783788,9223.711072,194.0,,100.0,739.015625,,0
1782300862.883788,9223.811071,195.0,,100.0,739.015625,,0
1782300862.983799,9223.911082,195.0,,100.0,739.015625,,0
1782300863.083786,9224.011071,195.0,,100.0,739.015625,,0
1782300863.183793,9224.111078,194.0,,100.0,739.015625,,0
1782300863.283805,9224.211089,194.0,,100.0,739.015625,,0
1782300863.383794,9224.311077,194.0,,100.0,739.015625,,0
1782300863.483793,9224.411076,194.0,,100.0,739.015625,,0
1782300863.583788,9224.511071,194.0,,100.0,739.015625,,0
1782300863.683788,9224.611072,195.0,,100.0,739.015625,,0
1782300863.783795,9224.711079,194.0,,100.0,739.015625,,0
1782300863.883794,9224.811078,193.0,,100.0,739.015625,,0
1782300863.983792,9224.911076,194.0,,100.0,739.015625,,0
1782300864.083788,9225.011072,194.0,,100.0,739.015625,,0
1782300864.183797,9225.111082,194.0,,100.0,739.015625,,0
1782300864.283789,9225.211072,195.0,,100.0,739.015625,,0
1782300864.383795,9225.311078,196.0,,100.0,739.015625,,0
1782300864.483795,9225.411078,195.0,,100.0,739.015625,,0
1782300864.583792,9225.511077,195.0,,100.0,739.015625,,0
1782300864.683786,9225.611069,195.0,,100.0,739.015625,,0
1782300864.783794,9225.711077,194.0,,100.0,739.015625,,0
1782300864.883793,9225.811077,194.0,,100.0,739.015625,,0
1782300864.983788,9225.911071,194.0,,100.0,739.015625,,0
1782300865.083794,9226.011078,194.0,,100.0,739.015625,,0
1782300865.183795,9226.111080,195.0,,100.0,739.015625,,0
1782300865.283797,9226.211081,195.0,,100.0,739.015625,,0
1782300865.383800,9226.311083,195.0,,100.0,739.015625,,0
1782300865.483794,9226.411078,196.0,,100.0,739.015625,,0
1782300865.583789,9226.511073,194.0,,100.0,739.015625,,0
1782300865.683789,9226.611073,194.0,,100.0,739.015625,,0
1782300865.783791,9226.711077,195.0,,100.0,739.015625,,0
1782300865.883792,9226.811076,194.0,,100.0,739.015625,,0
1782300865.983795,9226.911079,195.0,,100.0,739.015625,,0
1782300866.083796,9227.011079,195.0,,100.0,739.015625,,0
1782300866.183787,9227.111073,194.0,,100.0,739.015625,,0
1782300866.283791,9227.211076,198.0,,100.0,739.015625,,0
1782300866.383787,9227.311070,195.0,,100.0,739.015625,,0
1782300866.483790,9227.411073,195.0,,100.0,739.015625,,0
1782300866.583790,9227.511076,194.0,,100.0,739.015625,,0
1782300866.683788,9227.611071,195.0,,100.0,739.015625,,0
1782300866.783787,9227.711072,198.0,,100.0,739.015625,,0
1782300866.883798,9227.811082,191.0,,100.0,739.015625,,0
1782300866.983795,9227.911078,192.0,,100.0,739.015625,,0
1782300867.083794,9228.011077,195.0,,100.0,739.015625,,0
1782300867.183795,9228.111078,198.0,,100.0,739.015625,,0
1782300867.283793,9228.211078,201.0,,100.0,739.015625,,0
1782300867.383794,9228.311079,196.0,,100.0,739.015625,,0
1782300867.483794,9228.411079,194.0,,100.0,739.015625,,0
1782300867.583796,9228.511080,194.0,,100.0,739.015625,,0
1782300867.683796,9228.611081,195.0,,100.0,739.015625,,0
1782300867.783791,9228.711076,194.0,,100.0,739.015625,,0
1782300867.883789,9228.811074,191.0,,100.0,739.015625,,0
1782300867.983804,9228.911087,198.0,,100.0,739.015625,,0
1782300868.083795,9229.011078,195.0,,100.0,739.015625,,0
1782300868.183791,9229.111075,195.0,,100.0,739.015625,,0
1782300868.283792,9229.211075,196.0,,100.0,739.015625,,0
1782300868.383793,9229.311076,195.0,,100.0,739.015625,,0
1782300868.483794,9229.411078,194.0,,100.0,739.015625,,0
1782300868.583791,9229.511075,196.0,,100.0,739.015625,,0
1782300868.683793,9229.611077,196.0,,100.0,739.015625,,0
1782300868.783787,9229.711071,196.0,,100.0,739.015625,,0
1782300868.883787,9229.811071,195.0,,100.0,739.015625,,0
1782300868.983799,9229.911082,195.0,,100.0,739.015625,,0
1782300869.083746,9230.011030,195.0,,100.0,739.015625,,0
1782300869.183792,9230.111077,194.0,,100.0,739.015625,,0
1782300869.283789,9230.211072,196.0,,100.0,739.015625,,0
1782300869.383793,9230.311076,196.0,,100.0,739.015625,,0
1782300869.483798,9230.411081,196.0,,100.0,739.015625,,0
1782300869.583800,9230.511085,196.0,,100.0,739.015625,,0
1782300869.683793,9230.611076,195.0,,100.0,739.015625,,0
1782300869.783795,9230.711080,195.0,,100.0,739.015625,,0
1782300869.883789,9230.811073,195.0,,100.0,739.015625,,0
1782300869.983802,9230.911085,194.0,,100.0,739.015625,,0
1782300870.083791,9231.011076,195.0,,100.0,739.015625,,0
1782300870.183795,9231.111078,195.0,,100.0,739.015625,,0
1782300870.283794,9231.211078,196.0,,100.0,739.015625,,0
1782300870.383786,9231.311070,195.0,,100.0,739.015625,,0
1782300870.483793,9231.411078,196.0,,100.0,739.015625,,0
1782300870.583791,9231.511076,195.0,,100.0,739.015625,,0
1782300870.683791,9231.611075,194.0,,100.0,739.015625,,0
1782300870.783795,9231.711079,194.0,,100.0,739.015625,,0
1782300870.883793,9231.811076,195.0,,100.0,739.015625,,0
1782300870.983795,9231.911080,194.0,,100.0,739.015625,,0
1782300871.083793,9232.011078,196.0,,100.0,739.015625,,0
1782300871.183786,9232.111071,197.0,,100.0,739.015625,,0
1782300871.283793,9232.211076,195.0,,100.0,739.015625,,0
1782300871.383787,9232.311070,194.0,,100.0,739.015625,,0
1782300871.483792,9232.411077,195.0,,100.0,739.015625,,0
1782300871.583793,9232.511078,194.0,,100.0,739.015625,,0
1782300871.683793,9232.611076,195.0,,100.0,739.015625,,0
1782300871.783794,9232.711077,195.0,,100.0,739.015625,,0
1782300871.883794,9232.811077,194.0,,100.0,739.015625,,0
1782300871.983789,9232.911073,196.0,,100.0,739.015625,,0
1782300872.083790,9233.011074,196.0,,100.0,739.015625,,0
1782300872.183793,9233.111077,195.0,,100.0,739.015625,,0
1782300872.283793,9233.211076,195.0,,100.0,739.015625,,0
1782300872.383793,9233.311077,195.0,,100.0,739.015625,,0
1782300872.483788,9233.411073,196.0,,100.0,739.015625,,0
1782300872.583791,9233.511074,195.0,,100.0,739.015625,,0
1782300872.683793,9233.611078,196.0,,100.0,739.015625,,0
1782300872.783797,9233.711080,196.0,,100.0,739.015625,,0
1782300872.883793,9233.811078,197.0,,100.0,739.015625,,0
1782300872.983794,9233.911077,196.0,,100.0,739.015625,,0
1782300873.083793,9234.011078,195.0,,100.0,739.015625,,0
1782300873.183796,9234.111081,194.0,,100.0,739.015625,,0
1782300873.283794,9234.211078,195.0,,100.0,739.015625,,0
1782300873.383795,9234.311078,195.0,,100.0,739.015625,,0
1782300873.483795,9234.411079,196.0,,100.0,739.015625,,0
1782300873.583788,9234.511071,196.0,,100.0,739.015625,,0
1782300873.683789,9234.611073,195.0,,100.0,739.015625,,0
1782300873.783793,9234.711078,196.0,,100.0,739.015625,,0
1782300873.883800,9234.811083,195.0,,100.0,739.015625,,0
1782300873.983794,9234.911078,194.0,,100.0,739.015625,,0
1782300874.083797,9235.011082,195.0,,100.0,739.015625,,0
1782300874.183787,9235.111072,196.0,,100.0,739.015625,,0
1782300874.283788,9235.211072,196.0,,100.0,739.015625,,0
1782300874.383793,9235.311078,196.0,,100.0,739.015625,,0
1782300874.483801,9235.411084,196.0,,100.0,739.015625,,0
1782300874.583789,9235.511073,195.0,,100.0,739.015625,,0
1782300874.683795,9235.611080,196.0,,100.0,739.015625,,0
1782300874.783795,9235.711078,195.0,,100.0,739.015625,,0
1782300874.883789,9235.811073,195.0,,100.0,739.015625,,0
1782300874.983790,9235.911074,195.0,,100.0,739.015625,,0
1782300875.083790,9236.011074,195.0,,100.0,739.015625,,0
1782300875.183796,9236.111080,196.0,,100.0,739.015625,,0
1782300875.283798,9236.211081,197.0,,100.0,739.015625,,0
1782300875.383790,9236.311073,196.0,,100.0,739.015625,,0
1782300875.483792,9236.411076,196.0,,100.0,739.015625,,0
1782300875.583800,9236.511084,196.0,,100.0,739.015625,,0
1782300875.683800,9236.611085,196.0,,100.0,739.015625,,0
1782300875.783793,9236.711076,195.0,,100.0,739.015625,,0
1782300875.883794,9236.811078,196.0,,100.0,739.015625,,0
1782300875.983788,9236.911072,196.0,,100.0,739.015625,,0
1782300876.083798,9237.011081,197.0,,100.0,739.015625,,0
1782300876.183786,9237.111069,196.0,,100.0,739.015625,,0
1782300876.283795,9237.211080,195.0,,100.0,739.015625,,0
1782300876.383789,9237.311072,196.0,,100.0,739.015625,,0
1782300876.483789,9237.411073,195.0,,100.0,739.015625,,0
1782300876.583797,9237.511080,195.0,,100.0,739.015625,,0
1782300876.683785,9237.611068,196.0,,100.0,739.015625,,0
1782300876.783795,9237.711080,197.0,,100.0,739.015625,,0
1782300876.883798,9237.811082,197.0,,100.0,739.015625,,0
1782300876.983800,9237.911085,197.0,,100.0,739.015625,,0
1782300877.083793,9238.011077,196.0,,100.0,739.015625,,0
1782300877.183796,9238.111080,196.0,,100.0,739.015625,,0
1782300877.283792,9238.211077,194.0,,100.0,739.015625,,0
1782300877.383791,9238.311075,195.0,,100.0,739.015625,,0
1782300877.483794,9238.411077,195.0,,100.0,739.015625,,0
1782300877.583795,9238.511080,196.0,,100.0,739.015625,,0
1782300877.683791,9238.611076,196.0,,100.0,739.015625,,0
1782300877.783790,9238.711073,196.0,,100.0,739.015625,,0
1782300877.883787,9238.811071,196.0,,100.0,739.015625,,0
1782300877.983795,9238.911078,195.0,,100.0,739.015625,,0
1782300878.083789,9239.011074,196.0,,100.0,739.015625,,0
1782300878.183792,9239.111076,195.0,,100.0,739.015625,,0
1782300878.283795,9239.211080,196.0,,100.0,739.015625,,0
1782300878.383787,9239.311071,196.0,,100.0,739.015625,,0
1782300878.483795,9239.411079,197.0,,100.0,739.015625,,0
1782300878.583794,9239.511077,197.0,,100.0,739.015625,,0
1782300878.683789,9239.611073,196.0,,100.0,739.015625,,0
1782300878.783791,9239.711076,196.0,,100.0,739.015625,,0
1782300878.883793,9239.811076,196.0,,100.0,739.015625,,0
1782300878.983799,9239.911083,195.0,,100.0,739.015625,,0
1782300879.083787,9240.011072,195.0,,100.0,739.015625,,0
1782300879.183803,9240.111086,196.0,,100.0,739.015625,,0
1782300879.283802,9240.211085,196.0,,100.0,739.015625,,0
1782300879.383797,9240.311080,196.0,,100.0,739.015625,,0
1782300879.483801,9240.411085,196.0,,100.0,739.015625,,0
1782300879.583800,9240.511083,195.0,,100.0,739.015625,,0
1782300879.683798,9240.611082,196.0,,100.0,739.015625,,0
1782300879.783787,9240.711071,195.0,,100.0,739.015625,,0
1782300879.883792,9240.811076,195.0,,100.0,739.015625,,0
1782300879.983802,9240.911085,197.0,,100.0,739.015625,,0
1782300880.083787,9241.011072,197.0,,100.0,739.015625,,0
1782300880.183791,9241.111074,196.0,,100.0,739.015625,,0
1782300880.283789,9241.211073,196.0,,100.0,739.015625,,0
1782300880.383795,9241.311079,196.0,,100.0,739.015625,,0
1782300880.483787,9241.411072,195.0,,100.0,739.015625,,0
1782300880.583795,9241.511079,195.0,,100.0,739.015625,,0
1782300880.683793,9241.611076,196.0,,100.0,739.015625,,0
1782300880.783797,9241.711080,196.0,,100.0,739.015625,,0
1782300880.883799,9241.811083,122.0,,52.0,739.015625,,0
1782300880.983802,9241.911085,45.0,,3.0,739.015625,,0
1782300881.083800,9242.011084,38.0,,3.0,739.015625,,0
1782300881.183799,9242.111083,37.0,,3.0,739.015625,,0
1782300881.283798,9242.211081,20.0,,3.0,739.015625,,0
1782300881.383800,9242.311084,20.0,,3.0,739.015625,,0
1782300881.483799,9242.411082,19.0,,3.0,739.015625,,0
1782300881.583798,9242.511081,19.0,,3.0,739.015625,,0
1782300881.683798,9242.611081,19.0,,3.0,739.015625,,0
1782300881.783799,9242.711082,19.0,,3.0,739.015625,,0
1782300881.883801,9242.811084,19.0,,3.0,739.015625,,0
1782300881.983796,9242.911079,19.0,,3.0,739.015625,,0
1782300882.083800,9243.011083,18.0,,3.0,739.015625,,0
1782300882.183798,9243.111081,19.0,,3.0,739.015625,,0
1782300882.283798,9243.211081,19.0,,3.0,739.015625,,0
1782300882.383795,9243.311078,18.0,,3.0,739.015625,,0
1782300882.483798,9243.411081,18.0,,3.0,739.015625,,0
1782300882.583800,9243.511083,22.0,,3.0,739.015625,,0
1782300882.683800,9243.611084,19.0,,3.0,739.015625,,0
1782300882.783796,9243.711080,19.0,,3.0,739.015625,,0
1782300882.883796,9243.811079,19.0,,3.0,739.015625,,0
1782300882.983796,9243.911079,19.0,,3.0,739.015625,,0
1782300883.083801,9244.011084,18.0,,3.0,739.015625,,0
1782300883.183799,9244.111083,18.0,,3.0,739.015625,,0
1782300883.283797,9244.211081,20.0,,3.0,739.015625,,0
1782300883.383798,9244.311081,19.0,,3.0,739.015625,,0
1782300883.483799,9244.411082,18.0,,3.0,739.015625,,0
1782300883.583797,9244.511081,18.0,,3.0,739.015625,,0
1782300883.683803,9244.611086,17.0,,3.0,739.015625,,0
1782300883.783799,9244.711082,19.0,,3.0,739.015625,,0
1782300883.883796,9244.811080,18.0,,3.0,739.015625,,0
1782300883.983797,9244.911081,21.0,,3.0,739.015625,,0
1782300884.083801,9245.011086,18.0,,3.0,739.015625,,0
1782300884.183797,9245.111080,17.0,,3.0,739.015625,,0
1782300884.283798,9245.211081,21.0,,3.0,739.015625,,0
1782300884.383797,9245.311082,17.0,,3.0,739.015625,,0
1782300884.483799,9245.411082,18.0,,3.0,739.015625,,0
1782300884.583802,9245.511086,19.0,,3.0,739.015625,,0
1782300884.683796,9245.611080,21.0,,3.0,739.015625,,0
1782300884.783798,9245.711081,18.0,,3.0,739.015625,,0
1782300884.883799,9245.811082,20.0,,3.0,739.015625,,0
1782300884.983801,9245.911084,17.0,,3.0,739.015625,,0
1782300885.083805,9246.011088,17.0,,3.0,739.015625,,0
1782300885.183795,9246.111079,17.0,,3.0,739.015625,,0
1782300885.283801,9246.211086,16.0,,3.0,739.015625,,0
1782300885.383801,9246.311084,17.0,,3.0,739.015625,,0
1782300885.483804,9246.411089,21.0,,3.0,739.015625,,0
1782300885.583796,9246.511079,17.0,,3.0,739.015625,,0
1782300885.683799,9246.611082,16.0,,3.0,739.015625,,0
1782300885.783797,9246.711080,17.0,,3.0,739.015625,,0
1782300885.883792,9246.811077,75.0,,52.0,739.015625,,0
1782300885.983801,9246.911084,161.0,,100.0,739.015625,,0
1782300886.083801,9247.011084,163.0,,100.0,739.015625,,0
1782300886.183802,9247.111086,163.0,,100.0,739.015625,,0
1782300886.283797,9247.211080,163.0,,100.0,739.015625,,0
1782300886.383799,9247.311083,165.0,,100.0,739.015625,,0
1782300886.483799,9247.411082,167.0,,100.0,739.015625,,0
1782300886.583799,9247.511082,170.0,,100.0,739.015625,,0
1782300886.683804,9247.611087,169.0,,100.0,739.015625,,0
1782300886.783798,9247.711081,170.0,,100.0,739.015625,,0
1782300886.883797,9247.811082,174.0,,100.0,739.015625,,0
1782300886.983798,9247.911081,174.0,,100.0,739.015625,,0
1782300887.083799,9248.011083,177.0,,100.0,739.015625,,0
1782300887.183797,9248.111080,179.0,,100.0,739.015625,,0
1782300887.283801,9248.211084,180.0,,100.0,739.015625,,0
1782300887.383798,9248.311081,183.0,,100.0,739.015625,,0
1782300887.483803,9248.411086,182.0,,100.0,739.015625,,0
1782300887.583800,9248.511083,185.0,,100.0,739.015625,,0
1782300887.683795,9248.611079,187.0,,100.0,739.015625,,0
1782300887.783802,9248.711085,189.0,,100.0,739.015625,,0
1782300887.883792,9248.811075,190.0,,100.0,739.015625,,0
1782300887.983788,9248.911073,191.0,,100.0,739.015625,,0
1782300888.083795,9249.011078,191.0,,100.0,739.015625,,0
1782300888.183794,9249.111078,192.0,,100.0,739.015625,,0
1782300888.283795,9249.211079,192.0,,100.0,739.015625,,0
1782300888.383799,9249.311082,192.0,,100.0,739.015625,,0
1782300888.483817,9249.411100,192.0,,100.0,739.015625,,0
1782300888.583788,9249.511071,192.0,,100.0,739.015625,,0
1782300888.683796,9249.611080,192.0,,100.0,739.015625,,0
1782300888.783791,9249.711075,192.0,,100.0,739.015625,,0
1782300888.883796,9249.811079,191.0,,100.0,739.015625,,0
1782300888.983788,9249.911072,191.0,,100.0,739.015625,,0
1782300889.083797,9250.011080,192.0,,100.0,739.015625,,0
1782300889.183797,9250.111080,192.0,,100.0,739.015625,,0
1782300889.283798,9250.211081,192.0,,100.0,739.015625,,0
1782300889.383793,9250.311077,192.0,,100.0,739.015625,,0
1782300889.483795,9250.411080,192.0,,100.0,739.015625,,0
1782300889.583798,9250.511083,193.0,,100.0,739.015625,,0
1782300889.683792,9250.611075,193.0,,100.0,739.015625,,0
1782300889.783787,9250.711071,193.0,,100.0,739.015625,,0
1782300889.883790,9250.811074,192.0,,100.0,739.015625,,0
1782300889.983792,9250.911075,192.0,,100.0,739.015625,,0
1782300890.083796,9251.011079,193.0,,100.0,739.015625,,0
1782300890.183793,9251.111077,192.0,,100.0,739.015625,,0
1782300890.283800,9251.211083,192.0,,100.0,739.015625,,0
1782300890.383794,9251.311077,193.0,,100.0,739.015625,,0
1782300890.483793,9251.411078,192.0,,100.0,739.015625,,0
1782300890.583786,9251.511069,193.0,,100.0,739.015625,,0
1782300890.683802,9251.611086,192.0,,100.0,739.015625,,0
1782300890.783800,9251.711083,192.0,,100.0,739.015625,,0
1782300890.883801,9251.811086,192.0,,100.0,739.015625,,0
1782300890.983803,9251.911086,193.0,,100.0,739.015625,,0
1782300891.083798,9252.011081,193.0,,100.0,739.015625,,0
1782300891.183796,9252.111079,193.0,,100.0,739.015625,,0
1782300891.283790,9252.211075,194.0,,100.0,739.015625,,0
1782300891.383790,9252.311074,192.0,,100.0,739.015625,,0
1782300891.483741,9252.411025,193.0,,100.0,739.015625,,0
1782300891.583788,9252.511073,193.0,,100.0,739.015625,,0
1782300891.683802,9252.611086,193.0,,100.0,739.015625,,0
1782300891.783788,9252.711073,193.0,,100.0,739.015625,,0
1782300891.883799,9252.811083,192.0,,100.0,739.015625,,0
1782300891.983792,9252.911075,193.0,,100.0,739.015625,,0
1782300892.083804,9253.011088,192.0,,100.0,739.015625,,0
1782300892.183800,9253.111083,193.0,,100.0,739.015625,,0
1782300892.283795,9253.211080,193.0,,100.0,739.015625,,0
1782300892.383797,9253.311080,193.0,,100.0,739.015625,,0
1782300892.483795,9253.411078,193.0,,100.0,739.015625,,0
1782300892.583793,9253.511076,193.0,,100.0,739.015625,,0
1782300892.683794,9253.611078,193.0,,100.0,739.015625,,0
1782300892.783800,9253.711083,194.0,,100.0,739.015625,,0
1782300892.883795,9253.811078,194.0,,100.0,739.015625,,0
1782300892.983793,9253.911077,194.0,,100.0,739.015625,,0
1782300893.083798,9254.011081,193.0,,100.0,739.015625,,0
1782300893.183795,9254.111078,194.0,,100.0,739.015625,,0
1782300893.283800,9254.211083,192.0,,100.0,739.015625,,0
1782300893.383797,9254.311081,194.0,,100.0,739.015625,,0
1782300893.483794,9254.411079,194.0,,100.0,739.015625,,0
1782300893.583795,9254.511079,193.0,,100.0,739.015625,,0
1782300893.683795,9254.611079,193.0,,100.0,739.015625,,0
1782300893.783797,9254.711080,193.0,,100.0,739.015625,,0
1782300893.883796,9254.811080,193.0,,100.0,739.015625,,0
1782300893.983797,9254.911080,193.0,,100.0,739.015625,,0
1782300894.083795,9255.011078,193.0,,100.0,739.015625,,0
1782300894.183810,9255.111093,194.0,,100.0,739.015625,,0
1782300894.283793,9255.211077,193.0,,100.0,739.015625,,0
1782300894.383789,9255.311073,194.0,,100.0,739.015625,,0
1782300894.483798,9255.411081,193.0,,100.0,739.015625,,0
1782300894.583789,9255.511073,194.0,,100.0,739.015625,,0
1782300894.683796,9255.611080,194.0,,100.0,739.015625,,0
1782300894.783745,9255.711030,194.0,,100.0,739.015625,,0
1782300894.883793,9255.811076,194.0,,100.0,739.015625,,0
1782300894.983790,9255.911074,194.0,,100.0,739.015625,,0
1782300895.083789,9256.011072,194.0,,100.0,739.015625,,0
1782300895.183799,9256.111083,194.0,,100.0,739.015625,,0
1782300895.283799,9256.211082,193.0,,100.0,739.015625,,0
1782300895.383796,9256.311081,194.0,,100.0,739.015625,,0
1782300895.483804,9256.411087,193.0,,100.0,739.015625,,0
1782300895.583800,9256.511083,194.0,,100.0,739.015625,,0
1782300895.683790,9256.611073,194.0,,100.0,739.015625,,0
1782300895.783797,9256.711080,193.0,,100.0,739.015625,,0
1782300895.883802,9256.811087,194.0,,100.0,739.015625,,0
1782300895.983798,9256.911081,194.0,,100.0,739.015625,,0
1782300896.083797,9257.011081,194.0,,100.0,739.015625,,0
1782300896.183799,9257.111082,194.0,,100.0,739.015625,,0
1782300896.283790,9257.211074,194.0,,100.0,739.015625,,0
1782300896.383788,9257.311072,194.0,,100.0,739.015625,,0
1782300896.483794,9257.411077,195.0,,100.0,739.015625,,0
1782300896.583789,9257.511072,195.0,,100.0,739.015625,,0
1782300896.683799,9257.611082,194.0,,100.0,739.015625,,0
1782300896.783790,9257.711075,194.0,,100.0,739.015625,,0
1782300896.883788,9257.811071,194.0,,100.0,739.015625,,0
1782300896.983801,9257.911084,194.0,,100.0,739.015625,,0
1782300897.083792,9258.011076,194.0,,100.0,739.015625,,0
1782300897.183795,9258.111079,193.0,,100.0,739.015625,,0
1782300897.283788,9258.211073,194.0,,100.0,739.015625,,0
1782300897.383792,9258.311076,194.0,,100.0,739.015625,,0
1782300897.483802,9258.411087,194.0,,100.0,739.015625,,0
1782300897.583802,9258.511085,195.0,,100.0,739.015625,,0
1782300897.683791,9258.611074,194.0,,100.0,739.015625,,0
1782300897.783804,9258.711087,194.0,,100.0,739.015625,,0
1782300897.883806,9258.811089,195.0,,100.0,739.015625,,0
1782300897.983802,9258.911085,195.0,,100.0,739.015625,,0
1782300898.083800,9259.011083,194.0,,100.0,739.015625,,0
1782300898.183797,9259.111081,195.0,,100.0,739.015625,,0
1782300898.283801,9259.211085,194.0,,100.0,739.015625,,0
1782300898.383792,9259.311075,193.0,,100.0,739.015625,,0
1782300898.483788,9259.411071,194.0,,100.0,739.015625,,0
1782300898.583791,9259.511075,194.0,,100.0,739.015625,,0
1782300898.683790,9259.611074,194.0,,100.0,739.015625,,0
1782300898.783793,9259.711077,194.0,,100.0,739.015625,,0
1782300898.883789,9259.811072,194.0,,100.0,739.015625,,0
1782300898.983791,9259.911075,195.0,,100.0,739.015625,,0
1782300899.083798,9260.011083,195.0,,100.0,739.015625,,0
1782300899.183789,9260.111072,195.0,,100.0,739.015625,,0
1782300899.283789,9260.211073,195.0,,100.0,739.015625,,0
1782300899.383795,9260.311080,194.0,,100.0,739.015625,,0
1782300899.483790,9260.411074,195.0,,100.0,739.015625,,0
1782300899.583790,9260.511073,195.0,,100.0,739.015625,,0
1782300899.683794,9260.611078,195.0,,100.0,739.015625,,0
1782300899.783791,9260.711075,195.0,,100.0,739.015625,,0
1782300899.883799,9260.811082,195.0,,100.0,739.015625,,0
1782300899.983798,9260.911081,195.0,,100.0,739.015625,,0
1782300900.083786,9261.011070,193.0,,100.0,739.015625,,0
1782300900.183806,9261.111089,176.0,,100.0,739.015625,,0
1782300900.284116,9261.211399,172.0,,100.0,739.015625,,0
1782300900.383791,9261.311075,171.0,,100.0,739.015625,,0
1782300900.483795,9261.411080,171.0,,100.0,739.015625,,0
1782300900.583789,9261.511074,171.0,,100.0,739.015625,,0
1782300900.683796,9261.611080,171.0,,100.0,739.015625,,0
1782300900.783793,9261.711077,171.0,,100.0,739.015625,,0
1782300900.883787,9261.811072,170.0,,100.0,739.015625,,0
1782300900.983798,9261.911081,171.0,,100.0,739.015625,,0
1782300901.083788,9262.011073,181.0,,100.0,739.015625,,0
1782300901.183796,9262.111079,195.0,,100.0,739.015625,,0
1782300901.283800,9262.211083,191.0,,100.0,739.015625,,0
1782300901.383792,9262.311076,196.0,,100.0,739.015625,,0
1782300901.483794,9262.411078,198.0,,100.0,739.015625,,0
1782300901.583789,9262.511073,194.0,,100.0,739.015625,,0
1782300901.683799,9262.611082,189.0,,100.0,739.015625,,0
1782300901.783788,9262.711071,196.0,,100.0,739.015625,,0
1782300901.883802,9262.811086,195.0,,100.0,739.015625,,0
1782300901.983797,9262.911081,195.0,,100.0,739.015625,,0
1782300902.083791,9263.011074,196.0,,100.0,739.015625,,0
1782300902.183793,9263.111076,195.0,,100.0,739.015625,,0
1782300902.283797,9263.211080,199.0,,100.0,739.015625,,0
1782300902.383796,9263.311079,194.0,,100.0,739.015625,,0
1782300902.483792,9263.411076,193.0,,100.0,739.015625,,0
1782300902.583787,9263.511072,196.0,,100.0,739.015625,,0
1782300902.683790,9263.611074,197.0,,100.0,739.015625,,0
1782300902.783795,9263.711078,196.0,,100.0,739.015625,,0
1782300902.883788,9263.811071,196.0,,100.0,739.015625,,0
1782300902.983791,9263.911075,195.0,,100.0,739.015625,,0
1782300903.083790,9264.011074,195.0,,100.0,739.015625,,0
1782300903.183788,9264.111071,196.0,,100.0,739.015625,,0
1782300903.283788,9264.211071,196.0,,100.0,739.015625,,0
1782300903.383802,9264.311086,199.0,,100.0,739.015625,,0
1782300903.483801,9264.411085,199.0,,100.0,739.015625,,0
1782300903.583802,9264.511086,197.0,,100.0,739.015625,,0
1782300903.683799,9264.611082,196.0,,100.0,739.015625,,0
1782300903.783803,9264.711088,197.0,,100.0,739.015625,,0
1782300903.883798,9264.811081,197.0,,100.0,739.015625,,0
1782300903.983790,9264.911073,197.0,,100.0,739.015625,,0
1782300904.083788,9265.011071,196.0,,100.0,739.015625,,0
1782300904.183795,9265.111080,195.0,,100.0,739.015625,,0
1782300904.283794,9265.211079,196.0,,100.0,739.015625,,0
1782300904.383797,9265.311080,195.0,,100.0,739.015625,,0
1782300904.483793,9265.411078,196.0,,100.0,739.015625,,0
1782300904.583792,9265.511077,196.0,,100.0,739.015625,,0
1782300904.683793,9265.611077,197.0,,100.0,739.015625,,0
1782300904.783798,9265.711083,197.0,,100.0,739.015625,,0
1782300904.883792,9265.811077,196.0,,100.0,739.015625,,0
1782300904.983795,9265.911080,197.0,,100.0,739.015625,,0
1782300905.083789,9266.011072,196.0,,100.0,739.015625,,0
1782300905.183794,9266.111078,197.0,,100.0,739.015625,,0
1782300905.283800,9266.211085,196.0,,100.0,739.015625,,0
1782300905.383789,9266.311073,196.0,,100.0,739.015625,,0
1782300905.483787,9266.411070,196.0,,100.0,739.015625,,0
1782300905.583801,9266.511086,197.0,,100.0,739.015625,,0
1782300905.683788,9266.611071,197.0,,100.0,739.015625,,0
1782300905.783798,9266.711082,197.0,,100.0,739.015625,,0
1782300905.883788,9266.811071,196.0,,100.0,739.015625,,0
1782300905.983794,9266.911077,196.0,,100.0,739.015625,,0
1782300906.083790,9267.011073,196.0,,100.0,739.015625,,0
1782300906.183787,9267.111070,198.0,,100.0,739.015625,,0
1782300906.283798,9267.211081,197.0,,100.0,739.015625,,0
1782300906.383791,9267.311075,196.0,,100.0,739.015625,,0
1782300906.483792,9267.411075,196.0,,100.0,739.015625,,0
1782300906.583793,9267.511079,195.0,,100.0,739.015625,,0
1782300906.683795,9267.611078,196.0,,100.0,739.015625,,0
1782300906.783793,9267.711077,198.0,,100.0,739.015625,,0
1782300906.883793,9267.811076,197.0,,100.0,739.015625,,0
1782300906.983787,9267.911071,197.0,,100.0,739.015625,,0
1782300907.083794,9268.011079,197.0,,100.0,739.015625,,0
1782300907.183796,9268.111080,197.0,,100.0,739.015625,,0
1782300907.283793,9268.211076,196.0,,100.0,739.015625,,0
1782300907.383788,9268.311071,197.0,,100.0,739.015625,,0
1782300907.483802,9268.411086,197.0,,100.0,739.015625,,0
1782300907.583799,9268.511082,196.0,,100.0,739.015625,,0
1782300907.683803,9268.611086,196.0,,100.0,739.015625,,0
1782300907.783802,9268.711087,197.0,,100.0,739.015625,,0
1782300907.883799,9268.811082,197.0,,100.0,739.015625,,0
1782300907.983798,9268.911081,197.0,,100.0,739.015625,,0
1782300908.083802,9269.011085,197.0,,100.0,739.015625,,0
1782300908.183800,9269.111084,197.0,,100.0,739.015625,,0
1782300908.283801,9269.211084,196.0,,100.0,739.015625,,0
1782300908.383796,9269.311080,196.0,,100.0,739.015625,,0
1782300908.483791,9269.411074,196.0,,100.0,739.015625,,0
1782300908.583799,9269.511082,196.0,,100.0,739.015625,,0
1782300908.683797,9269.611080,196.0,,100.0,739.015625,,0
1782300908.783794,9269.711078,198.0,,100.0,739.015625,,0
1782300908.883795,9269.811079,197.0,,100.0,739.015625,,0
1782300908.983792,9269.911075,197.0,,100.0,739.015625,,0
1782300909.083795,9270.011078,197.0,,100.0,739.015625,,0
1782300909.183790,9270.111075,197.0,,100.0,739.015625,,0
1782300909.283792,9270.211075,196.0,,100.0,739.015625,,0
1782300909.383789,9270.311074,196.0,,100.0,739.015625,,0
1782300909.483802,9270.411085,196.0,,100.0,739.015625,,0
1782300909.583799,9270.511083,197.0,,100.0,739.015625,,0
1782300909.683798,9270.611083,197.0,,100.0,739.015625,,0
1782300909.783800,9270.711083,198.0,,100.0,739.015625,,0
1782300909.883801,9270.811085,197.0,,100.0,739.015625,,0
1782300909.983798,9270.911081,198.0,,100.0,739.015625,,0
1782300910.083792,9271.011075,197.0,,100.0,739.015625,,0
1782300910.183803,9271.111086,196.0,,100.0,739.015625,,0
1782300910.283805,9271.211088,196.0,,100.0,739.015625,,0
1782300910.383799,9271.311083,196.0,,100.0,739.015625,,0
1782300910.483818,9271.411101,197.0,,100.0,739.015625,,0
1782300910.583797,9271.511081,196.0,,100.0,739.015625,,0
1782300910.683796,9271.611079,197.0,,100.0,739.015625,,0
1782300910.783797,9271.711081,196.0,,100.0,739.015625,,0
1782300910.883797,9271.811082,196.0,,100.0,739.015625,,0
1782300910.983803,9271.911086,196.0,,100.0,739.015625,,0
1782300911.083793,9272.011078,196.0,,100.0,739.015625,,0
1782300911.183802,9272.111085,197.0,,100.0,739.015625,,0
1782300911.283800,9272.211083,198.0,,100.0,739.015625,,0
1782300911.383798,9272.311082,197.0,,100.0,739.015625,,0
1782300911.483798,9272.411081,195.0,,100.0,739.015625,,0
1782300911.583805,9272.511089,196.0,,100.0,739.015625,,0
1782300911.683799,9272.611082,196.0,,100.0,739.015625,,0
1782300911.783802,9272.711086,196.0,,100.0,739.015625,,0
1782300911.883802,9272.811085,197.0,,100.0,739.015625,,0
1782300911.983799,9272.911083,197.0,,100.0,739.015625,,0
1782300912.083802,9273.011085,197.0,,100.0,739.015625,,0
1782300912.183806,9273.111089,197.0,,100.0,739.015625,,0
1782300912.283803,9273.211087,197.0,,100.0,739.015625,,0
1782300912.383797,9273.311081,196.0,,100.0,739.015625,,0
1782300912.483804,9273.411088,196.0,,100.0,739.015625,,0
1782300912.583803,9273.511087,197.0,,100.0,739.015625,,0
1782300912.683802,9273.611085,197.0,,100.0,739.015625,,0
1782300912.783801,9273.711084,197.0,,100.0,739.015625,,0
1782300912.883800,9273.811084,196.0,,100.0,739.015625,,0
1782300912.983798,9273.911081,197.0,,100.0,739.015625,,0
1782300913.083795,9274.011079,196.0,,100.0,739.015625,,0
1782300913.183793,9274.111076,197.0,,100.0,739.015625,,0
1782300913.283790,9274.211075,197.0,,100.0,739.015625,,0
1782300913.383795,9274.311078,198.0,,100.0,739.015625,,0
1782300913.483798,9274.411083,197.0,,100.0,739.015625,,0
1782300913.583797,9274.511080,197.0,,100.0,739.015625,,0
1782300913.683800,9274.611085,196.0,,100.0,739.015625,,0
1782300913.783787,9274.711071,196.0,,100.0,739.015625,,0
1782300913.883792,9274.811077,196.0,,100.0,739.015625,,0
1782300913.983799,9274.911083,197.0,,100.0,739.015625,,0
1782300914.083802,9275.011085,197.0,,100.0,739.015625,,0
1782300914.183793,9275.111076,197.0,,100.0,739.015625,,0
1782300914.283787,9275.211070,197.0,,100.0,739.015625,,0
1782300914.383796,9275.311081,197.0,,100.0,739.015625,,0
1782300914.483794,9275.411077,196.0,,100.0,739.015625,,0
1782300914.583795,9275.511080,195.0,,100.0,739.015625,,0
1782300914.683791,9275.611074,195.0,,100.0,739.015625,,0
1782300914.783798,9275.711081,197.0,,100.0,739.015625,,0
1782300914.883800,9275.811084,197.0,,100.0,739.015625,,0
1782300914.983791,9275.911075,197.0,,100.0,739.015625,,0
1782300915.083793,9276.011077,197.0,,100.0,739.015625,,0
1782300915.183800,9276.111084,196.0,,100.0,739.015625,,0
1782300915.283798,9276.211081,198.0,,100.0,739.015625,,0
1782300915.383795,9276.311080,197.0,,100.0,739.015625,,0
1782300915.483792,9276.411076,196.0,,100.0,739.015625,,0
1782300915.583797,9276.511081,197.0,,100.0,739.015625,,0
1782300915.683793,9276.611077,197.0,,100.0,739.015625,,0
1782300915.783793,9276.711076,197.0,,100.0,739.015625,,0
1782300915.883802,9276.811085,196.0,,100.0,739.015625,,0
1782300915.983795,9276.911079,196.0,,100.0,739.015625,,0
1782300916.083799,9277.011083,197.0,,100.0,739.015625,,0
1782300916.183795,9277.111079,196.0,,100.0,739.015625,,0
1782300916.283790,9277.211074,197.0,,100.0,739.015625,,0
1782300916.383793,9277.311076,196.0,,100.0,739.015625,,0
1782300916.483790,9277.411073,197.0,,100.0,739.015625,,0
1782300916.583794,9277.511079,197.0,,100.0,739.015625,,0
1782300916.683792,9277.611075,197.0,,100.0,739.015625,,0
1782300916.783791,9277.711075,197.0,,100.0,739.015625,,0
1782300916.883800,9277.811084,197.0,,100.0,739.015625,,0
1782300916.983794,9277.911078,196.0,,100.0,739.015625,,0
1782300917.083799,9278.011083,197.0,,100.0,739.015625,,0
1782300917.183794,9278.111077,197.0,,100.0,739.015625,,0
1782300917.283788,9278.211072,198.0,,100.0,739.015625,,0
1782300917.383791,9278.311076,197.0,,100.0,739.015625,,0
1782300917.483796,9278.411080,196.0,,100.0,739.015625,,0
1782300917.583792,9278.511076,196.0,,100.0,739.015625,,0
1782300917.683794,9278.611079,196.0,,100.0,739.015625,,0
1782300917.783790,9278.711074,196.0,,100.0,739.015625,,0
1782300917.883790,9278.811074,197.0,,100.0,739.015625,,0
1782300917.983799,9278.911082,197.0,,100.0,739.015625,,0
1782300918.083796,9279.011079,197.0,,100.0,739.015625,,0
1782300918.183789,9279.111072,197.0,,100.0,739.015625,,0
1782300918.283791,9279.211075,197.0,,100.0,739.015625,,0
1782300918.383780,9279.311063,197.0,,100.0,739.015625,,0
1782300918.483717,9279.411003,193.0,,100.0,739.015625,,0
1782300918.583712,9279.510995,197.0,,100.0,739.015625,,0
1782300918.683712,9279.610995,197.0,,100.0,739.015625,,0
1782300918.783712,9279.710995,197.0,,100.0,739.015625,,0
1782300918.883711,9279.810994,200.0,,100.0,739.015625,,0
1782300918.983712,9279.910995,197.0,,100.0,739.015625,,0
1782300919.083711,9280.010994,197.0,,100.0,739.015625,,0
1782300919.183711,9280.110994,196.0,,100.0,739.015625,,0
1782300919.283711,9280.210994,196.0,,100.0,739.015625,,0
1782300919.383711,9280.310994,196.0,,100.0,739.015625,,0
1782300919.483712,9280.410995,197.0,,100.0,739.015625,,0
1782300919.583712,9280.510995,197.0,,100.0,739.015625,,0
1782300919.683712,9280.610995,196.0,,100.0,739.015625,,0
1782300919.783711,9280.710994,197.0,,100.0,739.015625,,0
1782300919.883710,9280.810993,196.0,,100.0,739.015625,,0
1782300919.983708,9280.910992,197.0,,100.0,739.015625,,0
1782300920.083712,9281.010995,196.0,,100.0,739.015625,,0
1782300920.183712,9281.110995,197.0,,100.0,739.015625,,0
1782300920.283712,9281.210995,196.0,,100.0,739.015625,,0
1782300920.383712,9281.310995,197.0,,100.0,739.015625,,0
1782300920.483711,9281.410994,197.0,,100.0,739.015625,,0
1782300920.583711,9281.510994,197.0,,100.0,739.015625,,0
1782300920.683712,9281.610995,197.0,,100.0,739.015625,,0
1782300920.783711,9281.710995,197.0,,100.0,739.015625,,0
1782300920.883709,9281.810992,196.0,,100.0,739.015625,,0
1782300920.983712,9281.910995,197.0,,100.0,739.015625,,0
1782300921.083804,9282.011087,49.0,,2.0,739.015625,,0
1782300921.183806,9282.111090,45.0,,3.0,739.015625,,0
1782300921.283795,9282.211079,38.0,,3.0,739.015625,,0
1782300921.383804,9282.311087,37.0,,3.0,739.015625,,0
1782300921.483803,9282.411086,23.0,,3.0,739.015625,,0
1782300921.583802,9282.511085,23.0,,3.0,739.015625,,0
1782300921.683803,9282.611088,19.0,,2.0,739.015625,,0
1782300921.783805,9282.711090,19.0,,3.0,739.015625,,0
1782300921.883801,9282.811085,19.0,,3.0,739.015625,,0
1782300921.983801,9282.911085,20.0,,3.0,739.015625,,0
1782300922.083803,9283.011086,19.0,,2.0,739.015625,,0
1782300922.183806,9283.111090,19.0,,3.0,739.015625,,0
1782300922.283799,9283.211085,19.0,,3.0,739.015625,,0
1782300922.383803,9283.311086,19.0,,4.0,739.015625,,0
1782300922.483804,9283.411088,20.0,,3.0,739.015625,,0
1782300922.583799,9283.511082,20.0,,3.0,739.015625,,0
1782300922.683803,9283.611087,19.0,,3.0,739.015625,,0
1782300922.783803,9283.711086,18.0,,3.0,739.015625,,0
1782300922.883801,9283.811084,18.0,,3.0,739.015625,,0
1782300922.983803,9283.911086,18.0,,3.0,739.015625,,0
1782300923.083796,9284.011079,19.0,,3.0,739.015625,,0
1782300923.183801,9284.111084,23.0,,4.0,739.015625,,0
1782300923.283798,9284.211082,20.0,,3.0,739.015625,,0
1782300923.383803,9284.311086,21.0,,3.0,739.015625,,0
1782300923.483804,9284.411089,19.0,,3.0,739.015625,,0
1782300923.583802,9284.511085,18.0,,3.0,739.015625,,0
1782300923.683797,9284.611080,18.0,,3.0,739.015625,,0
1782300923.783798,9284.711083,19.0,,3.0,739.015625,,0
1782300923.883803,9284.811087,19.0,,3.0,739.015625,,0
1782300923.983804,9284.911087,20.0,,3.0,739.015625,,0
1782300924.083801,9285.011086,19.0,,3.0,739.015625,,0
1782300924.183801,9285.111085,19.0,,3.0,739.015625,,0
1782300924.283802,9285.211085,17.0,,3.0,739.015625,,0
1782300924.383800,9285.311083,17.0,,3.0,739.015625,,0
1782300924.483804,9285.411088,19.0,,3.0,739.015625,,0
1782300924.583799,9285.511082,18.0,,3.0,739.015625,,0
1782300924.683809,9285.611093,18.0,,3.0,739.015625,,0
1782300924.783799,9285.711082,18.0,,3.0,739.015625,,0
1782300924.883804,9285.811087,19.0,,3.0,739.015625,,0
1782300924.983798,9285.911081,18.0,,3.0,739.015625,,0
1782300925.083800,9286.011083,18.0,,2.0,739.015625,,0
1782300925.183802,9286.111085,18.0,,3.0,739.015625,,0
1782300925.283803,9286.211087,18.0,,3.0,739.015625,,0
1782300925.383800,9286.311083,18.0,,3.0,739.015625,,0
1782300925.483801,9286.411084,17.0,,3.0,739.015625,,0
1782300925.583802,9286.511087,18.0,,3.0,739.015625,,0
1782300925.683798,9286.611082,17.0,,3.0,739.015625,,0
1782300925.783800,9286.711083,16.0,,3.0,739.015625,,0
1782300925.883797,9286.811080,16.0,,3.0,739.015625,,0
1782300925.983803,9286.911086,16.0,,4.0,739.015625,,0
1782300926.083714,9287.010997,54.0,,38.0,739.015625,,0
1782300926.183712,9287.110995,161.0,,100.0,739.015625,,0
1782300926.283712,9287.210995,163.0,,100.0,739.015625,,0
1782300926.383711,9287.310994,162.0,,100.0,739.015625,,0
1782300926.483711,9287.410995,163.0,,100.0,739.015625,,0
1782300926.583710,9287.510994,165.0,,100.0,739.015625,,0
1782300926.683712,9287.610995,167.0,,100.0,739.015625,,0
1782300926.783712,9287.710995,169.0,,100.0,739.015625,,0
1782300926.883710,9287.810994,170.0,,100.0,739.015625,,0
1782300926.983711,9287.910994,170.0,,100.0,739.015625,,0
1782300927.083712,9288.010995,172.0,,100.0,739.015625,,0
1782300927.183711,9288.110994,175.0,,100.0,739.015625,,0
1782300927.283711,9288.210994,175.0,,100.0,739.015625,,0
1782300927.383712,9288.310995,178.0,,100.0,739.015625,,0
1782300927.483712,9288.410995,179.0,,100.0,739.015625,,0
1782300927.583712,9288.510995,180.0,,100.0,739.015625,,0
1782300927.683711,9288.610994,182.0,,100.0,739.015625,,0
1782300927.783712,9288.710995,185.0,,100.0,739.015625,,0
1782300927.883710,9288.810994,187.0,,100.0,739.015625,,0
1782300927.983708,9288.910991,189.0,,100.0,739.015625,,0
1782300928.083711,9289.010994,189.0,,100.0,739.015625,,0
1782300928.183711,9289.110994,192.0,,100.0,739.015625,,0
1782300928.283711,9289.210994,192.0,,100.0,739.015625,,0
1782300928.383710,9289.310994,193.0,,100.0,739.015625,,0
1782300928.483711,9289.410994,193.0,,100.0,739.015625,,0
1782300928.583711,9289.510994,193.0,,100.0,739.015625,,0
1782300928.683711,9289.610994,192.0,,100.0,739.015625,,0
1782300928.783710,9289.710993,193.0,,100.0,739.015625,,0
1782300928.883708,9289.810991,193.0,,100.0,739.015625,,0
1782300928.983709,9289.910992,193.0,,100.0,739.015625,,0
1782300929.083711,9290.010994,193.0,,100.0,739.015625,,0
1782300929.183712,9290.110995,192.0,,100.0,739.015625,,0
1782300929.283711,9290.210994,193.0,,100.0,739.015625,,0
1782300929.383711,9290.310994,193.0,,100.0,739.015625,,0
1782300929.483711,9290.410994,193.0,,100.0,739.015625,,0
1782300929.583711,9290.510994,193.0,,100.0,739.015625,,0
1782300929.683711,9290.610994,192.0,,100.0,739.015625,,0
1782300929.783710,9290.710993,193.0,,100.0,739.015625,,0
1782300929.883709,9290.810992,193.0,,100.0,739.015625,,0
1782300929.983712,9290.910995,193.0,,100.0,739.015625,,0
1782300930.083742,9291.011026,193.0,,100.0,739.015625,,0
1782300930.183731,9291.111015,193.0,,100.0,739.015625,,0
1782300930.283727,9291.211011,194.0,,100.0,739.015625,,0
1782300930.383727,9291.311011,193.0,,100.0,739.015625,,0
1782300930.483728,9291.411012,194.0,,100.0,739.015625,,0
1782300930.583717,9291.511009,193.0,,100.0,739.015625,,0
1782300930.683728,9291.611011,193.0,,100.0,739.015625,,0
1782300930.783725,9291.711009,193.0,,100.0,739.015625,,0
1782300930.883717,9291.811008,192.0,,100.0,739.015625,,0
1782300930.983717,9291.911009,193.0,,100.0,739.015625,,0
1782300931.083726,9292.011010,193.0,,100.0,739.015625,,0
1782300931.183728,9292.111012,193.0,,100.0,739.015625,,0
1782300931.283726,9292.211010,194.0,,100.0,739.015625,,0
1782300931.383728,9292.311011,193.0,,100.0,739.015625,,0
1782300931.483726,9292.411009,193.0,,100.0,739.015625,,0
1782300931.583727,9292.511011,194.0,,100.0,739.015625,,0
1782300931.683731,9292.611014,194.0,,100.0,739.015625,,0
1782300931.783797,9292.711081,193.0,,100.0,739.015625,,0
1782300931.883733,9292.811017,194.0,,100.0,739.015625,,0
1782300931.983726,9292.911009,194.0,,100.0,739.015625,,0
1782300932.083726,9293.011010,194.0,,100.0,739.015625,,0
1782300932.183731,9293.111017,194.0,,100.0,739.015625,,0
1782300932.283729,9293.211012,193.0,,100.0,739.015625,,0
1782300932.383733,9293.311016,195.0,,100.0,739.015625,,0
1782300932.483728,9293.411012,194.0,,100.0,739.015625,,0
1782300932.583731,9293.511015,193.0,,100.0,739.015625,,0
1782300932.683717,9293.611012,194.0,,100.0,739.015625,,0
1782300932.783717,9293.711011,193.0,,100.0,739.015625,,0
1782300932.883717,9293.811013,194.0,,100.0,739.015625,,0
1782300932.983729,9293.911013,194.0,,100.0,739.015625,,0
1782300933.083729,9294.011012,194.0,,100.0,739.015625,,0
1782300933.183717,9294.111018,194.0,,100.0,739.015625,,0
1782300933.283717,9294.211015,194.0,,100.0,739.015625,,0
1782300933.383717,9294.311014,194.0,,100.0,739.015625,,0
1782300933.483727,9294.411011,194.0,,100.0,739.015625,,0
1782300933.583717,9294.511015,194.0,,100.0,739.015625,,0
1782300933.683717,9294.611013,194.0,,100.0,739.015625,,0
1782300933.783727,9294.711011,195.0,,100.0,739.015625,,0
1782300933.883717,9294.811013,194.0,,100.0,739.015625,,0
1782300933.983731,9294.911016,194.0,,100.0,739.015625,,0
1782300934.083716,9295.011000,194.0,,100.0,739.015625,,0
1782300934.183734,9295.111018,194.0,,100.0,739.015625,,0
1782300934.283727,9295.211011,193.0,,100.0,739.015625,,0
1782300934.383716,9295.311000,194.0,,100.0,739.015625,,0
1782300934.483727,9295.411011,194.0,,100.0,739.015625,,0
1782300934.583716,9295.511000,193.0,,100.0,739.015625,,0
1782300934.683727,9295.611011,195.0,,100.0,739.015625,,0
1782300934.783717,9295.711013,195.0,,100.0,739.015625,,0
1782300934.883717,9295.811013,195.0,,100.0,739.015625,,0
1782300934.983717,9295.911000,195.0,,100.0,739.015625,,0
1782300935.083716,9296.011000,198.0,,100.0,739.015625,,0
1782300935.183735,9296.111019,195.0,,100.0,739.015625,,0
1782300935.283799,9296.211083,194.0,,100.0,739.015625,,0
1782300935.383747,9296.311032,194.0,,100.0,739.015625,,0
1782300935.483732,9296.411016,194.0,,100.0,739.015625,,0
1782300935.583734,9296.511018,193.0,,100.0,739.015625,,0
1782300935.683730,9296.611013,192.0,,100.0,739.015625,,0
1782300935.783729,9296.711013,195.0,,100.0,739.015625,,0
1782300935.883740,9296.811024,191.0,,100.0,739.015625,,0
1782300935.983742,9296.911026,191.0,,100.0,739.015625,,0
1782300936.083747,9297.011030,197.0,,100.0,739.015625,,0
1782300936.183741,9297.111026,194.0,,100.0,739.015625,,0
1782300936.283731,9297.211015,195.0,,100.0,739.015625,,0
1782300936.383732,9297.311016,195.0,,100.0,739.015625,,0
1782300936.483732,9297.411015,195.0,,100.0,739.015625,,0
1782300936.583717,9297.511014,195.0,,100.0,739.015625,,0
1782300936.683729,9297.611013,190.0,,100.0,739.015625,,0
1782300936.783717,9297.711000,188.0,,100.0,739.015625,,0
1782300936.883728,9297.811011,195.0,,100.0,739.015625,,0
1782300936.983730,9297.911013,198.0,,99.0,739.015625,,0
1782300937.083740,9298.011024,194.0,,100.0,739.015625,,0
1782300937.183795,9298.111079,191.0,,100.0,739.015625,,0
1782300937.283798,9298.211081,198.0,,100.0,739.015625,,0
1782300937.383802,9298.311085,196.0,,100.0,739.015625,,0
1782300937.483740,9298.411025,195.0,,100.0,739.015625,,0
1782300937.583728,9298.511011,195.0,,100.0,739.015625,,0
1782300937.683739,9298.611023,195.0,,100.0,739.015625,,0
1782300937.783733,9298.711017,195.0,,100.0,739.015625,,0
1782300937.883743,9298.811027,195.0,,100.0,739.015625,,0
1782300937.983730,9298.911014,194.0,,100.0,739.015625,,0
1782300938.083729,9299.011013,195.0,,100.0,739.015625,,0
1782300938.183728,9299.111012,194.0,,100.0,739.015625,,0
1782300938.283728,9299.211012,196.0,,100.0,739.015625,,0
1782300938.383727,9299.311010,196.0,,100.0,739.015625,,0
1782300938.483726,9299.411010,196.0,,100.0,739.015625,,0
1782300938.583717,9299.511009,197.0,,100.0,739.015625,,0
1782300938.683725,9299.611009,195.0,,100.0,739.015625,,0
1782300938.783729,9299.711013,195.0,,100.0,739.015625,,0
1782300938.883799,9299.811082,196.0,,100.0,739.015625,,0
1782300938.983795,9299.911079,196.0,,100.0,739.015625,,0
1782300939.083796,9300.011079,196.0,,100.0,739.015625,,0
1782300939.183800,9300.111083,195.0,,100.0,739.015625,,0
1782300939.283801,9300.211085,195.0,,100.0,739.015625,,0
1782300939.383803,9300.311086,195.0,,100.0,739.015625,,0
1782300939.483797,9300.411080,196.0,,100.0,739.015625,,0
1782300939.583797,9300.511080,196.0,,100.0,739.015625,,0
1782300939.683795,9300.611079,195.0,,100.0,739.015625,,0
1782300939.783802,9300.711085,195.0,,100.0,739.015625,,0
1782300939.883799,9300.811082,196.0,,100.0,739.015625,,0
1782300939.983805,9300.911089,195.0,,100.0,739.015625,,0
1782300940.083748,9301.011031,195.0,,100.0,739.015625,,0
1782300940.183730,9301.111013,195.0,,100.0,739.015625,,0
1782300940.283734,9301.211017,196.0,,100.0,739.015625,,0
1782300940.383727,9301.311011,197.0,,100.0,739.015625,,0
1782300940.483734,9301.411019,197.0,,100.0,739.015625,,0
1782300940.583717,9301.511008,196.0,,100.0,739.015625,,0
1782300940.683730,9301.611014,196.0,,100.0,739.015625,,0
1782300940.783728,9301.711013,196.0,,100.0,739.015625,,0
1782300940.883730,9301.811014,196.0,,100.0,739.015625,,0
1782300940.983717,9301.911011,195.0,,100.0,739.015625,,0
1782300941.083727,9302.011012,196.0,,100.0,739.015625,,0
1782300941.183725,9302.111009,196.0,,100.0,739.015625,,0
1782300941.283733,9302.211017,196.0,,100.0,739.015625,,0
1782300941.383724,9302.311008,197.0,,100.0,739.015625,,0
1782300941.483727,9302.411012,197.0,,100.0,739.015625,,0
1782300941.583717,9302.511000,197.0,,100.0,739.015625,,0
1782300941.683717,9302.611000,196.0,,100.0,739.015625,,0
1782300941.783717,9302.711009,195.0,,100.0,739.015625,,0
1782300941.883727,9302.811011,196.0,,100.0,739.015625,,0
1782300941.983717,9302.911010,196.0,,100.0,739.015625,,0
1782300942.083724,9303.011008,196.0,,100.0,739.015625,,0
1782300942.183716,9303.111000,197.0,,100.0,739.015625,,0
1782300942.283725,9303.211009,198.0,,100.0,739.015625,,0
1782300942.383725,9303.311009,197.0,,100.0,739.015625,,0
1782300942.483728,9303.411012,196.0,,100.0,739.015625,,0
1782300942.583726,9303.511010,196.0,,100.0,739.015625,,0
1782300942.683727,9303.611011,197.0,,100.0,739.015625,,0
1782300942.783796,9303.711079,196.0,,100.0,739.015625,,0
1782300942.883799,9303.811083,196.0,,100.0,739.015625,,0
1782300942.983793,9303.911076,196.0,,100.0,739.015625,,0
1782300943.083804,9304.011087,197.0,,100.0,739.015625,,0
1782300943.183797,9304.111080,197.0,,100.0,739.015625,,0
1782300943.283740,9304.211025,197.0,,100.0,739.015625,,0
1782300943.383798,9304.311082,196.0,,100.0,739.015625,,0
1782300943.483797,9304.411081,197.0,,100.0,739.015625,,0
1782300943.583797,9304.511081,196.0,,100.0,739.015625,,0
1782300943.683796,9304.611079,197.0,,100.0,739.015625,,0
1782300943.783803,9304.711086,196.0,,100.0,739.015625,,0
1782300943.883795,9304.811078,197.0,,100.0,739.015625,,0
1782300943.983801,9304.911084,197.0,,100.0,739.015625,,0
1782300944.083795,9305.011078,197.0,,100.0,739.015625,,0
1782300944.183798,9305.111081,198.0,,100.0,739.015625,,0
1782300944.283798,9305.211081,198.0,,100.0,739.015625,,0
1782300944.383806,9305.311089,197.0,,100.0,739.015625,,0
1782300944.483799,9305.411082,197.0,,100.0,739.015625,,0
1782300944.583796,9305.511079,197.0,,100.0,739.015625,,0
1782300944.683802,9305.611086,197.0,,100.0,739.015625,,0
1782300944.783803,9305.711087,197.0,,100.0,739.015625,,0
1782300944.883736,9305.811020,197.0,,100.0,739.015625,,0
1782300944.983740,9305.911024,197.0,,100.0,739.015625,,0
1782300945.083730,9306.011013,198.0,,100.0,739.015625,,0
1782300945.183731,9306.111015,198.0,,100.0,739.015625,,0
1782300945.283727,9306.211010,198.0,,100.0,739.015625,,0
1782300945.383717,9306.311009,198.0,,100.0,739.015625,,0
1782300945.483726,9306.411010,198.0,,100.0,739.015625,,0
1782300945.583717,9306.511009,196.0,,100.0,739.015625,,0
1782300945.683728,9306.611012,196.0,,100.0,739.015625,,0
1782300945.783725,9306.711009,195.0,,100.0,739.015625,,0
1782300945.883728,9306.811012,197.0,,100.0,739.015625,,0
1782300945.983728,9306.911011,198.0,,100.0,739.015625,,0
1782300946.083729,9307.011012,198.0,,100.0,739.015625,,0
1782300946.183729,9307.111013,198.0,,100.0,739.015625,,0
1782300946.283728,9307.211011,198.0,,100.0,739.015625,,0
1782300946.383740,9307.311024,197.0,,100.0,739.015625,,0
1782300946.483742,9307.411025,197.0,,100.0,739.015625,,0
1782300946.583733,9307.511016,197.0,,100.0,739.015625,,0
1782300946.683735,9307.611019,196.0,,100.0,739.015625,,0
1782300946.783730,9307.711013,198.0,,100.0,739.015625,,0
1782300946.883735,9307.811019,197.0,,100.0,739.015625,,0
1782300946.983729,9307.911013,198.0,,100.0,739.015625,,0
1782300947.083728,9308.011011,197.0,,100.0,739.015625,,0
1782300947.183795,9308.111079,197.0,,100.0,739.015625,,0
1782300947.283794,9308.211078,197.0,,100.0,739.015625,,0
1782300947.383796,9308.311079,197.0,,100.0,739.015625,,0
1782300947.483795,9308.411078,197.0,,100.0,739.015625,,0
1782300947.583799,9308.511082,197.0,,100.0,739.015625,,0
1782300947.683805,9308.611088,197.0,,100.0,739.015625,,0
1782300947.783797,9308.711080,198.0,,100.0,739.015625,,0
1782300947.883799,9308.811082,198.0,,100.0,739.015625,,0
1782300947.983799,9308.911084,198.0,,100.0,739.015625,,0
1782300948.083796,9309.011079,197.0,,100.0,739.015625,,0
1782300948.183797,9309.111080,197.0,,100.0,739.015625,,0
1782300948.283727,9309.211010,197.0,,100.0,739.015625,,0
1782300948.383731,9309.311015,196.0,,100.0,739.015625,,0
1782300948.483727,9309.411010,197.0,,100.0,739.015625,,0
1782300948.583739,9309.511023,198.0,,100.0,739.015625,,0
1782300948.683728,9309.611012,199.0,,100.0,739.015625,,0
1782300948.783725,9309.711009,199.0,,100.0,739.015625,,0
1782300948.883725,9309.811009,198.0,,100.0,739.015625,,0
1782300948.983717,9309.911007,197.0,,100.0,739.015625,,0
1782300949.083726,9310.011010,198.0,,100.0,739.015625,,0
1782300949.183724,9310.111008,197.0,,100.0,739.015625,,0
1782300949.283724,9310.211008,197.0,,100.0,739.015625,,0
1782300949.383717,9310.311008,196.0,,100.0,739.015625,,0
1782300949.483717,9310.411007,198.0,,100.0,739.015625,,0
1782300949.583724,9310.511008,198.0,,100.0,739.015625,,0
1782300949.683717,9310.611009,198.0,,100.0,739.015625,,0
1782300949.783725,9310.711008,198.0,,100.0,739.015625,,0
1782300949.883731,9310.811015,196.0,,100.0,739.015625,,0
1782300949.983727,9310.911011,196.0,,100.0,739.015625,,0
1782300950.083729,9311.011012,196.0,,100.0,739.015625,,0
1782300950.183805,9311.111088,197.0,,100.0,739.015625,,0
1782300950.283799,9311.211083,197.0,,100.0,739.015625,,0
1782300950.383739,9311.311023,197.0,,100.0,739.015625,,0
1782300950.483726,9311.411010,198.0,,100.0,739.015625,,0
1782300950.583730,9311.511014,197.0,,100.0,739.015625,,0
1782300950.683729,9311.611012,198.0,,100.0,739.015625,,0
1782300950.783729,9311.711013,198.0,,100.0,739.015625,,0
1782300950.883796,9311.811079,197.0,,100.0,739.015625,,0
1782300950.983798,9311.911081,197.0,,100.0,739.015625,,0
1782300951.083799,9312.011082,197.0,,100.0,739.015625,,0
1782300951.183802,9312.111086,195.0,,100.0,739.015625,,0
1782300951.283803,9312.211087,197.0,,100.0,739.015625,,0
1782300951.383799,9312.311082,196.0,,100.0,739.015625,,0
1782300951.483799,9312.411083,198.0,,100.0,739.015625,,0
1782300951.583741,9312.511025,198.0,,100.0,739.015625,,0
1782300951.683727,9312.611011,197.0,,100.0,739.015625,,0
1782300951.783724,9312.711008,197.0,,100.0,739.015625,,0
1782300951.883732,9312.811016,198.0,,100.0,739.015625,,0
1782300951.983722,9312.911006,198.0,,100.0,739.015625,,0
1782300952.083723,9313.011007,197.0,,100.0,739.015625,,0
1782300952.183723,9313.111006,197.0,,100.0,739.015625,,0
1782300952.283722,9313.211006,197.0,,100.0,739.015625,,0
1782300952.383723,9313.311007,197.0,,100.0,739.015625,,0
1782300952.483722,9313.411006,197.0,,100.0,739.015625,,0
1782300952.583722,9313.511006,197.0,,100.0,739.015625,,0
1782300952.683722,9313.611005,197.0,,100.0,739.015625,,0
1782300952.783724,9313.711007,194.0,,100.0,739.015625,,0
1782300952.883723,9313.811006,195.0,,100.0,739.015625,,0
1782300952.983723,9313.911007,198.0,,100.0,739.015625,,0
1782300953.083723,9314.011006,199.0,,100.0,739.015625,,0
1782300953.183728,9314.111011,195.0,,100.0,739.015625,,0
1782300953.283797,9314.211080,197.0,,100.0,739.015625,,0
1782300953.383797,9314.311081,197.0,,100.0,739.015625,,0
1782300953.483797,9314.411080,198.0,,100.0,739.015625,,0
1782300953.583800,9314.511084,198.0,,100.0,739.015625,,0
1782300953.683798,9314.611081,197.0,,100.0,739.015625,,0
1782300953.783797,9314.711080,200.0,,100.0,739.015625,,0
1782300953.883800,9314.811083,197.0,,100.0,739.015625,,0
1782300953.983798,9314.911082,197.0,,100.0,739.015625,,0
1782300954.083801,9315.011084,198.0,,100.0,739.015625,,0
1782300954.183797,9315.111081,197.0,,100.0,739.015625,,0
1782300954.283803,9315.211086,197.0,,100.0,739.015625,,0
1782300954.383801,9315.311084,191.0,,100.0,739.015625,,0
1782300954.483792,9315.411076,196.0,,100.0,739.015625,,0
1782300954.583736,9315.511021,197.0,,100.0,739.015625,,0
1782300954.683803,9315.611086,200.0,,100.0,739.015625,,0
1782300954.783799,9315.711082,196.0,,100.0,739.015625,,0
1782300954.883796,9315.811080,197.0,,100.0,739.015625,,0
1782300954.983797,9315.911080,200.0,,100.0,739.015625,,0
1782300955.083799,9316.011083,198.0,,100.0,739.015625,,0
1782300955.183800,9316.111083,198.0,,100.0,739.015625,,0
1782300955.283798,9316.211081,198.0,,100.0,739.015625,,0
1782300955.383797,9316.311081,197.0,,100.0,739.015625,,0
1782300955.483797,9316.411080,200.0,,100.0,739.015625,,0
1782300955.583801,9316.511085,197.0,,100.0,739.015625,,0
1782300955.683800,9316.611083,193.0,,100.0,739.015625,,0
1782300955.783800,9316.711083,200.0,,100.0,739.015625,,0
1782300955.883799,9316.811082,197.0,,100.0,739.015625,,0
1782300955.983799,9316.911082,197.0,,100.0,739.015625,,0
1782300956.083798,9317.011082,197.0,,100.0,739.015625,,0
1782300956.183798,9317.111081,197.0,,100.0,739.015625,,0
1782300956.283803,9317.211086,197.0,,100.0,739.015625,,0
1782300956.383798,9317.311082,197.0,,100.0,739.015625,,0
1782300956.483799,9317.411083,198.0,,100.0,739.015625,,0
1782300956.583730,9317.511013,198.0,,100.0,739.015625,,0
1782300956.683729,9317.611013,197.0,,100.0,739.015625,,0
1782300956.783726,9317.711010,198.0,,100.0,739.015625,,0
1782300956.883725,9317.811009,196.0,,100.0,739.015625,,0
1782300956.983727,9317.911011,197.0,,100.0,739.015625,,0
1782300957.083725,9318.011009,197.0,,100.0,739.015625,,0
1782300957.183727,9318.111011,197.0,,100.0,739.015625,,0
1782300957.283726,9318.211010,197.0,,100.0,739.015625,,0
1782300957.383725,9318.311009,197.0,,100.0,739.015625,,0
1782300957.483717,9318.411009,197.0,,100.0,739.015625,,0
1782300957.583730,9318.511014,197.0,,100.0,739.015625,,0
1782300957.683717,9318.611012,198.0,,100.0,739.015625,,0
1782300957.783717,9318.711008,197.0,,100.0,739.015625,,0
1782300957.883727,9318.811011,198.0,,100.0,739.015625,,0
1782300957.983717,9318.911009,197.0,,100.0,739.015625,,0
1782300958.083717,9319.011010,197.0,,100.0,739.015625,,0
1782300958.183717,9319.111010,198.0,,100.0,739.015625,,0
1782300958.283724,9319.211008,198.0,,100.0,739.015625,,0
1782300958.383716,9319.311000,197.0,,100.0,739.015625,,0
1782300958.483716,9319.411000,197.0,,100.0,739.015625,,0
1782300958.583716,9319.511000,198.0,,100.0,739.015625,,0
1782300958.683716,9319.611000,197.0,,100.0,739.015625,,0
1782300958.783716,9319.711000,197.0,,100.0,739.015625,,0
1782300958.883717,9319.811000,197.0,,100.0,739.015625,,0
1782300958.983725,9319.911008,197.0,,100.0,739.015625,,0
1782300959.083725,9320.011009,197.0,,100.0,739.015625,,0
1782300959.183728,9320.111012,198.0,,100.0,739.015625,,0
1782300959.283725,9320.211008,198.0,,100.0,739.015625,,0
1782300959.383717,9320.311010,197.0,,100.0,739.015625,,0
1782300959.483724,9320.411008,197.0,,100.0,739.015625,,0
1782300959.583716,9320.511000,197.0,,100.0,739.015625,,0
1782300959.683717,9320.611016,197.0,,100.0,739.015625,,0
1782300959.783717,9320.711011,197.0,,100.0,739.015625,,0
1782300959.883717,9320.811019,197.0,,100.0,739.015625,,0
1782300959.983795,9320.911078,198.0,,100.0,739.015625,,0
1782300960.083747,9321.011030,196.0,,100.0,739.015625,,0
1782300960.183734,9321.111019,178.0,,100.0,739.015625,,0
1782300960.283730,9321.211013,173.0,,100.0,739.015625,,0
1782300960.383734,9321.311018,173.0,,100.0,739.015625,,0
1782300960.483799,9321.411082,173.0,,100.0,739.015625,,0
1782300960.583786,9321.511069,173.0,,100.0,739.015625,,0
1782300960.683802,9321.611085,173.0,,100.0,739.015625,,0
1782300960.783801,9321.711084,173.0,,100.0,739.015625,,0
1782300960.883796,9321.811080,173.0,,100.0,739.015625,,0
1782300960.983793,9321.911076,173.0,,100.0,739.015625,,0
1782300961.083796,9322.011079,191.0,,100.0,739.015625,,0
1782300961.183797,9322.111080,197.0,,100.0,739.015625,,0
1782300961.283806,9322.211090,153.0,,71.0,739.015625,,0
1782300961.383805,9322.311088,47.0,,3.0,739.015625,,0
1782300961.483799,9322.411082,38.0,,3.0,739.015625,,0
1782300961.583798,9322.511081,37.0,,3.0,739.015625,,0
1782300961.683795,9322.611078,19.0,,3.0,739.015625,,0
1782300961.783798,9322.711081,17.0,,3.0,739.015625,,0
1782300961.883801,9322.811084,18.0,,3.0,739.015625,,0
1782300961.983801,9322.911085,20.0,,1.0,739.015625,,0
1782300962.083802,9323.011087,20.0,,1.0,739.015625,,0
1782300962.183799,9323.111082,20.0,,3.0,739.015625,,0
1782300962.283799,9323.211084,20.0,,3.0,739.015625,,0
1782300962.383797,9323.311081,19.0,,3.0,739.015625,,0
1782300962.483796,9323.411079,19.0,,3.0,739.015625,,0
1782300962.583805,9323.511089,19.0,,3.0,739.015625,,0
1782300962.683794,9323.611078,19.0,,3.0,739.015625,,0
1782300962.783798,9323.711083,18.0,,3.0,739.015625,,0
1782300962.883797,9323.811081,18.0,,3.0,739.015625,,0
1782300962.983800,9323.911083,19.0,,3.0,739.015625,,0
1782300963.083800,9324.011085,19.0,,3.0,739.015625,,0
1782300963.183801,9324.111085,19.0,,3.0,739.015625,,0
1782300963.283798,9324.211081,18.0,,3.0,739.015625,,0
1782300963.383805,9324.311089,17.0,,3.0,739.015625,,0
1782300963.483801,9324.411085,17.0,,3.0,739.015625,,0
1782300963.583799,9324.511082,21.0,,3.0,739.015625,,0
1782300963.683805,9324.611088,17.0,,3.0,739.015625,,0
1782300963.783800,9324.711083,18.0,,3.0,739.015625,,0
1782300963.883799,9324.811082,17.0,,3.0,739.015625,,0
1782300963.983802,9324.911085,17.0,,2.0,739.015625,,0
1782300964.083816,9325.011100,19.0,,3.0,739.015625,,0
1782300964.183804,9325.111088,18.0,,3.0,739.015625,,0
1782300964.283811,9325.211095,21.0,,3.0,739.015625,,0
1782300964.383798,9325.311082,19.0,,3.0,739.015625,,0
1782300964.483798,9325.411082,18.0,,3.0,739.015625,,0
1782300964.583797,9325.511080,17.0,,3.0,739.015625,,0
1782300964.683795,9325.611078,17.0,,3.0,739.015625,,0
1782300964.783798,9325.711082,18.0,,3.0,739.015625,,0
1782300964.883798,9325.811082,17.0,,3.0,739.015625,,0
1782300964.983797,9325.911080,16.0,,3.0,739.015625,,0
1782300965.083796,9326.011079,16.0,,3.0,739.015625,,0
1782300965.183799,9326.111083,16.0,,3.0,739.015625,,0
1782300965.283798,9326.211082,18.0,,2.0,739.015625,,0
1782300965.383801,9326.311084,17.0,,3.0,739.015625,,0
1782300965.483802,9326.411087,17.0,,3.0,739.015625,,0
1782300965.583796,9326.511079,17.0,,3.0,739.015625,,0
1782300965.683799,9326.611083,17.0,,3.0,739.015625,,0
1782300965.783797,9326.711080,17.0,,3.0,739.015625,,0
1782300965.883795,9326.811078,17.0,,3.0,739.015625,,0
1782300965.983796,9326.911079,15.0,,3.0,739.015625,,0
1782300966.083799,9327.011083,16.0,,3.0,739.015625,,0
1782300966.183804,9327.111087,17.0,,3.0,739.015625,,0
1782300966.283714,9327.210997,47.0,,33.0,739.015625,,0
1782300966.383711,9327.310994,162.0,,100.0,739.015625,,0
1782300966.483712,9327.410995,163.0,,100.0,739.015625,,0
1782300966.583712,9327.510995,163.0,,100.0,739.015625,,0
1782300966.683712,9327.610995,163.0,,100.0,739.015625,,0
1782300966.783710,9327.710993,165.0,,100.0,739.015625,,0
1782300966.883712,9327.810995,168.0,,100.0,739.015625,,0
1782300966.983711,9327.910994,168.0,,100.0,739.015625,,0
1782300967.083711,9328.010994,171.0,,100.0,739.015625,,0
1782300967.183712,9328.110995,171.0,,100.0,739.015625,,0
1782300967.283711,9328.210994,172.0,,100.0,739.015625,,0
1782300967.383712,9328.310995,174.0,,100.0,739.015625,,0
1782300967.483712,9328.410995,176.0,,100.0,739.015625,,0
1782300967.583712,9328.510995,178.0,,100.0,739.015625,,0
1782300967.683712,9328.610995,180.0,,100.0,739.015625,,0
1782300967.783712,9328.710995,180.0,,100.0,739.015625,,0
1782300967.883710,9328.810993,182.0,,100.0,739.015625,,0
1782300967.983712,9328.910995,185.0,,100.0,739.015625,,0
1782300968.083739,9329.011022,187.0,,100.0,739.015625,,0
1782300968.183730,9329.111014,189.0,,100.0,739.015625,,0
1782300968.283731,9329.211015,190.0,,100.0,739.015625,,0
1782300968.383732,9329.311016,193.0,,100.0,739.015625,,0
1782300968.483732,9329.411016,193.0,,100.0,739.015625,,0
1782300968.583717,9329.511014,193.0,,100.0,739.015625,,0
1782300968.683729,9329.611013,193.0,,100.0,739.015625,,0
1782300968.783717,9329.711013,193.0,,100.0,739.015625,,0
1782300968.883730,9329.811013,193.0,,100.0,739.015625,,0
1782300968.983731,9329.911015,193.0,,100.0,739.015625,,0
1782300969.083730,9330.011013,193.0,,100.0,739.015625,,0
1782300969.183717,9330.111014,193.0,,100.0,739.015625,,0
1782300969.283717,9330.211012,194.0,,100.0,739.015625,,0
1782300969.383728,9330.311012,194.0,,100.0,739.015625,,0
1782300969.483717,9330.411014,193.0,,100.0,739.015625,,0
1782300969.583716,9330.511000,193.0,,100.0,739.015625,,0
1782300969.683717,9330.611019,194.0,,100.0,739.015625,,0
1782300969.783728,9330.711012,193.0,,100.0,739.015625,,0
1782300969.883717,9330.811014,194.0,,100.0,739.015625,,0
1782300969.983717,9330.911000,191.0,,100.0,739.015625,,0
1782300970.083716,9331.011000,188.0,,100.0,739.015625,,0
1782300970.183727,9331.111011,194.0,,100.0,739.015625,,0
1782300970.283735,9331.211019,194.0,,100.0,739.015625,,0
1782300970.383729,9331.311013,187.0,,100.0,739.015625,,0
1782300970.483729,9331.411013,193.0,,100.0,739.015625,,0
1782300970.583728,9331.511011,194.0,,100.0,739.015625,,0
1782300970.683728,9331.611012,193.0,,100.0,739.015625,,0
1782300970.783717,9331.711011,189.0,,100.0,739.015625,,0
1782300970.883728,9331.811012,194.0,,100.0,739.015625,,0
1782300970.983716,9331.911000,192.0,,100.0,739.015625,,0
1782300971.083717,9332.011011,190.0,,100.0,739.015625,,0
1782300971.183729,9332.111012,193.0,,100.0,739.015625,,0
1782300971.283729,9332.211012,193.0,,100.0,739.015625,,0
1782300971.383731,9332.311014,195.0,,100.0,739.015625,,0
1782300971.483729,9332.411012,195.0,,100.0,739.015625,,0
1782300971.583728,9332.511011,194.0,,100.0,739.015625,,0
1782300971.683727,9332.611011,195.0,,100.0,739.015625,,0
1782300971.783728,9332.711012,194.0,,100.0,739.015625,,0
1782300971.883735,9332.811019,194.0,,100.0,739.015625,,0
1782300971.983716,9332.911000,193.0,,100.0,739.015625,,0
1782300972.083730,9333.011014,194.0,,100.0,739.015625,,0
1782300972.183734,9333.111018,193.0,,100.0,739.015625,,0
1782300972.283746,9333.211030,198.0,,100.0,739.015625,,0
1782300972.383737,9333.311021,194.0,,100.0,739.015625,,0
1782300972.483732,9333.411016,194.0,,100.0,739.015625,,0
1782300972.583732,9333.511016,194.0,,100.0,739.015625,,0
1782300972.683731,9333.611015,194.0,,100.0,739.015625,,0
1782300972.783801,9333.711085,196.0,,100.0,739.015625,,0
1782300972.883798,9333.811081,199.0,,100.0,739.015625,,0
1782300972.983802,9333.911085,199.0,,100.0,739.015625,,0
1782300973.083737,9334.011022,196.0,,100.0,739.015625,,0
1782300973.183732,9334.111015,195.0,,100.0,739.015625,,0
1782300973.283727,9334.211011,195.0,,100.0,739.015625,,0
1782300973.383745,9334.311029,195.0,,100.0,739.015625,,0
1782300973.483802,9334.411085,194.0,,100.0,739.015625,,0
1782300973.583744,9334.511028,195.0,,100.0,739.015625,,0
1782300973.683802,9334.611086,194.0,,100.0,739.015625,,0
1782300973.783737,9334.711022,194.0,,100.0,739.015625,,0
1782300973.883736,9334.811020,195.0,,100.0,739.015625,,0
1782300973.983798,9334.911081,195.0,,100.0,739.015625,,0
1782300974.083798,9335.011082,194.0,,100.0,739.015625,,0
1782300974.183803,9335.111087,196.0,,100.0,739.015625,,0
1782300974.283802,9335.211085,196.0,,100.0,739.015625,,0
1782300974.383737,9335.311022,196.0,,100.0,739.015625,,0
1782300974.483802,9335.411085,195.0,,100.0,739.015625,,0
1782300974.583797,9335.511080,195.0,,100.0,739.015625,,0
1782300974.683800,9335.611083,195.0,,100.0,739.015625,,0
1782300974.783738,9335.711022,195.0,,100.0,739.015625,,0
1782300974.883738,9335.811022,195.0,,100.0,739.015625,,0
1782300974.983803,9335.911086,194.0,,100.0,739.015625,,0
1782300975.083742,9336.011025,195.0,,100.0,739.015625,,0
1782300975.183736,9336.111020,195.0,,100.0,739.015625,,0
1782300975.283805,9336.211089,195.0,,100.0,739.015625,,0
1782300975.383798,9336.311081,196.0,,100.0,739.015625,,0
1782300975.483795,9336.411079,196.0,,100.0,739.015625,,0
1782300975.583800,9336.511083,196.0,,100.0,739.015625,,0
1782300975.683801,9336.611084,196.0,,100.0,739.015625,,0
1782300975.783800,9336.711083,195.0,,100.0,739.015625,,0
1782300975.883812,9336.811095,195.0,,100.0,739.015625,,0
1782300975.983738,9336.911023,195.0,,100.0,739.015625,,0
1782300976.083729,9337.011013,195.0,,100.0,739.015625,,0
1782300976.183729,9337.111012,195.0,,100.0,739.015625,,0
1782300976.283726,9337.211010,195.0,,100.0,739.015625,,0
1782300976.383728,9337.311012,195.0,,100.0,739.015625,,0
1782300976.483727,9337.411010,197.0,,100.0,739.015625,,0
1782300976.583726,9337.511009,197.0,,100.0,739.015625,,0
1782300976.683725,9337.611009,195.0,,100.0,739.015625,,0
1782300976.783725,9337.711008,195.0,,100.0,739.015625,,0
1782300976.883724,9337.811008,196.0,,100.0,739.015625,,0
1782300976.983717,9337.911009,195.0,,100.0,739.015625,,0
1782300977.083724,9338.011009,195.0,,100.0,739.015625,,0
1782300977.183725,9338.111009,194.0,,100.0,739.015625,,0
1782300977.283725,9338.211009,195.0,,100.0,739.015625,,0
1782300977.383725,9338.311009,195.0,,100.0,739.015625,,0
1782300977.483724,9338.411008,198.0,,100.0,739.015625,,0
1782300977.583717,9338.511008,197.0,,100.0,739.015625,,0
1782300977.683724,9338.611008,196.0,,100.0,739.015625,,0
1782300977.783717,9338.711008,196.0,,100.0,739.015625,,0
1782300977.883727,9338.811010,195.0,,100.0,739.015625,,0
1782300977.983727,9338.911010,196.0,,100.0,739.015625,,0
1782300978.083729,9339.011013,196.0,,100.0,739.015625,,0
1782300978.183728,9339.111012,196.0,,100.0,739.015625,,0
1782300978.283727,9339.211011,197.0,,100.0,739.015625,,0
1782300978.383739,9339.311022,197.0,,100.0,739.015625,,0
1782300978.483729,9339.411013,197.0,,100.0,739.015625,,0
1782300978.583727,9339.511011,196.0,,100.0,739.015625,,0
1782300978.683717,9339.611011,196.0,,100.0,739.015625,,0
1782300978.783730,9339.711014,195.0,,100.0,739.015625,,0
1782300978.883728,9339.811011,196.0,,100.0,739.015625,,0
1782300978.983717,9339.911011,195.0,,100.0,739.015625,,0
1782300979.083727,9340.011011,196.0,,100.0,739.015625,,0
1782300979.183717,9340.111011,196.0,,100.0,739.015625,,0
1782300979.283731,9340.211015,196.0,,100.0,739.015625,,0
1782300979.383728,9340.311012,197.0,,100.0,739.015625,,0
1782300979.483728,9340.411011,196.0,,100.0,739.015625,,0
1782300979.583734,9340.511018,197.0,,100.0,739.015625,,0
1782300979.683729,9340.611013,196.0,,100.0,739.015625,,0
1782300979.783717,9340.711013,196.0,,100.0,739.015625,,0
1782300979.883735,9340.811019,196.0,,100.0,739.015625,,0
1782300979.983728,9340.911012,196.0,,100.0,739.015625,,0
1782300980.083728,9341.011012,196.0,,100.0,739.015625,,0
1782300980.183728,9341.111011,197.0,,100.0,739.015625,,0
1782300980.283728,9341.211012,198.0,,100.0,739.015625,,0
1782300980.383732,9341.311016,197.0,,100.0,739.015625,,0
1782300980.483729,9341.411013,197.0,,100.0,739.015625,,0
1782300980.583730,9341.511013,196.0,,100.0,739.015625,,0
1782300980.683728,9341.611011,196.0,,100.0,739.015625,,0
1782300980.783717,9341.711012,196.0,,100.0,739.015625,,0
1782300980.883717,9341.811011,197.0,,100.0,739.015625,,0
1782300980.983717,9341.911012,196.0,,100.0,739.015625,,0
1782300981.083727,9342.011011,196.0,,100.0,739.015625,,0
1782300981.183717,9342.111012,197.0,,100.0,739.015625,,0
1782300981.283717,9342.211014,197.0,,100.0,739.015625,,0
1782300981.383716,9342.311000,197.0,,100.0,739.015625,,0
1782300981.483729,9342.411013,197.0,,100.0,739.015625,,0
1782300981.583729,9342.511012,197.0,,100.0,739.015625,,0
1782300981.683729,9342.611012,196.0,,100.0,739.015625,,0
1782300981.783728,9342.711011,197.0,,100.0,739.015625,,0
1782300981.883716,9342.811000,196.0,,100.0,739.015625,,0
1782300981.983717,9342.911012,197.0,,100.0,739.015625,,0
1782300982.083730,9343.011014,198.0,,100.0,739.015625,,0
1782300982.183728,9343.111012,198.0,,100.0,739.015625,,0
1782300982.283727,9343.211011,197.0,,100.0,739.015625,,0
1782300982.383728,9343.311012,197.0,,100.0,739.015625,,0
1782300982.483728,9343.411012,198.0,,100.0,739.015625,,0
1782300982.583717,9343.511011,197.0,,100.0,739.015625,,0
1782300982.683716,9343.611000,197.0,,100.0,739.015625,,0
1782300982.783729,9343.711013,197.0,,100.0,739.015625,,0
1782300982.883728,9343.811012,197.0,,100.0,739.015625,,0
1782300982.983716,9343.911000,198.0,,100.0,739.015625,,0
1782300983.083731,9344.011014,198.0,,100.0,739.015625,,0
1782300983.183716,9344.111000,197.0,,100.0,739.015625,,0
1782300983.283734,9344.211017,197.0,,100.0,739.015625,,0
1782300983.383731,9344.311015,197.0,,100.0,739.015625,,0
1782300983.483727,9344.411011,197.0,,100.0,739.015625,,0
1782300983.583728,9344.511011,196.0,,100.0,739.015625,,0
1782300983.683727,9344.611011,197.0,,100.0,739.015625,,0
1782300983.783727,9344.711011,199.0,,100.0,739.015625,,0
1782300983.883717,9344.811000,198.0,,100.0,739.015625,,0
1782300983.983717,9344.911014,198.0,,100.0,739.015625,,0
1782300984.083728,9345.011011,198.0,,100.0,739.015625,,0
1782300984.183727,9345.111011,198.0,,100.0,739.015625,,0
1782300984.283717,9345.211011,197.0,,100.0,739.015625,,0
1782300984.383729,9345.311012,197.0,,100.0,739.015625,,0
1782300984.483727,9345.411010,197.0,,100.0,739.015625,,0
1782300984.583727,9345.511011,198.0,,100.0,739.015625,,0
1782300984.683717,9345.611016,198.0,,100.0,739.015625,,0
1782300984.783717,9345.711000,199.0,,100.0,739.015625,,0
1782300984.883717,9345.811011,198.0,,100.0,739.015625,,0
1782300984.983716,9345.911000,197.0,,100.0,739.015625,,0
1782300985.083727,9346.011010,198.0,,100.0,739.015625,,0
1782300985.183717,9346.111010,197.0,,100.0,739.015625,,0
1782300985.283716,9346.210999,198.0,,100.0,739.015625,,0
1782300985.383717,9346.311011,198.0,,100.0,739.015625,,0
1782300985.483727,9346.411011,199.0,,100.0,739.015625,,0
1782300985.583717,9346.511011,198.0,,100.0,739.015625,,0
1782300985.683717,9346.611010,198.0,,100.0,739.015625,,0
1782300985.783716,9346.710999,198.0,,100.0,739.015625,,0
1782300985.883717,9346.811010,197.0,,100.0,739.015625,,0
1782300985.983717,9346.911012,199.0,,100.0,739.015625,,0
1782300986.083728,9347.011011,199.0,,100.0,739.015625,,0
1782300986.183727,9347.111010,198.0,,100.0,739.015625,,0
1782300986.283717,9347.211013,199.0,,100.0,739.015625,,0
1782300986.383729,9347.311013,198.0,,100.0,739.015625,,0
1782300986.483729,9347.411013,198.0,,100.0,739.015625,,0
1782300986.583727,9347.511011,198.0,,100.0,739.015625,,0
1782300986.683717,9347.611011,198.0,,100.0,739.015625,,0
1782300986.783716,9347.711000,198.0,,100.0,739.015625,,0
1782300986.883727,9347.811010,198.0,,100.0,739.015625,,0
1782300986.983716,9347.911000,199.0,,100.0,739.015625,,0
1782300987.083717,9348.011011,199.0,,100.0,739.015625,,0
1782300987.183727,9348.111011,198.0,,100.0,739.015625,,0
1782300987.283732,9348.211016,198.0,,100.0,739.015625,,0
1782300987.383732,9348.311016,198.0,,100.0,739.015625,,0
1782300987.483803,9348.411086,198.0,,100.0,739.015625,,0
1782300987.583748,9348.511031,198.0,,100.0,739.015625,,0
1782300987.683732,9348.611016,198.0,,100.0,739.015625,,0
1782300987.783734,9348.711018,201.0,,100.0,739.015625,,0
1782300987.883732,9348.811016,199.0,,100.0,739.015625,,0
1782300987.983734,9348.911018,193.0,,100.0,739.015625,,0
1782300988.083729,9349.011013,202.0,,100.0,739.015625,,0
1782300988.183729,9349.111012,198.0,,100.0,739.015625,,0
1782300988.283728,9349.211011,197.0,,100.0,739.015625,,0
1782300988.383733,9349.311017,193.0,,100.0,739.015625,,0
1782300988.483730,9349.411014,199.0,,100.0,739.015625,,0
1782300988.583733,9349.511017,201.0,,100.0,739.015625,,0
1782300988.683728,9349.611012,199.0,,100.0,739.015625,,0
1782300988.783730,9349.711014,198.0,,100.0,739.015625,,0
1782300988.883727,9349.811011,203.0,,100.0,739.015625,,0
1782300988.983716,9349.911000,198.0,,100.0,739.015625,,0
1782300989.083727,9350.011011,196.0,,100.0,739.015625,,0
1782300989.183717,9350.111011,204.0,,100.0,739.015625,,0
1782300989.283717,9350.211011,198.0,,100.0,739.015625,,0
1782300989.383717,9350.311015,201.0,,100.0,739.015625,,0
1782300989.483728,9350.411011,198.0,,100.0,739.015625,,0
1782300989.583730,9350.511013,199.0,,100.0,739.015625,,0
1782300989.683732,9350.611015,199.0,,100.0,739.015625,,0
1782300989.783800,9350.711084,200.0,,100.0,739.015625,,0
1782300989.883732,9350.811017,198.0,,100.0,739.015625,,0
1782300989.983738,9350.911022,198.0,,100.0,739.015625,,0
1782300990.083738,9351.011023,196.0,,100.0,739.015625,,0
1782300990.183792,9351.111075,198.0,,100.0,739.015625,,0
1782300990.283802,9351.211085,198.0,,100.0,739.015625,,0
1782300990.383744,9351.311027,198.0,,100.0,739.015625,,0
1782300990.483794,9351.411077,199.0,,100.0,739.015625,,0
1782300990.583732,9351.511015,198.0,,100.0,739.015625,,0
1782300990.683729,9351.611012,198.0,,100.0,739.015625,,0
1782300990.783727,9351.711010,198.0,,100.0,739.015625,,0
1782300990.883725,9351.811009,198.0,,100.0,739.015625,,0
1782300990.983726,9351.911009,197.0,,100.0,739.015625,,0
1782300991.083725,9352.011009,198.0,,100.0,739.015625,,0
1782300991.183728,9352.111011,198.0,,100.0,739.015625,,0
1782300991.283731,9352.211015,197.0,,100.0,739.015625,,0
1782300991.383731,9352.311015,198.0,,100.0,739.015625,,0
1782300991.483728,9352.411012,197.0,,100.0,739.015625,,0
1782300991.583725,9352.511010,197.0,,100.0,739.015625,,0
1782300991.683726,9352.611010,198.0,,100.0,739.015625,,0
1782300991.783726,9352.711009,198.0,,100.0,739.015625,,0
1782300991.883734,9352.811018,198.0,,100.0,739.015625,,0
1782300991.983730,9352.911014,199.0,,100.0,739.015625,,0
1782300992.083730,9353.011014,199.0,,100.0,739.015625,,0
1782300992.183727,9353.111011,198.0,,100.0,739.015625,,0
1782300992.283728,9353.211011,198.0,,100.0,739.015625,,0
1782300992.383730,9353.311013,198.0,,100.0,739.015625,,0
1782300992.483729,9353.411012,198.0,,100.0,739.015625,,0
1782300992.583728,9353.511012,198.0,,100.0,739.015625,,0
1782300992.683729,9353.611013,199.0,,100.0,739.015625,,0
1782300992.783729,9353.711013,198.0,,100.0,739.015625,,0
1782300992.883805,9353.811088,198.0,,100.0,739.015625,,0
1782300992.983804,9353.911088,197.0,,100.0,739.015625,,0
1782300993.083803,9354.011086,198.0,,100.0,739.015625,,0
1782300993.183798,9354.111081,198.0,,100.0,739.015625,,0
1782300993.283795,9354.211078,198.0,,100.0,739.015625,,0
1782300993.383796,9354.311080,198.0,,100.0,739.015625,,0
1782300993.483800,9354.411083,198.0,,100.0,739.015625,,0
1782300993.583800,9354.511083,198.0,,100.0,739.015625,,0
1782300993.683800,9354.611083,198.0,,100.0,739.015625,,0
1782300993.783798,9354.711081,198.0,,100.0,739.015625,,0
1782300993.883795,9354.811079,197.0,,100.0,739.015625,,0
1782300993.983798,9354.911081,197.0,,100.0,739.015625,,0
1782300994.083804,9355.011087,198.0,,100.0,739.015625,,0
1782300994.183799,9355.111082,198.0,,100.0,739.015625,,0
1782300994.283799,9355.211082,197.0,,100.0,739.015625,,0
1782300994.383797,9355.311081,198.0,,100.0,739.015625,,0
1782300994.483799,9355.411083,198.0,,100.0,739.015625,,0
1782300994.583799,9355.511084,198.0,,100.0,739.015625,,0
1782300994.683799,9355.611084,198.0,,100.0,739.015625,,0
1782300994.783805,9355.711088,197.0,,100.0,739.015625,,0
1782300994.883803,9355.811087,197.0,,100.0,739.015625,,0
1782300994.983796,9355.911079,198.0,,100.0,739.015625,,0
1782300995.083802,9356.011086,198.0,,100.0,739.015625,,0
1782300995.183796,9356.111079,197.0,,100.0,739.015625,,0
1782300995.283740,9356.211025,198.0,,100.0,739.015625,,0
1782300995.383798,9356.311081,198.0,,100.0,739.015625,,0
1782300995.483737,9356.411022,198.0,,100.0,739.015625,,0
1782300995.583732,9356.511015,199.0,,100.0,739.015625,,0
1782300995.683728,9356.611012,198.0,,100.0,739.015625,,0
1782300995.783728,9356.711011,198.0,,100.0,739.015625,,0
1782300995.883726,9356.811010,197.0,,100.0,739.015625,,0
1782300995.983728,9356.911011,198.0,,100.0,739.015625,,0
1782300996.083726,9357.011009,197.0,,100.0,739.015625,,0
1782300996.183728,9357.111012,199.0,,100.0,739.015625,,0
1782300996.283728,9357.211012,197.0,,100.0,739.015625,,0
1782300996.383727,9357.311010,198.0,,100.0,739.015625,,0
1782300996.483726,9357.411009,198.0,,100.0,739.015625,,0
1782300996.583725,9357.511008,198.0,,100.0,739.015625,,0
1782300996.683724,9357.611008,198.0,,100.0,739.015625,,0
1782300996.783725,9357.711008,197.0,,100.0,739.015625,,0
1782300996.883724,9357.811008,197.0,,100.0,739.015625,,0
1782300996.983717,9357.911009,198.0,,100.0,739.015625,,0
1782300997.083717,9358.011007,199.0,,100.0,739.015625,,0
1782300997.183717,9358.111007,198.0,,100.0,739.015625,,0
1782300997.283717,9358.211008,198.0,,100.0,739.015625,,0
1782300997.383725,9358.311008,198.0,,100.0,739.015625,,0
1782300997.483724,9358.411008,199.0,,100.0,739.015625,,0
1782300997.583724,9358.511008,199.0,,100.0,739.015625,,0
1782300997.683717,9358.611007,198.0,,100.0,739.015625,,0
1782300997.783717,9358.711008,198.0,,100.0,739.015625,,0
1782300997.883717,9358.811000,198.0,,100.0,739.015625,,0
1782300997.983727,9358.911010,198.0,,100.0,739.015625,,0
1782300998.083717,9359.011010,199.0,,100.0,739.015625,,0
1782300998.183717,9359.111010,198.0,,100.0,739.015625,,0
1782300998.283717,9359.211007,198.0,,100.0,739.015625,,0
1782300998.383727,9359.311011,198.0,,100.0,739.015625,,0
1782300998.483725,9359.411009,198.0,,100.0,739.015625,,0
1782300998.583725,9359.511009,198.0,,100.0,739.015625,,0
1782300998.683725,9359.611008,198.0,,100.0,739.015625,,0
1782300998.783725,9359.711008,198.0,,100.0,739.015625,,0
1782300998.883724,9359.811008,198.0,,100.0,739.015625,,0
1782300998.983717,9359.911007,197.0,,100.0,739.015625,,0
1782300999.083725,9360.011008,198.0,,100.0,739.015625,,0
1782300999.183724,9360.111008,198.0,,100.0,739.015625,,0
1782300999.283730,9360.211014,198.0,,100.0,739.015625,,0
1782300999.383726,9360.311010,198.0,,100.0,739.015625,,0
1782300999.483725,9360.411009,198.0,,100.0,739.015625,,0
1782300999.583727,9360.511010,198.0,,100.0,739.015625,,0
1782300999.683725,9360.611008,198.0,,100.0,739.015625,,0
1782300999.783725,9360.711009,198.0,,100.0,739.015625,,0
1782300999.883724,9360.811008,198.0,,100.0,739.015625,,0
1782300999.983733,9360.911017,199.0,,100.0,739.015625,,0
1782301000.083728,9361.011012,198.0,,100.0,739.015625,,0
1782301000.183728,9361.111011,198.0,,100.0,739.015625,,0
1782301000.283729,9361.211013,198.0,,100.0,739.015625,,0
1782301000.383728,9361.311012,198.0,,100.0,739.015625,,0
1782301000.483728,9361.411011,199.0,,100.0,739.015625,,0
1782301000.583729,9361.511012,198.0,,100.0,739.015625,,0
1782301000.683730,9361.611014,199.0,,100.0,739.015625,,0
1782301000.783729,9361.711013,198.0,,100.0,739.015625,,0
1782301000.883727,9361.811011,199.0,,100.0,739.015625,,0
1782301000.983717,9361.911012,198.0,,100.0,739.015625,,0
1782301001.083728,9362.011011,197.0,,100.0,739.015625,,0
1782301001.183728,9362.111012,198.0,,100.0,739.015625,,0
1782301001.283728,9362.211012,198.0,,100.0,739.015625,,0
1782301001.383729,9362.311013,198.0,,100.0,739.015625,,0
1782301001.483796,9362.411079,50.0,,3.0,739.015625,,0
1782301001.583798,9362.511082,42.0,,3.0,739.015625,,0
1782301001.683800,9362.611083,38.0,,3.0,739.015625,,0
1782301001.783796,9362.711079,35.0,,3.0,739.015625,,0
1782301001.883797,9362.811081,21.0,,3.0,739.015625,,0
1782301001.983799,9362.911083,20.0,,3.0,739.015625,,0
1782301002.083798,9363.011081,20.0,,3.0,739.015625,,0
1782301002.183800,9363.111084,19.0,,3.0,739.015625,,0
1782301002.283795,9363.211078,19.0,,3.0,739.015625,,0
1782301002.383797,9363.311080,19.0,,3.0,739.015625,,0
1782301002.483796,9363.411079,19.0,,3.0,739.015625,,0
1782301002.583799,9363.511082,18.0,,3.0,739.015625,,0
1782301002.683803,9363.611087,20.0,,3.0,739.015625,,0
1782301002.783797,9363.711080,20.0,,3.0,739.015625,,0
1782301002.883798,9363.811081,19.0,,3.0,739.015625,,0
1782301002.983800,9363.911083,18.0,,3.0,739.015625,,0
1782301003.083799,9364.011082,20.0,,3.0,739.015625,,0
1782301003.183798,9364.111081,21.0,,3.0,739.015625,,0
1782301003.283801,9364.211085,21.0,,3.0,739.015625,,0
1782301003.383800,9364.311084,19.0,,3.0,739.015625,,0
1782301003.483801,9364.411084,21.0,,3.0,739.015625,,0
1782301003.583799,9364.511083,18.0,,3.0,739.015625,,0
1782301003.683800,9364.611084,22.0,,3.0,739.015625,,0
1782301003.783797,9364.711080,18.0,,3.0,739.015625,,0
1782301003.883800,9364.811084,18.0,,3.0,739.015625,,0
1782301003.983797,9364.911080,21.0,,3.0,739.015625,,0
1782301004.083797,9365.011081,22.0,,3.0,739.015625,,0
1782301004.183798,9365.111081,18.0,,3.0,739.015625,,0
1782301004.283803,9365.211087,18.0,,3.0,739.015625,,0
1782301004.383800,9365.311083,18.0,,3.0,739.015625,,0
1782301004.483798,9365.411081,18.0,,3.0,739.015625,,0
1782301004.583799,9365.511082,18.0,,3.0,739.015625,,0
1782301004.683798,9365.611082,18.0,,3.0,739.015625,,0
1782301004.783802,9365.711086,18.0,,3.0,739.015625,,0
1782301004.883797,9365.811080,16.0,,3.0,739.015625,,0
1782301004.983797,9365.911080,18.0,,3.0,739.015625,,0
1782301005.083799,9366.011083,16.0,,3.0,739.015625,,0
1782301005.183799,9366.111082,18.0,,3.0,739.015625,,0
1782301005.283799,9366.211083,18.0,,3.0,739.015625,,0
1782301005.383799,9366.311082,18.0,,3.0,739.015625,,0
1782301005.483795,9366.411078,17.0,,3.0,739.015625,,0
1782301005.583801,9366.511086,15.0,,3.0,739.015625,,0
1782301005.683800,9366.611084,17.0,,3.0,739.015625,,0
1782301005.783799,9366.711082,17.0,,3.0,739.015625,,0
1782301005.883799,9366.811082,15.0,,3.0,739.015625,,0
1782301005.983799,9366.911083,15.0,,3.0,739.015625,,0
1782301006.083806,9367.011089,16.0,,3.0,739.015625,,0
1782301006.183796,9367.111079,17.0,,2.0,739.015625,,0
1782301006.283799,9367.211083,17.0,,3.0,739.015625,,0
1782301006.383802,9367.311085,17.0,,3.0,739.015625,,0
1782301006.483714,9367.410997,120.0,,100.0,739.015625,,0
1782301006.583713,9367.510996,163.0,,100.0,739.015625,,0
1782301006.683712,9367.610995,164.0,,100.0,739.015625,,0
1782301006.783710,9367.710993,164.0,,100.0,739.015625,,0
1782301006.883711,9367.810994,164.0,,100.0,739.015625,,0
1782301006.983711,9367.910994,166.0,,100.0,739.015625,,0
1782301007.083710,9368.010994,169.0,,100.0,739.015625,,0
1782301007.183711,9368.110994,169.0,,100.0,739.015625,,0
1782301007.283711,9368.210994,170.0,,100.0,739.015625,,0
1782301007.383712,9368.310995,172.0,,100.0,739.015625,,0
1782301007.483711,9368.410994,174.0,,100.0,739.015625,,0
1782301007.583712,9368.510995,175.0,,100.0,739.015625,,0
1782301007.683712,9368.610995,177.0,,100.0,739.015625,,0
1782301007.783711,9368.710994,179.0,,100.0,739.015625,,0
1782301007.883712,9368.810995,181.0,,100.0,739.015625,,0
1782301007.983712,9368.910995,182.0,,100.0,739.015625,,0
1782301008.083710,9369.010993,183.0,,100.0,739.015625,,0
1782301008.183711,9369.110994,186.0,,100.0,739.015625,,0
1782301008.283712,9369.210995,188.0,,100.0,739.015625,,0
1782301008.383712,9369.310995,190.0,,100.0,739.015625,,0
1782301008.483711,9369.410995,192.0,,100.0,739.015625,,0
1782301008.583711,9369.510994,193.0,,100.0,739.015625,,0
1782301008.683712,9369.610995,193.0,,100.0,739.015625,,0
1782301008.783712,9369.710995,192.0,,100.0,739.015625,,0
1782301008.883711,9369.810994,193.0,,100.0,739.015625,,0
1782301008.983711,9369.910995,194.0,,100.0,739.015625,,0
1782301009.083711,9370.010995,193.0,,100.0,739.015625,,0
1782301009.183712,9370.110995,193.0,,100.0,739.015625,,0
1782301009.283711,9370.210995,193.0,,100.0,739.015625,,0
1782301009.383712,9370.310995,193.0,,100.0,739.015625,,0
1782301009.483712,9370.410995,193.0,,100.0,739.015625,,0
1782301009.583711,9370.510994,193.0,,100.0,739.015625,,0
1782301009.683712,9370.610995,193.0,,100.0,739.015625,,0
1782301009.783710,9370.710993,193.0,,100.0,739.015625,,0
1782301009.883712,9370.810995,194.0,,100.0,739.015625,,0
1782301009.983711,9370.910994,193.0,,100.0,739.015625,,0
1782301010.083710,9371.010994,193.0,,100.0,739.015625,,0
1782301010.183712,9371.110995,193.0,,100.0,739.015625,,0
1782301010.283712,9371.210995,193.0,,100.0,739.015625,,0
1782301010.383711,9371.310994,193.0,,100.0,739.015625,,0
1782301010.483711,9371.410995,193.0,,100.0,739.015625,,0
1782301010.583712,9371.510995,194.0,,100.0,739.015625,,0
1782301010.683711,9371.610994,193.0,,100.0,739.015625,,0
1782301010.783712,9371.710995,193.0,,100.0,739.015625,,0
1782301010.883712,9371.810995,194.0,,100.0,739.015625,,0
1782301010.983711,9371.910994,194.0,,100.0,739.015625,,0
1782301011.083711,9372.010994,193.0,,100.0,739.015625,,0
1782301011.183712,9372.110995,194.0,,100.0,739.015625,,0
1782301011.283711,9372.210994,194.0,,100.0,739.015625,,0
1782301011.383709,9372.310993,194.0,,100.0,739.015625,,0
1782301011.483712,9372.410995,193.0,,100.0,739.015625,,0
1782301011.583712,9372.510995,194.0,,100.0,739.015625,,0
1782301011.683712,9372.610995,194.0,,100.0,739.015625,,0
1782301011.783711,9372.710994,194.0,,100.0,739.015625,,0
1782301011.883711,9372.810994,194.0,,100.0,739.015625,,0
1782301011.983712,9372.910995,194.0,,100.0,739.015625,,0
1782301012.083710,9373.010993,194.0,,100.0,739.015625,,0
1782301012.183711,9373.110994,194.0,,100.0,739.015625,,0
1782301012.283712,9373.210995,193.0,,100.0,739.015625,,0
1782301012.383710,9373.310994,194.0,,100.0,739.015625,,0
1782301012.483711,9373.410994,194.0,,100.0,739.015625,,0
1782301012.583712,9373.510995,194.0,,100.0,739.015625,,0
1782301012.683712,9373.610995,194.0,,100.0,739.015625,,0
1782301012.783712,9373.710995,195.0,,100.0,739.015625,,0
1782301012.883711,9373.810994,195.0,,100.0,739.015625,,0
1782301012.983711,9373.910994,194.0,,100.0,739.015625,,0
1782301013.083712,9374.010995,194.0,,100.0,739.015625,,0
1782301013.183712,9374.110995,194.0,,100.0,739.015625,,0
1782301013.283711,9374.210994,194.0,,100.0,739.015625,,0
1782301013.383711,9374.310994,194.0,,100.0,739.015625,,0
1782301013.483712,9374.410995,194.0,,100.0,739.015625,,0
1782301013.583711,9374.510994,195.0,,100.0,739.015625,,0
1782301013.683712,9374.610995,194.0,,100.0,739.015625,,0
1782301013.783712,9374.710995,195.0,,100.0,739.015625,,0
1782301013.883712,9374.810995,194.0,,100.0,739.015625,,0
1782301013.983711,9374.910994,195.0,,100.0,739.015625,,0
1782301014.083709,9375.010992,195.0,,100.0,739.015625,,0
1782301014.183711,9375.110994,194.0,,100.0,739.015625,,0
1782301014.283710,9375.210993,194.0,,100.0,739.015625,,0
1782301014.383711,9375.310994,194.0,,100.0,739.015625,,0
1782301014.483711,9375.410994,195.0,,100.0,739.015625,,0
1782301014.583711,9375.510994,194.0,,100.0,739.015625,,0
1782301014.683711,9375.610994,195.0,,100.0,739.015625,,0
1782301014.783711,9375.710994,195.0,,100.0,739.015625,,0
1782301014.883712,9375.810995,195.0,,100.0,739.015625,,0
1782301014.983711,9375.910994,195.0,,100.0,739.015625,,0
1782301015.083710,9376.010993,196.0,,100.0,739.015625,,0
1782301015.183712,9376.110995,195.0,,100.0,739.015625,,0
1782301015.283711,9376.210994,196.0,,100.0,739.015625,,0
1782301015.383711,9376.310994,194.0,,100.0,739.015625,,0
1782301015.483711,9376.410994,194.0,,100.0,739.015625,,0
1782301015.583711,9376.510994,194.0,,100.0,739.015625,,0
1782301015.683711,9376.610994,195.0,,100.0,739.015625,,0
1782301015.783711,9376.710994,195.0,,100.0,739.015625,,0
1782301015.883711,9376.810994,194.0,,100.0,739.015625,,0
1782301015.983712,9376.910995,195.0,,100.0,739.015625,,0
1782301016.083710,9377.010993,196.0,,100.0,739.015625,,0
1782301016.183712,9377.110995,196.0,,100.0,739.015625,,0
1782301016.283711,9377.210995,195.0,,100.0,739.015625,,0
1782301016.383712,9377.310995,196.0,,100.0,739.015625,,0
1782301016.483711,9377.410994,196.0,,100.0,739.015625,,0
1782301016.583711,9377.510995,195.0,,100.0,739.015625,,0
1782301016.683712,9377.610995,194.0,,100.0,739.015625,,0
1782301016.783711,9377.710995,195.0,,100.0,739.015625,,0
1782301016.883711,9377.810994,195.0,,100.0,739.015625,,0
1782301016.983710,9377.910993,195.0,,100.0,739.015625,,0
1782301017.083711,9378.010995,196.0,,100.0,739.015625,,0
1782301017.183711,9378.110994,196.0,,100.0,739.015625,,0
1782301017.283711,9378.210995,196.0,,100.0,739.015625,,0
1782301017.383712,9378.310995,195.0,,100.0,739.015625,,0
1782301017.483712,9378.410995,195.0,,100.0,739.015625,,0
1782301017.583711,9378.510994,195.0,,100.0,739.015625,,0
1782301017.683712,9378.610995,195.0,,100.0,739.015625,,0
1782301017.783712,9378.710995,195.0,,100.0,739.015625,,0
1782301017.883711,9378.810994,197.0,,100.0,739.015625,,0
1782301017.983712,9378.910995,196.0,,100.0,739.015625,,0
1782301018.083794,9379.011078,196.0,,100.0,739.015625,,0
1782301018.183794,9379.111077,197.0,,100.0,739.015625,,0
1782301018.283795,9379.211078,196.0,,100.0,739.015625,,0
1782301018.383795,9379.311078,196.0,,100.0,739.015625,,0
1782301018.483788,9379.411071,196.0,,100.0,739.015625,,0
1782301018.583789,9379.511073,195.0,,100.0,739.015625,,0
1782301018.683793,9379.611076,196.0,,100.0,739.015625,,0
1782301018.783797,9379.711080,195.0,,100.0,739.015625,,0
1782301018.883795,9379.811078,196.0,,100.0,739.015625,,0
1782301018.983788,9379.911072,197.0,,100.0,739.015625,,0
1782301019.083788,9380.011071,196.0,,100.0,739.015625,,0
1782301019.183802,9380.111086,196.0,,100.0,739.015625,,0
1782301019.283796,9380.211079,196.0,,100.0,739.015625,,0
1782301019.383787,9380.311070,196.0,,100.0,739.015625,,0
1782301019.483788,9380.411072,196.0,,100.0,739.015625,,0
1782301019.583788,9380.511073,195.0,,100.0,739.015625,,0
1782301019.683795,9380.611079,196.0,,100.0,739.015625,,0
1782301019.783793,9380.711076,197.0,,100.0,739.015625,,0
1782301019.883799,9380.811082,197.0,,100.0,739.015625,,0
1782301019.983799,9380.911082,197.0,,100.0,739.015625,,0
1782301020.083788,9381.011071,195.0,,100.0,739.015625,,0
1782301020.183789,9381.111073,176.0,,100.0,739.015625,,0
1782301020.283793,9381.211076,171.0,,100.0,739.015625,,0
1782301020.383792,9381.311076,170.0,,100.0,739.015625,,0
1782301020.483788,9381.411073,171.0,,100.0,739.015625,,0
1782301020.583794,9381.511078,171.0,,100.0,739.015625,,0
1782301020.683794,9381.611078,172.0,,100.0,739.015625,,0
1782301020.783797,9381.711080,172.0,,100.0,739.015625,,0
1782301020.883789,9381.811072,173.0,,100.0,739.015625,,0
1782301020.983797,9381.911080,172.0,,100.0,739.015625,,0
1782301021.083797,9382.011080,183.0,,100.0,739.015625,,0
1782301021.183791,9382.111074,197.0,,100.0,739.015625,,0
1782301021.283794,9382.211078,196.0,,100.0,739.015625,,0
1782301021.383786,9382.311070,197.0,,100.0,739.015625,,0
1782301021.483738,9382.411022,196.0,,100.0,739.015625,,0
1782301021.583799,9382.511082,196.0,,100.0,739.015625,,0
1782301021.683787,9382.611071,196.0,,100.0,739.015625,,0
1782301021.783793,9382.711077,197.0,,100.0,739.015625,,0
1782301021.883792,9382.811075,197.0,,100.0,739.015625,,0
1782301021.983790,9382.911074,197.0,,100.0,739.015625,,0
1782301022.083796,9383.011079,197.0,,100.0,739.015625,,0
1782301022.183791,9383.111074,197.0,,100.0,739.015625,,0
1782301022.283795,9383.211078,197.0,,100.0,739.015625,,0
1782301022.383792,9383.311075,197.0,,100.0,739.015625,,0
1782301022.483787,9383.411070,196.0,,100.0,739.015625,,0
1782301022.583789,9383.511073,196.0,,100.0,739.015625,,0
1782301022.683790,9383.611073,198.0,,100.0,739.015625,,0
1782301022.783787,9383.711072,198.0,,100.0,739.015625,,0
1782301022.883795,9383.811078,197.0,,100.0,739.015625,,0
1782301022.983802,9383.911085,197.0,,100.0,739.015625,,0
1782301023.083794,9384.011077,197.0,,100.0,739.015625,,0
1782301023.183803,9384.111087,197.0,,100.0,739.015625,,0
1782301023.283800,9384.211084,197.0,,100.0,739.015625,,0
1782301023.383790,9384.311074,193.0,,100.0,739.015625,,0
1782301023.483788,9384.411072,199.0,,99.0,739.015625,,0
1782301023.583789,9384.511072,202.0,,100.0,739.015625,,0
1782301023.683790,9384.611073,199.0,,100.0,739.015625,,0
1782301023.783788,9384.711071,193.0,,100.0,739.015625,,0
1782301023.883792,9384.811075,197.0,,100.0,739.015625,,0
1782301023.983788,9384.911071,201.0,,100.0,739.015625,,0
1782301024.083794,9385.011077,198.0,,100.0,739.015625,,0
1782301024.183781,9385.111065,196.0,,100.0,739.015625,,0
1782301024.283790,9385.211075,199.0,,100.0,739.015625,,0
1782301024.383788,9385.311073,201.0,,100.0,739.015625,,0
1782301024.483793,9385.411077,200.0,,100.0,739.015625,,0
1782301024.583787,9385.511071,192.0,,100.0,739.015625,,0
1782301024.683788,9385.611071,198.0,,100.0,739.015625,,0
1782301024.783787,9385.711071,202.0,,100.0,739.015625,,0
1782301024.883786,9385.811070,197.0,,100.0,739.015625,,0
1782301024.983787,9385.911071,197.0,,100.0,739.015625,,0
1782301025.083792,9386.011077,201.0,,100.0,739.015625,,0
1782301025.183802,9386.111085,198.0,,100.0,739.015625,,0
1782301025.283796,9386.211080,197.0,,100.0,739.015625,,0
1782301025.383798,9386.311081,197.0,,100.0,739.015625,,0
1782301025.483794,9386.411077,198.0,,100.0,739.015625,,0
1782301025.583788,9386.511071,198.0,,100.0,739.015625,,0
1782301025.683792,9386.611075,197.0,,100.0,739.015625,,0
1782301025.783797,9386.711080,197.0,,100.0,739.015625,,0
1782301025.883790,9386.811074,198.0,,100.0,739.015625,,0
1782301025.983787,9386.911070,198.0,,100.0,739.015625,,0
1782301026.083796,9387.011079,197.0,,100.0,739.015625,,0
1782301026.183790,9387.111075,198.0,,100.0,739.015625,,0
1782301026.283800,9387.211083,197.0,,100.0,739.015625,,0
1782301026.383788,9387.311071,197.0,,100.0,739.015625,,0
1782301026.483793,9387.411076,197.0,,100.0,739.015625,,0
1782301026.583795,9387.511079,198.0,,100.0,739.015625,,0
1782301026.683788,9387.611072,198.0,,100.0,739.015625,,0
1782301026.783787,9387.711070,198.0,,100.0,739.015625,,0
1782301026.883808,9387.811092,198.0,,100.0,739.015625,,0
1782301026.983788,9387.911072,198.0,,100.0,739.015625,,0
1782301027.083788,9388.011073,198.0,,100.0,739.015625,,0
1782301027.183801,9388.111084,197.0,,100.0,739.015625,,0
1782301027.283787,9388.211072,196.0,,100.0,739.015625,,0
1782301027.383798,9388.311081,198.0,,100.0,739.015625,,0
1782301027.483804,9388.411087,199.0,,100.0,739.015625,,0
1782301027.583800,9388.511083,197.0,,100.0,739.015625,,0
1782301027.683800,9388.611083,197.0,,100.0,739.015625,,0
1782301027.783797,9388.711080,198.0,,100.0,739.015625,,0
1782301027.883798,9388.811083,198.0,,100.0,739.015625,,0
1782301027.983796,9388.911079,198.0,,100.0,739.015625,,0
1782301028.083799,9389.011082,197.0,,100.0,739.015625,,0
1782301028.183799,9389.111082,196.0,,100.0,739.015625,,0
1782301028.283798,9389.211082,198.0,,100.0,739.015625,,0
1782301028.383797,9389.311081,197.0,,100.0,739.015625,,0
1782301028.483799,9389.411084,198.0,,100.0,739.015625,,0
1782301028.583797,9389.511080,197.0,,100.0,739.015625,,0
1782301028.683801,9389.611085,198.0,,100.0,739.015625,,0
1782301028.783798,9389.711081,197.0,,100.0,739.015625,,0
1782301028.883803,9389.811086,196.0,,100.0,739.015625,,0
1782301028.983798,9389.911081,197.0,,100.0,739.015625,,0
1782301029.083810,9390.011094,197.0,,100.0,739.015625,,0
1782301029.183805,9390.111090,197.0,,100.0,739.015625,,0
1782301029.283798,9390.211081,198.0,,100.0,739.015625,,0
1782301029.383797,9390.311081,198.0,,100.0,739.015625,,0
1782301029.483798,9390.411082,198.0,,100.0,739.015625,,0
1782301029.583799,9390.511084,198.0,,100.0,739.015625,,0
1782301029.683787,9390.611070,197.0,,100.0,739.015625,,0
1782301029.783788,9390.711072,197.0,,100.0,739.015625,,0
1782301029.883789,9390.811074,196.0,,100.0,739.015625,,0
1782301029.983794,9390.911079,198.0,,100.0,739.015625,,0
1782301030.083789,9391.011073,198.0,,100.0,739.015625,,0
1782301030.183788,9391.111074,198.0,,100.0,739.015625,,0
1782301030.283794,9391.211077,197.0,,100.0,739.015625,,0
1782301030.383791,9391.311075,198.0,,100.0,739.015625,,0
1782301030.483790,9391.411074,198.0,,100.0,739.015625,,0
1782301030.583788,9391.511072,198.0,,100.0,739.015625,,0
1782301030.683791,9391.611074,197.0,,100.0,739.015625,,0
1782301030.783808,9391.711092,197.0,,100.0,739.015625,,0
1782301030.883798,9391.811081,197.0,,100.0,739.015625,,0
1782301030.983804,9391.911087,197.0,,100.0,739.015625,,0
1782301031.083800,9392.011084,198.0,,100.0,739.015625,,0
1782301031.183809,9392.111092,198.0,,100.0,739.015625,,0
1782301031.283800,9392.211083,198.0,,100.0,739.015625,,0
1782301031.383789,9392.311072,198.0,,100.0,739.015625,,0
1782301031.483800,9392.411083,198.0,,100.0,739.015625,,0
1782301031.583803,9392.511086,198.0,,100.0,739.015625,,0
1782301031.683792,9392.611077,198.0,,100.0,739.015625,,0
1782301031.783790,9392.711074,198.0,,100.0,739.015625,,0
1782301031.883788,9392.811071,198.0,,100.0,739.015625,,0
1782301031.983794,9392.911078,197.0,,100.0,739.015625,,0
1782301032.083799,9393.011082,197.0,,100.0,739.015625,,0
1782301032.183801,9393.111085,197.0,,100.0,739.015625,,0
1782301032.283799,9393.211082,197.0,,100.0,739.015625,,0
1782301032.383804,9393.311087,198.0,,100.0,739.015625,,0
1782301032.483803,9393.411086,198.0,,100.0,739.015625,,0
1782301032.583800,9393.511084,198.0,,100.0,739.015625,,0
1782301032.683801,9393.611084,197.0,,100.0,739.015625,,0
1782301032.783801,9393.711084,198.0,,100.0,739.015625,,0
1782301032.883806,9393.811090,197.0,,100.0,739.015625,,0
1782301032.983804,9393.911088,198.0,,100.0,739.015625,,0
1782301033.083789,9394.011072,197.0,,100.0,739.015625,,0
1782301033.183792,9394.111075,197.0,,100.0,739.015625,,0
1782301033.283787,9394.211072,198.0,,100.0,739.015625,,0
1782301033.383793,9394.311076,198.0,,100.0,739.015625,,0
1782301033.483790,9394.411073,198.0,,100.0,739.015625,,0
1782301033.584172,9394.511456,197.0,,100.0,739.015625,,0
1782301033.683794,9394.611077,197.0,,100.0,739.015625,,0
1782301033.783792,9394.711075,197.0,,100.0,739.015625,,0
1782301033.883796,9394.811081,198.0,,100.0,739.015625,,0
1782301033.983797,9394.911080,198.0,,100.0,739.015625,,0
1782301034.083797,9395.011081,198.0,,100.0,739.015625,,0
1782301034.183793,9395.111076,198.0,,100.0,739.015625,,0
1782301034.283798,9395.211081,198.0,,100.0,739.015625,,0
1782301034.383792,9395.311075,198.0,,100.0,739.015625,,0
1782301034.483795,9395.411079,197.0,,100.0,739.015625,,0
1782301034.583792,9395.511077,197.0,,100.0,739.015625,,0
1782301034.683793,9395.611078,197.0,,100.0,739.015625,,0
1782301034.783792,9395.711075,197.0,,100.0,739.015625,,0
1782301034.883792,9395.811075,198.0,,100.0,739.015625,,0
1782301034.983800,9395.911083,197.0,,100.0,739.015625,,0
1782301035.083797,9396.011081,198.0,,100.0,739.015625,,0
1782301035.183803,9396.111086,197.0,,100.0,739.015625,,0
1782301035.283789,9396.211074,198.0,,100.0,739.015625,,0
1782301035.383793,9396.311076,198.0,,100.0,739.015625,,0
1782301035.483787,9396.411070,198.0,,100.0,739.015625,,0
1782301035.583793,9396.511077,198.0,,100.0,739.015625,,0
1782301035.683800,9396.611083,197.0,,100.0,739.015625,,0
1782301035.783789,9396.711072,198.0,,100.0,739.015625,,0
1782301035.883795,9396.811078,197.0,,100.0,739.015625,,0
1782301035.983801,9396.911084,198.0,,100.0,739.015625,,0
1782301036.083802,9397.011085,197.0,,100.0,739.015625,,0
1782301036.183795,9397.111078,198.0,,100.0,739.015625,,0
1782301036.283800,9397.211083,198.0,,100.0,739.015625,,0
1782301036.383796,9397.311080,197.0,,100.0,739.015625,,0
1782301036.483791,9397.411075,197.0,,100.0,739.015625,,0
1782301036.583802,9397.511085,198.0,,100.0,739.015625,,0
1782301036.683786,9397.611070,197.0,,100.0,739.015625,,0
1782301036.783796,9397.711080,197.0,,100.0,739.015625,,0
1782301036.883796,9397.811080,197.0,,100.0,739.015625,,0
1782301036.983794,9397.911078,197.0,,100.0,739.015625,,0
1782301037.083796,9398.011080,197.0,,100.0,739.015625,,0
1782301037.183787,9398.111070,198.0,,100.0,739.015625,,0
1782301037.283799,9398.211083,197.0,,100.0,739.015625,,0
1782301037.383790,9398.311074,198.0,,100.0,739.015625,,0
1782301037.483791,9398.411076,197.0,,100.0,739.015625,,0
1782301037.583793,9398.511077,197.0,,100.0,739.015625,,0
1782301037.683788,9398.611071,198.0,,100.0,739.015625,,0
1782301037.783786,9398.711071,198.0,,100.0,739.015625,,0
1782301037.883799,9398.811084,198.0,,100.0,739.015625,,0
1782301037.983795,9398.911079,198.0,,100.0,739.015625,,0
1782301038.083796,9399.011079,198.0,,100.0,739.015625,,0
1782301038.183798,9399.111083,198.0,,100.0,739.015625,,0
1782301038.283791,9399.211074,198.0,,100.0,739.015625,,0
1782301038.383800,9399.311083,197.0,,100.0,739.015625,,0
1782301038.483789,9399.411073,198.0,,100.0,739.015625,,0
1782301038.583794,9399.511078,198.0,,100.0,739.015625,,0
1782301038.683792,9399.611075,197.0,,100.0,739.015625,,0
1782301038.783793,9399.711077,198.0,,100.0,739.015625,,0
1782301038.883793,9399.811076,198.0,,100.0,739.015625,,0
1782301038.983795,9399.911080,198.0,,100.0,739.015625,,0
1782301039.083791,9400.011076,197.0,,100.0,739.015625,,0
1782301039.183805,9400.111088,198.0,,100.0,739.015625,,0
1782301039.283804,9400.211087,198.0,,100.0,739.015625,,0
1782301039.383804,9400.311087,197.0,,100.0,739.015625,,0
1782301039.483803,9400.411086,198.0,,100.0,739.015625,,0
1782301039.583809,9400.511092,198.0,,100.0,739.015625,,0
1782301039.683806,9400.611091,198.0,,100.0,739.015625,,0
1782301039.783802,9400.711085,197.0,,100.0,739.015625,,0
1782301039.883811,9400.811094,197.0,,100.0,739.015625,,0
1782301039.983805,9400.911088,198.0,,100.0,739.015625,,0
1782301040.083791,9401.011076,198.0,,100.0,739.015625,,0
1782301040.183797,9401.111081,198.0,,100.0,739.015625,,0
1782301040.283786,9401.211070,198.0,,100.0,739.015625,,0
1782301040.383793,9401.311078,197.0,,100.0,739.015625,,0
1782301040.483790,9401.411073,198.0,,100.0,739.015625,,0
1782301040.583794,9401.511078,198.0,,100.0,739.015625,,0
1782301040.683802,9401.611086,197.0,,100.0,739.015625,,0
1782301040.783794,9401.711078,198.0,,100.0,739.015625,,0
1782301040.883790,9401.811075,196.0,,100.0,739.015625,,0
1782301040.983791,9401.911075,199.0,,100.0,739.015625,,0
1782301041.083800,9402.011085,197.0,,100.0,739.015625,,0
1782301041.183810,9402.111093,199.0,,100.0,739.015625,,0
1782301041.283796,9402.211081,194.0,,100.0,739.015625,,0
1782301041.383800,9402.311083,205.0,,100.0,739.015625,,0
1782301041.483799,9402.411082,197.0,,100.0,739.015625,,0
1782301041.583803,9402.511087,198.0,,100.0,739.015625,,0
1782301041.683805,9402.611089,96.0,,35.0,585.0,,0
1782301041.783798,9402.711083,37.0,,3.0,585.0,,0
1782301041.883804,9402.811088,39.0,,10.0,415.65625,,0
1782301041.983807,9402.911092,35.0,,3.0,354.71484375,,0
1782301042.083806,9403.011090,29.0,,,354.71484375,,0
1782301042.183805,9403.111090,22.0,,,354.71484375,,0
1782301042.283801,9403.211086,15.0,,2.0,354.71484375,,0
1782301042.383804,9403.311089,14.0,,,354.71484375,,0
