sample_epoch,mono_s,power_w,energy_uj,gfx_busy_pct,vram_used_mb,sclk_mhz,device_id
1782300423.988840,8784.916123,25.0,,3.0,354.71484375,,0
1782300424.088992,8785.016277,14.0,,,354.71484375,,0
1782300424.188993,8785.116278,15.0,,,354.71484375,,0
1782300424.288990,8785.216275,15.0,,,354.71484375,,0
1782300424.388991,8785.316276,16.0,,1.0,354.71484375,,0
1782300424.489726,8785.417010,17.0,,,354.71484375,,0
1782300424.594728,8785.522012,19.0,,,354.71484375,,0
1782300424.688983,8785.616267,16.0,,,354.7421875,,0
1782300424.788915,8785.716200,19.0,,4.0,354.75390625,,0
1782300424.888952,8785.816237,15.0,,,354.75390625,,0
1782300424.988909,8785.916193,17.0,,2.0,354.75390625,,0
1782300425.089009,8786.016294,19.0,,3.0,555.4921875,,0
1782300425.188999,8786.116284,17.0,,3.0,584.90234375,,0
1782300425.288975,8786.216259,60.0,,70.0,586.9296875,,0
1782300425.388984,8786.316268,96.0,,99.0,586.9296875,,0
1782300425.488981,8786.416265,127.0,,99.0,586.9296875,,0
1782300425.588984,8786.516269,163.0,,99.0,586.9296875,,0
1782300425.688986,8786.616269,214.0,,99.0,586.9296875,,0
1782300425.789002,8786.716286,240.0,,99.0,586.9296875,,0
1782300425.888982,8786.816267,242.0,,99.0,586.9296875,,0
1782300425.988979,8786.916264,226.0,,99.0,586.9296875,,0
1782300426.088997,8787.016281,238.0,,99.0,586.9296875,,0
1782300426.188987,8787.116271,246.0,,100.0,586.9296875,,0
1782300426.288985,8787.216269,249.0,,99.0,586.9296875,,0
1782300426.388984,8787.316267,255.0,,99.0,586.9296875,,0
1782300426.488985,8787.416270,254.0,,99.0,586.9296875,,0
1782300426.588985,8787.516269,266.0,,99.0,586.9296875,,0
1782300426.688988,8787.616273,272.0,,99.0,586.9296875,,0
1782300426.788981,8787.716265,267.0,,99.0,586.9296875,,0
1782300426.888983,8787.816267,280.0,,99.0,586.9296875,,0
1782300426.988981,8787.916265,275.0,,100.0,586.9296875,,0
1782300427.088972,8788.016256,281.0,,99.0,586.9296875,,0
1782300427.188983,8788.116267,274.0,,99.0,586.9296875,,0
1782300427.288984,8788.216270,279.0,,99.0,586.9296875,,0
1782300427.388992,8788.316276,279.0,,99.0,586.9296875,,0
1782300427.488984,8788.416269,279.0,,99.0,586.9296875,,0
1782300427.588982,8788.516265,280.0,,99.0,586.9296875,,0
1782300427.688985,8788.616270,280.0,,99.0,586.9296875,,0
1782300427.788986,8788.716271,281.0,,99.0,586.9296875,,0
1782300427.888979,8788.816263,281.0,,99.0,586.9296875,,0
1782300427.988988,8788.916272,282.0,,99.0,586.9296875,,0
1782300428.088986,8789.016271,282.0,,99.0,586.9296875,,0
1782300428.188989,8789.116273,282.0,,99.0,586.9296875,,0
1782300428.288981,8789.216266,282.0,,99.0,586.9296875,,0
1782300428.388984,8789.316268,283.0,,99.0,586.9296875,,0
1782300428.488984,8789.416268,282.0,,99.0,586.9296875,,0
1782300428.588985,8789.516270,283.0,,99.0,586.9296875,,0
1782300428.688895,8789.616178,283.0,,99.0,586.9296875,,0
1782300428.788981,8789.716265,283.0,,99.0,586.9296875,,0
1782300428.888975,8789.816260,283.0,,99.0,586.9296875,,0
1782300428.988975,8789.916260,283.0,,99.0,586.9296875,,0
1782300429.088984,8790.016267,283.0,,99.0,586.9296875,,0
1782300429.188975,8790.116260,282.0,,99.0,586.9296875,,0
1782300429.288975,8790.216259,283.0,,99.0,586.9296875,,0
1782300429.388980,8790.316263,283.0,,99.0,586.9296875,,0
1782300429.488897,8790.416180,283.0,,99.0,586.9296875,,0
1782300429.588983,8790.516267,283.0,,99.0,586.9296875,,0
1782300429.688982,8790.616267,283.0,,99.0,586.9296875,,0
1782300429.788983,8790.716266,282.0,,99.0,586.9296875,,0
1782300429.888978,8790.816263,283.0,,99.0,586.9296875,,0
1782300429.988985,8790.916270,283.0,,99.0,586.9296875,,0
1782300430.088980,8791.016264,284.0,,99.0,586.9296875,,0
1782300430.188982,8791.116266,283.0,,99.0,586.9296875,,0
1782300430.288982,8791.216266,283.0,,99.0,586.9296875,,0
1782300430.388982,8791.316266,284.0,,99.0,586.9296875,,0
1782300430.488980,8791.416264,283.0,,99.0,586.9296875,,0
1782300430.588908,8791.516192,283.0,,99.0,586.9296875,,0
1782300430.688969,8791.616254,283.0,,99.0,586.9296875,,0
1782300430.788976,8791.716260,283.0,,99.0,586.9296875,,0
1782300430.888978,8791.816262,283.0,,99.0,586.9296875,,0
1782300430.988979,8791.916264,284.0,,99.0,586.9296875,,0
1782300431.088977,8792.016262,284.0,,99.0,586.9296875,,0
1782300431.188976,8792.116260,284.0,,99.0,586.9296875,,0
1782300431.288982,8792.216266,284.0,,99.0,586.9296875,,0
1782300431.388980,8792.316265,284.0,,99.0,586.9296875,,0
1782300431.488975,8792.416259,284.0,,99.0,586.9296875,,0
1782300431.588980,8792.516265,284.0,,99.0,586.9296875,,0
1782300431.688976,8792.616261,284.0,,99.0,586.9296875,,0
1782300431.788972,8792.716257,283.0,,99.0,586.9296875,,0
1782300431.888986,8792.816271,283.0,,99.0,586.9296875,,0
1782300431.988976,8792.916261,283.0,,99.0,586.9296875,,0
1782300432.088985,8793.016270,283.0,,99.0,586.9296875,,0
1782300432.188981,8793.116265,284.0,,99.0,586.9296875,,0
1782300432.288981,8793.216266,285.0,,99.0,586.9296875,,0
1782300432.388978,8793.316263,285.0,,99.0,586.9296875,,0
1782300432.488978,8793.416262,284.0,,99.0,586.9296875,,0
1782300432.588979,8793.516264,283.0,,99.0,586.9296875,,0
1782300432.688983,8793.616267,284.0,,99.0,586.9296875,,0
1782300432.788980,8793.716264,284.0,,99.0,586.9296875,,0
1782300432.888977,8793.816261,283.0,,99.0,586.9296875,,0
1782300432.988978,8793.916261,283.0,,99.0,586.9296875,,0
1782300433.088984,8794.016267,284.0,,99.0,586.9296875,,0
1782300433.188980,8794.116265,284.0,,99.0,586.9296875,,0
1782300433.288980,8794.216265,284.0,,99.0,586.9296875,,0
1782300433.388980,8794.316265,285.0,,99.0,586.9296875,,0
1782300433.488979,8794.416264,286.0,,99.0,586.9296875,,0
1782300433.588981,8794.516265,284.0,,99.0,586.9296875,,0
1782300433.688979,8794.616264,284.0,,99.0,586.9296875,,0
1782300433.788981,8794.716266,284.0,,99.0,586.9296875,,0
1782300433.888981,8794.816264,284.0,,99.0,586.9296875,,0
1782300433.988977,8794.916262,285.0,,99.0,586.9296875,,0
1782300434.088981,8795.016266,286.0,,99.0,586.9296875,,0
1782300434.188978,8795.116262,284.0,,99.0,586.9296875,,0
1782300434.288987,8795.216272,284.0,,99.0,586.9296875,,0
1782300434.388986,8795.316270,285.0,,99.0,586.9296875,,0
1782300434.488979,8795.416264,284.0,,99.0,586.9296875,,0
1782300434.588981,8795.516266,285.0,,99.0,586.9296875,,0
1782300434.688983,8795.616269,285.0,,99.0,586.9296875,,0
1782300434.788983,8795.716267,285.0,,99.0,586.9296875,,0
1782300434.888982,8795.816266,285.0,,99.0,586.9296875,,0
1782300434.988981,8795.916266,285.0,,99.0,586.9296875,,0
1782300435.088983,8796.016268,284.0,,99.0,586.9296875,,0
1782300435.188983,8796.116267,285.0,,99.0,586.9296875,,0
1782300435.288981,8796.216264,285.0,,99.0,586.9296875,,0
1782300435.388983,8796.316268,286.0,,99.0,586.9296875,,0
1782300435.488979,8796.416264,287.0,,99.0,586.9296875,,0
1782300435.588985,8796.516270,286.0,,99.0,586.9296875,,0
1782300435.688985,8796.616270,286.0,,99.0,586.9296875,,0
1782300435.788985,8796.716268,285.0,,99.0,586.9296875,,0
1782300435.888983,8796.816267,285.0,,99.0,586.9296875,,0
1782300435.988987,8796.916272,284.0,,99.0,586.9296875,,0
1782300436.088984,8797.016269,285.0,,99.0,586.9296875,,0
1782300436.188989,8797.116272,285.0,,99.0,586.9296875,,0
1782300436.288983,8797.216268,286.0,,99.0,586.9296875,,0
1782300436.388985,8797.316269,286.0,,99.0,586.9296875,,0
1782300436.488985,8797.416270,287.0,,99.0,586.9296875,,0
1782300436.588980,8797.516264,287.0,,99.0,586.9296875,,0
1782300436.688985,8797.616270,285.0,,99.0,586.9296875,,0
1782300436.788985,8797.716270,285.0,,99.0,586.9296875,,0
1782300436.888980,8797.816265,285.0,,99.0,586.9296875,,0
1782300436.988979,8797.916264,286.0,,99.0,586.9296875,,0
1782300437.088974,8798.016258,287.0,,99.0,586.9296875,,0
1782300437.188981,8798.116265,287.0,,99.0,586.9296875,,0
1782300437.288982,8798.216267,287.0,,99.0,586.9296875,,0
1782300437.388982,8798.316266,286.0,,99.0,586.9296875,,0
1782300437.488984,8798.416268,286.0,,99.0,586.9296875,,0
1782300437.588984,8798.516269,286.0,,99.0,586.9296875,,0
1782300437.688981,8798.616265,285.0,,99.0,586.9296875,,0
1782300437.788981,8798.716265,285.0,,99.0,586.9296875,,0
1782300437.888981,8798.816265,286.0,,99.0,586.9296875,,0
1782300437.988985,8798.916270,287.0,,99.0,586.9296875,,0
1782300438.088977,8799.016261,286.0,,99.0,586.9296875,,0
1782300438.188982,8799.116267,287.0,,99.0,586.9296875,,0
1782300438.288986,8799.216270,286.0,,99.0,586.9296875,,0
1782300438.388981,8799.316264,286.0,,99.0,586.9296875,,0
1782300438.488983,8799.416268,286.0,,99.0,586.9296875,,0
1782300438.588983,8799.516266,286.0,,99.0,586.9296875,,0
1782300438.688984,8799.616269,286.0,,99.0,586.9296875,,0
1782300438.788981,8799.716264,286.0,,99.0,586.9296875,,0
1782300438.888982,8799.816267,286.0,,99.0,586.9296875,,0
1782300438.989001,8799.916284,287.0,,99.0,586.9296875,,0
1782300439.088981,8800.016265,287.0,,99.0,586.9296875,,0
1782300439.188980,8800.116265,287.0,,99.0,586.9296875,,0
1782300439.288988,8800.216272,287.0,,99.0,586.9296875,,0
1782300439.388983,8800.316268,286.0,,99.0,586.9296875,,0
1782300439.488980,8800.416265,285.0,,99.0,586.9296875,,0
1782300439.588978,8800.516263,286.0,,99.0,586.9296875,,0
1782300439.688977,8800.616262,287.0,,99.0,586.9296875,,0
1782300439.788987,8800.716271,288.0,,99.0,586.9296875,,0
1782300439.888981,8800.816264,288.0,,99.0,586.9296875,,0
1782300439.988982,8800.916266,288.0,,99.0,586.9296875,,0
1782300440.088983,8801.016267,287.0,,99.0,586.9296875,,0
1782300440.188977,8801.116261,287.0,,99.0,586.9296875,,0
1782300440.288980,8801.216264,287.0,,99.0,586.9296875,,0
1782300440.388985,8801.316268,287.0,,99.0,586.9296875,,0
1782300440.488985,8801.416269,287.0,,99.0,586.9296875,,0
1782300440.588982,8801.516267,287.0,,99.0,586.9296875,,0
1782300440.688984,8801.616269,287.0,,99.0,586.9296875,,0
1782300440.788977,8801.716262,287.0,,99.0,586.9296875,,0
1782300440.888983,8801.816269,287.0,,99.0,586.9296875,,0
1782300440.988980,8801.916263,287.0,,99.0,586.9296875,,0
1782300441.088986,8802.016270,287.0,,99.0,586.9296875,,0
1782300441.188983,8802.116267,287.0,,99.0,586.9296875,,0
1782300441.288982,8802.216267,286.0,,99.0,586.9296875,,0
1782300441.388985,8802.316269,287.0,,99.0,586.9296875,,0
1782300441.488984,8802.416268,288.0,,99.0,586.9296875,,0
1782300441.588984,8802.516268,288.0,,99.0,586.9296875,,0
1782300441.688984,8802.616269,287.0,,99.0,586.9296875,,0
1782300441.788980,8802.716263,287.0,,99.0,586.9296875,,0
1782300441.888982,8802.816265,288.0,,99.0,586.9296875,,0
1782300441.988982,8802.916266,286.0,,99.0,586.9296875,,0
1782300442.088976,8803.016260,287.0,,99.0,586.9296875,,0
1782300442.188984,8803.116268,287.0,,99.0,586.9296875,,0
1782300442.288985,8803.216268,287.0,,99.0,586.9296875,,0
1782300442.388977,8803.316261,286.0,,99.0,586.9296875,,0
1782300442.488982,8803.416265,299.0,,99.0,586.9296875,,0
1782300442.588979,8803.516262,297.0,,99.0,586.9296875,,0
1782300442.688980,8803.616264,279.0,,99.0,586.9296875,,0
1782300442.788978,8803.716262,295.0,,99.0,586.9296875,,0
1782300442.888982,8803.816266,285.0,,99.0,586.9296875,,0
1782300442.988978,8803.916261,282.0,,99.0,586.9296875,,0
1782300443.088983,8804.016268,295.0,,99.0,586.9296875,,0
1782300443.188974,8804.116257,281.0,,99.0,586.9296875,,0
1782300443.288978,8804.216263,279.0,,99.0,586.9296875,,0
1782300443.388981,8804.316265,290.0,,99.0,586.9296875,,0
1782300443.488980,8804.416263,290.0,,99.0,586.9296875,,0
1782300443.588973,8804.516258,296.0,,99.0,586.9296875,,0
1782300443.688976,8804.616260,281.0,,99.0,586.9296875,,0
1782300443.788981,8804.716266,294.0,,99.0,586.9296875,,0
1782300443.888975,8804.816258,287.0,,99.0,586.9296875,,0
1782300443.988979,8804.916262,288.0,,99.0,586.9296875,,0
1782300444.088986,8805.016270,287.0,,99.0,586.9296875,,0
1782300444.188981,8805.116265,288.0,,99.0,586.9296875,,0
1782300444.288978,8805.216263,287.0,,99.0,586.9296875,,0
1782300444.388982,8805.316265,288.0,,99.0,586.9296875,,0
1782300444.488986,8805.416269,288.0,,99.0,586.9296875,,0
1782300444.588979,8805.516263,288.0,,99.0,586.9296875,,0
1782300444.688981,8805.616266,288.0,,99.0,586.9296875,,0
1782300444.788983,8805.716266,288.0,,99.0,586.9296875,,0
1782300444.888980,8805.816265,289.0,,99.0,586.9296875,,0
1782300444.988979,8805.916263,287.0,,99.0,586.9296875,,0
1782300445.088975,8806.016260,287.0,,99.0,586.9296875,,0
1782300445.188979,8806.116263,288.0,,99.0,586.9296875,,0
1782300445.288983,8806.216266,288.0,,99.0,586.9296875,,0
1782300445.388975,8806.316260,288.0,,99.0,586.9296875,,0
1782300445.488975,8806.416260,287.0,,99.0,586.9296875,,0
1782300445.588976,8806.516259,288.0,,99.0,586.9296875,,0
1782300445.688978,8806.616261,288.0,,99.0,586.9296875,,0
1782300445.788978,8806.716261,288.0,,99.0,586.9296875,,0
1782300445.888986,8806.816269,287.0,,99.0,586.9296875,,0
1782300445.988981,8806.916264,288.0,,99.0,586.9296875,,0
1782300446.088975,8807.016260,288.0,,99.0,586.9296875,,0
1782300446.188983,8807.116267,287.0,,99.0,586.9296875,,0
1782300446.288977,8807.216261,288.0,,99.0,586.9296875,,0
1782300446.388982,8807.316266,289.0,,99.0,586.9296875,,0
1782300446.488980,8807.416264,288.0,,99.0,586.9296875,,0
1782300446.588979,8807.516262,288.0,,99.0,586.9296875,,0
1782300446.688983,8807.616268,287.0,,99.0,586.9296875,,0
1782300446.788983,8807.716267,288.0,,99.0,586.9296875,,0
1782300446.888976,8807.816261,289.0,,99.0,586.9296875,,0
1782300446.988982,8807.916265,289.0,,99.0,586.9296875,,0
1782300447.088980,8808.016263,289.0,,99.0,586.9296875,,0
1782300447.188974,8808.116259,288.0,,99.0,586.9296875,,0
1782300447.288977,8808.216262,288.0,,99.0,586.9296875,,0
1782300447.388978,8808.316262,288.0,,99.0,586.9296875,,0
1782300447.488984,8808.416268,287.0,,99.0,586.9296875,,0
1782300447.588976,8808.516259,287.0,,99.0,586.9296875,,0
1782300447.688975,8808.616260,288.0,,99.0,586.9296875,,0
1782300447.788980,8808.716263,289.0,,99.0,586.9296875,,0
1782300447.888987,8808.816270,288.0,,99.0,586.9296875,,0
1782300447.988978,8808.916262,289.0,,99.0,586.9296875,,0
1782300448.088975,8809.016259,289.0,,99.0,586.9296875,,0
1782300448.188978,8809.116263,288.0,,99.0,586.9296875,,0
1782300448.288979,8809.216262,288.0,,99.0,586.9296875,,0
1782300448.388983,8809.316267,288.0,,99.0,586.9296875,,0
1782300448.488981,8809.416265,288.0,,99.0,586.9296875,,0
1782300448.588985,8809.516268,288.0,,99.0,586.9296875,,0
1782300448.688978,8809.616261,289.0,,99.0,586.9296875,,0
1782300448.788983,8809.716266,289.0,,99.0,586.9296875,,0
1782300448.888984,8809.816268,288.0,,99.0,586.9296875,,0
1782300448.988976,8809.916261,288.0,,99.0,586.9296875,,0
1782300449.088981,8810.016264,288.0,,99.0,586.9296875,,0
1782300449.188982,8810.116267,289.0,,99.0,586.9296875,,0
1782300449.288981,8810.216266,288.0,,99.0,586.9296875,,0
1782300449.388980,8810.316264,289.0,,99.0,586.9296875,,0
1782300449.488895,8810.416179,288.0,,99.0,586.9296875,,0
1782300449.588977,8810.516261,287.0,,99.0,586.9296875,,0
1782300449.688976,8810.616259,288.0,,99.0,586.9296875,,0
1782300449.788897,8810.716180,289.0,,99.0,586.9296875,,0
1782300449.888985,8810.816269,289.0,,99.0,586.9296875,,0
1782300449.988985,8810.916268,289.0,,99.0,586.9296875,,0
1782300450.088980,8811.016263,289.0,,99.0,586.9296875,,0
1782300450.188977,8811.116261,289.0,,99.0,586.9296875,,0
1782300450.288985,8811.216269,288.0,,99.0,586.9296875,,0
1782300450.388981,8811.316264,288.0,,99.0,586.9296875,,0
1782300450.488987,8811.416271,288.0,,99.0,586.9296875,,0
1782300450.588980,8811.516264,288.0,,99.0,586.9296875,,0
1782300450.688981,8811.616265,288.0,,99.0,586.9296875,,0
1782300450.788980,8811.716264,289.0,,99.0,586.9296875,,0
1782300450.888975,8811.816260,288.0,,99.0,586.9296875,,0
1782300450.988976,8811.916261,289.0,,99.0,586.9296875,,0
1782300451.088980,8812.016263,288.0,,99.0,586.9296875,,0
1782300451.188979,8812.116265,288.0,,99.0,586.9296875,,0
1782300451.288991,8812.216275,288.0,,99.0,586.9296875,,0
1782300451.388980,8812.316264,289.0,,99.0,586.9296875,,0
1782300451.488976,8812.416260,289.0,,99.0,586.9296875,,0
1782300451.588981,8812.516265,289.0,,99.0,586.9296875,,0
1782300451.688978,8812.616263,289.0,,99.0,586.9296875,,0
1782300451.788984,8812.716267,289.0,,99.0,586.9296875,,0
1782300451.888976,8812.816260,288.0,,99.0,586.9296875,,0
1782300451.988973,8812.916257,288.0,,99.0,586.9296875,,0
1782300452.088979,8813.016262,288.0,,99.0,586.9296875,,0
1782300452.188981,8813.116266,288.0,,99.0,586.9296875,,0
1782300452.288979,8813.216263,289.0,,99.0,586.9296875,,0
1782300452.388986,8813.316269,289.0,,99.0,586.9296875,,0
1782300452.488983,8813.416266,289.0,,99.0,586.9296875,,0
1782300452.588979,8813.516262,289.0,,99.0,586.9296875,,0
1782300452.688975,8813.616259,289.0,,99.0,586.9296875,,0
1782300452.788976,8813.716260,289.0,,99.0,586.9296875,,0
1782300452.888980,8813.816264,289.0,,99.0,586.9296875,,0
1782300452.988985,8813.916269,288.0,,99.0,586.9296875,,0
1782300453.088980,8814.016264,288.0,,99.0,586.9296875,,0
1782300453.188982,8814.116266,288.0,,99.0,586.9296875,,0
1782300453.288978,8814.216263,289.0,,99.0,586.9296875,,0
1782300453.388976,8814.316260,290.0,,99.0,586.9296875,,0
1782300453.488983,8814.416266,290.0,,99.0,586.9296875,,0
1782300453.588984,8814.516269,288.0,,99.0,586.9296875,,0
1782300453.688894,8814.616177,288.0,,99.0,586.9296875,,0
1782300453.788984,8814.716269,288.0,,99.0,586.9296875,,0
1782300453.888986,8814.816270,288.0,,99.0,586.9296875,,0
1782300453.988982,8814.916267,289.0,,99.0,586.9296875,,0
1782300454.088982,8815.016265,289.0,,99.0,586.9296875,,0
1782300454.188983,8815.116267,289.0,,99.0,586.9296875,,0
1782300454.288983,8815.216267,289.0,,99.0,586.9296875,,0
1782300454.388982,8815.316265,289.0,,99.0,586.9296875,,0
1782300454.488981,8815.416265,289.0,,99.0,586.9296875,,0
1782300454.588981,8815.516265,289.0,,99.0,586.9296875,,0
1782300454.688914,8815.616198,289.0,,99.0,586.9296875,,0
1782300454.788985,8815.716268,288.0,,99.0,586.9296875,,0
1782300454.888983,8815.816266,288.0,,99.0,586.9296875,,0
1782300454.988981,8815.916264,289.0,,99.0,586.9296875,,0
1782300455.088980,8816.016264,289.0,,99.0,586.9296875,,0
1782300455.188983,8816.116267,290.0,,99.0,586.9296875,,0
1782300455.289111,8816.216395,290.0,,99.0,586.9296875,,0
1782300455.388983,8816.316266,289.0,,99.0,586.9296875,,0
1782300455.488978,8816.416262,289.0,,99.0,586.9296875,,0
1782300455.588983,8816.516266,289.0,,99.0,586.9296875,,0
1782300455.688979,8816.616263,289.0,,99.0,586.9296875,,0
1782300455.788979,8816.716263,289.0,,99.0,586.9296875,,0
1782300455.888977,8816.816261,288.0,,99.0,586.9296875,,0
1782300455.988978,8816.916261,289.0,,99.0,586.9296875,,0
1782300456.088981,8817.016264,290.0,,99.0,586.9296875,,0
1782300456.188978,8817.116262,289.0,,99.0,586.9296875,,0
1782300456.288977,8817.216261,290.0,,99.0,586.9296875,,0
1782300456.388975,8817.316260,290.0,,99.0,586.9296875,,0
1782300456.488897,8817.416180,290.0,,99.0,586.9296875,,0
1782300456.588980,8817.516264,289.0,,99.0,586.9296875,,0
1782300456.688976,8817.616259,288.0,,99.0,586.9296875,,0
1782300456.788979,8817.716262,288.0,,99.0,586.9296875,,0
1782300456.888982,8817.816265,289.0,,99.0,586.9296875,,0
1782300456.988978,8817.916261,293.0,,99.0,586.9296875,,0
1782300457.088979,8818.016263,295.0,,99.0,586.9296875,,0
1782300457.188976,8818.116260,294.0,,99.0,586.9296875,,0
1782300457.288977,8818.216260,294.0,,99.0,586.9296875,,0
1782300457.388897,8818.316180,293.0,,99.0,586.9296875,,0
1782300457.488980,8818.416263,294.0,,99.0,586.9296875,,0
1782300457.588979,8818.516263,293.0,,99.0,586.9296875,,0
1782300457.688977,8818.616260,293.0,,99.0,586.9296875,,0
1782300457.788977,8818.716260,293.0,,99.0,586.9296875,,0
1782300457.888977,8818.816260,294.0,,99.0,586.9296875,,0
1782300457.988979,8818.916262,294.0,,99.0,586.9296875,,0
1782300458.088983,8819.016267,294.0,,99.0,586.9296875,,0
1782300458.188979,8819.116262,294.0,,99.0,586.9296875,,0
1782300458.288980,8819.216263,294.0,,99.0,586.9296875,,0
1782300458.388981,8819.316265,294.0,,99.0,586.9296875,,0
1782300458.488988,8819.416271,293.0,,99.0,586.9296875,,0
1782300458.588980,8819.516263,293.0,,99.0,586.9296875,,0
1782300458.688978,8819.616261,293.0,,99.0,586.9296875,,0
1782300458.788980,8819.716263,294.0,,99.0,586.9296875,,0
1782300458.888982,8819.816265,294.0,,99.0,586.9296875,,0
1782300458.988978,8819.916261,295.0,,99.0,586.9296875,,0
1782300459.088980,8820.016264,294.0,,99.0,586.9296875,,0
1782300459.188980,8820.116265,294.0,,99.0,586.9296875,,0
1782300459.288980,8820.216263,297.0,,99.0,586.9296875,,0
1782300459.388990,8820.316274,298.0,,99.0,586.9296875,,0
1782300459.488979,8820.416262,283.0,,99.0,586.9296875,,0
1782300459.588980,8820.516264,298.0,,99.0,586.9296875,,0
1782300459.688978,8820.616262,287.0,,99.0,586.9296875,,0
1782300459.788979,8820.716262,295.0,,99.0,586.9296875,,0
1782300459.888896,8820.816180,294.0,,99.0,586.9296875,,0
1782300459.988982,8820.916267,296.0,,99.0,586.9296875,,0
1782300460.088897,8821.016180,294.0,,99.0,586.9296875,,0
1782300460.188978,8821.116261,282.0,,99.0,586.9296875,,0
1782300460.288988,8821.216273,127.0,,36.0,586.9296875,,0
1782300460.388987,8821.316272,24.0,,3.0,586.9296875,,0
1782300460.488989,8821.416274,26.0,,3.0,586.9296875,,0
1782300460.588989,8821.516273,21.0,,3.0,586.9296875,,0
1782300460.688988,8821.616273,22.0,,3.0,586.9296875,,0
1782300460.788986,8821.716271,25.0,,3.0,586.9296875,,0
1782300460.888987,8821.816272,23.0,,3.0,586.9296875,,0
1782300460.988988,8821.916273,23.0,,3.0,586.9296875,,0
1782300461.088989,8822.016273,23.0,,3.0,586.9296875,,0
1782300461.188990,8822.116275,23.0,,3.0,586.9296875,,0
1782300461.289033,8822.216316,24.0,,3.0,586.9296875,,0
1782300461.388986,8822.316271,23.0,,3.0,586.9296875,,0
1782300461.488991,8822.416276,22.0,,3.0,586.9296875,,0
1782300461.588991,8822.516276,23.0,,3.0,586.9296875,,0
1782300461.688986,8822.616271,25.0,,2.0,586.9296875,,0
1782300461.788991,8822.716276,21.0,,3.0,586.9296875,,0
1782300461.888991,8822.816276,22.0,,3.0,586.9296875,,0
1782300461.988989,8822.916274,22.0,,3.0,586.9296875,,0
1782300462.088998,8823.016282,22.0,,3.0,586.9296875,,0
1782300462.188987,8823.116272,23.0,,3.0,586.9296875,,0
1782300462.288988,8823.216273,22.0,,2.0,586.9296875,,0
1782300462.388989,8823.316274,22.0,,3.0,586.9296875,,0
1782300462.488990,8823.416274,24.0,,3.0,586.9296875,,0
1782300462.588990,8823.516275,23.0,,3.0,586.9296875,,0
1782300462.688990,8823.616275,21.0,,3.0,586.9296875,,0
1782300462.788987,8823.716272,22.0,,3.0,586.9296875,,0
1782300462.888999,8823.816284,20.0,,3.0,586.9296875,,0
1782300462.988990,8823.916275,22.0,,3.0,586.9296875,,0
1782300463.088987,8824.016271,21.0,,3.0,586.9296875,,0
1782300463.188988,8824.116273,18.0,,3.0,586.9296875,,0
1782300463.288994,8824.216279,21.0,,3.0,586.9296875,,0
1782300463.388986,8824.316271,23.0,,3.0,586.9296875,,0
1782300463.488991,8824.416275,21.0,,3.0,586.9296875,,0
1782300463.588989,8824.516273,20.0,,3.0,586.9296875,,0
1782300463.688986,8824.616271,21.0,,3.0,586.9296875,,0
1782300463.788989,8824.716273,21.0,,3.0,586.9296875,,0
1782300463.888991,8824.816276,22.0,,3.0,586.9296875,,0
1782300463.988987,8824.916272,21.0,,3.0,586.9296875,,0
1782300464.088987,8825.016271,22.0,,3.0,586.9296875,,0
1782300464.188992,8825.116277,20.0,,3.0,586.9296875,,0
1782300464.288986,8825.216271,20.0,,3.0,586.9296875,,0
1782300464.388988,8825.316272,21.0,,3.0,586.9296875,,0
1782300464.488988,8825.416273,21.0,,3.0,586.9296875,,0
1782300464.588989,8825.516274,19.0,,3.0,586.9296875,,0
1782300464.688989,8825.616273,21.0,,4.0,586.9296875,,0
1782300464.788998,8825.716283,19.0,,3.0,586.9296875,,0
1782300464.888988,8825.816273,20.0,,3.0,586.9296875,,0
1782300464.988989,8825.916274,22.0,,3.0,586.9296875,,0
1782300465.088989,8826.016274,20.0,,3.0,586.9296875,,0
1782300465.188986,8826.116271,22.0,,3.0,586.9296875,,0
1782300465.288969,8826.216253,129.0,,67.0,586.9296875,,0
1782300465.388976,8826.316259,219.0,,99.0,586.9296875,,0
1782300465.488977,8826.416261,244.0,,99.0,586.9296875,,0
1782300465.588981,8826.516266,244.0,,99.0,586.9296875,,0
1782300465.688894,8826.616177,243.0,,99.0,586.9296875,,0
1782300465.788894,8826.716177,247.0,,99.0,586.9296875,,0
1782300465.888979,8826.816263,253.0,,99.0,586.9296875,,0
1782300465.988978,8826.916261,254.0,,99.0,586.9296875,,0
1782300466.088976,8827.016260,259.0,,99.0,586.9296875,,0
1782300466.188977,8827.116261,265.0,,99.0,586.9296875,,0
1782300466.288981,8827.216264,266.0,,99.0,586.9296875,,0
1782300466.388985,8827.316268,271.0,,99.0,586.9296875,,0
1782300466.488981,8827.416265,274.0,,99.0,586.9296875,,0
1782300466.588983,8827.516266,276.0,,99.0,586.9296875,,0
1782300466.688975,8827.616260,281.0,,99.0,586.9296875,,0
1782300466.788984,8827.716268,283.0,,99.0,586.9296875,,0
1782300466.888976,8827.816260,285.0,,99.0,586.9296875,,0
1782300466.988977,8827.916260,286.0,,99.0,586.9296875,,0
1782300467.088974,8828.016258,286.0,,99.0,586.9296875,,0
1782300467.189004,8828.116288,286.0,,99.0,586.9296875,,0
1782300467.288978,8828.216261,287.0,,99.0,586.9296875,,0
1782300467.388976,8828.316259,286.0,,99.0,586.9296875,,0
1782300467.488979,8828.416263,287.0,,99.0,586.9296875,,0
1782300467.588979,8828.516263,288.0,,99.0,586.9296875,,0
1782300467.688979,8828.616263,287.0,,99.0,586.9296875,,0
1782300467.788976,8828.716261,287.0,,99.0,586.9296875,,0
1782300467.888974,8828.816259,287.0,,99.0,586.9296875,,0
1782300467.988981,8828.916264,287.0,,99.0,586.9296875,,0
1782300468.088977,8829.016260,288.0,,99.0,586.9296875,,0
1782300468.188977,8829.116261,288.0,,99.0,586.9296875,,0
1782300468.288977,8829.216262,288.0,,99.0,586.9296875,,0
1782300468.388977,8829.316261,289.0,,99.0,586.9296875,,0
1782300468.488979,8829.416263,289.0,,99.0,586.9296875,,0
1782300468.588978,8829.516263,289.0,,99.0,586.9296875,,0
1782300468.688979,8829.616262,289.0,,99.0,586.9296875,,0
1782300468.788980,8829.716263,289.0,,99.0,586.9296875,,0
1782300468.888978,8829.816263,288.0,,99.0,586.9296875,,0
1782300468.988975,8829.916258,289.0,,99.0,586.9296875,,0
1782300469.088976,8830.016261,289.0,,99.0,586.9296875,,0
1782300469.188980,8830.116265,289.0,,99.0,586.9296875,,0
1782300469.288975,8830.216258,289.0,,99.0,586.9296875,,0
1782300469.388977,8830.316260,289.0,,99.0,586.9296875,,0
1782300469.488976,8830.416259,289.0,,99.0,586.9296875,,0
1782300469.588976,8830.516261,289.0,,99.0,586.9296875,,0
1782300469.688978,8830.616261,289.0,,99.0,586.9296875,,0
1782300469.788976,8830.716261,289.0,,99.0,586.9296875,,0
1782300469.888977,8830.816262,289.0,,99.0,586.9296875,,0
1782300469.988976,8830.916261,289.0,,99.0,586.9296875,,0
1782300470.088980,8831.016263,288.0,,99.0,586.9296875,,0
1782300470.188981,8831.116264,289.0,,99.0,586.9296875,,0
1782300470.288980,8831.216265,289.0,,99.0,586.9296875,,0
1782300470.388983,8831.316267,289.0,,99.0,586.9296875,,0
1782300470.488977,8831.416261,289.0,,99.0,586.9296875,,0
1782300470.588976,8831.516261,289.0,,99.0,586.9296875,,0
1782300470.688974,8831.616258,290.0,,99.0,586.9296875,,0
1782300470.788978,8831.716261,289.0,,99.0,586.9296875,,0
1782300470.888982,8831.816266,289.0,,99.0,586.9296875,,0
1782300470.988894,8831.916177,289.0,,99.0,586.9296875,,0
1782300471.088980,8832.016263,289.0,,99.0,586.9296875,,0
1782300471.188975,8832.116260,289.0,,99.0,586.9296875,,0
1782300471.288983,8832.216268,289.0,,99.0,586.9296875,,0
1782300471.388978,8832.316263,289.0,,99.0,586.9296875,,0
1782300471.488975,8832.416259,289.0,,99.0,586.9296875,,0
1782300471.588977,8832.516261,290.0,,99.0,586.9296875,,0
1782300471.688982,8832.616266,289.0,,99.0,586.9296875,,0
1782300471.788978,8832.716262,289.0,,99.0,586.9296875,,0
1782300471.888982,8832.816267,289.0,,99.0,586.9296875,,0
1782300471.988978,8832.916261,289.0,,99.0,586.9296875,,0
1782300472.088975,8833.016259,290.0,,99.0,586.9296875,,0
1782300472.188975,8833.116259,288.0,,99.0,586.9296875,,0
1782300472.288981,8833.216266,288.0,,99.0,586.9296875,,0
1782300472.388911,8833.316195,289.0,,99.0,586.9296875,,0
1782300472.488972,8833.416257,289.0,,99.0,586.9296875,,0
1782300472.588974,8833.516259,289.0,,99.0,586.9296875,,0
1782300472.688986,8833.616271,289.0,,99.0,586.9296875,,0
1782300472.788982,8833.716265,290.0,,99.0,586.9296875,,0
1782300472.888978,8833.816263,290.0,,99.0,586.9296875,,0
1782300472.988976,8833.916259,290.0,,99.0,586.9296875,,0
1782300473.088976,8834.016260,289.0,,99.0,586.9296875,,0
1782300473.188985,8834.116268,290.0,,99.0,586.9296875,,0
1782300473.288979,8834.216264,290.0,,99.0,586.9296875,,0
1782300473.388983,8834.316267,290.0,,99.0,586.9296875,,0
1782300473.488986,8834.416271,290.0,,99.0,586.9296875,,0
1782300473.588976,8834.516261,290.0,,99.0,586.9296875,,0
1782300473.688894,8834.616177,290.0,,99.0,586.9296875,,0
1782300473.788912,8834.716196,289.0,,99.0,586.9296875,,0
1782300473.888970,8834.816254,290.0,,99.0,586.9296875,,0
1782300473.988976,8834.916259,290.0,,99.0,586.9296875,,0
1782300474.088975,8835.016259,290.0,,99.0,586.9296875,,0
1782300474.188981,8835.116264,289.0,,99.0,586.9296875,,0
1782300474.288976,8835.216259,290.0,,99.0,586.9296875,,0
1782300474.388894,8835.316177,289.0,,99.0,586.9296875,,0
1782300474.488980,8835.416263,289.0,,99.0,586.9296875,,0
1782300474.588984,8835.516268,290.0,,99.0,586.9296875,,0
1782300474.688980,8835.616265,290.0,,99.0,586.9296875,,0
1782300474.788977,8835.716260,290.0,,99.0,586.9296875,,0
1782300474.888987,8835.816271,291.0,,99.0,586.9296875,,0
1782300474.988894,8835.916177,299.0,,99.0,586.9296875,,0
1782300475.088892,8836.016175,294.0,,99.0,586.9296875,,0
1782300475.188894,8836.116177,288.0,,99.0,586.9296875,,0
1782300475.288893,8836.216177,298.0,,99.0,586.9296875,,0
1782300475.388969,8836.316254,290.0,,99.0,586.9296875,,0
1782300475.488978,8836.416263,290.0,,99.0,586.9296875,,0
1782300475.588976,8836.516261,291.0,,99.0,586.9296875,,0
1782300475.688977,8836.616260,291.0,,99.0,586.9296875,,0
1782300475.788974,8836.716257,291.0,,99.0,586.9296875,,0
1782300475.888978,8836.816261,297.0,,99.0,586.9296875,,0
1782300475.988977,8836.916260,283.0,,99.0,586.9296875,,0
1782300476.088981,8837.016265,297.0,,99.0,586.9296875,,0
1782300476.188978,8837.116261,290.0,,99.0,586.9296875,,0
1782300476.288978,8837.216262,298.0,,99.0,586.9296875,,0
1782300476.388980,8837.316266,286.0,,99.0,586.9296875,,0
1782300476.488990,8837.416273,295.0,,99.0,586.9296875,,0
1782300476.588976,8837.516260,297.0,,99.0,586.9296875,,0
1782300476.688892,8837.616176,291.0,,99.0,586.9296875,,0
1782300476.788893,8837.716177,290.0,,99.0,586.9296875,,0
1782300476.888894,8837.816177,290.0,,99.0,586.9296875,,0
1782300476.988894,8837.916177,290.0,,99.0,586.9296875,,0
1782300477.088893,8838.016177,291.0,,99.0,586.9296875,,0
1782300477.188892,8838.116175,291.0,,99.0,586.9296875,,0
1782300477.288892,8838.216175,292.0,,99.0,586.9296875,,0
1782300477.388892,8838.316175,291.0,,99.0,586.9296875,,0
1782300477.488975,8838.416259,291.0,,99.0,586.9296875,,0
1782300477.588983,8838.516267,291.0,,99.0,586.9296875,,0
1782300477.688982,8838.616266,291.0,,99.0,586.9296875,,0
1782300477.788981,8838.716264,291.0,,99.0,586.9296875,,0
1782300477.888983,8838.816267,291.0,,99.0,586.9296875,,0
1782300477.989115,8838.916410,291.0,,99.0,586.9296875,,0
1782300478.088975,8839.016259,291.0,,99.0,586.9296875,,0
1782300478.188978,8839.116263,291.0,,99.0,586.9296875,,0
1782300478.288981,8839.216264,289.0,,99.0,586.9296875,,0
1782300478.388978,8839.316263,292.0,,99.0,586.9296875,,0
1782300478.488981,8839.416264,291.0,,99.0,586.9296875,,0
1782300478.588979,8839.516263,290.0,,99.0,586.9296875,,0
1782300478.688984,8839.616267,290.0,,99.0,586.9296875,,0
1782300478.788980,8839.716264,291.0,,99.0,586.9296875,,0
1782300478.888894,8839.816177,292.0,,99.0,586.9296875,,0
1782300478.988980,8839.916265,291.0,,99.0,586.9296875,,0
1782300479.088976,8840.016260,291.0,,99.0,586.9296875,,0
1782300479.188978,8840.116263,291.0,,99.0,586.9296875,,0
1782300479.288985,8840.216268,291.0,,99.0,586.9296875,,0
1782300479.388979,8840.316264,290.0,,99.0,586.9296875,,0
1782300479.488986,8840.416269,291.0,,99.0,586.9296875,,0
1782300479.588981,8840.516265,292.0,,99.0,586.9296875,,0
1782300479.688984,8840.616267,293.0,,99.0,586.9296875,,0
1782300479.788989,8840.716273,292.0,,99.0,586.9296875,,0
1782300479.888982,8840.816267,292.0,,99.0,586.9296875,,0
1782300479.988981,8840.916265,292.0,,99.0,586.9296875,,0
1782300480.088983,8841.016267,293.0,,99.0,586.9296875,,0
1782300480.188979,8841.116263,289.0,,99.0,586.9296875,,0
1782300480.288982,8841.216266,289.0,,99.0,586.9296875,,0
1782300480.388913,8841.316198,289.0,,99.0,586.9296875,,0
1782300480.488983,8841.416267,289.0,,99.0,586.9296875,,0
1782300480.588978,8841.516261,290.0,,99.0,586.9296875,,0
1782300480.688976,8841.616261,290.0,,99.0,586.9296875,,0
1782300480.788985,8841.716270,290.0,,99.0,586.9296875,,0
1782300480.888896,8841.816180,290.0,,99.0,586.9296875,,0
1782300480.988982,8841.916265,290.0,,99.0,586.9296875,,0
1782300481.088986,8842.016271,290.0,,99.0,586.9296875,,0
1782300481.188985,8842.116269,290.0,,99.0,586.9296875,,0
1782300481.288984,8842.216267,290.0,,99.0,586.9296875,,0
1782300481.388982,8842.316265,289.0,,99.0,586.9296875,,0
1782300481.488978,8842.416263,289.0,,99.0,586.9296875,,0
1782300481.588976,8842.516260,290.0,,99.0,586.9296875,,0
1782300481.688894,8842.616177,290.0,,99.0,586.9296875,,0
1782300481.788985,8842.716269,291.0,,99.0,586.9296875,,0
1782300481.888978,8842.816263,291.0,,99.0,586.9296875,,0
1782300481.988975,8842.916259,290.0,,99.0,586.9296875,,0
1782300482.088976,8843.016259,290.0,,99.0,586.9296875,,0
1782300482.188913,8843.116197,290.0,,99.0,586.9296875,,0
1782300482.288981,8843.216266,289.0,,99.0,586.9296875,,0
1782300482.388979,8843.316264,290.0,,99.0,586.9296875,,0
1782300482.488986,8843.416271,290.0,,99.0,586.9296875,,0
1782300482.588981,8843.516267,290.0,,99.0,586.9296875,,0
1782300482.688976,8843.616260,291.0,,99.0,586.9296875,,0
1782300482.788985,8843.716269,292.0,,99.0,586.9296875,,0
1782300482.888980,8843.816265,292.0,,99.0,586.9296875,,0
1782300482.988984,8843.916269,290.0,,99.0,586.9296875,,0
1782300483.088980,8844.016263,290.0,,99.0,586.9296875,,0
1782300483.188984,8844.116268,289.0,,99.0,586.9296875,,0
1782300483.288987,8844.216272,290.0,,99.0,586.9296875,,0
1782300483.388983,8844.316267,290.0,,99.0,586.9296875,,0
1782300483.488991,8844.416275,291.0,,99.0,586.9296875,,0
1782300483.588983,8844.516267,291.0,,99.0,586.9296875,,0
1782300483.688988,8844.616271,291.0,,99.0,586.9296875,,0
1782300483.788983,8844.716268,291.0,,99.0,586.9296875,,0
1782300483.888985,8844.816270,290.0,,99.0,586.9296875,,0
1782300483.988985,8844.916269,290.0,,99.0,586.9296875,,0
1782300484.088985,8845.016268,289.0,,99.0,586.9296875,,0
1782300484.188980,8845.116265,290.0,,99.0,586.9296875,,0
1782300484.288987,8845.216271,292.0,,99.0,586.9296875,,0
1782300484.388983,8845.316268,292.0,,99.0,586.9296875,,0
1782300484.488980,8845.416263,292.0,,99.0,586.9296875,,0
1782300484.588984,8845.516269,292.0,,99.0,586.9296875,,0
1782300484.688983,8845.616268,291.0,,99.0,586.9296875,,0
1782300484.788982,8845.716266,291.0,,99.0,586.9296875,,0
1782300484.888982,8845.816266,290.0,,99.0,586.9296875,,0
1782300484.988908,8845.916192,290.0,,99.0,586.9296875,,0
1782300485.088893,8846.016177,290.0,,99.0,586.9296875,,0
1782300485.188974,8846.116259,291.0,,99.0,586.9296875,,0
1782300485.288988,8846.216273,291.0,,99.0,586.9296875,,0
1782300485.388980,8846.316264,291.0,,99.0,586.9296875,,0
1782300485.488982,8846.416265,291.0,,99.0,586.9296875,,0
1782300485.588983,8846.516266,291.0,,99.0,586.9296875,,0
1782300485.688980,8846.616263,291.0,,99.0,586.9296875,,0
1782300485.788979,8846.716264,291.0,,99.0,586.9296875,,0
1782300485.888986,8846.816270,291.0,,99.0,586.9296875,,0
1782300485.988985,8846.916270,289.0,,99.0,586.9296875,,0
1782300486.088987,8847.016272,290.0,,99.0,586.9296875,,0
1782300486.188984,8847.116268,291.0,,99.0,586.9296875,,0
1782300486.288985,8847.216268,292.0,,99.0,586.9296875,,0
1782300486.388910,8847.316194,291.0,,99.0,586.9296875,,0
1782300486.488973,8847.416258,291.0,,99.0,586.9296875,,0
1782300486.588984,8847.516268,291.0,,99.0,586.9296875,,0
1782300486.688986,8847.616270,290.0,,99.0,586.9296875,,0
1782300486.788986,8847.716271,291.0,,99.0,586.9296875,,0
1782300486.888979,8847.816263,291.0,,99.0,586.9296875,,0
1782300486.988984,8847.916269,290.0,,99.0,586.9296875,,0
1782300487.088894,8848.016178,291.0,,99.0,586.9296875,,0
1782300487.188976,8848.116260,291.0,,99.0,586.9296875,,0
1782300487.288987,8848.216270,291.0,,99.0,586.9296875,,0
1782300487.388985,8848.316270,291.0,,99.0,586.9296875,,0
1782300487.488985,8848.416269,291.0,,99.0,586.9296875,,0
1782300487.588986,8848.516271,291.0,,99.0,586.9296875,,0
1782300487.688973,8848.616257,290.0,,99.0,586.9296875,,0
1782300487.788969,8848.716253,290.0,,99.0,586.9296875,,0
1782300487.888985,8848.816270,291.0,,99.0,586.9296875,,0
1782300487.988980,8848.916263,292.0,,99.0,586.9296875,,0
1782300488.088998,8849.016282,292.0,,99.0,586.9296875,,0
1782300488.188894,8849.116177,294.0,,99.0,586.9296875,,0
1782300488.288984,8849.216268,295.0,,99.0,586.9296875,,0
1782300488.388910,8849.316194,295.0,,99.0,586.9296875,,0
1782300488.488975,8849.416259,295.0,,99.0,586.9296875,,0
1782300488.588984,8849.516269,295.0,,99.0,586.9296875,,0
1782300488.688986,8849.616269,296.0,,99.0,586.9296875,,0
1782300488.788984,8849.716269,296.0,,99.0,586.9296875,,0
1782300488.888983,8849.816267,296.0,,99.0,586.9296875,,0
1782300488.988976,8849.916260,296.0,,99.0,586.9296875,,0
1782300489.088984,8850.016269,296.0,,99.0,586.9296875,,0
1782300489.189003,8850.116286,295.0,,99.0,586.9296875,,0
1782300489.288894,8850.216177,295.0,,99.0,586.9296875,,0
1782300489.388984,8850.316269,296.0,,99.0,586.9296875,,0
1782300489.488985,8850.416270,295.0,,99.0,586.9296875,,0
1782300489.588983,8850.516268,295.0,,99.0,586.9296875,,0
1782300489.688982,8850.616267,296.0,,99.0,586.9296875,,0
1782300489.788985,8850.716270,296.0,,99.0,586.9296875,,0
1782300489.888987,8850.816271,296.0,,99.0,586.9296875,,0
1782300489.988984,8850.916268,296.0,,99.0,586.9296875,,0
1782300490.088987,8851.016271,297.0,,99.0,586.9296875,,0
1782300490.188894,8851.116177,296.0,,99.0,586.9296875,,0
1782300490.288985,8851.216270,296.0,,99.0,586.9296875,,0
1782300490.388915,8851.316199,295.0,,99.0,586.9296875,,0
1782300490.488982,8851.416268,296.0,,99.0,586.9296875,,0
1782300490.588984,8851.516267,296.0,,99.0,586.9296875,,0
1782300490.688981,8851.616265,297.0,,99.0,586.9296875,,0
1782300490.788980,8851.716265,297.0,,99.0,586.9296875,,0
1782300490.888988,8851.816271,296.0,,99.0,586.9296875,,0
1782300490.988985,8851.916269,294.0,,99.0,586.9296875,,0
1782300491.088979,8852.016262,295.0,,99.0,586.9296875,,0
1782300491.188982,8852.116267,296.0,,99.0,586.9296875,,0
1782300491.288897,8852.216180,297.0,,99.0,586.9296875,,0
1782300491.388985,8852.316270,297.0,,99.0,586.9296875,,0
1782300491.488986,8852.416271,297.0,,99.0,586.9296875,,0
1782300491.588981,8852.516266,296.0,,99.0,586.9296875,,0
1782300491.688976,8852.616260,296.0,,99.0,586.9296875,,0
1782300491.788982,8852.716267,296.0,,99.0,586.9296875,,0
1782300491.888983,8852.816268,296.0,,99.0,586.9296875,,0
1782300491.988996,8852.916280,296.0,,99.0,586.9296875,,0
1782300492.088987,8853.016271,296.0,,99.0,586.9296875,,0
1782300492.188985,8853.116270,296.0,,99.0,586.9296875,,0
1782300492.288985,8853.216270,295.0,,99.0,586.9296875,,0
1782300492.388911,8853.316196,294.0,,99.0,586.9296875,,0
1782300492.488975,8853.416259,297.0,,99.0,586.9296875,,0
1782300492.588988,8853.516272,297.0,,99.0,586.9296875,,0
1782300492.688985,8853.616269,297.0,,99.0,586.9296875,,0
1782300492.788893,8853.716176,293.0,,99.0,586.9296875,,0
1782300492.888974,8853.816259,301.0,,99.0,586.9296875,,0
1782300492.988985,8853.916268,298.0,,99.0,586.9296875,,0
1782300493.088981,8854.016266,304.0,,99.0,586.9296875,,0
1782300493.188982,8854.116265,289.0,,99.0,586.9296875,,0
1782300493.288913,8854.216197,292.0,,99.0,586.9296875,,0
1782300493.388984,8854.316268,296.0,,99.0,586.9296875,,0
1782300493.488993,8854.416277,296.0,,99.0,586.9296875,,0
1782300493.588982,8854.516267,299.0,,99.0,586.9296875,,0
1782300493.688983,8854.616267,297.0,,99.0,586.9296875,,0
1782300493.788985,8854.716270,284.0,,99.0,586.9296875,,0
1782300493.888983,8854.816267,303.0,,99.0,586.9296875,,0
1782300493.988985,8854.916269,289.0,,99.0,586.9296875,,0
1782300494.088983,8855.016267,296.0,,99.0,586.9296875,,0
1782300494.188990,8855.116274,296.0,,99.0,586.9296875,,0
1782300494.288985,8855.216270,296.0,,99.0,586.9296875,,0
1782300494.388894,8855.316177,296.0,,99.0,586.9296875,,0
1782300494.488982,8855.416267,297.0,,99.0,586.9296875,,0
1782300494.588983,8855.516268,296.0,,99.0,586.9296875,,0
1782300494.688986,8855.616269,297.0,,99.0,586.9296875,,0
1782300494.788984,8855.716269,297.0,,99.0,586.9296875,,0
1782300494.888984,8855.816268,296.0,,99.0,586.9296875,,0
1782300494.988913,8855.916198,296.0,,99.0,586.9296875,,0
1782300495.088984,8856.016269,291.0,,99.0,586.9296875,,0
1782300495.188983,8856.116268,296.0,,99.0,586.9296875,,0
1782300495.288985,8856.216268,297.0,,99.0,586.9296875,,0
1782300495.388980,8856.316265,297.0,,99.0,586.9296875,,0
1782300495.488982,8856.416265,296.0,,99.0,586.9296875,,0
1782300495.588991,8856.516274,296.0,,99.0,586.9296875,,0
1782300495.688987,8856.616272,296.0,,99.0,586.9296875,,0
1782300495.788985,8856.716269,297.0,,99.0,586.9296875,,0
1782300495.888989,8856.816274,298.0,,99.0,586.9296875,,0
1782300495.988985,8856.916270,296.0,,99.0,586.9296875,,0
1782300496.088986,8857.016271,296.0,,99.0,586.9296875,,0
1782300496.188983,8857.116267,296.0,,99.0,586.9296875,,0
1782300496.288986,8857.216271,296.0,,99.0,586.9296875,,0
1782300496.388995,8857.316280,297.0,,99.0,586.9296875,,0
1782300496.488984,8857.416270,297.0,,99.0,586.9296875,,0
1782300496.588987,8857.516272,296.0,,99.0,586.9296875,,0
1782300496.688983,8857.616267,297.0,,99.0,586.9296875,,0
1782300496.788987,8857.716271,297.0,,99.0,586.9296875,,0
1782300496.888984,8857.816268,297.0,,99.0,586.9296875,,0
1782300496.988985,8857.916269,297.0,,99.0,586.9296875,,0
1782300497.088984,8858.016267,297.0,,99.0,586.9296875,,0
1782300497.188982,8858.116265,297.0,,99.0,586.9296875,,0
1782300497.288979,8858.216263,297.0,,99.0,586.9296875,,0
1782300497.388987,8858.316271,298.0,,99.0,586.9296875,,0
1782300497.488981,8858.416264,297.0,,99.0,586.9296875,,0
1782300497.588983,8858.516267,297.0,,99.0,586.9296875,,0
1782300497.688984,8858.616269,296.0,,99.0,586.9296875,,0
1782300497.788981,8858.716266,296.0,,99.0,586.9296875,,0
1782300497.888985,8858.816269,297.0,,99.0,586.9296875,,0
1782300497.988980,8858.916263,297.0,,99.0,586.9296875,,0
1782300498.088983,8859.016268,298.0,,99.0,586.9296875,,0
1782300498.188983,8859.116267,298.0,,99.0,586.9296875,,0
1782300498.288897,8859.216180,297.0,,99.0,586.9296875,,0
1782300498.388987,8859.316271,296.0,,99.0,586.9296875,,0
1782300498.488983,8859.416268,296.0,,99.0,586.9296875,,0
1782300498.588986,8859.516271,296.0,,99.0,586.9296875,,0
1782300498.688987,8859.616272,297.0,,99.0,586.9296875,,0
1782300498.788984,8859.716268,298.0,,99.0,586.9296875,,0
1782300498.888986,8859.816269,298.0,,99.0,586.9296875,,0
1782300498.988983,8859.916267,298.0,,99.0,586.9296875,,0
1782300499.088980,8860.016265,297.0,,99.0,586.9296875,,0
1782300499.188980,8860.116265,297.0,,99.0,586.9296875,,0
1782300499.289241,8860.216524,300.0,,99.0,586.9296875,,0
1782300499.388983,8860.316268,296.0,,99.0,586.9296875,,0
1782300499.488985,8860.416270,298.0,,99.0,586.9296875,,0
1782300499.588979,8860.516264,298.0,,99.0,586.9296875,,0
1782300499.688984,8860.616269,298.0,,99.0,586.9296875,,0
1782300499.788984,8860.716268,297.0,,99.0,586.9296875,,0
1782300499.888986,8860.816269,298.0,,99.0,586.9296875,,0
1782300499.988982,8860.916267,297.0,,99.0,586.9296875,,0
1782300500.088985,8861.016269,297.0,,99.0,586.9296875,,0
1782300500.188985,8861.116269,297.0,,99.0,586.9296875,,0
1782300500.288996,8861.216280,134.0,,38.0,586.9296875,,0
1782300500.388989,8861.316274,38.0,,3.0,586.9296875,,0
1782300500.488995,8861.416280,23.0,,3.0,586.9296875,,0
1782300500.588992,8861.516277,22.0,,3.0,586.9296875,,0
1782300500.688995,8861.616280,20.0,,4.0,586.9296875,,0
1782300500.788993,8861.716278,26.0,,3.0,586.9296875,,0
1782300500.888994,8861.816278,23.0,,3.0,586.9296875,,0
1782300500.988993,8861.916278,21.0,,3.0,586.9296875,,0
1782300501.088991,8862.016276,20.0,,3.0,586.9296875,,0
1782300501.188994,8862.116279,22.0,,3.0,586.9296875,,0
1782300501.288991,8862.216276,23.0,,3.0,586.9296875,,0
1782300501.388995,8862.316280,20.0,,3.0,586.9296875,,0
1782300501.488990,8862.416275,20.0,,3.0,586.9296875,,0
1782300501.588987,8862.516272,23.0,,3.0,586.9296875,,0
1782300501.688994,8862.616279,24.0,,3.0,586.9296875,,0
1782300501.788988,8862.716273,22.0,,3.0,586.9296875,,0
1782300501.888992,8862.816276,21.0,,3.0,586.9296875,,0
1782300501.988995,8862.916279,21.0,,3.0,586.9296875,,0
1782300502.089002,8863.016286,22.0,,3.0,586.9296875,,0
1782300502.188988,8863.116273,21.0,,3.0,586.9296875,,0
1782300502.288989,8863.216274,20.0,,3.0,586.9296875,,0
1782300502.388896,8863.316179,22.0,,3.0,586.9296875,,0
1782300502.488989,8863.416273,22.0,,3.0,586.9296875,,0
1782300502.588996,8863.516281,22.0,,3.0,586.9296875,,0
1782300502.688993,8863.616277,22.0,,3.0,586.9296875,,0
1782300502.788994,8863.716279,21.0,,3.0,586.9296875,,0
1782300502.888894,8863.816178,22.0,,3.0,586.9296875,,0
1782300502.988988,8863.916272,22.0,,3.0,586.9296875,,0
1782300503.088994,8864.016279,23.0,,3.0,586.9296875,,0
1782300503.188984,8864.116269,23.0,,3.0,586.9296875,,0
1782300503.288989,8864.216274,20.0,,3.0,586.9296875,,0
1782300503.389004,8864.316289,22.0,,3.0,586.9296875,,0
1782300503.488996,8864.416281,23.0,,2.0,586.9296875,,0
1782300503.588992,8864.516277,22.0,,3.0,586.9296875,,0
1782300503.688989,8864.616273,22.0,,3.0,586.9296875,,0
1782300503.788993,8864.716278,22.0,,3.0,586.9296875,,0
1782300503.888988,8864.816273,22.0,,3.0,586.9296875,,0
1782300503.988992,8864.916276,22.0,,3.0,586.9296875,,0
1782300504.088989,8865.016274,22.0,,3.0,586.9296875,,0
1782300504.188996,8865.116280,21.0,,4.0,586.9296875,,0
1782300504.288994,8865.216279,21.0,,3.0,586.9296875,,0
1782300504.388989,8865.316274,22.0,,3.0,586.9296875,,0
1782300504.488993,8865.416277,21.0,,4.0,586.9296875,,0
1782300504.588988,8865.516273,23.0,,4.0,586.9296875,,0
1782300504.688994,8865.616279,22.0,,3.0,586.9296875,,0
1782300504.788990,8865.716275,24.0,,3.0,586.9296875,,0
1782300504.888991,8865.816276,24.0,,3.0,586.9296875,,0
1782300504.988991,8865.916276,22.0,,3.0,586.9296875,,0
1782300505.088988,8866.016273,22.0,,3.0,586.9296875,,0
1782300505.188991,8866.116275,22.0,,3.0,586.9296875,,0
1782300505.288898,8866.216181,126.0,,63.0,586.9296875,,0
1782300505.388895,8866.316178,225.0,,99.0,586.9296875,,0
1782300505.488896,8866.416179,244.0,,99.0,586.9296875,,0
1782300505.588894,8866.516178,247.0,,99.0,586.9296875,,0
1782300505.688895,8866.616178,247.0,,99.0,586.9296875,,0
1782300505.788897,8866.716180,251.0,,99.0,586.9296875,,0
1782300505.888894,8866.816177,254.0,,99.0,586.9296875,,0
1782300505.988896,8866.916179,258.0,,99.0,586.9296875,,0
1782300506.088896,8867.016179,261.0,,99.0,586.9296875,,0
1782300506.188931,8867.116214,265.0,,99.0,586.9296875,,0
1782300506.288985,8867.216268,267.0,,99.0,586.9296875,,0
1782300506.388982,8867.316265,272.0,,99.0,586.9296875,,0
1782300506.488981,8867.416264,276.0,,99.0,586.9296875,,0
1782300506.588982,8867.516266,279.0,,99.0,586.9296875,,0
1782300506.688979,8867.616264,282.0,,99.0,586.9296875,,0
1782300506.788982,8867.716267,284.0,,99.0,586.9296875,,0
1782300506.888982,8867.816265,285.0,,99.0,586.9296875,,0
1782300506.988983,8867.916266,286.0,,99.0,586.9296875,,0
1782300507.088981,8868.016266,286.0,,99.0,586.9296875,,0
1782300507.188979,8868.116262,287.0,,99.0,586.9296875,,0
1782300507.288984,8868.216267,287.0,,99.0,586.9296875,,0
1782300507.388979,8868.316262,288.0,,99.0,586.9296875,,0
1782300507.488984,8868.416268,288.0,,99.0,586.9296875,,0
1782300507.588980,8868.516264,287.0,,99.0,586.9296875,,0
1782300507.688975,8868.616258,287.0,,99.0,586.9296875,,0
1782300507.788979,8868.716262,288.0,,99.0,586.9296875,,0
1782300507.888979,8868.816262,288.0,,99.0,586.9296875,,0
1782300507.988980,8868.916265,289.0,,99.0,586.9296875,,0
1782300508.088980,8869.016263,289.0,,99.0,586.9296875,,0
1782300508.188982,8869.116266,289.0,,99.0,586.9296875,,0
1782300508.288984,8869.216267,289.0,,99.0,586.9296875,,0
1782300508.388980,8869.316264,289.0,,99.0,586.9296875,,0
1782300508.488984,8869.416267,289.0,,99.0,586.9296875,,0
1782300508.588975,8869.516259,290.0,,99.0,586.9296875,,0
1782300508.688979,8869.616262,289.0,,99.0,586.9296875,,0
1782300508.788982,8869.716265,290.0,,99.0,586.9296875,,0
1782300508.888987,8869.816270,290.0,,99.0,586.9296875,,0
1782300508.988983,8869.916268,291.0,,99.0,586.9296875,,0
1782300509.088979,8870.016263,291.0,,99.0,586.9296875,,0
1782300509.188981,8870.116265,292.0,,99.0,586.9296875,,0
1782300509.288981,8870.216264,292.0,,99.0,586.9296875,,0
1782300509.388988,8870.316271,292.0,,99.0,586.9296875,,0
1782300509.488978,8870.416261,298.0,,99.0,586.9296875,,0
1782300509.588987,8870.516270,291.0,,99.0,586.9296875,,0
1782300509.688980,8870.616263,292.0,,99.0,586.9296875,,0
1782300509.788987,8870.716270,296.0,,99.0,586.9296875,,0
1782300509.888980,8870.816265,283.0,,99.0,586.9296875,,0
1782300509.988985,8870.916268,285.0,,99.0,586.9296875,,0
1782300510.088983,8871.016266,291.0,,99.0,586.9296875,,0
1782300510.188978,8871.116263,291.0,,99.0,586.9296875,,0
1782300510.288981,8871.216265,292.0,,99.0,586.9296875,,0
1782300510.388980,8871.316265,294.0,,99.0,586.9296875,,0
1782300510.488981,8871.416264,288.0,,99.0,586.9296875,,0
1782300510.588981,8871.516264,283.0,,99.0,586.9296875,,0
1782300510.688979,8871.616262,282.0,,99.0,586.9296875,,0
1782300510.788985,8871.716268,285.0,,99.0,586.9296875,,0
1782300510.888979,8871.816263,291.0,,99.0,586.9296875,,0
1782300510.988986,8871.916271,292.0,,99.0,586.9296875,,0
1782300511.088978,8872.016261,291.0,,99.0,586.9296875,,0
1782300511.188980,8872.116265,292.0,,99.0,586.9296875,,0
1782300511.288981,8872.216264,292.0,,99.0,586.9296875,,0
1782300511.388978,8872.316262,292.0,,99.0,586.9296875,,0
1782300511.488981,8872.416264,291.0,,99.0,586.9296875,,0
1782300511.588982,8872.516265,295.0,,99.0,586.9296875,,0
1782300511.688979,8872.616262,290.0,,99.0,586.9296875,,0
1782300511.788982,8872.716265,292.0,,99.0,586.9296875,,0
1782300511.888975,8872.816261,292.0,,99.0,586.9296875,,0
1782300511.988979,8872.916263,291.0,,99.0,586.9296875,,0
1782300512.088979,8873.016264,291.0,,99.0,586.9296875,,0
1782300512.188983,8873.116268,291.0,,99.0,586.9296875,,0
1782300512.288980,8873.216265,291.0,,99.0,586.9296875,,0
1782300512.388982,8873.316267,292.0,,99.0,586.9296875,,0
1782300512.488973,8873.416257,292.0,,99.0,586.9296875,,0
1782300512.588981,8873.516264,292.0,,99.0,586.9296875,,0
1782300512.688982,8873.616266,291.0,,99.0,586.9296875,,0
1782300512.788978,8873.716263,292.0,,99.0,586.9296875,,0
1782300512.888979,8873.816263,292.0,,99.0,586.9296875,,0
1782300512.988981,8873.916266,292.0,,99.0,586.9296875,,0
1782300513.088979,8874.016263,292.0,,99.0,586.9296875,,0
1782300513.188981,8874.116266,292.0,,99.0,586.9296875,,0
1782300513.288981,8874.216264,292.0,,99.0,586.9296875,,0
1782300513.388983,8874.316268,291.0,,99.0,586.9296875,,0
1782300513.488982,8874.416265,292.0,,99.0,586.9296875,,0
1782300513.588980,8874.516265,291.0,,99.0,586.9296875,,0
1782300513.688981,8874.616264,292.0,,99.0,586.9296875,,0
1782300513.788981,8874.716265,292.0,,99.0,586.9296875,,0
1782300513.888978,8874.816263,292.0,,99.0,586.9296875,,0
1782300513.988981,8874.916265,291.0,,99.0,586.9296875,,0
1782300514.088979,8875.016262,292.0,,99.0,586.9296875,,0
1782300514.188980,8875.116264,292.0,,99.0,586.9296875,,0
1782300514.288983,8875.216266,291.0,,99.0,586.9296875,,0
1782300514.388977,8875.316261,292.0,,99.0,586.9296875,,0
1782300514.488984,8875.416267,292.0,,99.0,586.9296875,,0
1782300514.588977,8875.516260,293.0,,99.0,586.9296875,,0
1782300514.688979,8875.616263,292.0,,99.0,586.9296875,,0
1782300514.788985,8875.716269,292.0,,99.0,586.9296875,,0
1782300514.888983,8875.816266,292.0,,99.0,586.9296875,,0
1782300514.988981,8875.916266,292.0,,99.0,586.9296875,,0
1782300515.088984,8876.016267,292.0,,99.0,586.9296875,,0
1782300515.188982,8876.116266,292.0,,99.0,586.9296875,,0
1782300515.288985,8876.216268,292.0,,99.0,586.9296875,,0
1782300515.388979,8876.316262,293.0,,99.0,586.9296875,,0
1782300515.488979,8876.416262,293.0,,99.0,586.9296875,,0
1782300515.588978,8876.516261,294.0,,99.0,586.9296875,,0
1782300515.688979,8876.616263,293.0,,99.0,586.9296875,,0
1782300515.788981,8876.716264,293.0,,99.0,586.9296875,,0
1782300515.888985,8876.816269,292.0,,99.0,586.9296875,,0
1782300515.988981,8876.916266,292.0,,99.0,586.9296875,,0
1782300516.088977,8877.016261,292.0,,99.0,586.9296875,,0
1782300516.188982,8877.116265,293.0,,99.0,586.9296875,,0
1782300516.288979,8877.216262,294.0,,99.0,586.9296875,,0
1782300516.388979,8877.316262,294.0,,99.0,586.9296875,,0
1782300516.488983,8877.416268,294.0,,99.0,586.9296875,,0
1782300516.588995,8877.516279,293.0,,99.0,586.9296875,,0
1782300516.688982,8877.616266,292.0,,99.0,586.9296875,,0
1782300516.788978,8877.716262,293.0,,99.0,586.9296875,,0
1782300516.888980,8877.816263,293.0,,99.0,586.9296875,,0
1782300516.988981,8877.916265,294.0,,99.0,586.9296875,,0
1782300517.088977,8878.016260,295.0,,99.0,586.9296875,,0
1782300517.188982,8878.116266,294.0,,99.0,586.9296875,,0
1782300517.288981,8878.216265,293.0,,99.0,586.9296875,,0
1782300517.388979,8878.316263,293.0,,99.0,586.9296875,,0
1782300517.488981,8878.416265,293.0,,99.0,586.9296875,,0
1782300517.588979,8878.516262,293.0,,99.0,586.9296875,,0
1782300517.688981,8878.616264,292.0,,99.0,586.9296875,,0
1782300517.788980,8878.716263,293.0,,99.0,586.9296875,,0
1782300517.888978,8878.816261,294.0,,99.0,586.9296875,,0
1782300517.988979,8878.916262,294.0,,99.0,586.9296875,,0
1782300518.088982,8879.016265,294.0,,99.0,586.9296875,,0
1782300518.188985,8879.116268,294.0,,99.0,586.9296875,,0
1782300518.288980,8879.216264,294.0,,99.0,586.9296875,,0
1782300518.388985,8879.316268,293.0,,99.0,586.9296875,,0
1782300518.488979,8879.416264,293.0,,99.0,586.9296875,,0
1782300518.588979,8879.516264,294.0,,99.0,586.9296875,,0
1782300518.688980,8879.616265,294.0,,99.0,586.9296875,,0
1782300518.788978,8879.716261,294.0,,99.0,586.9296875,,0
1782300518.888983,8879.816268,294.0,,99.0,586.9296875,,0
1782300518.988981,8879.916264,294.0,,99.0,586.9296875,,0
1782300519.088981,8880.016265,294.0,,99.0,586.9296875,,0
1782300519.188981,8880.116264,294.0,,99.0,586.9296875,,0
1782300519.288982,8880.216265,294.0,,99.0,586.9296875,,0
1782300519.388979,8880.316262,293.0,,99.0,586.9296875,,0
1782300519.488979,8880.416262,293.0,,99.0,586.9296875,,0
1782300519.588983,8880.516266,294.0,,99.0,586.9296875,,0
1782300519.688978,8880.616262,295.0,,99.0,586.9296875,,0
1782300519.788983,8880.716266,295.0,,99.0,586.9296875,,0
1782300519.888978,8880.816261,295.0,,99.0,586.9296875,,0
1782300519.988986,8880.916269,295.0,,99.0,586.9296875,,0
1782300520.088983,8881.016266,294.0,,99.0,586.9296875,,0
1782300520.188989,8881.116272,294.0,,99.0,586.9296875,,0
1782300520.288980,8881.216263,294.0,,99.0,586.9296875,,0
1782300520.388986,8881.316270,294.0,,99.0,586.9296875,,0
1782300520.488979,8881.416263,294.0,,99.0,586.9296875,,0
1782300520.588984,8881.516268,294.0,,99.0,586.9296875,,0
1782300520.688980,8881.616265,294.0,,99.0,586.9296875,,0
1782300520.788979,8881.716262,295.0,,99.0,586.9296875,,0
1782300520.888979,8881.816263,295.0,,99.0,586.9296875,,0
1782300520.988977,8881.916260,294.0,,99.0,586.9296875,,0
1782300521.088981,8882.016266,294.0,,99.0,586.9296875,,0
1782300521.188896,8882.116179,294.0,,99.0,586.9296875,,0
1782300521.288896,8882.216179,294.0,,99.0,586.9296875,,0
1782300521.388896,8882.316180,294.0,,99.0,586.9296875,,0
1782300521.488896,8882.416179,294.0,,99.0,586.9296875,,0
1782300521.588896,8882.516179,295.0,,99.0,586.9296875,,0
1782300521.688895,8882.616179,295.0,,99.0,586.9296875,,0
1782300521.788895,8882.716178,295.0,,99.0,586.9296875,,0
1782300521.888895,8882.816178,295.0,,99.0,586.9296875,,0
1782300521.988895,8882.916179,294.0,,99.0,586.9296875,,0
1782300522.088896,8883.016179,294.0,,99.0,586.9296875,,0
1782300522.188895,8883.116178,294.0,,99.0,586.9296875,,0
1782300522.288896,8883.216179,294.0,,99.0,586.9296875,,0
1782300522.388895,8883.316178,295.0,,99.0,586.9296875,,0
1782300522.488892,8883.416175,296.0,,99.0,586.9296875,,0
1782300522.588893,8883.516176,295.0,,99.0,586.9296875,,0
1782300522.688895,8883.616178,295.0,,99.0,586.9296875,,0
1782300522.788896,8883.716179,295.0,,99.0,586.9296875,,0
1782300522.888896,8883.816179,294.0,,99.0,586.9296875,,0
1782300522.988896,8883.916179,294.0,,99.0,586.9296875,,0
1782300523.088896,8884.016180,295.0,,99.0,586.9296875,,0
1782300523.188895,8884.116179,295.0,,99.0,586.9296875,,0
1782300523.288894,8884.216177,296.0,,99.0,586.9296875,,0
1782300523.388894,8884.316177,295.0,,99.0,586.9296875,,0
1782300523.488895,8884.416178,295.0,,99.0,586.9296875,,0
1782300523.588894,8884.516177,295.0,,99.0,586.9296875,,0
1782300523.688895,8884.616178,295.0,,99.0,586.9296875,,0
1782300523.788896,8884.716179,295.0,,99.0,586.9296875,,0
1782300523.888895,8884.816178,295.0,,99.0,586.9296875,,0
1782300523.988894,8884.916178,295.0,,99.0,586.9296875,,0
1782300524.088896,8885.016179,295.0,,99.0,586.9296875,,0
1782300524.188895,8885.116179,295.0,,99.0,586.9296875,,0
1782300524.288895,8885.216178,295.0,,99.0,586.9296875,,0
1782300524.388895,8885.316178,295.0,,99.0,586.9296875,,0
1782300524.488913,8885.416196,295.0,,99.0,586.9296875,,0
1782300524.588896,8885.516179,296.0,,99.0,586.9296875,,0
1782300524.688895,8885.616178,295.0,,99.0,586.9296875,,0
1782300524.788893,8885.716175,295.0,,99.0,586.9296875,,0
1782300524.888895,8885.816178,294.0,,99.0,586.9296875,,0
1782300524.988894,8885.916178,295.0,,99.0,586.9296875,,0
1782300525.088893,8886.016176,291.0,,99.0,586.9296875,,0
1782300525.188895,8886.116178,296.0,,99.0,586.9296875,,0
1782300525.288894,8886.216177,291.0,,99.0,586.9296875,,0
1782300525.388895,8886.316178,288.0,,99.0,586.9296875,,0
1782300525.488896,8886.416179,291.0,,99.0,586.9296875,,0
1782300525.588895,8886.516178,288.0,,100.0,586.9296875,,0
1782300525.688895,8886.616178,286.0,,99.0,586.9296875,,0
1782300525.788896,8886.716179,306.0,,99.0,586.9296875,,0
1782300525.888895,8886.816178,298.0,,99.0,586.9296875,,0
1782300525.988896,8886.916179,297.0,,99.0,586.9296875,,0
1782300526.088896,8887.016179,285.0,,99.0,586.9296875,,0
1782300526.188895,8887.116178,291.0,,99.0,586.9296875,,0
1782300526.288897,8887.216180,286.0,,99.0,586.9296875,,0
1782300526.388895,8887.316178,298.0,,99.0,586.9296875,,0
1782300526.488894,8887.416177,291.0,,99.0,586.9296875,,0
1782300526.588895,8887.516178,295.0,,99.0,586.9296875,,0
1782300526.688895,8887.616179,295.0,,99.0,586.9296875,,0
1782300526.788896,8887.716179,305.0,,99.0,586.9296875,,0
1782300526.888974,8887.816257,296.0,,99.0,586.9296875,,0
1782300526.988975,8887.916259,305.0,,99.0,586.9296875,,0
1782300527.088979,8888.016263,291.0,,99.0,586.9296875,,0
1782300527.188969,8888.116252,287.0,,99.0,586.9296875,,0
1782300527.288980,8888.216263,296.0,,99.0,586.9296875,,0
1782300527.388979,8888.316262,302.0,,99.0,586.9296875,,0
1782300527.488977,8888.416261,281.0,,99.0,586.9296875,,0
1782300527.588981,8888.516264,293.0,,99.0,586.9296875,,0
1782300527.688998,8888.616282,296.0,,99.0,586.9296875,,0
1782300527.788975,8888.716261,297.0,,99.0,586.9296875,,0
1782300527.888982,8888.816265,296.0,,99.0,586.9296875,,0
1782300527.988978,8888.916263,296.0,,99.0,586.9296875,,0
1782300528.088984,8889.016267,296.0,,99.0,586.9296875,,0
1782300528.188981,8889.116264,300.0,,99.0,586.9296875,,0
1782300528.288978,8889.216262,290.0,,99.0,586.9296875,,0
1782300528.388982,8889.316265,304.0,,100.0,586.9296875,,0
1782300528.488979,8889.416262,298.0,,99.0,586.9296875,,0
1782300528.588980,8889.516265,296.0,,99.0,586.9296875,,0
1782300528.688996,8889.616280,296.0,,99.0,586.9296875,,0
1782300528.788981,8889.716265,296.0,,99.0,586.9296875,,0
1782300528.888986,8889.816269,296.0,,99.0,586.9296875,,0
1782300528.988982,8889.916265,296.0,,99.0,586.9296875,,0
1782300529.088980,8890.016263,296.0,,99.0,586.9296875,,0
1782300529.188924,8890.116208,296.0,,99.0,586.9296875,,0
1782300529.288981,8890.216264,296.0,,99.0,586.9296875,,0
1782300529.388979,8890.316262,295.0,,99.0,586.9296875,,0
1782300529.488983,8890.416267,295.0,,99.0,586.9296875,,0
1782300529.588985,8890.516268,296.0,,99.0,586.9296875,,0
1782300529.688985,8890.616269,297.0,,99.0,586.9296875,,0
1782300529.788981,8890.716265,296.0,,99.0,586.9296875,,0
1782300529.888982,8890.816265,296.0,,99.0,586.9296875,,0
1782300529.988980,8890.916263,296.0,,99.0,586.9296875,,0
1782300530.088982,8891.016266,296.0,,99.0,586.9296875,,0
1782300530.188990,8891.116273,296.0,,99.0,586.9296875,,0
1782300530.288980,8891.216263,295.0,,99.0,586.9296875,,0
1782300530.388995,8891.316278,296.0,,99.0,586.9296875,,0
1782300530.488986,8891.416269,296.0,,99.0,586.9296875,,0
1782300530.588978,8891.516261,296.0,,99.0,586.9296875,,0
1782300530.688978,8891.616261,296.0,,99.0,586.9296875,,0
1782300530.788996,8891.716279,296.0,,99.0,586.9296875,,0
1782300530.888983,8891.816266,296.0,,99.0,586.9296875,,0
1782300530.988980,8891.916264,296.0,,99.0,586.9296875,,0
1782300531.088983,8892.016266,295.0,,99.0,586.9296875,,0
1782300531.188988,8892.116273,295.0,,99.0,586.9296875,,0
1782300531.288979,8892.216262,297.0,,99.0,586.9296875,,0
1782300531.388981,8892.316266,296.0,,99.0,586.9296875,,0
1782300531.488980,8892.416264,296.0,,99.0,586.9296875,,0
1782300531.588988,8892.516271,296.0,,99.0,586.9296875,,0
1782300531.688991,8892.616274,297.0,,99.0,586.9296875,,0
1782300531.788983,8892.716268,296.0,,99.0,586.9296875,,0
1782300531.888980,8892.816265,296.0,,99.0,586.9296875,,0
1782300531.988981,8892.916265,296.0,,99.0,586.9296875,,0
1782300532.088982,8893.016266,296.0,,99.0,586.9296875,,0
1782300532.188982,8893.116265,296.0,,99.0,586.9296875,,0
1782300532.288984,8893.216269,296.0,,99.0,586.9296875,,0
1782300532.388984,8893.316267,296.0,,99.0,586.9296875,,0
1782300532.488982,8893.416266,296.0,,99.0,586.9296875,,0
1782300532.588981,8893.516265,296.0,,99.0,586.9296875,,0
1782300532.688986,8893.616270,296.0,,99.0,586.9296875,,0
1782300532.788985,8893.716268,297.0,,99.0,586.9296875,,0
1782300532.888979,8893.816262,297.0,,99.0,586.9296875,,0
1782300532.988981,8893.916265,297.0,,99.0,586.9296875,,0
1782300533.088979,8894.016262,297.0,,99.0,586.9296875,,0
1782300533.188993,8894.116276,296.0,,99.0,586.9296875,,0
1782300533.288984,8894.216268,295.0,,99.0,586.9296875,,0
1782300533.388980,8894.316264,295.0,,99.0,586.9296875,,0
1782300533.488980,8894.416263,295.0,,99.0,586.9296875,,0
1782300533.588979,8894.516263,296.0,,99.0,586.9296875,,0
1782300533.688978,8894.616262,297.0,,99.0,586.9296875,,0
1782300533.788984,8894.716269,297.0,,99.0,586.9296875,,0
1782300533.888981,8894.816264,296.0,,99.0,586.9296875,,0
1782300533.988914,8894.916198,297.0,,99.0,586.9296875,,0
1782300534.088973,8895.016257,296.0,,99.0,586.9296875,,0
1782300534.188913,8895.116198,296.0,,99.0,586.9296875,,0
1782300534.288975,8895.216258,295.0,,99.0,586.9296875,,0
1782300534.388913,8895.316198,295.0,,99.0,586.9296875,,0
1782300534.488982,8895.416267,297.0,,99.0,586.9296875,,0
1782300534.588894,8895.516177,297.0,,99.0,586.9296875,,0
1782300534.688978,8895.616261,297.0,,99.0,586.9296875,,0
1782300534.788894,8895.716178,297.0,,99.0,586.9296875,,0
1782300534.888978,8895.816261,297.0,,99.0,586.9296875,,0
1782300534.988982,8895.916266,296.0,,99.0,586.9296875,,0
1782300535.088980,8896.016264,297.0,,99.0,586.9296875,,0
1782300535.188984,8896.116267,297.0,,99.0,586.9296875,,0
1782300535.288981,8896.216265,296.0,,99.0,586.9296875,,0
1782300535.388981,8896.316264,295.0,,99.0,586.9296875,,0
1782300535.488983,8896.416267,297.0,,99.0,586.9296875,,0
1782300535.588979,8896.516264,297.0,,99.0,586.9296875,,0
1782300535.688895,8896.616178,298.0,,99.0,586.9296875,,0
1782300535.788979,8896.716263,297.0,,99.0,586.9296875,,0
1782300535.888980,8896.816264,297.0,,99.0,586.9296875,,0
1782300535.988986,8896.916269,296.0,,99.0,586.9296875,,0
1782300536.088982,8897.016265,296.0,,99.0,586.9296875,,0
1782300536.188983,8897.116268,296.0,,99.0,586.9296875,,0
1782300536.288985,8897.216270,296.0,,99.0,586.9296875,,0
1782300536.388977,8897.316261,297.0,,99.0,586.9296875,,0
1782300536.488981,8897.416264,297.0,,99.0,586.9296875,,0
1782300536.588977,8897.516261,297.0,,99.0,586.9296875,,0
1782300536.688972,8897.616256,297.0,,99.0,586.9296875,,0
1782300536.788975,8897.716260,297.0,,99.0,586.9296875,,0
1782300536.888980,8897.816264,296.0,,99.0,586.9296875,,0
1782300536.988979,8897.916262,296.0,,99.0,586.9296875,,0
1782300537.088977,8898.016260,297.0,,99.0,586.9296875,,0
1782300537.188985,8898.116268,295.0,,99.0,586.9296875,,0
1782300537.288988,8898.216271,296.0,,99.0,586.9296875,,0
1782300537.388981,8898.316265,296.0,,99.0,586.9296875,,0
1782300537.488980,8898.416265,297.0,,99.0,586.9296875,,0
1782300537.588897,8898.516180,297.0,,99.0,586.9296875,,0
1782300537.688985,8898.616269,297.0,,99.0,586.9296875,,0
1782300537.788983,8898.716268,297.0,,99.0,586.9296875,,0
1782300537.888982,8898.816265,296.0,,99.0,586.9296875,,0
1782300537.988979,8898.916262,296.0,,99.0,586.9296875,,0
1782300538.088986,8899.016269,296.0,,99.0,586.9296875,,0
1782300538.188980,8899.116263,296.0,,99.0,586.9296875,,0
1782300538.288978,8899.216261,297.0,,99.0,586.9296875,,0
1782300538.388895,8899.316178,298.0,,99.0,586.9296875,,0
1782300538.488980,8899.416264,298.0,,99.0,586.9296875,,0
1782300538.588986,8899.516269,296.0,,99.0,586.9296875,,0
1782300538.688982,8899.616265,296.0,,99.0,586.9296875,,0
1782300538.788897,8899.716180,296.0,,99.0,586.9296875,,0
1782300538.888985,8899.816270,297.0,,99.0,586.9296875,,0
1782300538.988980,8899.916265,297.0,,99.0,586.9296875,,0
1782300539.088981,8900.016264,297.0,,99.0,586.9296875,,0
1782300539.188897,8900.116180,297.0,,99.0,586.9296875,,0
1782300539.288897,8900.216181,297.0,,99.0,586.9296875,,0
1782300539.388982,8900.316265,296.0,,99.0,586.9296875,,0
1782300539.488897,8900.416180,296.0,,99.0,586.9296875,,0
1782300539.588868,8900.516151,296.0,,99.0,586.9296875,,0
1782300539.688978,8900.616262,297.0,,99.0,586.9296875,,0
1782300539.788984,8900.716267,297.0,,99.0,586.9296875,,0
1782300539.888981,8900.816265,297.0,,99.0,586.9296875,,0
1782300539.988979,8900.916262,297.0,,99.0,586.9296875,,0
1782300540.088981,8901.016266,296.0,,99.0,586.9296875,,0
1782300540.188978,8901.116263,291.0,,99.0,586.9296875,,0
1782300540.288988,8901.216273,37.0,,3.0,586.9296875,,0
1782300540.388988,8901.316273,31.0,,3.0,586.9296875,,0
1782300540.488987,8901.416272,21.0,,4.0,586.9296875,,0
1782300540.588991,8901.516276,22.0,,3.0,586.9296875,,0
1782300540.688995,8901.616280,24.0,,3.0,586.9296875,,0
1782300540.788896,8901.716179,24.0,,3.0,586.9296875,,0
1782300540.888990,8901.816274,22.0,,3.0,586.9296875,,0
1782300540.988989,8901.916274,22.0,,3.0,586.9296875,,0
1782300541.088992,8902.016277,21.0,,3.0,586.9296875,,0
1782300541.188990,8902.116275,21.0,,3.0,586.9296875,,0
1782300541.288988,8902.216273,22.0,,3.0,586.9296875,,0
1782300541.388989,8902.316274,23.0,,3.0,586.9296875,,0
1782300541.488988,8902.416273,22.0,,3.0,586.9296875,,0
1782300541.588989,8902.516273,21.0,,3.0,586.9296875,,0
1782300541.688894,8902.616177,22.0,,3.0,586.9296875,,0
1782300541.788987,8902.716272,22.0,,3.0,586.9296875,,0
1782300541.888988,8902.816273,23.0,,3.0,586.9296875,,0
1782300541.988991,8902.916276,23.0,,3.0,586.9296875,,0
1782300542.089003,8903.016288,21.0,,3.0,586.9296875,,0
1782300542.188992,8903.116277,23.0,,3.0,586.9296875,,0
1782300542.288989,8903.216273,23.0,,2.0,586.9296875,,0
1782300542.388986,8903.316271,23.0,,3.0,586.9296875,,0
1782300542.488988,8903.416273,23.0,,3.0,586.9296875,,0
1782300542.588993,8903.516278,22.0,,2.0,586.9296875,,0
1782300542.688995,8903.616280,23.0,,3.0,586.9296875,,0
1782300542.788988,8903.716273,23.0,,3.0,586.9296875,,0
1782300542.888988,8903.816273,21.0,,3.0,586.9296875,,0
1782300542.988991,8903.916276,21.0,,2.0,586.9296875,,0
1782300543.088990,8904.016275,21.0,,3.0,586.9296875,,0
1782300543.188986,8904.116271,21.0,,3.0,586.9296875,,0
1782300543.288988,8904.216273,22.0,,3.0,586.9296875,,0
1782300543.388992,8904.316277,23.0,,3.0,586.9296875,,0
1782300543.488989,8904.416274,23.0,,2.0,586.9296875,,0
1782300543.588989,8904.516274,21.0,,2.0,586.9296875,,0
1782300543.688988,8904.616273,24.0,,4.0,586.9296875,,0
1782300543.788990,8904.716274,23.0,,3.0,586.9296875,,0
1782300543.888987,8904.816272,25.0,,4.0,586.9296875,,0
1782300543.988990,8904.916274,23.0,,3.0,586.9296875,,0
1782300544.088987,8905.016272,22.0,,3.0,586.9296875,,0
1782300544.188991,8905.116276,22.0,,3.0,586.9296875,,0
1782300544.288988,8905.216273,22.0,,3.0,586.9296875,,0
1782300544.388986,8905.316270,22.0,,3.0,586.9296875,,0
1782300544.488988,8905.416273,25.0,,3.0,586.9296875,,0
1782300544.588991,8905.516276,24.0,,3.0,586.9296875,,0
1782300544.688997,8905.616282,21.0,,3.0,586.9296875,,0
1782300544.789006,8905.716291,22.0,,3.0,586.9296875,,0
1782300544.888999,8905.816284,23.0,,3.0,586.9296875,,0
1782300544.988998,8905.916283,23.0,,3.0,586.9296875,,0
1782300545.088998,8906.016282,22.0,,3.0,586.9296875,,0
1782300545.188988,8906.116273,24.0,,3.0,586.9296875,,0
1782300545.288898,8906.216181,131.0,,64.0,586.9296875,,0
1782300545.388897,8906.316180,221.0,,99.0,586.9296875,,0
1782300545.488896,8906.416179,240.0,,99.0,586.9296875,,0
1782300545.588896,8906.516179,242.0,,99.0,586.9296875,,0
1782300545.688892,8906.616175,242.0,,99.0,586.9296875,,0
1782300545.788894,8906.716178,247.0,,99.0,586.9296875,,0
1782300545.888896,8906.816179,252.0,,99.0,586.9296875,,0
1782300545.988895,8906.916179,256.0,,99.0,586.9296875,,0
1782300546.088896,8907.016179,258.0,,99.0,586.9296875,,0
1782300546.188895,8907.116178,263.0,,99.0,586.9296875,,0
1782300546.288894,8907.216178,266.0,,99.0,586.9296875,,0
1782300546.388898,8907.316181,270.0,,99.0,586.9296875,,0
1782300546.488894,8907.416178,273.0,,99.0,586.9296875,,0
1782300546.588896,8907.516179,277.0,,99.0,586.9296875,,0
1782300546.688895,8907.616178,278.0,,99.0,586.9296875,,0
1782300546.788894,8907.716178,282.0,,99.0,586.9296875,,0
1782300546.888895,8907.816178,284.0,,99.0,586.9296875,,0
1782300546.988896,8907.916179,285.0,,99.0,586.9296875,,0
1782300547.088896,8908.016179,286.0,,99.0,586.9296875,,0
1782300547.188895,8908.116179,286.0,,99.0,586.9296875,,0
1782300547.288895,8908.216178,287.0,,99.0,586.9296875,,0
1782300547.388895,8908.316178,287.0,,99.0,586.9296875,,0
1782300547.488895,8908.416179,288.0,,99.0,586.9296875,,0
1782300547.588896,8908.516179,288.0,,99.0,586.9296875,,0
1782300547.688910,8908.616193,288.0,,99.0,586.9296875,,0
1782300547.788892,8908.716175,287.0,,99.0,586.9296875,,0
1782300547.888894,8908.816177,288.0,,99.0,586.9296875,,0
1782300547.988895,8908.916178,288.0,,99.0,586.9296875,,0
1782300548.088894,8909.016177,288.0,,99.0,586.9296875,,0
1782300548.188894,8909.116177,289.0,,99.0,586.9296875,,0
1782300548.288895,8909.216178,289.0,,99.0,586.9296875,,0
1782300548.388894,8909.316177,290.0,,99.0,586.9296875,,0
1782300548.488894,8909.416177,289.0,,99.0,586.9296875,,0
1782300548.588896,8909.516179,289.0,,99.0,586.9296875,,0
1782300548.688896,8909.616179,290.0,,99.0,586.9296875,,0
1782300548.788894,8909.716177,290.0,,99.0,586.9296875,,0
1782300548.888895,8909.816178,290.0,,99.0,586.9296875,,0
1782300548.988895,8909.916179,290.0,,99.0,586.9296875,,0
1782300549.088895,8910.016178,290.0,,99.0,586.9296875,,0
1782300549.188897,8910.116180,291.0,,99.0,586.9296875,,0
1782300549.288895,8910.216178,291.0,,99.0,586.9296875,,0
1782300549.388896,8910.316179,291.0,,99.0,586.9296875,,0
1782300549.488896,8910.416179,291.0,,99.0,586.9296875,,0
1782300549.588896,8910.516179,291.0,,99.0,586.9296875,,0
1782300549.688894,8910.616177,291.0,,99.0,586.9296875,,0
1782300549.788896,8910.716179,291.0,,99.0,586.9296875,,0
1782300549.888895,8910.816178,291.0,,99.0,586.9296875,,0
1782300549.988897,8910.916180,291.0,,99.0,586.9296875,,0
1782300550.088894,8911.016178,291.0,,99.0,586.9296875,,0
1782300550.188982,8911.116267,291.0,,99.0,586.9296875,,0
1782300550.288980,8911.216264,291.0,,99.0,586.9296875,,0
1782300550.388985,8911.316268,292.0,,99.0,586.9296875,,0
1782300550.488983,8911.416267,291.0,,99.0,586.9296875,,0
1782300550.588983,8911.516267,291.0,,99.0,586.9296875,,0
1782300550.688986,8911.616270,291.0,,99.0,586.9296875,,0
1782300550.788985,8911.716269,292.0,,99.0,586.9296875,,0
1782300550.888985,8911.816269,291.0,,99.0,586.9296875,,0
1782300550.988988,8911.916273,291.0,,99.0,586.9296875,,0
1782300551.088985,8912.016269,291.0,,99.0,586.9296875,,0
1782300551.188987,8912.116270,292.0,,99.0,586.9296875,,0
1782300551.288986,8912.216269,292.0,,99.0,586.9296875,,0
1782300551.388980,8912.316264,292.0,,99.0,586.9296875,,0
1782300551.488988,8912.416272,292.0,,99.0,586.9296875,,0
1782300551.588986,8912.516271,292.0,,99.0,586.9296875,,0
1782300551.688983,8912.616268,292.0,,99.0,586.9296875,,0
1782300551.788983,8912.716266,291.0,,99.0,586.9296875,,0
1782300551.888985,8912.816268,291.0,,99.0,586.9296875,,0
1782300551.988982,8912.916267,292.0,,99.0,586.9296875,,0
1782300552.088982,8913.016268,291.0,,99.0,586.9296875,,0
1782300552.188984,8913.116267,291.0,,99.0,586.9296875,,0
1782300552.288981,8913.216264,291.0,,99.0,586.9296875,,0
1782300552.388988,8913.316271,291.0,,99.0,586.9296875,,0
1782300552.488985,8913.416269,292.0,,99.0,586.9296875,,0
1782300552.588984,8913.516268,292.0,,99.0,586.9296875,,0
1782300552.688982,8913.616267,292.0,,99.0,586.9296875,,0
1782300552.788983,8913.716267,292.0,,99.0,586.9296875,,0
1782300552.888983,8913.816266,292.0,,99.0,586.9296875,,0
1782300552.988981,8913.916264,292.0,,99.0,586.9296875,,0
1782300553.088984,8914.016268,291.0,,99.0,586.9296875,,0
1782300553.188979,8914.116262,292.0,,99.0,586.9296875,,0
1782300553.288984,8914.216267,292.0,,99.0,586.9296875,,0
1782300553.388983,8914.316266,292.0,,99.0,586.9296875,,0
1782300553.489000,8914.416283,292.0,,99.0,586.9296875,,0
1782300553.588984,8914.516268,291.0,,99.0,586.9296875,,0
1782300553.688987,8914.616271,292.0,,99.0,586.9296875,,0
1782300553.788982,8914.716265,292.0,,99.0,586.9296875,,0
1782300553.888986,8914.816270,292.0,,99.0,586.9296875,,0
1782300553.988996,8914.916280,292.0,,99.0,586.9296875,,0
1782300554.088984,8915.016268,292.0,,99.0,586.9296875,,0
1782300554.188985,8915.116268,292.0,,99.0,586.9296875,,0
1782300554.288987,8915.216270,292.0,,99.0,586.9296875,,0
1782300554.388985,8915.316268,292.0,,99.0,586.9296875,,0
1782300554.488988,8915.416271,292.0,,99.0,586.9296875,,0
1782300554.588983,8915.516267,292.0,,99.0,586.9296875,,0
1782300554.688985,8915.616268,293.0,,99.0,586.9296875,,0
1782300554.788986,8915.716269,293.0,,99.0,586.9296875,,0
1782300554.888984,8915.816268,293.0,,99.0,586.9296875,,0
1782300554.988982,8915.916265,293.0,,99.0,586.9296875,,0
1782300555.088984,8916.016268,292.0,,99.0,586.9296875,,0
1782300555.188982,8916.116265,291.0,,99.0,586.9296875,,0
1782300555.288988,8916.216271,292.0,,99.0,586.9296875,,0
1782300555.388982,8916.316265,293.0,,99.0,586.9296875,,0
1782300555.488985,8916.416268,293.0,,99.0,586.9296875,,0
1782300555.588978,8916.516262,294.0,,99.0,586.9296875,,0
1782300555.688984,8916.616268,293.0,,99.0,586.9296875,,0
1782300555.788982,8916.716265,293.0,,99.0,586.9296875,,0
1782300555.888980,8916.816265,292.0,,99.0,586.9296875,,0
1782300555.988984,8916.916269,292.0,,99.0,586.9296875,,0
1782300556.088983,8917.016267,293.0,,99.0,586.9296875,,0
1782300556.188982,8917.116266,293.0,,99.0,586.9296875,,0
1782300556.288984,8917.216267,293.0,,99.0,586.9296875,,0
1782300556.388984,8917.316269,293.0,,99.0,586.9296875,,0
1782300556.488894,8917.416177,294.0,,99.0,586.9296875,,0
1782300556.588892,8917.516175,294.0,,99.0,586.9296875,,0
1782300556.688892,8917.616175,293.0,,99.0,586.9296875,,0
1782300556.788893,8917.716175,292.0,,99.0,586.9296875,,0
1782300556.888892,8917.816175,292.0,,99.0,586.9296875,,0
1782300556.988896,8917.916180,292.0,,99.0,586.9296875,,0
1782300557.088896,8918.016180,293.0,,99.0,586.9296875,,0
1782300557.188896,8918.116179,294.0,,99.0,586.9296875,,0
1782300557.288896,8918.216179,294.0,,99.0,586.9296875,,0
1782300557.388896,8918.316179,294.0,,99.0,586.9296875,,0
1782300557.488895,8918.416179,293.0,,99.0,586.9296875,,0
1782300557.588896,8918.516179,293.0,,99.0,586.9296875,,0
1782300557.688896,8918.616180,293.0,,99.0,586.9296875,,0
1782300557.788896,8918.716179,293.0,,99.0,586.9296875,,0
1782300557.888895,8918.816178,293.0,,99.0,586.9296875,,0
1782300557.988895,8918.916179,293.0,,99.0,586.9296875,,0
1782300558.088896,8919.016180,294.0,,99.0,586.9296875,,0
1782300558.188896,8919.116179,294.0,,99.0,586.9296875,,0
1782300558.288896,8919.216179,295.0,,99.0,586.9296875,,0
1782300558.388906,8919.316189,294.0,,99.0,586.9296875,,0
1782300558.488981,8919.416266,293.0,,99.0,586.9296875,,0
1782300558.588900,8919.516183,293.0,,99.0,586.9296875,,0
1782300558.688897,8919.616180,296.0,,99.0,586.9296875,,0
1782300558.788897,8919.716180,295.0,,99.0,586.9296875,,0
1782300558.888896,8919.816179,301.0,,99.0,586.9296875,,0
1782300558.988896,8919.916179,286.0,,99.0,586.9296875,,0
1782300559.088893,8920.016176,289.0,,99.0,586.9296875,,0
1782300559.188892,8920.116176,292.0,,99.0,586.9296875,,0
1782300559.288892,8920.216175,296.0,,99.0,586.9296875,,0
1782300559.388892,8920.316175,282.0,,99.0,586.9296875,,0
1782300559.488892,8920.416175,294.0,,99.0,586.9296875,,0
1782300559.588892,8920.516175,286.0,,99.0,586.9296875,,0
1782300559.688892,8920.616175,295.0,,99.0,586.9296875,,0
1782300559.788892,8920.716175,290.0,,99.0,586.9296875,,0
1782300559.888977,8920.816261,294.0,,99.0,586.9296875,,0
1782300559.988975,8920.916260,293.0,,99.0,586.9296875,,0
1782300560.088894,8921.016177,300.0,,99.0,586.9296875,,0
1782300560.188986,8921.116270,294.0,,99.0,586.9296875,,0
1782300560.288984,8921.216267,294.0,,99.0,586.9296875,,0
1782300560.388894,8921.316177,293.0,,99.0,586.9296875,,0
1782300560.488984,8921.416269,294.0,,99.0,586.9296875,,0
1782300560.588985,8921.516269,295.0,,99.0,586.9296875,,0
1782300560.688981,8921.616264,296.0,,99.0,586.9296875,,0
1782300560.788980,8921.716265,285.0,,99.0,586.9296875,,0
1782300560.888989,8921.816273,308.0,,99.0,586.9296875,,0
1782300560.988980,8921.916264,284.0,,99.0,586.9296875,,0
1782300561.088910,8922.016195,294.0,,99.0,586.9296875,,0
1782300561.188986,8922.116271,289.0,,99.0,586.9296875,,0
1782300561.288985,8922.216271,301.0,,99.0,586.9296875,,0
1782300561.388987,8922.316271,280.0,,99.0,586.9296875,,0
1782300561.488983,8922.416267,297.0,,99.0,586.9296875,,0
1782300561.588972,8922.516257,295.0,,99.0,586.9296875,,0
1782300561.688987,8922.616271,297.0,,99.0,586.9296875,,0
1782300561.788980,8922.716265,305.0,,100.0,586.9296875,,0
1782300561.888984,8922.816267,286.0,,99.0,586.9296875,,0
1782300561.988980,8922.916265,300.0,,99.0,586.9296875,,0
1782300562.088984,8923.016270,294.0,,99.0,586.9296875,,0
1782300562.188984,8923.116269,291.0,,99.0,586.9296875,,0
1782300562.288986,8923.216272,306.0,,99.0,586.9296875,,0
1782300562.388985,8923.316270,295.0,,99.0,586.9296875,,0
1782300562.488981,8923.416266,295.0,,99.0,586.9296875,,0
1782300562.588986,8923.516271,295.0,,99.0,586.9296875,,0
1782300562.688982,8923.616266,294.0,,99.0,586.9296875,,0
1782300562.788985,8923.716269,295.0,,99.0,586.9296875,,0
1782300562.888984,8923.816269,294.0,,99.0,586.9296875,,0
1782300562.988979,8923.916264,294.0,,99.0,586.9296875,,0
1782300563.088981,8924.016264,295.0,,99.0,586.9296875,,0
1782300563.188985,8924.116270,295.0,,99.0,586.9296875,,0
1782300563.288985,8924.216269,295.0,,99.0,586.9296875,,0
1782300563.388985,8924.316269,295.0,,99.0,586.9296875,,0
1782300563.488981,8924.416266,295.0,,99.0,586.9296875,,0
1782300563.588987,8924.516271,295.0,,99.0,586.9296875,,0
1782300563.688988,8924.616273,295.0,,99.0,586.9296875,,0
1782300563.788987,8924.716273,296.0,,99.0,586.9296875,,0
1782300563.888982,8924.816266,295.0,,99.0,586.9296875,,0
1782300563.988986,8924.916270,295.0,,99.0,586.9296875,,0
1782300564.088981,8925.016264,294.0,,99.0,586.9296875,,0
1782300564.188985,8925.116270,295.0,,99.0,586.9296875,,0
1782300564.288912,8925.216197,295.0,,99.0,586.9296875,,0
1782300564.388913,8925.316197,296.0,,99.0,586.9296875,,0
1782300564.488974,8925.416258,295.0,,99.0,586.9296875,,0
1782300564.588979,8925.516262,295.0,,99.0,586.9296875,,0
1782300564.688984,8925.616268,295.0,,99.0,586.9296875,,0
1782300564.788980,8925.716265,295.0,,99.0,586.9296875,,0
1782300564.888979,8925.816263,295.0,,99.0,586.9296875,,0
1782300564.988985,8925.916270,295.0,,99.0,586.9296875,,0
1782300565.088984,8926.016267,295.0,,99.0,586.9296875,,0
1782300565.188982,8926.116267,295.0,,99.0,586.9296875,,0
1782300565.288979,8926.216264,296.0,,99.0,586.9296875,,0
1782300565.388983,8926.316268,296.0,,99.0,586.9296875,,0
1782300565.488986,8926.416269,296.0,,99.0,586.9296875,,0
1782300565.588985,8926.516269,295.0,,99.0,586.9296875,,0
1782300565.688989,8926.616274,296.0,,99.0,586.9296875,,0
1782300565.788982,8926.716267,294.0,,99.0,586.9296875,,0
1782300565.888983,8926.816267,294.0,,99.0,586.9296875,,0
1782300565.988979,8926.916264,295.0,,99.0,586.9296875,,0
1782300566.088980,8927.016264,296.0,,99.0,586.9296875,,0
1782300566.188979,8927.116264,296.0,,99.0,586.9296875,,0
1782300566.288980,8927.216264,296.0,,99.0,586.9296875,,0
1782300566.388910,8927.316194,296.0,,99.0,586.9296875,,0
1782300566.488979,8927.416263,295.0,,99.0,586.9296875,,0
1782300566.588983,8927.516268,295.0,,99.0,586.9296875,,0
1782300566.688982,8927.616265,295.0,,99.0,586.9296875,,0
1782300566.788989,8927.716272,295.0,,99.0,586.9296875,,0
1782300566.888987,8927.816272,296.0,,99.0,586.9296875,,0
1782300566.988982,8927.916266,295.0,,99.0,586.9296875,,0
1782300567.088894,8928.016177,296.0,,99.0,586.9296875,,0
1782300567.188979,8928.116264,295.0,,99.0,586.9296875,,0
1782300567.288988,8928.216272,296.0,,99.0,586.9296875,,0
1782300567.388982,8928.316266,296.0,,99.0,586.9296875,,0
1782300567.488983,8928.416268,295.0,,99.0,586.9296875,,0
1782300567.588985,8928.516268,295.0,,99.0,586.9296875,,0
1782300567.688982,8928.616266,295.0,,99.0,586.9296875,,0
1782300567.788983,8928.716267,295.0,,99.0,586.9296875,,0
1782300567.888979,8928.816263,296.0,,99.0,586.9296875,,0
1782300567.988976,8928.916260,296.0,,99.0,586.9296875,,0
1782300568.088976,8929.016260,296.0,,99.0,586.9296875,,0
1782300568.188896,8929.116180,296.0,,99.0,586.9296875,,0
1782300568.288894,8929.216178,296.0,,99.0,586.9296875,,0
1782300568.388895,8929.316178,296.0,,99.0,586.9296875,,0
1782300568.488982,8929.416267,296.0,,99.0,586.9296875,,0
1782300568.588981,8929.516266,295.0,,99.0,586.9296875,,0
1782300568.688986,8929.616269,296.0,,99.0,586.9296875,,0
1782300568.788897,8929.716180,296.0,,99.0,586.9296875,,0
1782300568.888981,8929.816264,295.0,,99.0,586.9296875,,0
1782300568.988982,8929.916267,296.0,,99.0,586.9296875,,0
1782300569.088977,8930.016261,296.0,,99.0,586.9296875,,0
1782300569.188981,8930.116265,296.0,,99.0,586.9296875,,0
1782300569.288984,8930.216267,296.0,,99.0,586.9296875,,0
1782300569.388976,8930.316260,295.0,,99.0,586.9296875,,0
1782300569.488981,8930.416266,295.0,,99.0,586.9296875,,0
1782300569.588989,8930.516274,296.0,,99.0,586.9296875,,0
1782300569.688981,8930.616265,296.0,,99.0,586.9296875,,0
1782300569.788980,8930.716264,296.0,,99.0,586.9296875,,0
1782300569.888980,8930.816265,296.0,,99.0,586.9296875,,0
1782300569.988983,8930.916267,296.0,,99.0,586.9296875,,0
1782300570.088980,8931.016264,295.0,,99.0,586.9296875,,0
1782300570.188982,8931.116267,296.0,,99.0,586.9296875,,0
1782300570.288982,8931.216265,295.0,,99.0,586.9296875,,0
1782300570.388980,8931.316263,296.0,,99.0,586.9296875,,0
1782300570.488897,8931.416180,295.0,,99.0,586.9296875,,0
1782300570.588981,8931.516265,296.0,,99.0,586.9296875,,0
1782300570.688982,8931.616266,296.0,,99.0,586.9296875,,0
1782300570.788981,8931.716266,296.0,,99.0,586.9296875,,0
1782300570.888979,8931.816264,296.0,,99.0,586.9296875,,0
1782300570.988983,8931.916267,296.0,,99.0,586.9296875,,0
1782300571.088974,8932.016258,296.0,,99.0,586.9296875,,0
1782300571.188976,8932.116260,296.0,,99.0,586.9296875,,0
1782300571.288980,8932.216265,296.0,,99.0,586.9296875,,0
1782300571.388980,8932.316265,296.0,,99.0,586.9296875,,0
1782300571.488980,8932.416265,297.0,,99.0,586.9296875,,0
1782300571.588984,8932.516267,297.0,,99.0,586.9296875,,0
1782300571.688976,8932.616261,296.0,,99.0,586.9296875,,0
1782300571.788977,8932.716261,296.0,,99.0,586.9296875,,0
1782300571.888980,8932.816264,295.0,,99.0,586.9296875,,0
1782300571.988982,8932.916266,296.0,,99.0,586.9296875,,0
1782300572.088976,8933.016261,297.0,,99.0,586.9296875,,0
1782300572.188979,8933.116264,297.0,,99.0,586.9296875,,0
1782300572.288909,8933.216193,296.0,,99.0,586.9296875,,0
1782300572.388973,8933.316258,296.0,,99.0,586.9296875,,0
1782300572.488969,8933.416253,296.0,,99.0,586.9296875,,0
1782300572.588980,8933.516264,296.0,,99.0,586.9296875,,0
1782300572.688980,8933.616264,297.0,,99.0,586.9296875,,0
1782300572.788980,8933.716264,297.0,,99.0,586.9296875,,0
1782300572.888982,8933.816266,296.0,,99.0,586.9296875,,0
1782300572.988977,8933.916260,296.0,,99.0,586.9296875,,0
1782300573.088979,8934.016263,295.0,,99.0,586.9296875,,0
1782300573.188976,8934.116260,296.0,,99.0,586.9296875,,0
1782300573.288981,8934.216266,297.0,,99.0,586.9296875,,0
1782300573.388982,8934.316267,297.0,,99.0,586.9296875,,0
1782300573.488983,8934.416267,296.0,,99.0,586.9296875,,0
1782300573.588983,8934.516266,296.0,,99.0,586.9296875,,0
1782300573.688983,8934.616266,296.0,,99.0,586.9296875,,0
1782300573.788983,8934.716267,296.0,,99.0,586.9296875,,0
1782300573.888894,8934.816177,297.0,,99.0,586.9296875,,0
1782300573.988984,8934.916268,298.0,,99.0,586.9296875,,0
1782300574.088981,8935.016266,298.0,,99.0,586.9296875,,0
1782300574.188982,8935.116267,296.0,,99.0,586.9296875,,0
1782300574.288983,8935.216267,295.0,,99.0,586.9296875,,0
1782300574.388978,8935.316263,295.0,,99.0,586.9296875,,0
1782300574.488979,8935.416265,296.0,,99.0,586.9296875,,0
1782300574.588981,8935.516266,296.0,,99.0,586.9296875,,0
1782300574.688991,8935.616275,297.0,,99.0,586.9296875,,0
1782300574.788988,8935.716273,297.0,,99.0,586.9296875,,0
1782300574.888982,8935.816266,297.0,,99.0,586.9296875,,0
1782300574.988980,8935.916264,297.0,,99.0,586.9296875,,0
1782300575.088895,8936.016178,297.0,,99.0,586.9296875,,0
1782300575.188979,8936.116264,296.0,,99.0,586.9296875,,0
1782300575.288983,8936.216268,295.0,,99.0,586.9296875,,0
1782300575.388983,8936.316267,295.0,,99.0,586.9296875,,0
1782300575.488987,8936.416270,297.0,,99.0,586.9296875,,0
1782300575.588981,8936.516266,297.0,,99.0,586.9296875,,0
1782300575.688913,8936.616197,297.0,,99.0,586.9296875,,0
1782300575.788981,8936.716265,297.0,,99.0,586.9296875,,0
1782300575.888982,8936.816267,297.0,,99.0,586.9296875,,0
1782300575.988985,8936.916270,297.0,,99.0,586.9296875,,0
1782300576.088982,8937.016266,296.0,,99.0,586.9296875,,0
1782300576.188982,8937.116266,295.0,,99.0,586.9296875,,0
1782300576.288981,8937.216267,297.0,,99.0,586.9296875,,0
1782300576.388894,8937.316177,306.0,,99.0,586.9296875,,0
1782300576.488892,8937.416175,302.0,,99.0,586.9296875,,0
1782300576.588893,8937.516177,302.0,,99.0,586.9296875,,0
1782300576.688894,8937.616177,293.0,,99.0,586.9296875,,0
1782300576.788977,8937.716261,297.0,,99.0,586.9296875,,0
1782300576.888982,8937.816265,297.0,,99.0,586.9296875,,0
1782300576.988973,8937.916257,296.0,,99.0,586.9296875,,0
1782300577.088907,8938.016190,296.0,,99.0,586.9296875,,0
1782300577.188983,8938.116268,296.0,,99.0,586.9296875,,0
1782300577.288979,8938.216263,296.0,,99.0,586.9296875,,0
1782300577.388979,8938.316263,306.0,,99.0,586.9296875,,0
1782300577.488983,8938.416268,288.0,,99.0,586.9296875,,0
1782300577.588980,8938.516265,289.0,,99.0,586.9296875,,0
1782300577.688978,8938.616263,293.0,,99.0,586.9296875,,0
1782300577.788976,8938.716260,303.0,,99.0,586.9296875,,0
1782300577.888979,8938.816264,305.0,,99.0,586.9296875,,0
1782300577.988981,8938.916265,304.0,,99.0,586.9296875,,0
1782300578.088987,8939.016271,294.0,,99.0,586.9296875,,0
1782300578.188976,8939.116260,290.0,,99.0,586.9296875,,0
1782300578.288984,8939.216269,299.0,,99.0,586.9296875,,0
1782300578.388985,8939.316269,309.0,,100.0,586.9296875,,0
1782300578.488981,8939.416266,299.0,,99.0,586.9296875,,0
1782300578.588984,8939.516268,304.0,,99.0,586.9296875,,0
1782300578.688978,8939.616263,305.0,,99.0,586.9296875,,0
1782300578.788982,8939.716265,296.0,,99.0,586.9296875,,0
1782300578.888982,8939.816266,304.0,,99.0,586.9296875,,0
1782300578.988982,8939.916266,304.0,,99.0,586.9296875,,0
1782300579.088975,8940.016260,297.0,,99.0,586.9296875,,0
1782300579.188984,8940.116267,297.0,,99.0,586.9296875,,0
1782300579.288977,8940.216260,297.0,,99.0,586.9296875,,0
1782300579.388982,8940.316265,297.0,,99.0,586.9296875,,0
1782300579.488984,8940.416267,297.0,,99.0,586.9296875,,0
1782300579.588981,8940.516266,295.0,,99.0,586.9296875,,0
1782300579.688982,8940.616267,296.0,,99.0,586.9296875,,0
1782300579.788981,8940.716265,298.0,,99.0,586.9296875,,0
1782300579.888894,8940.816177,297.0,,99.0,586.9296875,,0
1782300579.988975,8940.916259,297.0,,99.0,586.9296875,,0
1782300580.088984,8941.016268,297.0,,99.0,586.9296875,,0
1782300580.188973,8941.116258,296.0,,99.0,586.9296875,,0
1782300580.288990,8941.216275,41.0,,3.0,586.9296875,,0
1782300580.388988,8941.316272,39.0,,3.0,586.9296875,,0
1782300580.489089,8941.416374,24.0,,3.0,586.9296875,,0
1782300580.588988,8941.516273,23.0,,3.0,586.9296875,,0
1782300580.688990,8941.616275,20.0,,4.0,586.9296875,,0
1782300580.788987,8941.716272,21.0,,3.0,586.9296875,,0
1782300580.888987,8941.816271,21.0,,3.0,586.9296875,,0
1782300580.988990,8941.916275,24.0,,3.0,586.9296875,,0
1782300581.088990,8942.016275,21.0,,3.0,586.9296875,,0
1782300581.188986,8942.116271,22.0,,2.0,586.9296875,,0
1782300581.288991,8942.216275,23.0,,3.0,586.9296875,,0
1782300581.388989,8942.316273,22.0,,4.0,586.9296875,,0
1782300581.488989,8942.416274,20.0,,3.0,586.9296875,,0
1782300581.588987,8942.516272,22.0,,3.0,586.9296875,,0
1782300581.688994,8942.616279,22.0,,2.0,586.9296875,,0
1782300581.789065,8942.716350,22.0,,3.0,586.9296875,,0
1782300581.888995,8942.816280,23.0,,3.0,586.9296875,,0
1782300581.988991,8942.916276,20.0,,2.0,586.9296875,,0
1782300582.089003,8943.016287,22.0,,3.0,586.9296875,,0
1782300582.188988,8943.116273,24.0,,3.0,586.9296875,,0
1782300582.288987,8943.216270,24.0,,3.0,586.9296875,,0
1782300582.388992,8943.316277,21.0,,3.0,586.9296875,,0
1782300582.488977,8943.416260,21.0,,3.0,586.9296875,,0
1782300582.588987,8943.516272,23.0,,2.0,586.9296875,,0
1782300582.688986,8943.616271,23.0,,2.0,586.9296875,,0
1782300582.789026,8943.716311,25.0,,3.0,586.9296875,,0
1782300582.888986,8943.816271,23.0,,3.0,586.9296875,,0
1782300582.988992,8943.916276,23.0,,3.0,586.9296875,,0
1782300583.088986,8944.016270,23.0,,3.0,586.9296875,,0
1782300583.188984,8944.116269,22.0,,3.0,586.9296875,,0
1782300583.288988,8944.216273,22.0,,2.0,586.9296875,,0
1782300583.388987,8944.316271,24.0,,3.0,586.9296875,,0
1782300583.488987,8944.416271,22.0,,4.0,586.9296875,,0
1782300583.588987,8944.516272,21.0,,3.0,586.9296875,,0
1782300583.688994,8944.616279,21.0,,3.0,586.9296875,,0
1782300583.788988,8944.716273,21.0,,3.0,586.9296875,,0
1782300583.888991,8944.816276,21.0,,3.0,586.9296875,,0
1782300583.988997,8944.916282,24.0,,3.0,586.9296875,,0
1782300584.088995,8945.016279,22.0,,3.0,586.9296875,,0
1782300584.188982,8945.116266,23.0,,3.0,586.9296875,,0
1782300584.288988,8945.216273,22.0,,3.0,586.9296875,,0
1782300584.389015,8945.316300,22.0,,3.0,586.9296875,,0
1782300584.489007,8945.416292,25.0,,3.0,586.9296875,,0
1782300584.588989,8945.516274,23.0,,3.0,586.9296875,,0
1782300584.688988,8945.616273,22.0,,2.0,586.9296875,,0
1782300584.788987,8945.716272,25.0,,2.0,586.9296875,,0
1782300584.888989,8945.816273,22.0,,3.0,586.9296875,,0
1782300584.988998,8945.916283,23.0,,3.0,586.9296875,,0
1782300585.088988,8946.016273,22.0,,3.0,586.9296875,,0
1782300585.188988,8946.116273,22.0,,3.0,586.9296875,,0
1782300585.288894,8946.216178,120.0,,62.0,586.9296875,,0
1782300585.388979,8946.316263,221.0,,99.0,586.9296875,,0
1782300585.488910,8946.416194,239.0,,99.0,586.9296875,,0
1782300585.588980,8946.516264,241.0,,99.0,586.9296875,,0
1782300585.688981,8946.616265,241.0,,99.0,586.9296875,,0
1782300585.788894,8946.716177,243.0,,99.0,586.9296875,,0
1782300585.888977,8946.816261,246.0,,99.0,586.9296875,,0
1782300585.988981,8946.916266,251.0,,99.0,586.9296875,,0
1782300586.088981,8947.016264,256.0,,99.0,586.9296875,,0
1782300586.188979,8947.116262,258.0,,99.0,586.9296875,,0
1782300586.288980,8947.216263,263.0,,99.0,586.9296875,,0
1782300586.388977,8947.316262,266.0,,99.0,586.9296875,,0
1782300586.488978,8947.416262,270.0,,99.0,586.9296875,,0
1782300586.588974,8947.516259,274.0,,99.0,586.9296875,,0
1782300586.688910,8947.616194,277.0,,99.0,586.9296875,,0
1782300586.788893,8947.716177,279.0,,99.0,586.9296875,,0
1782300586.888893,8947.816177,280.0,,99.0,586.9296875,,0
1782300586.988968,8947.916252,282.0,,99.0,586.9296875,,0
1782300587.088975,8948.016259,282.0,,99.0,586.9296875,,0
1782300587.188978,8948.116261,282.0,,99.0,586.9296875,,0
1782300587.288975,8948.216260,283.0,,99.0,586.9296875,,0
1782300587.388976,8948.316261,283.0,,99.0,586.9296875,,0
1782300587.488976,8948.416261,283.0,,99.0,586.9296875,,0
1782300587.588976,8948.516259,284.0,,99.0,586.9296875,,0
1782300587.688975,8948.616260,284.0,,99.0,586.9296875,,0
1782300587.788914,8948.716198,284.0,,99.0,586.9296875,,0
1782300587.888982,8948.816267,283.0,,99.0,586.9296875,,0
1782300587.988975,8948.916258,283.0,,99.0,586.9296875,,0
1782300588.088977,8949.016261,284.0,,99.0,586.9296875,,0
1782300588.188989,8949.116273,284.0,,99.0,586.9296875,,0
1782300588.288977,8949.216261,285.0,,99.0,586.9296875,,0
1782300588.388976,8949.316259,285.0,,99.0,586.9296875,,0
1782300588.488979,8949.416264,285.0,,99.0,586.9296875,,0
1782300588.588976,8949.516261,285.0,,99.0,586.9296875,,0
1782300588.688976,8949.616260,285.0,,99.0,586.9296875,,0
1782300588.788976,8949.716259,286.0,,99.0,586.9296875,,0
1782300588.888976,8949.816259,286.0,,99.0,586.9296875,,0
1782300588.988984,8949.916267,287.0,,99.0,586.9296875,,0
1782300589.088979,8950.016264,287.0,,99.0,586.9296875,,0
1782300589.189315,8950.116598,287.0,,99.0,586.9296875,,0
1782300589.288893,8950.216176,287.0,,99.0,586.9296875,,0
1782300589.388893,8950.316177,287.0,,99.0,586.9296875,,0
1782300589.488894,8950.416177,287.0,,99.0,586.9296875,,0
1782300589.588893,8950.516177,287.0,,99.0,586.9296875,,0
1782300589.688894,8950.616177,287.0,,99.0,586.9296875,,0
1782300589.788892,8950.716175,287.0,,99.0,586.9296875,,0
1782300589.888977,8950.816260,287.0,,99.0,586.9296875,,0
1782300589.988894,8950.916177,287.0,,99.0,586.9296875,,0
1782300590.088893,8951.016177,287.0,,99.0,586.9296875,,0
1782300590.188894,8951.116177,286.0,,99.0,586.9296875,,0
1782300590.288981,8951.216266,287.0,,99.0,586.9296875,,0
1782300590.388978,8951.316261,287.0,,99.0,586.9296875,,0
1782300590.488894,8951.416177,287.0,,99.0,586.9296875,,0
1782300590.588984,8951.516269,287.0,,99.0,586.9296875,,0
1782300590.688985,8951.616269,287.0,,99.0,586.9296875,,0
1782300590.788980,8951.716264,287.0,,99.0,586.9296875,,0
1782300590.888975,8951.816259,287.0,,99.0,586.9296875,,0
1782300590.988980,8951.916264,287.0,,99.0,586.9296875,,0
1782300591.088897,8952.016180,287.0,,99.0,586.9296875,,0
1782300591.188980,8952.116264,288.0,,99.0,586.9296875,,0
1782300591.288978,8952.216261,287.0,,99.0,586.9296875,,0
1782300591.388978,8952.316263,287.0,,99.0,586.9296875,,0
1782300591.488985,8952.416268,286.0,,99.0,586.9296875,,0
1782300591.588976,8952.516259,287.0,,99.0,586.9296875,,0
1782300591.688974,8952.616258,288.0,,99.0,586.9296875,,0
1782300591.788975,8952.716259,287.0,,99.0,586.9296875,,0
1782300591.888980,8952.816264,287.0,,99.0,586.9296875,,0
1782300591.988978,8952.916261,288.0,,99.0,586.9296875,,0
1782300592.088982,8953.016267,288.0,,99.0,586.9296875,,0
1782300592.188988,8953.116271,287.0,,99.0,586.9296875,,0
1782300592.288988,8953.216273,287.0,,99.0,586.9296875,,0
1782300592.388976,8953.316261,286.0,,99.0,586.9296875,,0
1782300592.488969,8953.416253,287.0,,99.0,586.9296875,,0
1782300592.588979,8953.516263,287.0,,99.0,586.9296875,,0
1782300592.688911,8953.616195,287.0,,99.0,586.9296875,,0
1782300592.788968,8953.716252,287.0,,99.0,586.9296875,,0
1782300592.888975,8953.816261,288.0,,99.0,586.9296875,,0
1782300592.988979,8953.916264,289.0,,99.0,586.9296875,,0
1782300593.088976,8954.016261,288.0,,99.0,586.9296875,,0
1782300593.188979,8954.116264,288.0,,99.0,586.9296875,,0
1782300593.288976,8954.216261,287.0,,99.0,586.9296875,,0
1782300593.388980,8954.316264,287.0,,99.0,586.9296875,,0
1782300593.488976,8954.416260,288.0,,99.0,586.9296875,,0
1782300593.589005,8954.516289,287.0,,99.0,586.9296875,,0
1782300593.688976,8954.616261,288.0,,99.0,586.9296875,,0
1782300593.788983,8954.716267,288.0,,99.0,586.9296875,,0
1782300593.888982,8954.816265,288.0,,99.0,586.9296875,,0
1782300593.988977,8954.916262,295.0,,99.0,586.9296875,,0
1782300594.088911,8955.016195,295.0,,99.0,586.9296875,,0
1782300594.188985,8955.116270,279.0,,99.0,586.9296875,,0
1782300594.288981,8955.216266,286.0,,99.0,586.9296875,,0
1782300594.388990,8955.316275,291.0,,99.0,586.9296875,,0
1782300594.488977,8955.416260,295.0,,99.0,586.9296875,,0
1782300594.588977,8955.516262,291.0,,100.0,586.9296875,,0
1782300594.688894,8955.616178,288.0,,99.0,586.9296875,,0
1782300594.788977,8955.716262,280.0,,99.0,586.9296875,,0
1782300594.888984,8955.816267,288.0,,100.0,586.9296875,,0
1782300594.988978,8955.916262,284.0,,99.0,586.9296875,,0
1782300595.088980,8956.016263,297.0,,99.0,586.9296875,,0
1782300595.188976,8956.116261,283.0,,99.0,586.9296875,,0
1782300595.288980,8956.216263,289.0,,99.0,586.9296875,,0
1782300595.388978,8956.316262,284.0,,99.0,586.9296875,,0
1782300595.488984,8956.416270,278.0,,99.0,586.9296875,,0
1782300595.588977,8956.516262,296.0,,99.0,586.9296875,,0
1782300595.688977,8956.616260,281.0,,99.0,586.9296875,,0
1782300595.788894,8956.716177,289.0,,99.0,586.9296875,,0
1782300595.888894,8956.816177,288.0,,99.0,586.9296875,,0
1782300595.988895,8956.916178,288.0,,99.0,586.9296875,,0
1782300596.088894,8957.016177,289.0,,99.0,586.9296875,,0
1782300596.188894,8957.116177,288.0,,99.0,586.9296875,,0
1782300596.288894,8957.216177,288.0,,99.0,586.9296875,,0
1782300596.388894,8957.316177,288.0,,99.0,586.9296875,,0
1782300596.488892,8957.416175,288.0,,99.0,586.9296875,,0
1782300596.588892,8957.516175,289.0,,99.0,586.9296875,,0
1782300596.688973,8957.616258,290.0,,99.0,586.9296875,,0
1782300596.788981,8957.716264,290.0,,99.0,586.9296875,,0
1782300596.888976,8957.816261,289.0,,99.0,586.9296875,,0
1782300596.988977,8957.916260,288.0,,99.0,586.9296875,,0
1782300597.088978,8958.016262,288.0,,99.0,586.9296875,,0
1782300597.188977,8958.116261,288.0,,99.0,586.9296875,,0
1782300597.288980,8958.216265,289.0,,99.0,586.9296875,,0
1782300597.388976,8958.316261,289.0,,99.0,586.9296875,,0
1782300597.488983,8958.416266,290.0,,99.0,586.9296875,,0
1782300597.588984,8958.516269,289.0,,99.0,586.9296875,,0
1782300597.688981,8958.616266,289.0,,99.0,586.9296875,,0
1782300597.788987,8958.716271,289.0,,99.0,586.9296875,,0
1782300597.888981,8958.816265,289.0,,99.0,586.9296875,,0
1782300597.988978,8958.916263,289.0,,99.0,586.9296875,,0
1782300598.088979,8959.016263,289.0,,99.0,586.9296875,,0
1782300598.188985,8959.116268,289.0,,99.0,586.9296875,,0
1782300598.288976,8959.216260,289.0,,99.0,586.9296875,,0
1782300598.388982,8959.316266,290.0,,99.0,586.9296875,,0
1782300598.488982,8959.416268,290.0,,99.0,586.9296875,,0
1782300598.588982,8959.516265,290.0,,99.0,586.9296875,,0
1782300598.688976,8959.616261,289.0,,99.0,586.9296875,,0
1782300598.788980,8959.716264,289.0,,99.0,586.9296875,,0
1782300598.888976,8959.816261,288.0,,99.0,586.9296875,,0
1782300598.988977,8959.916261,289.0,,99.0,586.9296875,,0
1782300599.088897,8960.016180,290.0,,99.0,586.9296875,,0
1782300599.188976,8960.116260,290.0,,99.0,586.9296875,,0
1782300599.288979,8960.216262,290.0,,99.0,586.9296875,,0
1782300599.388980,8960.316264,291.0,,99.0,586.9296875,,0
1782300599.488981,8960.416265,289.0,,99.0,586.9296875,,0
1782300599.588980,8960.516264,289.0,,99.0,586.9296875,,0
1782300599.688916,8960.616201,288.0,,99.0,586.9296875,,0
1782300599.788980,8960.716264,290.0,,99.0,586.9296875,,0
1782300599.888976,8960.816259,291.0,,99.0,586.9296875,,0
1782300599.988981,8960.916265,291.0,,99.0,586.9296875,,0
1782300600.088978,8961.016261,290.0,,99.0,586.9296875,,0
1782300600.188981,8961.116265,290.0,,99.0,586.9296875,,0
1782300600.288980,8961.216265,289.0,,99.0,586.9296875,,0
1782300600.388979,8961.316263,290.0,,99.0,586.9296875,,0
1782300600.488982,8961.416267,289.0,,99.0,586.9296875,,0
1782300600.588980,8961.516264,289.0,,99.0,586.9296875,,0
1782300600.688895,8961.616178,290.0,,99.0,586.9296875,,0
1782300600.788968,8961.716253,290.0,,99.0,586.9296875,,0
1782300600.888980,8961.816264,289.0,,99.0,586.9296875,,0
1782300600.988975,8961.916260,290.0,,99.0,586.9296875,,0
1782300601.088984,8962.016270,290.0,,99.0,586.9296875,,0
1782300601.188975,8962.116259,289.0,,99.0,586.9296875,,0
1782300601.288977,8962.216262,290.0,,99.0,586.9296875,,0
1782300601.388986,8962.316269,290.0,,99.0,586.9296875,,0
1782300601.488975,8962.416260,289.0,,99.0,586.9296875,,0
1782300601.588977,8962.516262,288.0,,99.0,586.9296875,,0
1782300601.688988,8962.616271,290.0,,99.0,586.9296875,,0
1782300601.788975,8962.716259,290.0,,99.0,586.9296875,,0
1782300601.888897,8962.816181,290.0,,99.0,586.9296875,,0
1782300601.988982,8962.916266,290.0,,99.0,586.9296875,,0
1782300602.088980,8963.016264,290.0,,99.0,586.9296875,,0
1782300602.188978,8963.116261,290.0,,99.0,586.9296875,,0
1782300602.288981,8963.216265,289.0,,99.0,586.9296875,,0
1782300602.388894,8963.316177,290.0,,99.0,586.9296875,,0
1782300602.488894,8963.416177,290.0,,99.0,586.9296875,,0
1782300602.588894,8963.516177,290.0,,99.0,586.9296875,,0
1782300602.688894,8963.616177,291.0,,99.0,586.9296875,,0
1782300602.788894,8963.716177,291.0,,99.0,586.9296875,,0
1782300602.888975,8963.816260,291.0,,99.0,586.9296875,,0
1782300602.988983,8963.916266,291.0,,99.0,586.9296875,,0
1782300603.088986,8964.016269,290.0,,99.0,586.9296875,,0
1782300603.188983,8964.116268,289.0,,99.0,586.9296875,,0
1782300603.288985,8964.216269,289.0,,99.0,586.9296875,,0
1782300603.388982,8964.316267,289.0,,99.0,586.9296875,,0
1782300603.488984,8964.416268,290.0,,99.0,586.9296875,,0
1782300603.588984,8964.516268,291.0,,99.0,586.9296875,,0
1782300603.688980,8964.616264,292.0,,99.0,586.9296875,,0
1782300603.788978,8964.716262,291.0,,99.0,586.9296875,,0
1782300603.888988,8964.816272,291.0,,99.0,586.9296875,,0
1782300603.988991,8964.916276,290.0,,99.0,586.9296875,,0
1782300604.088986,8965.016271,290.0,,99.0,586.9296875,,0
1782300604.188984,8965.116269,290.0,,99.0,586.9296875,,0
1782300604.288981,8965.216264,290.0,,99.0,586.9296875,,0
1782300604.388987,8965.316270,290.0,,99.0,586.9296875,,0
1782300604.488986,8965.416270,291.0,,99.0,586.9296875,,0
1782300604.588988,8965.516272,290.0,,99.0,586.9296875,,0
1782300604.688984,8965.616269,290.0,,99.0,586.9296875,,0
1782300604.788987,8965.716272,290.0,,99.0,586.9296875,,0
1782300604.888985,8965.816269,290.0,,99.0,586.9296875,,0
1782300604.988981,8965.916266,291.0,,99.0,586.9296875,,0
1782300605.088983,8966.016267,289.0,,99.0,586.9296875,,0
1782300605.188981,8966.116264,290.0,,99.0,586.9296875,,0
1782300605.288980,8966.216264,291.0,,99.0,586.9296875,,0
1782300605.388979,8966.316264,291.0,,99.0,586.9296875,,0
1782300605.488987,8966.416272,291.0,,99.0,586.9296875,,0
1782300605.588985,8966.516270,291.0,,99.0,586.9296875,,0
1782300605.688985,8966.616270,291.0,,99.0,586.9296875,,0
1782300605.788971,8966.716255,290.0,,99.0,586.9296875,,0
1782300605.888983,8966.816268,290.0,,99.0,586.9296875,,0
1782300605.988981,8966.916266,291.0,,99.0,586.9296875,,0
1782300606.088983,8967.016267,291.0,,99.0,586.9296875,,0
1782300606.188984,8967.116269,290.0,,99.0,586.9296875,,0
1782300606.288985,8967.216270,290.0,,99.0,586.9296875,,0
1782300606.388982,8967.316267,291.0,,99.0,586.9296875,,0
1782300606.488987,8967.416270,291.0,,99.0,586.9296875,,0
1782300606.588981,8967.516264,291.0,,99.0,586.9296875,,0
1782300606.688979,8967.616264,291.0,,99.0,586.9296875,,0
1782300606.788983,8967.716266,290.0,,99.0,586.9296875,,0
1782300606.888982,8967.816267,290.0,,99.0,586.9296875,,0
1782300606.988981,8967.916265,291.0,,99.0,586.9296875,,0
1782300607.088986,8968.016270,290.0,,99.0,586.9296875,,0
1782300607.188981,8968.116266,289.0,,99.0,586.9296875,,0
1782300607.288980,8968.216264,291.0,,99.0,586.9296875,,0
1782300607.389000,8968.316284,291.0,,99.0,586.9296875,,0
1782300607.488985,8968.416270,291.0,,99.0,586.9296875,,0
1782300607.588984,8968.516270,291.0,,99.0,586.9296875,,0
1782300607.688986,8968.616270,291.0,,99.0,586.9296875,,0
1782300607.788985,8968.716269,290.0,,99.0,586.9296875,,0
1782300607.888993,8968.816277,291.0,,99.0,586.9296875,,0
1782300607.988987,8968.916271,291.0,,99.0,586.9296875,,0
1782300608.088989,8969.016272,291.0,,99.0,586.9296875,,0
1782300608.188987,8969.116272,291.0,,99.0,586.9296875,,0
1782300608.288988,8969.216271,290.0,,99.0,586.9296875,,0
1782300608.388984,8969.316267,291.0,,99.0,586.9296875,,0
1782300608.488992,8969.416276,292.0,,99.0,586.9296875,,0
1782300608.588986,8969.516270,292.0,,99.0,586.9296875,,0
1782300608.688986,8969.616269,292.0,,99.0,586.9296875,,0
1782300608.788977,8969.716262,291.0,,99.0,586.9296875,,0
1782300608.888985,8969.816269,290.0,,99.0,586.9296875,,0
1782300608.988986,8969.916271,290.0,,99.0,586.9296875,,0
1782300609.088980,8970.016263,291.0,,99.0,586.9296875,,0
1782300609.188984,8970.116268,291.0,,99.0,586.9296875,,0
1782300609.288983,8970.216268,292.0,,99.0,586.9296875,,0
1782300609.388983,8970.316267,292.0,,99.0,586.9296875,,0
1782300609.488985,8970.416270,291.0,,99.0,586.9296875,,0
1782300609.588984,8970.516269,292.0,,99.0,586.9296875,,0
1782300609.688988,8970.616271,291.0,,99.0,586.9296875,,0
1782300609.788894,8970.716177,300.0,,99.0,586.9296875,,0
1782300609.888985,8970.816270,291.0,,99.0,586.9296875,,0
1782300609.988982,8970.916267,291.0,,99.0,586.9296875,,0
1782300610.088986,8971.016270,291.0,,99.0,586.9296875,,0
1782300610.188982,8971.116267,296.0,,99.0,586.9296875,,0
1782300610.288985,8971.216270,296.0,,99.0,586.9296875,,0
1782300610.388989,8971.316273,294.0,,99.0,586.9296875,,0
1782300610.488980,8971.416263,296.0,,99.0,586.9296875,,0
1782300610.588984,8971.516269,296.0,,99.0,586.9296875,,0
1782300610.688984,8971.616269,296.0,,99.0,586.9296875,,0
1782300610.788983,8971.716267,296.0,,99.0,586.9296875,,0
1782300610.888982,8971.816265,287.0,,99.0,586.9296875,,0
1782300610.988892,8971.916176,296.0,,99.0,586.9296875,,0
1782300611.088976,8972.016261,287.0,,99.0,586.9296875,,0
1782300611.188983,8972.116268,303.0,,100.0,586.9296875,,0
1782300611.288980,8972.216264,290.0,,99.0,586.9296875,,0
1782300611.388980,8972.316264,298.0,,99.0,586.9296875,,0
1782300611.488985,8972.416268,289.0,,99.0,586.9296875,,0
1782300611.589005,8972.516290,299.0,,99.0,586.9296875,,0
1782300611.688981,8972.616265,297.0,,99.0,586.9296875,,0
1782300611.788894,8972.716177,296.0,,99.0,586.9296875,,0
1782300611.888988,8972.816272,302.0,,99.0,586.9296875,,0
1782300611.988980,8972.916263,309.0,,99.0,586.9296875,,0
1782300612.089315,8973.016598,296.0,,99.0,586.9296875,,0
1782300612.188892,8973.116176,296.0,,99.0,586.9296875,,0
1782300612.288972,8973.216256,294.0,,99.0,586.9296875,,0
1782300612.388987,8973.316271,292.0,,99.0,586.9296875,,0
1782300612.488980,8973.416265,292.0,,99.0,586.9296875,,0
1782300612.588982,8973.516266,295.0,,99.0,586.9296875,,0
1782300612.688979,8973.616263,296.0,,99.0,586.9296875,,0
1782300612.788980,8973.716264,296.0,,99.0,586.9296875,,0
1782300612.888976,8973.816261,295.0,,99.0,586.9296875,,0
1782300612.988981,8973.916265,296.0,,99.0,586.9296875,,0
1782300613.088990,8974.016273,296.0,,99.0,586.9296875,,0
1782300613.188984,8974.116269,296.0,,99.0,586.9296875,,0
1782300613.288984,8974.216268,296.0,,99.0,586.9296875,,0
1782300613.388977,8974.316262,296.0,,99.0,586.9296875,,0
1782300613.488985,8974.416269,296.0,,99.0,586.9296875,,0
1782300613.588981,8974.516266,296.0,,99.0,586.9296875,,0
1782300613.688976,8974.616261,296.0,,99.0,586.9296875,,0
1782300613.788975,8974.716260,296.0,,99.0,586.9296875,,0
1782300613.888987,8974.816270,296.0,,99.0,586.9296875,,0
1782300613.988979,8974.916263,296.0,,99.0,586.9296875,,0
1782300614.088978,8975.016263,296.0,,99.0,586.9296875,,0
1782300614.188986,8975.116270,297.0,,99.0,586.9296875,,0
1782300614.288986,8975.216269,296.0,,99.0,586.9296875,,0
1782300614.388983,8975.316269,296.0,,99.0,586.9296875,,0
1782300614.488982,8975.416267,296.0,,99.0,586.9296875,,0
1782300614.588979,8975.516263,297.0,,99.0,586.9296875,,0
1782300614.688978,8975.616263,298.0,,99.0,586.9296875,,0
1782300614.788977,8975.716261,296.0,,99.0,586.9296875,,0
1782300614.888980,8975.816263,295.0,,99.0,586.9296875,,0
1782300614.988991,8975.916274,296.0,,99.0,586.9296875,,0
1782300615.088897,8976.016180,297.0,,99.0,586.9296875,,0
1782300615.188983,8976.116268,297.0,,99.0,586.9296875,,0
1782300615.288986,8976.216271,296.0,,99.0,586.9296875,,0
1782300615.388980,8976.316265,296.0,,99.0,586.9296875,,0
1782300615.488978,8976.416262,296.0,,99.0,586.9296875,,0
1782300615.588981,8976.516265,296.0,,99.0,586.9296875,,0
1782300615.688988,8976.616273,297.0,,99.0,586.9296875,,0
1782300615.788980,8976.716264,296.0,,99.0,586.9296875,,0
1782300615.888985,8976.816269,295.0,,99.0,586.9296875,,0
1782300615.988977,8976.916262,295.0,,99.0,586.9296875,,0
1782300616.088980,8977.016264,296.0,,99.0,586.9296875,,0
1782300616.188986,8977.116270,297.0,,99.0,586.9296875,,0
1782300616.288982,8977.216266,297.0,,99.0,586.9296875,,0
1782300616.388977,8977.316262,296.0,,99.0,586.9296875,,0
1782300616.488984,8977.416268,296.0,,99.0,586.9296875,,0
1782300616.588981,8977.516265,296.0,,99.0,586.9296875,,0
1782300616.688984,8977.616269,297.0,,99.0,586.9296875,,0
1782300616.788984,8977.716268,296.0,,99.0,586.9296875,,0
1782300616.888981,8977.816265,296.0,,99.0,586.9296875,,0
1782300616.988984,8977.916269,296.0,,99.0,586.9296875,,0
1782300617.088980,8978.016263,296.0,,99.0,586.9296875,,0
1782300617.188979,8978.116264,297.0,,99.0,586.9296875,,0
1782300617.288987,8978.216271,297.0,,99.0,586.9296875,,0
1782300617.388983,8978.316268,296.0,,99.0,586.9296875,,0
1782300617.488986,8978.416271,296.0,,99.0,586.9296875,,0
1782300617.588986,8978.516270,296.0,,99.0,586.9296875,,0
1782300617.688985,8978.616269,296.0,,99.0,586.9296875,,0
1782300617.788910,8978.716195,297.0,,99.0,586.9296875,,0
1782300617.888974,8978.816258,297.0,,99.0,586.9296875,,0
1782300617.988988,8978.916271,297.0,,99.0,586.9296875,,0
1782300618.088980,8979.016265,297.0,,99.0,586.9296875,,0
1782300618.188980,8979.116265,295.0,,99.0,586.9296875,,0
1782300618.288982,8979.216266,295.0,,99.0,586.9296875,,0
1782300618.388984,8979.316268,296.0,,99.0,586.9296875,,0
1782300618.488984,8979.416268,297.0,,99.0,586.9296875,,0
1782300618.588985,8979.516270,298.0,,99.0,586.9296875,,0
1782300618.688894,8979.616177,298.0,,99.0,586.9296875,,0
1782300618.788981,8979.716266,297.0,,99.0,586.9296875,,0
1782300618.888985,8979.816270,297.0,,99.0,586.9296875,,0
1782300618.988978,8979.916263,297.0,,99.0,586.9296875,,0
1782300619.088978,8980.016263,297.0,,99.0,586.9296875,,0
1782300619.188977,8980.116262,295.0,,99.0,586.9296875,,0
1782300619.288983,8980.216266,296.0,,99.0,586.9296875,,0
1782300619.388981,8980.316264,297.0,,99.0,586.9296875,,0
1782300619.488978,8980.416262,297.0,,99.0,586.9296875,,0
1782300619.588980,8980.516264,297.0,,99.0,586.9296875,,0
1782300619.688968,8980.616253,298.0,,99.0,586.9296875,,0
1782300619.788982,8980.716267,297.0,,99.0,586.9296875,,0
1782300619.888984,8980.816269,297.0,,99.0,586.9296875,,0
1782300619.988980,8980.916264,296.0,,99.0,586.9296875,,0
1782300620.088975,8981.016259,295.0,,99.0,586.9296875,,0
1782300620.188984,8981.116269,296.0,,99.0,586.9296875,,0
1782300620.288904,8981.216188,155.0,,54.0,356.8359375,,0
1782300620.389018,8981.316303,34.0,,,354.71484375,,0
1782300620.488994,8981.416279,29.0,,,354.71484375,,0
1782300620.588993,8981.516278,17.0,,,354.71484375,,0
1782300620.688992,8981.616277,17.0,,,354.71484375,,0
1782300620.788994,8981.716278,17.0,,,354.71484375,,0
