sample_epoch,mono_s,power_w,energy_uj,gfx_busy_pct,vram_used_mb,sclk_mhz,device_id
1782300221.940637,8582.867920,15.0,,10.0,354.71484375,,0
1782300222.040796,8582.968081,11.0,,1.0,354.71484375,,0
1782300222.140787,8583.068072,14.0,,,354.71484375,,0
1782300222.240792,8583.168077,11.0,,1.0,354.71484375,,0
1782300222.340790,8583.268075,10.0,,,354.71484375,,0
1782300222.440761,8583.368044,10.0,,,354.71484375,,0
1782300222.545728,8583.473012,13.0,,,354.71484375,,0
1782300222.640782,8583.568066,21.0,,18.0,354.75390625,,0
1782300222.740792,8583.668076,18.0,,3.0,354.7578125,,0
1782300222.840788,8583.768072,14.0,,,354.7578125,,0
1782300222.940788,8583.868072,15.0,,,354.7578125,,0
1782300223.040785,8583.968068,9.0,,,354.7578125,,0
1782300223.140793,8584.068077,10.0,,,354.7578125,,0
1782300223.240796,8584.168080,16.0,,3.0,524.12890625,,0
1782300223.340785,8584.268069,23.0,,17.0,586.921875,,0
1782300223.440785,8584.368068,97.0,,100.0,586.921875,,0
1782300223.540776,8584.468060,135.0,,99.0,586.921875,,0
1782300223.640774,8584.568058,179.0,,100.0,586.921875,,0
1782300223.740780,8584.668065,195.0,,99.0,586.921875,,0
1782300223.840807,8584.768091,256.0,,99.0,586.921875,,0
1782300223.940786,8584.868069,250.0,,99.0,586.921875,,0
1782300224.040780,8584.968064,282.0,,99.0,586.921875,,0
1782300224.140782,8585.068066,276.0,,99.0,586.921875,,0
1782300224.240782,8585.168066,298.0,,99.0,586.921875,,0
1782300224.340772,8585.268057,296.0,,99.0,586.921875,,0
1782300224.440793,8585.368078,290.0,,99.0,586.921875,,0
1782300224.540777,8585.468062,283.0,,99.0,586.921875,,0
1782300224.640776,8585.568061,311.0,,99.0,586.921875,,0
1782300224.740779,8585.668064,292.0,,99.0,586.921875,,0
1782300224.840786,8585.768070,303.0,,99.0,586.921875,,0
1782300224.940779,8585.868064,295.0,,99.0,586.921875,,0
1782300225.040778,8585.968063,311.0,,99.0,586.921875,,0
1782300225.140781,8586.068066,300.0,,99.0,586.921875,,0
1782300225.240789,8586.168073,299.0,,99.0,586.921875,,0
1782300225.340771,8586.268056,299.0,,99.0,586.921875,,0
1782300225.440782,8586.368067,299.0,,99.0,586.921875,,0
1782300225.540772,8586.468057,299.0,,99.0,586.921875,,0
1782300225.640777,8586.568062,300.0,,99.0,586.921875,,0
1782300225.740780,8586.668063,299.0,,99.0,586.921875,,0
1782300225.840798,8586.768081,300.0,,99.0,586.921875,,0
1782300225.940774,8586.868058,299.0,,99.0,586.921875,,0
1782300226.040778,8586.968063,300.0,,99.0,586.921875,,0
1782300226.140776,8587.068061,299.0,,99.0,586.921875,,0
1782300226.240779,8587.168062,300.0,,99.0,586.921875,,0
1782300226.340782,8587.268066,299.0,,99.0,586.921875,,0
1782300226.440780,8587.368063,300.0,,99.0,586.921875,,0
1782300226.540781,8587.468065,300.0,,99.0,586.921875,,0
1782300226.640776,8587.568059,300.0,,99.0,586.921875,,0
1782300226.740780,8587.668064,299.0,,99.0,586.921875,,0
1782300226.840772,8587.768057,299.0,,99.0,586.921875,,0
1782300226.940775,8587.868058,300.0,,99.0,586.921875,,0
1782300227.040778,8587.968063,299.0,,99.0,586.921875,,0
1782300227.140777,8588.068061,300.0,,99.0,586.921875,,0
1782300227.240778,8588.168062,299.0,,99.0,586.921875,,0
1782300227.340778,8588.268062,299.0,,99.0,586.921875,,0
1782300227.440775,8588.368059,300.0,,99.0,586.921875,,0
1782300227.540782,8588.468066,299.0,,99.0,586.921875,,0
1782300227.640778,8588.568063,298.0,,99.0,586.921875,,0
1782300227.740780,8588.668065,301.0,,99.0,586.921875,,0
1782300227.840780,8588.768065,299.0,,99.0,586.921875,,0
1782300227.940785,8588.868070,300.0,,99.0,586.921875,,0
1782300228.040778,8588.968062,299.0,,99.0,586.921875,,0
1782300228.140779,8589.068064,299.0,,99.0,586.921875,,0
1782300228.240778,8589.168063,300.0,,99.0,586.921875,,0
1782300228.340779,8589.268064,299.0,,99.0,586.921875,,0
1782300228.440782,8589.368067,300.0,,99.0,586.921875,,0
1782300228.540778,8589.468062,299.0,,99.0,586.921875,,0
1782300228.640781,8589.568066,300.0,,99.0,586.921875,,0
1782300228.740781,8589.668066,299.0,,99.0,586.921875,,0
1782300228.840775,8589.768060,299.0,,99.0,586.921875,,0
1782300228.940796,8589.868080,300.0,,99.0,586.921875,,0
1782300229.040777,8589.968062,299.0,,99.0,586.921875,,0
1782300229.140777,8590.068060,300.0,,99.0,586.921875,,0
1782300229.240772,8590.168056,299.0,,99.0,586.921875,,0
1782300229.340778,8590.268062,299.0,,99.0,586.921875,,0
1782300229.440774,8590.368059,300.0,,99.0,586.921875,,0
1782300229.540781,8590.468065,301.0,,99.0,586.921875,,0
1782300229.640784,8590.568068,298.0,,99.0,586.921875,,0
1782300229.740773,8590.668057,300.0,,99.0,586.921875,,0
1782300229.840785,8590.768069,300.0,,99.0,586.921875,,0
1782300229.940791,8590.868074,299.0,,99.0,586.921875,,0
1782300230.040781,8590.968066,300.0,,99.0,586.921875,,0
1782300230.140776,8591.068061,299.0,,99.0,586.921875,,0
1782300230.240778,8591.168062,299.0,,99.0,586.921875,,0
1782300230.340783,8591.268068,300.0,,99.0,586.921875,,0
1782300230.440778,8591.368062,300.0,,99.0,586.921875,,0
1782300230.540779,8591.468063,299.0,,99.0,586.921875,,0
1782300230.640773,8591.568057,299.0,,99.0,586.921875,,0
1782300230.740780,8591.668064,298.0,,99.0,586.921875,,0
1782300230.840774,8591.768058,300.0,,99.0,586.921875,,0
1782300230.940779,8591.868063,301.0,,99.0,586.921875,,0
1782300231.040780,8591.968064,299.0,,99.0,586.921875,,0
1782300231.140780,8592.068065,299.0,,99.0,586.921875,,0
1782300231.240779,8592.168063,300.0,,99.0,586.921875,,0
1782300231.340777,8592.268062,299.0,,99.0,586.921875,,0
1782300231.440793,8592.368078,300.0,,99.0,586.921875,,0
1782300231.540778,8592.468062,299.0,,99.0,586.921875,,0
1782300231.640782,8592.568066,299.0,,99.0,586.921875,,0
1782300231.740780,8592.668064,300.0,,99.0,586.921875,,0
1782300231.840777,8592.768060,299.0,,99.0,586.921875,,0
1782300231.940779,8592.868063,300.0,,99.0,586.921875,,0
1782300232.040785,8592.968070,300.0,,99.0,586.921875,,0
1782300232.140788,8593.068072,299.0,,99.0,586.921875,,0
1782300232.240783,8593.168067,301.0,,99.0,586.921875,,0
1782300232.340786,8593.268071,298.0,,99.0,586.921875,,0
1782300232.440777,8593.368060,300.0,,99.0,586.921875,,0
1782300232.540778,8593.468063,300.0,,99.0,586.921875,,0
1782300232.640774,8593.568059,300.0,,99.0,586.921875,,0
1782300232.740779,8593.668063,299.0,,99.0,586.921875,,0
1782300232.840780,8593.768064,300.0,,99.0,586.921875,,0
1782300232.940777,8593.868061,299.0,,99.0,586.921875,,0
1782300233.040779,8593.968062,299.0,,99.0,586.921875,,0
1782300233.140778,8594.068063,300.0,,99.0,586.921875,,0
1782300233.240777,8594.168062,299.0,,99.0,586.921875,,0
1782300233.340781,8594.268065,300.0,,99.0,586.921875,,0
1782300233.440783,8594.368066,299.0,,99.0,586.921875,,0
1782300233.540780,8594.468064,299.0,,99.0,586.921875,,0
1782300233.640781,8594.568066,300.0,,99.0,586.921875,,0
1782300233.740771,8594.668055,299.0,,99.0,586.921875,,0
1782300233.840776,8594.768061,300.0,,99.0,586.921875,,0
1782300233.940775,8594.868059,300.0,,99.0,586.921875,,0
1782300234.040782,8594.968065,299.0,,99.0,586.921875,,0
1782300234.140778,8595.068061,300.0,,99.0,586.921875,,0
1782300234.240781,8595.168065,299.0,,99.0,586.921875,,0
1782300234.340785,8595.268069,299.0,,99.0,586.921875,,0
1782300234.440774,8595.368058,300.0,,99.0,586.921875,,0
1782300234.540772,8595.468057,298.0,,99.0,586.921875,,0
1782300234.640780,8595.568065,300.0,,99.0,586.921875,,0
1782300234.740774,8595.668059,299.0,,99.0,586.921875,,0
1782300234.840780,8595.768065,299.0,,99.0,586.921875,,0
1782300234.940778,8595.868062,300.0,,99.0,586.921875,,0
1782300235.040779,8595.968063,299.0,,99.0,586.921875,,0
1782300235.140782,8596.068067,300.0,,99.0,586.921875,,0
1782300235.240781,8596.168066,300.0,,99.0,586.921875,,0
1782300235.340782,8596.268066,299.0,,99.0,586.921875,,0
1782300235.440778,8596.368063,300.0,,99.0,586.921875,,0
1782300235.540775,8596.468059,300.0,,99.0,586.921875,,0
1782300235.640791,8596.568075,299.0,,99.0,586.921875,,0
1782300235.740780,8596.668063,300.0,,99.0,586.921875,,0
1782300235.840691,8596.767974,299.0,,99.0,586.921875,,0
1782300235.940772,8596.868057,300.0,,99.0,586.921875,,0
1782300236.040771,8596.968055,298.0,,99.0,586.921875,,0
1782300236.140783,8597.068067,300.0,,99.0,586.921875,,0
1782300236.240785,8597.168069,299.0,,99.0,586.921875,,0
1782300236.340768,8597.268053,301.0,,99.0,586.921875,,0
1782300236.440782,8597.368066,299.0,,99.0,586.921875,,0
1782300236.540691,8597.467974,299.0,,99.0,586.921875,,0
1782300236.640781,8597.568066,300.0,,99.0,586.921875,,0
1782300236.740773,8597.668058,299.0,,99.0,586.921875,,0
1782300236.840783,8597.768067,300.0,,99.0,586.921875,,0
1782300236.940691,8597.867974,300.0,,99.0,586.921875,,0
1782300237.040781,8597.968066,299.0,,99.0,586.921875,,0
1782300237.140779,8598.068063,300.0,,99.0,586.921875,,0
1782300237.240787,8598.168071,299.0,,99.0,586.921875,,0
1782300237.340785,8598.268069,300.0,,99.0,586.921875,,0
1782300237.440797,8598.368081,300.0,,99.0,586.921875,,0
1782300237.540776,8598.468061,300.0,,99.0,586.921875,,0
1782300237.640786,8598.568069,299.0,,99.0,586.921875,,0
1782300237.740710,8598.667994,299.0,,99.0,586.921875,,0
1782300237.840783,8598.768068,300.0,,99.0,586.921875,,0
1782300237.940778,8598.868062,300.0,,99.0,586.921875,,0
1782300238.040786,8598.968071,299.0,,99.0,586.921875,,0
1782300238.140783,8599.068067,300.0,,99.0,586.921875,,0
1782300238.240784,8599.168068,299.0,,99.0,586.921875,,0
1782300238.340781,8599.268066,299.0,,99.0,586.921875,,0
1782300238.440717,8599.368018,300.0,,99.0,586.921875,,0
1782300238.540783,8599.468067,299.0,,99.0,586.921875,,0
1782300238.640786,8599.568070,299.0,,99.0,586.921875,,0
1782300238.740785,8599.668069,300.0,,99.0,586.921875,,0
1782300238.840780,8599.768064,299.0,,99.0,586.921875,,0
1782300238.940784,8599.868069,299.0,,99.0,586.921875,,0
1782300239.040785,8599.968069,301.0,,99.0,586.921875,,0
1782300239.140786,8600.068071,298.0,,99.0,586.921875,,0
1782300239.240784,8600.168069,300.0,,99.0,586.921875,,0
1782300239.340784,8600.268069,310.0,,99.0,586.921875,,0
1782300239.440790,8600.368073,299.0,,99.0,586.921875,,0
1782300239.540728,8600.468013,300.0,,99.0,586.921875,,0
1782300239.640787,8600.568071,300.0,,99.0,586.921875,,0
1782300239.740776,8600.668060,306.0,,99.0,586.921875,,0
1782300239.840711,8600.767996,272.0,,100.0,586.921875,,0
1782300239.940786,8600.868069,300.0,,99.0,586.921875,,0
1782300240.040783,8600.968067,300.0,,99.0,586.921875,,0
1782300240.140798,8601.068082,299.0,,99.0,586.921875,,0
1782300240.240691,8601.167974,299.0,,99.0,586.921875,,0
1782300240.340785,8601.268069,300.0,,99.0,586.921875,,0
1782300240.440780,8601.368064,299.0,,99.0,586.921875,,0
1782300240.540784,8601.468067,300.0,,99.0,586.921875,,0
1782300240.640779,8601.568063,300.0,,99.0,586.921875,,0
1782300240.740786,8601.668070,276.0,,99.0,586.921875,,0
1782300240.840785,8601.768069,296.0,,99.0,586.921875,,0
1782300240.940781,8601.868065,273.0,,99.0,586.921875,,0
1782300241.040780,8601.968065,318.0,,99.0,586.921875,,0
1782300241.140780,8602.068065,303.0,,99.0,586.921875,,0
1782300241.240781,8602.168066,306.0,,100.0,586.921875,,0
1782300241.340783,8602.268067,299.0,,99.0,586.921875,,0
1782300241.440789,8602.368073,300.0,,99.0,586.921875,,0
1782300241.540691,8602.467974,300.0,,99.0,586.921875,,0
1782300241.640788,8602.568072,319.0,,99.0,586.921875,,0
1782300241.740788,8602.668073,293.0,,99.0,586.921875,,0
1782300241.840787,8602.768071,276.0,,99.0,586.921875,,0
1782300241.940786,8602.868070,298.0,,99.0,586.921875,,0
1782300242.040787,8602.968071,318.0,,99.0,586.921875,,0
1782300242.140784,8603.068069,299.0,,99.0,586.921875,,0
1782300242.240691,8603.167974,300.0,,99.0,586.921875,,0
1782300242.340786,8603.268071,300.0,,99.0,586.921875,,0
1782300242.440786,8603.368070,299.0,,99.0,586.921875,,0
1782300242.540785,8603.468069,300.0,,99.0,586.921875,,0
1782300242.640786,8603.568070,300.0,,99.0,586.921875,,0
1782300242.740785,8603.668070,299.0,,99.0,586.921875,,0
1782300242.840786,8603.768070,287.0,,99.0,586.921875,,0
1782300242.940782,8603.868066,299.0,,99.0,586.921875,,0
1782300243.040783,8603.968067,300.0,,99.0,586.921875,,0
1782300243.140708,8604.067992,299.0,,99.0,586.921875,,0
1782300243.240785,8604.168068,300.0,,99.0,586.921875,,0
1782300243.340784,8604.268068,299.0,,99.0,586.921875,,0
1782300243.440782,8604.368067,299.0,,99.0,586.921875,,0
1782300243.540708,8604.467992,300.0,,99.0,586.921875,,0
1782300243.640787,8604.568071,299.0,,99.0,586.921875,,0
1782300243.740786,8604.668070,300.0,,99.0,586.921875,,0
1782300243.840788,8604.768073,299.0,,99.0,586.921875,,0
1782300243.940776,8604.868061,300.0,,99.0,586.921875,,0
1782300244.040790,8604.968074,297.0,,99.0,586.921875,,0
1782300244.140785,8605.068069,301.0,,99.0,586.921875,,0
1782300244.240708,8605.167992,300.0,,99.0,586.921875,,0
1782300244.340783,8605.268067,299.0,,99.0,586.921875,,0
1782300244.440784,8605.368069,299.0,,99.0,586.921875,,0
1782300244.540784,8605.468068,301.0,,99.0,586.921875,,0
1782300244.640808,8605.568092,299.0,,99.0,586.921875,,0
1782300244.740807,8605.668091,299.0,,99.0,586.921875,,0
1782300244.840786,8605.768070,298.0,,99.0,586.921875,,0
1782300244.940798,8605.868082,302.0,,99.0,586.921875,,0
1782300245.040785,8605.968070,299.0,,99.0,586.921875,,0
1782300245.140780,8606.068065,299.0,,99.0,586.921875,,0
1782300245.240784,8606.168068,300.0,,99.0,586.921875,,0
1782300245.340788,8606.268072,299.0,,99.0,586.921875,,0
1782300245.440787,8606.368071,300.0,,99.0,586.921875,,0
1782300245.540781,8606.468065,299.0,,99.0,586.921875,,0
1782300245.640780,8606.568064,299.0,,99.0,586.921875,,0
1782300245.740786,8606.668069,300.0,,99.0,586.921875,,0
1782300245.840786,8606.768070,300.0,,99.0,586.921875,,0
1782300245.940708,8606.867992,299.0,,99.0,586.921875,,0
1782300246.040691,8606.967974,299.0,,99.0,586.921875,,0
1782300246.140769,8607.068054,300.0,,99.0,586.921875,,0
1782300246.240788,8607.168073,299.0,,99.0,586.921875,,0
1782300246.340784,8607.268068,299.0,,99.0,586.921875,,0
1782300246.440783,8607.368067,300.0,,99.0,586.921875,,0
1782300246.540708,8607.467992,300.0,,99.0,586.921875,,0
1782300246.640786,8607.568071,300.0,,99.0,586.921875,,0
1782300246.740781,8607.668066,298.0,,99.0,586.921875,,0
1782300246.840777,8607.768061,300.0,,99.0,586.921875,,0
1782300246.940770,8607.868055,299.0,,99.0,586.921875,,0
1782300247.040786,8607.968070,299.0,,99.0,586.921875,,0
1782300247.140779,8608.068064,301.0,,99.0,586.921875,,0
1782300247.240777,8608.168061,299.0,,99.0,586.921875,,0
1782300247.340778,8608.268063,299.0,,99.0,586.921875,,0
1782300247.440878,8608.368163,301.0,,99.0,586.921875,,0
1782300247.540785,8608.468069,299.0,,99.0,586.921875,,0
1782300247.640777,8608.568061,300.0,,99.0,586.921875,,0
1782300247.740784,8608.668069,299.0,,99.0,586.921875,,0
1782300247.840777,8608.768061,300.0,,99.0,586.921875,,0
1782300247.940779,8608.868064,298.0,,99.0,586.921875,,0
1782300248.040779,8608.968062,300.0,,99.0,586.921875,,0
1782300248.140780,8609.068063,299.0,,99.0,586.921875,,0
1782300248.240782,8609.168066,300.0,,99.0,586.921875,,0
1782300248.340783,8609.268067,299.0,,99.0,586.921875,,0
1782300248.440783,8609.368067,300.0,,99.0,586.921875,,0
1782300248.540773,8609.468058,300.0,,99.0,586.921875,,0
1782300248.640780,8609.568064,299.0,,99.0,586.921875,,0
1782300248.740782,8609.668066,299.0,,99.0,586.921875,,0
1782300248.840777,8609.768062,299.0,,99.0,586.921875,,0
1782300248.940780,8609.868064,300.0,,99.0,586.921875,,0
1782300249.040782,8609.968067,300.0,,99.0,586.921875,,0
1782300249.140781,8610.068066,300.0,,99.0,586.921875,,0
1782300249.240789,8610.168073,299.0,,99.0,586.921875,,0
1782300249.340779,8610.268064,300.0,,99.0,586.921875,,0
1782300249.440783,8610.368067,300.0,,99.0,586.921875,,0
1782300249.540783,8610.468068,294.0,,99.0,586.921875,,0
1782300249.640801,8610.568086,301.0,,99.0,586.921875,,0
1782300249.740780,8610.668064,299.0,,99.0,586.921875,,0
1782300249.840782,8610.768067,299.0,,99.0,586.921875,,0
1782300249.940778,8610.868062,300.0,,99.0,586.921875,,0
1782300250.040780,8610.968064,298.0,,99.0,586.921875,,0
1782300250.140774,8611.068058,300.0,,99.0,586.921875,,0
1782300250.240712,8611.167997,300.0,,99.0,586.921875,,0
1782300250.340781,8611.268066,299.0,,99.0,586.921875,,0
1782300250.440778,8611.368062,301.0,,99.0,586.921875,,0
1782300250.540784,8611.468069,299.0,,99.0,586.921875,,0
1782300250.640779,8611.568064,300.0,,99.0,586.921875,,0
1782300250.740777,8611.668061,298.0,,99.0,586.921875,,0
1782300250.840785,8611.768069,300.0,,99.0,586.921875,,0
1782300250.940779,8611.868064,299.0,,99.0,586.921875,,0
1782300251.040771,8611.968056,299.0,,99.0,586.921875,,0
1782300251.140784,8612.068068,300.0,,99.0,586.921875,,0
1782300251.240782,8612.168066,299.0,,99.0,586.921875,,0
1782300251.340780,8612.268065,300.0,,99.0,586.921875,,0
1782300251.440778,8612.368063,300.0,,99.0,586.921875,,0
1782300251.540778,8612.468063,299.0,,99.0,586.921875,,0
1782300251.640775,8612.568059,300.0,,99.0,586.921875,,0
1782300251.740776,8612.668060,299.0,,99.0,586.921875,,0
1782300251.840781,8612.768065,296.0,,99.0,586.921875,,0
1782300251.940776,8612.868060,303.0,,99.0,586.921875,,0
1782300252.040772,8612.968056,298.0,,99.0,586.921875,,0
1782300252.140774,8613.068057,299.0,,99.0,586.921875,,0
1782300252.240784,8613.168069,301.0,,99.0,586.921875,,0
1782300252.340778,8613.268063,300.0,,99.0,586.921875,,0
1782300252.440777,8613.368062,299.0,,99.0,586.921875,,0
1782300252.540776,8613.468060,300.0,,99.0,586.921875,,0
1782300252.640780,8613.568065,299.0,,99.0,586.921875,,0
1782300252.740779,8613.668064,298.0,,99.0,586.921875,,0
1782300252.840776,8613.768061,301.0,,99.0,586.921875,,0
1782300252.940780,8613.868064,300.0,,99.0,586.921875,,0
1782300253.040774,8613.968059,299.0,,99.0,586.921875,,0
1782300253.140778,8614.068062,299.0,,99.0,586.921875,,0
1782300253.240785,8614.168070,299.0,,99.0,586.921875,,0
1782300253.340780,8614.268064,300.0,,99.0,586.921875,,0
1782300253.440798,8614.368081,299.0,,99.0,586.921875,,0
1782300253.540776,8614.468061,300.0,,99.0,586.921875,,0
1782300253.640776,8614.568060,299.0,,99.0,586.921875,,0
1782300253.740778,8614.668062,300.0,,99.0,586.921875,,0
1782300253.840778,8614.768063,296.0,,99.0,586.921875,,0
1782300253.940788,8614.868072,301.0,,99.0,586.921875,,0
1782300254.040783,8614.968068,303.0,,99.0,586.921875,,0
1782300254.140775,8615.068060,298.0,,99.0,586.921875,,0
1782300254.240773,8615.168058,300.0,,99.0,586.921875,,0
1782300254.340779,8615.268064,299.0,,99.0,586.921875,,0
1782300254.440773,8615.368058,299.0,,99.0,586.921875,,0
1782300254.540787,8615.468072,300.0,,99.0,586.921875,,0
1782300254.640781,8615.568066,298.0,,99.0,586.921875,,0
1782300254.740778,8615.668061,301.0,,99.0,586.921875,,0
1782300254.840782,8615.768067,300.0,,99.0,586.921875,,0
1782300254.940778,8615.868063,299.0,,99.0,586.921875,,0
1782300255.040779,8615.968062,299.0,,99.0,586.921875,,0
1782300255.140778,8616.068062,299.0,,99.0,586.921875,,0
1782300255.240777,8616.168061,302.0,,99.0,586.921875,,0
1782300255.340774,8616.268057,298.0,,99.0,586.921875,,0
1782300255.440777,8616.368061,300.0,,99.0,586.921875,,0
1782300255.540778,8616.468063,300.0,,99.0,586.921875,,0
1782300255.640772,8616.568056,300.0,,99.0,586.921875,,0
1782300255.740774,8616.668059,300.0,,99.0,586.921875,,0
1782300255.840773,8616.768058,299.0,,99.0,586.921875,,0
1782300255.940789,8616.868073,300.0,,99.0,586.921875,,0
1782300256.040781,8616.968066,299.0,,99.0,586.921875,,0
1782300256.140781,8617.068066,298.0,,99.0,586.921875,,0
1782300256.240784,8617.168068,301.0,,99.0,586.921875,,0
1782300256.340782,8617.268067,297.0,,99.0,586.921875,,0
1782300256.440781,8617.368065,302.0,,99.0,586.921875,,0
1782300256.540778,8617.468062,298.0,,99.0,586.921875,,0
1782300256.640779,8617.568063,301.0,,99.0,586.921875,,0
1782300256.740777,8617.668062,298.0,,99.0,586.921875,,0
1782300256.840777,8617.768062,300.0,,99.0,586.921875,,0
1782300256.940777,8617.868061,299.0,,99.0,586.921875,,0
1782300257.040777,8617.968061,301.0,,99.0,586.921875,,0
1782300257.140774,8618.068058,300.0,,99.0,586.921875,,0
1782300257.240782,8618.168066,284.0,,100.0,586.921875,,0
1782300257.340778,8618.268063,288.0,,100.0,586.921875,,0
1782300257.440779,8618.368063,316.0,,99.0,586.921875,,0
1782300257.540777,8618.468061,304.0,,99.0,586.921875,,0
1782300257.640778,8618.568063,276.0,,99.0,586.921875,,0
1782300257.740779,8618.668062,298.0,,99.0,586.921875,,0
1782300257.840779,8618.768063,287.0,,99.0,586.921875,,0
1782300257.940777,8618.868062,309.0,,99.0,586.921875,,0
1782300258.040784,8618.968068,299.0,,99.0,586.921875,,0
1782300258.140772,8619.068057,303.0,,100.0,586.921875,,0
1782300258.240778,8619.168062,290.0,,99.0,586.921875,,0
1782300258.340789,8619.268074,52.0,,2.0,586.921875,,0
1782300258.440790,8619.368075,51.0,,3.0,586.921875,,0
1782300258.540784,8619.468068,45.0,,3.0,586.921875,,0
1782300258.640788,8619.568073,40.0,,3.0,586.921875,,0
1782300258.740794,8619.668079,31.0,,3.0,586.921875,,0
1782300258.840793,8619.768078,24.0,,3.0,586.921875,,0
1782300258.940786,8619.868071,20.0,,3.0,586.921875,,0
1782300259.040785,8619.968070,24.0,,3.0,586.921875,,0
1782300259.140785,8620.068069,22.0,,3.0,586.921875,,0
1782300259.240784,8620.168069,22.0,,3.0,586.921875,,0
1782300259.340785,8620.268069,22.0,,3.0,586.921875,,0
1782300259.440784,8620.368069,26.0,,2.0,586.921875,,0
1782300259.540785,8620.468070,23.0,,2.0,586.921875,,0
1782300259.640784,8620.568068,23.0,,3.0,586.921875,,0
1782300259.740786,8620.668071,23.0,,3.0,586.921875,,0
1782300259.840783,8620.768068,22.0,,3.0,586.921875,,0
1782300259.940784,8620.868069,22.0,,3.0,586.921875,,0
1782300260.040787,8620.968072,26.0,,2.0,586.921875,,0
1782300260.140783,8621.068068,25.0,,3.0,586.921875,,0
1782300260.240784,8621.168068,21.0,,3.0,586.921875,,0
1782300260.340784,8621.268069,27.0,,3.0,586.921875,,0
1782300260.440790,8621.368074,21.0,,3.0,586.921875,,0
1782300260.540789,8621.468074,22.0,,3.0,586.921875,,0
1782300260.640784,8621.568068,22.0,,3.0,586.921875,,0
1782300260.740784,8621.668069,24.0,,2.0,586.921875,,0
1782300260.840780,8621.768065,23.0,,3.0,586.921875,,0
1782300260.940785,8621.868070,25.0,,3.0,586.921875,,0
1782300261.040790,8621.968074,25.0,,3.0,586.921875,,0
1782300261.140784,8622.068069,22.0,,3.0,586.921875,,0
1782300261.240743,8622.168028,22.0,,3.0,586.921875,,0
1782300261.340784,8622.268069,22.0,,3.0,586.921875,,0
1782300261.440785,8622.368070,22.0,,2.0,586.921875,,0
1782300261.540784,8622.468068,22.0,,2.0,586.921875,,0
1782300261.640784,8622.568068,21.0,,3.0,586.921875,,0
1782300261.740784,8622.668069,24.0,,3.0,586.921875,,0
1782300261.840785,8622.768069,24.0,,3.0,586.921875,,0
1782300261.940785,8622.868070,20.0,,3.0,586.921875,,0
1782300262.040790,8622.968074,21.0,,3.0,586.921875,,0
1782300262.140787,8623.068072,21.0,,3.0,586.921875,,0
1782300262.240787,8623.168071,21.0,,3.0,586.921875,,0
1782300262.340785,8623.268070,21.0,,3.0,586.921875,,0
1782300262.440784,8623.368068,22.0,,3.0,586.921875,,0
1782300262.540786,8623.468070,21.0,,3.0,586.921875,,0
1782300262.640789,8623.568074,22.0,,3.0,586.921875,,0
1782300262.740783,8623.668068,21.0,,3.0,586.921875,,0
1782300262.840788,8623.768073,22.0,,3.0,586.921875,,0
1782300262.940783,8623.868068,21.0,,3.0,586.921875,,0
1782300263.040788,8623.968073,25.0,,3.0,586.921875,,0
1782300263.140785,8624.068069,18.0,,3.0,586.921875,,0
1782300263.240788,8624.168072,20.0,,3.0,586.921875,,0
1782300263.340691,8624.267974,39.0,,15.0,586.921875,,0
1782300263.440691,8624.367974,214.0,,99.0,586.921875,,0
1782300263.540772,8624.468056,240.0,,99.0,586.921875,,0
1782300263.640780,8624.568064,273.0,,99.0,586.921875,,0
1782300263.740779,8624.668062,276.0,,99.0,586.921875,,0
1782300263.840779,8624.768062,277.0,,99.0,586.921875,,0
1782300263.940783,8624.868067,281.0,,99.0,586.921875,,0
1782300264.040778,8624.968062,284.0,,99.0,586.921875,,0
1782300264.140780,8625.068065,294.0,,99.0,586.921875,,0
1782300264.240773,8625.168058,303.0,,99.0,586.921875,,0
1782300264.340778,8625.268063,307.0,,99.0,586.921875,,0
1782300264.440778,8625.368062,298.0,,99.0,586.921875,,0
1782300264.540781,8625.468066,298.0,,99.0,586.921875,,0
1782300264.640777,8625.568061,300.0,,99.0,586.921875,,0
1782300264.740781,8625.668065,299.0,,99.0,586.921875,,0
1782300264.840782,8625.768067,301.0,,99.0,586.921875,,0
1782300264.940777,8625.868062,298.0,,99.0,586.921875,,0
1782300265.040773,8625.968058,301.0,,99.0,586.921875,,0
1782300265.140779,8626.068064,299.0,,99.0,586.921875,,0
1782300265.240777,8626.168061,299.0,,99.0,586.921875,,0
1782300265.340780,8626.268064,300.0,,99.0,586.921875,,0
1782300265.440778,8626.368062,299.0,,99.0,586.921875,,0
1782300265.540711,8626.467995,298.0,,99.0,586.921875,,0
1782300265.640779,8626.568063,301.0,,99.0,586.921875,,0
1782300265.740773,8626.668058,299.0,,99.0,586.921875,,0
1782300265.840778,8626.768062,300.0,,99.0,586.921875,,0
1782300265.940772,8626.868056,299.0,,99.0,586.921875,,0
1782300266.040780,8626.968064,300.0,,99.0,586.921875,,0
1782300266.140775,8627.068060,299.0,,99.0,586.921875,,0
1782300266.240778,8627.168062,300.0,,99.0,586.921875,,0
1782300266.340782,8627.268067,300.0,,99.0,586.921875,,0
1782300266.440792,8627.368075,297.0,,99.0,586.921875,,0
1782300266.540784,8627.468068,302.0,,99.0,586.921875,,0
1782300266.640786,8627.568071,299.0,,99.0,586.921875,,0
1782300266.740778,8627.668062,299.0,,99.0,586.921875,,0
1782300266.840780,8627.768064,300.0,,99.0,586.921875,,0
1782300266.940778,8627.868063,298.0,,99.0,586.921875,,0
1782300267.040781,8627.968065,301.0,,99.0,586.921875,,0
1782300267.140783,8628.068068,299.0,,99.0,586.921875,,0
1782300267.240783,8628.168068,300.0,,99.0,586.921875,,0
1782300267.340777,8628.268061,299.0,,99.0,586.921875,,0
1782300267.440778,8628.368063,299.0,,99.0,586.921875,,0
1782300267.540781,8628.468064,301.0,,99.0,586.921875,,0
1782300267.640777,8628.568061,299.0,,99.0,586.921875,,0
1782300267.740778,8628.668063,299.0,,99.0,586.921875,,0
1782300267.840775,8628.768059,299.0,,99.0,586.921875,,0
1782300267.940782,8628.868067,301.0,,99.0,586.921875,,0
1782300268.040774,8628.968058,299.0,,99.0,586.921875,,0
1782300268.140775,8629.068060,299.0,,99.0,586.921875,,0
1782300268.240691,8629.167974,299.0,,99.0,586.921875,,0
1782300268.340783,8629.268067,300.0,,99.0,586.921875,,0
1782300268.440734,8629.368018,299.0,,99.0,586.921875,,0
1782300268.540778,8629.468062,299.0,,99.0,586.921875,,0
1782300268.640778,8629.568063,301.0,,99.0,586.921875,,0
1782300268.740776,8629.668060,299.0,,99.0,586.921875,,0
1782300268.840777,8629.768061,299.0,,99.0,586.921875,,0
1782300268.940771,8629.868055,299.0,,99.0,586.921875,,0
1782300269.040769,8629.968054,301.0,,99.0,586.921875,,0
1782300269.140798,8630.068082,299.0,,99.0,586.921875,,0
1782300269.240781,8630.168065,300.0,,99.0,586.921875,,0
1782300269.340782,8630.268066,298.0,,99.0,586.921875,,0
1782300269.440783,8630.368068,299.0,,99.0,586.921875,,0
1782300269.540787,8630.468071,301.0,,99.0,586.921875,,0
1782300269.640773,8630.568056,300.0,,99.0,586.921875,,0
1782300269.740786,8630.668070,299.0,,99.0,586.921875,,0
1782300269.840778,8630.768063,299.0,,99.0,586.921875,,0
1782300269.940785,8630.868068,298.0,,99.0,586.921875,,0
1782300270.040777,8630.968061,299.0,,99.0,586.921875,,0
1782300270.140774,8631.068059,302.0,,99.0,586.921875,,0
1782300270.240771,8631.168055,299.0,,99.0,586.921875,,0
1782300270.340781,8631.268066,299.0,,99.0,586.921875,,0
1782300270.440772,8631.368056,300.0,,99.0,586.921875,,0
1782300270.540777,8631.468061,298.0,,99.0,586.921875,,0
1782300270.640778,8631.568062,301.0,,99.0,586.921875,,0
1782300270.740731,8631.668014,300.0,,99.0,586.921875,,0
1782300270.840772,8631.768057,296.0,,99.0,586.921875,,0
1782300270.940776,8631.868060,300.0,,99.0,586.921875,,0
1782300271.040774,8631.968059,304.0,,99.0,586.921875,,0
1782300271.140781,8632.068066,297.0,,99.0,586.921875,,0
1782300271.240729,8632.168014,301.0,,99.0,586.921875,,0
1782300271.340779,8632.268063,298.0,,99.0,586.921875,,0
1782300271.440774,8632.368058,298.0,,99.0,586.921875,,0
1782300271.540707,8632.467992,302.0,,99.0,586.921875,,0
1782300271.640690,8632.567973,300.0,,99.0,586.921875,,0
1782300271.740776,8632.668060,299.0,,99.0,586.921875,,0
1782300271.840780,8632.768064,299.0,,99.0,586.921875,,0
1782300271.940781,8632.868065,303.0,,99.0,586.921875,,0
1782300272.040778,8632.968062,299.0,,99.0,586.921875,,0
1782300272.140775,8633.068059,300.0,,99.0,586.921875,,0
1782300272.240775,8633.168059,297.0,,99.0,586.921875,,0
1782300272.340776,8633.268061,302.0,,99.0,586.921875,,0
1782300272.440787,8633.368071,299.0,,99.0,586.921875,,0
1782300272.540773,8633.468058,299.0,,99.0,586.921875,,0
1782300272.640711,8633.567995,299.0,,99.0,586.921875,,0
1782300272.740777,8633.668061,301.0,,99.0,586.921875,,0
1782300272.840781,8633.768066,299.0,,99.0,586.921875,,0
1782300272.940779,8633.868063,299.0,,99.0,586.921875,,0
1782300273.040790,8633.968075,300.0,,99.0,586.921875,,0
1782300273.140782,8634.068066,298.0,,99.0,586.921875,,0
1782300273.240774,8634.168058,300.0,,99.0,586.921875,,0
1782300273.340787,8634.268071,301.0,,99.0,586.921875,,0
1782300273.440772,8634.368055,299.0,,99.0,586.921875,,0
1782300273.540766,8634.468051,300.0,,99.0,586.921875,,0
1782300273.640692,8634.567975,299.0,,99.0,586.921875,,0
1782300273.740767,8634.668051,275.0,,99.0,586.921875,,0
1782300273.840779,8634.768063,290.0,,100.0,586.921875,,0
1782300273.940772,8634.868057,288.0,,99.0,586.921875,,0
1782300274.040778,8634.968063,309.0,,99.0,586.921875,,0
1782300274.140777,8635.068061,298.0,,99.0,586.921875,,0
1782300274.240771,8635.168056,286.0,,99.0,586.921875,,0
1782300274.340715,8635.267999,310.0,,99.0,586.921875,,0
1782300274.440779,8635.368064,306.0,,100.0,586.921875,,0
1782300274.540774,8635.468059,297.0,,100.0,586.921875,,0
1782300274.640779,8635.568064,299.0,,99.0,586.921875,,0
1782300274.740772,8635.668056,321.0,,99.0,586.921875,,0
1782300274.840781,8635.768065,286.0,,99.0,586.921875,,0
1782300274.940776,8635.868060,297.0,,99.0,586.921875,,0
1782300275.040781,8635.968065,310.0,,99.0,586.921875,,0
1782300275.140771,8636.068056,302.0,,99.0,586.921875,,0
1782300275.240771,8636.168055,300.0,,99.0,586.921875,,0
1782300275.340773,8636.268057,299.0,,99.0,586.921875,,0
1782300275.440780,8636.368064,299.0,,99.0,586.921875,,0
1782300275.540773,8636.468056,300.0,,99.0,586.921875,,0
1782300275.640703,8636.567987,298.0,,99.0,586.921875,,0
1782300275.740767,8636.668051,302.0,,99.0,586.921875,,0
1782300275.840773,8636.768057,299.0,,99.0,586.921875,,0
1782300275.940778,8636.868063,299.0,,99.0,586.921875,,0
1782300276.040784,8636.968069,298.0,,99.0,586.921875,,0
1782300276.140782,8637.068066,281.0,,100.0,586.921875,,0
1782300276.240708,8637.167992,300.0,,99.0,586.921875,,0
1782300276.340784,8637.268068,300.0,,99.0,586.921875,,0
1782300276.440781,8637.368065,299.0,,99.0,586.921875,,0
1782300276.540781,8637.468066,299.0,,99.0,586.921875,,0
1782300276.640779,8637.568063,300.0,,99.0,586.921875,,0
1782300276.740775,8637.668059,298.0,,99.0,586.921875,,0
1782300276.840776,8637.768060,300.0,,99.0,586.921875,,0
1782300276.940776,8637.868061,300.0,,99.0,586.921875,,0
1782300277.040783,8637.968068,300.0,,99.0,586.921875,,0
1782300277.140778,8638.068062,298.0,,99.0,586.921875,,0
1782300277.240708,8638.167992,300.0,,99.0,586.921875,,0
1782300277.340765,8638.268050,300.0,,99.0,586.921875,,0
1782300277.440780,8638.368063,299.0,,99.0,586.921875,,0
1782300277.540782,8638.468066,298.0,,99.0,586.921875,,0
1782300277.640779,8638.568063,302.0,,99.0,586.921875,,0
1782300277.740778,8638.668063,300.0,,99.0,586.921875,,0
1782300277.840781,8638.768065,298.0,,99.0,586.921875,,0
1782300277.940780,8638.868065,300.0,,99.0,586.921875,,0
1782300278.040780,8638.968064,300.0,,99.0,586.921875,,0
1782300278.140785,8639.068070,299.0,,99.0,586.921875,,0
1782300278.240777,8639.168061,299.0,,99.0,586.921875,,0
1782300278.340778,8639.268062,300.0,,99.0,586.921875,,0
1782300278.440774,8639.368059,299.0,,99.0,586.921875,,0
1782300278.540778,8639.468061,300.0,,99.0,586.921875,,0
1782300278.640774,8639.568058,300.0,,99.0,586.921875,,0
1782300278.740782,8639.668065,299.0,,99.0,586.921875,,0
1782300278.840779,8639.768063,299.0,,99.0,586.921875,,0
1782300278.940779,8639.868063,300.0,,99.0,586.921875,,0
1782300279.040710,8639.967995,299.0,,99.0,586.921875,,0
1782300279.140780,8640.068063,300.0,,99.0,586.921875,,0
1782300279.240773,8640.168058,299.0,,99.0,586.921875,,0
1782300279.340781,8640.268065,300.0,,99.0,586.921875,,0
1782300279.440779,8640.368064,299.0,,99.0,586.921875,,0
1782300279.540707,8640.467992,299.0,,99.0,586.921875,,0
1782300279.640771,8640.568055,300.0,,99.0,586.921875,,0
1782300279.740780,8640.668064,299.0,,99.0,586.921875,,0
1782300279.840786,8640.768071,300.0,,99.0,586.921875,,0
1782300279.940805,8640.868089,299.0,,99.0,586.921875,,0
1782300280.040786,8640.968071,299.0,,99.0,586.921875,,0
1782300280.140773,8641.068057,301.0,,99.0,586.921875,,0
1782300280.240708,8641.167992,299.0,,99.0,586.921875,,0
1782300280.340778,8641.268063,299.0,,99.0,586.921875,,0
1782300280.440777,8641.368061,296.0,,99.0,586.921875,,0
1782300280.540776,8641.468061,300.0,,99.0,586.921875,,0
1782300280.640770,8641.568055,299.0,,99.0,586.921875,,0
1782300280.740786,8641.668070,304.0,,99.0,586.921875,,0
1782300280.840766,8641.768051,298.0,,99.0,586.921875,,0
1782300280.940773,8641.868058,299.0,,99.0,586.921875,,0
1782300281.040772,8641.968055,300.0,,99.0,586.921875,,0
1782300281.140781,8642.068065,299.0,,99.0,586.921875,,0
1782300281.240783,8642.168067,298.0,,99.0,586.921875,,0
1782300281.340774,8642.268058,300.0,,99.0,586.921875,,0
1782300281.440780,8642.368064,300.0,,99.0,586.921875,,0
1782300281.540708,8642.467992,300.0,,99.0,586.921875,,0
1782300281.640785,8642.568069,300.0,,99.0,586.921875,,0
1782300281.740775,8642.668060,300.0,,99.0,586.921875,,0
1782300281.840773,8642.768058,299.0,,99.0,586.921875,,0
1782300281.940790,8642.868074,300.0,,99.0,586.921875,,0
1782300282.040773,8642.968058,298.0,,99.0,586.921875,,0
1782300282.140774,8643.068059,300.0,,99.0,586.921875,,0
1782300282.240711,8643.167995,299.0,,99.0,586.921875,,0
1782300282.340774,8643.268059,299.0,,99.0,586.921875,,0
1782300282.440776,8643.368061,299.0,,99.0,586.921875,,0
1782300282.540773,8643.468058,300.0,,99.0,586.921875,,0
1782300282.640773,8643.568058,299.0,,99.0,586.921875,,0
1782300282.740776,8643.668061,299.0,,99.0,586.921875,,0
1782300282.840777,8643.768062,300.0,,99.0,586.921875,,0
1782300282.940710,8643.867994,299.0,,99.0,586.921875,,0
1782300283.040710,8643.967995,300.0,,99.0,586.921875,,0
1782300283.140780,8644.068064,299.0,,99.0,586.921875,,0
1782300283.240772,8644.168057,301.0,,99.0,586.921875,,0
1782300283.340777,8644.268060,300.0,,99.0,586.921875,,0
1782300283.440774,8644.368058,299.0,,99.0,586.921875,,0
1782300283.540781,8644.468065,299.0,,99.0,586.921875,,0
1782300283.640775,8644.568059,292.0,,99.0,586.921875,,0
1782300283.740780,8644.668064,301.0,,99.0,586.921875,,0
1782300283.840734,8644.768018,302.0,,99.0,586.921875,,0
1782300283.940776,8644.868060,303.0,,99.0,586.921875,,0
1782300284.040777,8644.968061,298.0,,99.0,586.921875,,0
1782300284.140781,8645.068064,299.0,,99.0,586.921875,,0
1782300284.240709,8645.167993,300.0,,99.0,586.921875,,0
1782300284.340766,8645.268050,300.0,,99.0,586.921875,,0
1782300284.440774,8645.368059,300.0,,99.0,586.921875,,0
1782300284.540775,8645.468059,299.0,,99.0,586.921875,,0
1782300284.640773,8645.568058,299.0,,99.0,586.921875,,0
1782300284.740779,8645.668063,300.0,,99.0,586.921875,,0
1782300284.840779,8645.768063,299.0,,99.0,586.921875,,0
1782300284.940779,8645.868063,300.0,,99.0,586.921875,,0
1782300285.040780,8645.968065,299.0,,99.0,586.921875,,0
1782300285.140775,8646.068060,299.0,,99.0,586.921875,,0
1782300285.240773,8646.168058,300.0,,99.0,586.921875,,0
1782300285.340775,8646.268059,299.0,,99.0,586.921875,,0
1782300285.440786,8646.368070,300.0,,99.0,586.921875,,0
1782300285.540788,8646.468071,300.0,,99.0,586.921875,,0
1782300285.640778,8646.568063,299.0,,99.0,586.921875,,0
1782300285.740774,8646.668058,299.0,,99.0,586.921875,,0
1782300285.840774,8646.768059,301.0,,99.0,586.921875,,0
1782300285.940691,8646.867974,299.0,,99.0,586.921875,,0
1782300286.040767,8646.968052,299.0,,99.0,586.921875,,0
1782300286.140774,8647.068058,300.0,,99.0,586.921875,,0
1782300286.240774,8647.168058,300.0,,99.0,586.921875,,0
1782300286.340708,8647.267992,300.0,,99.0,586.921875,,0
1782300286.440774,8647.368058,299.0,,99.0,586.921875,,0
1782300286.540776,8647.468061,300.0,,99.0,586.921875,,0
1782300286.640777,8647.568061,299.0,,99.0,586.921875,,0
1782300286.740778,8647.668062,299.0,,99.0,586.921875,,0
1782300286.840784,8647.768068,299.0,,99.0,586.921875,,0
1782300286.940711,8647.867996,300.0,,99.0,586.921875,,0
1782300287.040780,8647.968065,299.0,,99.0,586.921875,,0
1782300287.140709,8648.067994,300.0,,99.0,586.921875,,0
1782300287.240778,8648.168063,300.0,,99.0,586.921875,,0
1782300287.340800,8648.268085,298.0,,99.0,586.921875,,0
1782300287.440784,8648.368068,299.0,,99.0,586.921875,,0
1782300287.540783,8648.468067,300.0,,99.0,586.921875,,0
1782300287.640778,8648.568062,300.0,,99.0,586.921875,,0
1782300287.740708,8648.667992,300.0,,99.0,586.921875,,0
1782300287.840779,8648.768063,299.0,,99.0,586.921875,,0
1782300287.940775,8648.868060,299.0,,99.0,586.921875,,0
1782300288.040773,8648.968058,300.0,,99.0,586.921875,,0
1782300288.140773,8649.068057,300.0,,99.0,586.921875,,0
1782300288.240778,8649.168063,299.0,,99.0,586.921875,,0
1782300288.340781,8649.268065,299.0,,99.0,586.921875,,0
1782300288.440772,8649.368057,301.0,,99.0,586.921875,,0
1782300288.540766,8649.468050,299.0,,100.0,586.921875,,0
1782300288.640769,8649.568053,300.0,,99.0,586.921875,,0
1782300288.740773,8649.668057,300.0,,99.0,586.921875,,0
1782300288.840772,8649.768057,299.0,,99.0,586.921875,,0
1782300288.940784,8649.868068,299.0,,99.0,586.921875,,0
1782300289.040779,8649.968063,300.0,,99.0,586.921875,,0
1782300289.140780,8650.068064,300.0,,99.0,586.921875,,0
1782300289.240778,8650.168063,299.0,,99.0,586.921875,,0
1782300289.340773,8650.268058,299.0,,99.0,586.921875,,0
1782300289.440778,8650.368063,299.0,,99.0,586.921875,,0
1782300289.540785,8650.468069,300.0,,99.0,586.921875,,0
1782300289.640779,8650.568063,297.0,,99.0,586.921875,,0
1782300289.740773,8650.668057,302.0,,99.0,586.921875,,0
1782300289.840780,8650.768064,299.0,,99.0,586.921875,,0
1782300289.940798,8650.868083,299.0,,99.0,586.921875,,0
1782300290.040782,8650.968066,300.0,,99.0,586.921875,,0
1782300290.140778,8651.068063,300.0,,99.0,586.921875,,0
1782300290.240780,8651.168064,305.0,,100.0,586.921875,,0
1782300290.340779,8651.268063,314.0,,99.0,586.921875,,0
1782300290.440795,8651.368079,289.0,,99.0,586.921875,,0
1782300290.540773,8651.468058,327.0,,99.0,586.921875,,0
1782300290.640773,8651.568058,306.0,,99.0,586.921875,,0
1782300290.740782,8651.668067,296.0,,99.0,586.921875,,0
1782300290.840779,8651.768063,288.0,,99.0,586.921875,,0
1782300290.940773,8651.868058,296.0,,99.0,586.921875,,0
1782300291.040775,8651.968059,277.0,,100.0,586.921875,,0
1782300291.140794,8652.068077,288.0,,99.0,586.921875,,0
1782300291.240773,8652.168058,280.0,,99.0,586.921875,,0
1782300291.340774,8652.268059,303.0,,99.0,586.921875,,0
1782300291.440779,8652.368063,298.0,,100.0,586.921875,,0
1782300291.540772,8652.468056,283.0,,99.0,586.921875,,0
1782300291.640707,8652.567992,299.0,,99.0,586.921875,,0
1782300291.740767,8652.668051,300.0,,99.0,586.921875,,0
1782300291.840773,8652.768057,300.0,,99.0,586.921875,,0
1782300291.940779,8652.868064,300.0,,99.0,586.921875,,0
1782300292.040776,8652.968060,299.0,,99.0,586.921875,,0
1782300292.140773,8653.068058,300.0,,99.0,586.921875,,0
1782300292.240773,8653.168057,299.0,,99.0,586.921875,,0
1782300292.340780,8653.268065,299.0,,99.0,586.921875,,0
1782300292.440773,8653.368058,300.0,,99.0,586.921875,,0
1782300292.540771,8653.468055,299.0,,99.0,586.921875,,0
1782300292.640773,8653.568057,300.0,,99.0,586.921875,,0
1782300292.740778,8653.668062,300.0,,99.0,586.921875,,0
1782300292.840780,8653.768064,299.0,,99.0,586.921875,,0
1782300292.940711,8653.867996,300.0,,99.0,586.921875,,0
1782300293.040777,8653.968061,300.0,,99.0,586.921875,,0
1782300293.140779,8654.068064,299.0,,99.0,586.921875,,0
1782300293.240777,8654.168061,300.0,,99.0,586.921875,,0
1782300293.340785,8654.268069,300.0,,99.0,586.921875,,0
1782300293.440777,8654.368061,300.0,,99.0,586.921875,,0
1782300293.540783,8654.468066,300.0,,99.0,586.921875,,0
1782300293.640772,8654.568056,300.0,,99.0,586.921875,,0
1782300293.740768,8654.668053,299.0,,99.0,586.921875,,0
1782300293.840775,8654.768060,300.0,,99.0,586.921875,,0
1782300293.940734,8654.868018,299.0,,99.0,586.921875,,0
1782300294.040777,8654.968062,299.0,,99.0,586.921875,,0
1782300294.140782,8655.068067,300.0,,99.0,586.921875,,0
1782300294.240788,8655.168072,299.0,,99.0,586.921875,,0
1782300294.340711,8655.267995,300.0,,99.0,586.921875,,0
1782300294.440777,8655.368061,298.0,,99.0,586.921875,,0
1782300294.540776,8655.468061,300.0,,99.0,586.921875,,0
1782300294.640775,8655.568059,299.0,,99.0,586.921875,,0
1782300294.740791,8655.668074,300.0,,99.0,586.921875,,0
1782300294.840797,8655.768080,299.0,,99.0,586.921875,,0
1782300294.940773,8655.868058,314.0,,99.0,586.921875,,0
1782300295.040790,8655.968074,299.0,,99.0,586.921875,,0
1782300295.140774,8656.068058,300.0,,99.0,586.921875,,0
1782300295.240784,8656.168067,300.0,,99.0,586.921875,,0
1782300295.340781,8656.268066,299.0,,99.0,586.921875,,0
1782300295.440777,8656.368061,299.0,,99.0,586.921875,,0
1782300295.540691,8656.467974,299.0,,99.0,586.921875,,0
1782300295.640771,8656.568056,300.0,,99.0,586.921875,,0
1782300295.740709,8656.667994,300.0,,99.0,586.921875,,0
1782300295.840774,8656.768059,299.0,,99.0,586.921875,,0
1782300295.940783,8656.868067,300.0,,99.0,586.921875,,0
1782300296.040773,8656.968057,299.0,,99.0,586.921875,,0
1782300296.140772,8657.068055,299.0,,99.0,586.921875,,0
1782300296.240774,8657.168059,301.0,,99.0,586.921875,,0
1782300296.340774,8657.268057,300.0,,99.0,586.921875,,0
1782300296.440780,8657.368065,299.0,,99.0,586.921875,,0
1782300296.540772,8657.468057,300.0,,99.0,586.921875,,0
1782300296.640783,8657.568067,300.0,,99.0,586.921875,,0
1782300296.740774,8657.668059,299.0,,99.0,586.921875,,0
1782300296.840776,8657.768061,300.0,,99.0,586.921875,,0
1782300296.940775,8657.868060,300.0,,99.0,586.921875,,0
1782300297.040774,8657.968058,300.0,,99.0,586.921875,,0
1782300297.140777,8658.068061,300.0,,99.0,586.921875,,0
1782300297.240780,8658.168064,299.0,,99.0,586.921875,,0
1782300297.340774,8658.268059,299.0,,99.0,586.921875,,0
1782300297.440782,8658.368066,301.0,,99.0,586.921875,,0
1782300297.540711,8658.467995,299.0,,99.0,586.921875,,0
1782300297.640783,8658.568067,299.0,,99.0,586.921875,,0
1782300297.740710,8658.667995,299.0,,99.0,586.921875,,0
1782300297.840792,8658.768077,300.0,,99.0,586.921875,,0
1782300297.940782,8658.868066,299.0,,99.0,586.921875,,0
1782300298.040786,8658.968069,300.0,,99.0,586.921875,,0
1782300298.140775,8659.068060,299.0,,99.0,586.921875,,0
1782300298.240778,8659.168063,300.0,,99.0,586.921875,,0
1782300298.340789,8659.268074,271.0,,89.0,586.921875,,0
1782300298.440810,8659.368095,52.0,,3.0,586.921875,,0
1782300298.540789,8659.468074,43.0,,3.0,586.921875,,0
1782300298.640789,8659.568074,42.0,,3.0,586.921875,,0
1782300298.740788,8659.668072,35.0,,3.0,586.921875,,0
1782300298.840789,8659.768074,26.0,,3.0,586.921875,,0
1782300298.940788,8659.868072,24.0,,3.0,586.921875,,0
1782300299.040788,8659.968073,23.0,,3.0,586.921875,,0
1782300299.140798,8660.068083,25.0,,3.0,586.921875,,0
1782300299.240785,8660.168070,24.0,,3.0,586.921875,,0
1782300299.340790,8660.268075,24.0,,3.0,586.921875,,0
1782300299.440788,8660.368072,23.0,,3.0,586.921875,,0
1782300299.540791,8660.468076,23.0,,3.0,586.921875,,0
1782300299.640789,8660.568074,23.0,,3.0,586.921875,,0
1782300299.740786,8660.668070,25.0,,3.0,586.921875,,0
1782300299.840786,8660.768071,24.0,,3.0,586.921875,,0
1782300299.940798,8660.868083,25.0,,3.0,586.921875,,0
1782300300.040790,8660.968075,23.0,,2.0,586.921875,,0
1782300300.140791,8661.068075,24.0,,2.0,586.921875,,0
1782300300.240738,8661.168023,23.0,,3.0,586.921875,,0
1782300300.340790,8661.268075,22.0,,3.0,586.921875,,0
1782300300.440785,8661.368070,23.0,,3.0,586.921875,,0
1782300300.540795,8661.468079,22.0,,3.0,586.921875,,0
1782300300.640788,8661.568073,22.0,,3.0,586.921875,,0
1782300300.740790,8661.668075,21.0,,3.0,586.921875,,0
1782300300.840789,8661.768074,21.0,,3.0,586.921875,,0
1782300300.940788,8661.868073,24.0,,3.0,586.921875,,0
1782300301.040789,8661.968074,24.0,,2.0,586.921875,,0
1782300301.140789,8662.068074,22.0,,3.0,586.921875,,0
1782300301.240789,8662.168074,23.0,,3.0,586.921875,,0
1782300301.340791,8662.268075,22.0,,3.0,586.921875,,0
1782300301.440790,8662.368074,22.0,,3.0,586.921875,,0
1782300301.540789,8662.468074,22.0,,3.0,586.921875,,0
1782300301.640789,8662.568073,24.0,,3.0,586.921875,,0
1782300301.740791,8662.668075,22.0,,3.0,586.921875,,0
1782300301.840792,8662.768076,23.0,,3.0,586.921875,,0
1782300301.940787,8662.868072,22.0,,3.0,586.921875,,0
1782300302.040791,8662.968075,25.0,,3.0,586.921875,,0
1782300302.140797,8663.068082,24.0,,3.0,586.921875,,0
1782300302.240790,8663.168075,25.0,,3.0,586.921875,,0
1782300302.340788,8663.268073,25.0,,3.0,586.921875,,0
1782300302.440791,8663.368076,21.0,,3.0,586.921875,,0
1782300302.540787,8663.468072,21.0,,3.0,586.921875,,0
1782300302.640790,8663.568075,21.0,,3.0,586.921875,,0
1782300302.740788,8663.668073,22.0,,3.0,586.921875,,0
1782300302.840788,8663.768072,24.0,,3.0,586.921875,,0
1782300302.940788,8663.868073,21.0,,3.0,586.921875,,0
1782300303.040789,8663.968074,21.0,,3.0,586.921875,,0
1782300303.140790,8664.068075,22.0,,3.0,586.921875,,0
1782300303.240798,8664.168082,24.0,,3.0,586.921875,,0
1782300303.340774,8664.268059,39.0,,14.0,586.921875,,0
1782300303.440783,8664.368067,226.0,,99.0,586.921875,,0
1782300303.540708,8664.467992,258.0,,99.0,586.921875,,0
1782300303.640785,8664.568068,280.0,,99.0,586.921875,,0
1782300303.740784,8664.668068,280.0,,99.0,586.921875,,0
1782300303.840771,8664.768055,278.0,,99.0,586.921875,,0
1782300303.940782,8664.868066,282.0,,99.0,586.921875,,0
1782300304.040790,8664.968075,275.0,,99.0,586.921875,,0
1782300304.140782,8665.068067,284.0,,99.0,586.921875,,0
1782300304.240712,8665.167997,293.0,,99.0,586.921875,,0
1782300304.340782,8665.268067,294.0,,99.0,586.921875,,0
1782300304.440778,8665.368063,301.0,,99.0,586.921875,,0
1782300304.540781,8665.468065,304.0,,99.0,586.921875,,0
1782300304.640791,8665.568075,299.0,,99.0,586.921875,,0
1782300304.740776,8665.668061,299.0,,99.0,586.921875,,0
1782300304.840784,8665.768068,299.0,,99.0,586.921875,,0
1782300304.940777,8665.868062,300.0,,99.0,586.921875,,0
1782300305.040774,8665.968057,300.0,,99.0,586.921875,,0
1782300305.140781,8666.068066,300.0,,99.0,586.921875,,0
1782300305.240782,8666.168067,298.0,,99.0,586.921875,,0
1782300305.340778,8666.268062,300.0,,99.0,586.921875,,0
1782300305.440781,8666.368066,300.0,,99.0,586.921875,,0
1782300305.540773,8666.468057,299.0,,99.0,586.921875,,0
1782300305.640773,8666.568058,299.0,,99.0,586.921875,,0
1782300305.740781,8666.668065,300.0,,99.0,586.921875,,0
1782300305.840801,8666.768085,299.0,,99.0,586.921875,,0
1782300305.940782,8666.868067,300.0,,99.0,586.921875,,0
1782300306.040711,8666.967995,298.0,,99.0,586.921875,,0
1782300306.140691,8667.067974,278.0,,100.0,586.921875,,0
1782300306.240706,8667.167991,305.0,,99.0,586.921875,,0
1782300306.340708,8667.267992,301.0,,99.0,586.921875,,0
1782300306.440783,8667.368068,300.0,,99.0,586.921875,,0
1782300306.540777,8667.468061,299.0,,99.0,586.921875,,0
1782300306.640779,8667.568064,300.0,,99.0,586.921875,,0
1782300306.740778,8667.668062,314.0,,99.0,586.921875,,0
1782300306.840779,8667.768064,310.0,,99.0,586.921875,,0
1782300306.940775,8667.868060,302.0,,99.0,586.921875,,0
1782300307.040778,8667.968063,295.0,,100.0,586.921875,,0
1782300307.140780,8668.068065,312.0,,99.0,586.921875,,0
1782300307.240691,8668.167974,300.0,,99.0,586.921875,,0
1782300307.340770,8668.268054,286.0,,99.0,586.921875,,0
1782300307.440776,8668.368061,292.0,,100.0,586.921875,,0
1782300307.540779,8668.468063,308.0,,100.0,586.921875,,0
1782300307.640691,8668.567974,299.0,,99.0,586.921875,,0
1782300307.740711,8668.667995,299.0,,99.0,586.921875,,0
1782300307.840774,8668.768058,305.0,,99.0,586.921875,,0
1782300307.940780,8668.868065,277.0,,99.0,586.921875,,0
1782300308.040785,8668.968069,307.0,,100.0,586.921875,,0
1782300308.140768,8669.068052,280.0,,99.0,586.921875,,0
1782300308.240770,8669.168055,295.0,,99.0,586.921875,,0
1782300308.340691,8669.267974,300.0,,99.0,586.921875,,0
1782300308.440766,8669.368050,300.0,,99.0,586.921875,,0
1782300308.540774,8669.468059,299.0,,99.0,586.921875,,0
1782300308.640781,8669.568065,299.0,,99.0,586.921875,,0
1782300308.740773,8669.668057,300.0,,99.0,586.921875,,0
1782300308.840786,8669.768071,299.0,,99.0,586.921875,,0
1782300308.940778,8669.868062,300.0,,99.0,586.921875,,0
1782300309.040781,8669.968065,299.0,,99.0,586.921875,,0
1782300309.140786,8670.068071,299.0,,99.0,586.921875,,0
1782300309.240787,8670.168072,300.0,,99.0,586.921875,,0
1782300309.340773,8670.268058,299.0,,99.0,586.921875,,0
1782300309.440784,8670.368068,300.0,,99.0,586.921875,,0
1782300309.540779,8670.468064,299.0,,99.0,586.921875,,0
1782300309.640797,8670.568081,300.0,,99.0,586.921875,,0
1782300309.740779,8670.668064,299.0,,99.0,586.921875,,0
1782300309.840784,8670.768069,299.0,,99.0,586.921875,,0
1782300309.940779,8670.868063,300.0,,99.0,586.921875,,0
1782300310.040781,8670.968066,299.0,,99.0,586.921875,,0
1782300310.140776,8671.068060,299.0,,99.0,586.921875,,0
1782300310.240777,8671.168061,299.0,,99.0,586.921875,,0
1782300310.340775,8671.268059,300.0,,99.0,586.921875,,0
1782300310.440783,8671.368067,300.0,,99.0,586.921875,,0
1782300310.540773,8671.468057,299.0,,99.0,586.921875,,0
1782300310.640773,8671.568058,299.0,,99.0,586.921875,,0
1782300310.740787,8671.668072,299.0,,99.0,586.921875,,0
1782300310.840778,8671.768062,300.0,,99.0,586.921875,,0
1782300310.940767,8671.868051,300.0,,99.0,586.921875,,0
1782300311.040780,8671.968064,299.0,,99.0,586.921875,,0
1782300311.140771,8672.068056,300.0,,99.0,586.921875,,0
1782300311.240774,8672.168058,299.0,,99.0,586.921875,,0
1782300311.340781,8672.268066,299.0,,99.0,586.921875,,0
1782300311.440776,8672.368061,299.0,,99.0,586.921875,,0
1782300311.540691,8672.467974,300.0,,99.0,586.921875,,0
1782300311.640730,8672.568013,300.0,,99.0,586.921875,,0
1782300311.740780,8672.668064,299.0,,99.0,586.921875,,0
1782300311.840776,8672.768061,299.0,,99.0,586.921875,,0
1782300311.940781,8672.868066,299.0,,99.0,586.921875,,0
1782300312.040777,8672.968062,300.0,,99.0,586.921875,,0
1782300312.140772,8673.068057,298.0,,99.0,586.921875,,0
1782300312.240765,8673.168049,300.0,,99.0,586.921875,,0
1782300312.340777,8673.268061,300.0,,99.0,586.921875,,0
1782300312.440781,8673.368065,299.0,,99.0,586.921875,,0
1782300312.540783,8673.468068,300.0,,99.0,586.921875,,0
1782300312.640708,8673.567992,300.0,,99.0,586.921875,,0
1782300312.740708,8673.667993,300.0,,99.0,586.921875,,0
1782300312.840780,8673.768064,298.0,,99.0,586.921875,,0
1782300312.940779,8673.868062,300.0,,99.0,586.921875,,0
1782300313.040775,8673.968059,300.0,,99.0,586.921875,,0
1782300313.140773,8674.068056,299.0,,99.0,586.921875,,0
1782300313.240775,8674.168060,299.0,,99.0,586.921875,,0
1782300313.340777,8674.268061,300.0,,99.0,586.921875,,0
1782300313.440773,8674.368057,300.0,,99.0,586.921875,,0
1782300313.540772,8674.468057,299.0,,99.0,586.921875,,0
1782300313.640786,8674.568070,299.0,,99.0,586.921875,,0
1782300313.740776,8674.668060,300.0,,99.0,586.921875,,0
1782300313.840774,8674.768058,301.0,,99.0,586.921875,,0
1782300313.940776,8674.868060,299.0,,99.0,586.921875,,0
1782300314.040777,8674.968062,300.0,,99.0,586.921875,,0
1782300314.140766,8675.068050,299.0,,99.0,586.921875,,0
1782300314.240691,8675.167974,298.0,,99.0,586.921875,,0
1782300314.340785,8675.268070,301.0,,99.0,586.921875,,0
1782300314.440767,8675.368051,299.0,,99.0,586.921875,,0
1782300314.540777,8675.468062,300.0,,99.0,586.921875,,0
1782300314.640772,8675.568057,299.0,,99.0,586.921875,,0
1782300314.740777,8675.668061,300.0,,99.0,586.921875,,0
1782300314.840780,8675.768064,300.0,,99.0,586.921875,,0
1782300314.940691,8675.867974,299.0,,99.0,586.921875,,0
1782300315.040773,8675.968057,300.0,,99.0,586.921875,,0
1782300315.140773,8676.068057,299.0,,99.0,586.921875,,0
1782300315.240786,8676.168071,300.0,,99.0,586.921875,,0
1782300315.340774,8676.268058,299.0,,99.0,586.921875,,0
1782300315.440775,8676.368060,299.0,,99.0,586.921875,,0
1782300315.540786,8676.468071,300.0,,99.0,586.921875,,0
1782300315.640769,8676.568054,299.0,,99.0,586.921875,,0
1782300315.740766,8676.668050,300.0,,99.0,586.921875,,0
1782300315.840778,8676.768063,300.0,,99.0,586.921875,,0
1782300315.940778,8676.868063,299.0,,99.0,586.921875,,0
1782300316.040770,8676.968054,299.0,,99.0,586.921875,,0
1782300316.140691,8677.067974,300.0,,99.0,586.921875,,0
1782300316.240787,8677.168070,299.0,,99.0,586.921875,,0
1782300316.340770,8677.268054,299.0,,99.0,586.921875,,0
1782300316.440770,8677.368054,300.0,,99.0,586.921875,,0
1782300316.540776,8677.468061,299.0,,99.0,586.921875,,0
1782300316.640707,8677.567992,300.0,,99.0,586.921875,,0
1782300316.740765,8677.668049,299.0,,99.0,586.921875,,0
1782300316.840772,8677.768057,300.0,,99.0,586.921875,,0
1782300316.940772,8677.868056,300.0,,99.0,586.921875,,0
1782300317.040766,8677.968050,299.0,,99.0,586.921875,,0
1782300317.140783,8678.068068,300.0,,99.0,586.921875,,0
1782300317.240773,8678.168058,299.0,,99.0,586.921875,,0
1782300317.340777,8678.268061,300.0,,99.0,586.921875,,0
1782300317.440783,8678.368068,299.0,,99.0,586.921875,,0
1782300317.540778,8678.468063,299.0,,99.0,586.921875,,0
1782300317.640779,8678.568064,301.0,,99.0,586.921875,,0
1782300317.740777,8678.668061,299.0,,99.0,586.921875,,0
1782300317.840783,8678.768066,300.0,,99.0,586.921875,,0
1782300317.940779,8678.868063,300.0,,99.0,586.921875,,0
1782300318.040776,8678.968061,299.0,,99.0,586.921875,,0
1782300318.140779,8679.068063,300.0,,99.0,586.921875,,0
1782300318.240771,8679.168055,300.0,,99.0,586.921875,,0
1782300318.340765,8679.268049,299.0,,99.0,586.921875,,0
1782300318.440774,8679.368059,300.0,,99.0,586.921875,,0
1782300318.540769,8679.468054,298.0,,99.0,586.921875,,0
1782300318.640773,8679.568058,301.0,,99.0,586.921875,,0
1782300318.740775,8679.668059,300.0,,99.0,586.921875,,0
1782300318.840777,8679.768062,299.0,,99.0,586.921875,,0
1782300318.940779,8679.868064,298.0,,99.0,586.921875,,0
1782300319.040773,8679.968057,300.0,,99.0,586.921875,,0
1782300319.140771,8680.068055,301.0,,99.0,586.921875,,0
1782300319.240771,8680.168055,299.0,,99.0,586.921875,,0
1782300319.340778,8680.268062,299.0,,99.0,586.921875,,0
1782300319.440773,8680.368057,300.0,,99.0,586.921875,,0
1782300319.540772,8680.468056,299.0,,99.0,586.921875,,0
1782300319.640776,8680.568061,300.0,,99.0,586.921875,,0
1782300319.740797,8680.668080,299.0,,99.0,586.921875,,0
1782300319.840774,8680.768058,299.0,,99.0,586.921875,,0
1782300319.940777,8680.868061,299.0,,99.0,586.921875,,0
1782300320.040776,8680.968061,300.0,,99.0,586.921875,,0
1782300320.140771,8681.068056,299.0,,99.0,586.921875,,0
1782300320.240775,8681.168059,300.0,,99.0,586.921875,,0
1782300320.340773,8681.268057,300.0,,99.0,586.921875,,0
1782300320.440779,8681.368063,299.0,,99.0,586.921875,,0
1782300320.540782,8681.468066,299.0,,99.0,586.921875,,0
1782300320.640772,8681.568056,300.0,,99.0,586.921875,,0
1782300320.740708,8681.667992,300.0,,99.0,586.921875,,0
1782300320.840773,8681.768058,299.0,,99.0,586.921875,,0
1782300320.940769,8681.868054,299.0,,99.0,586.921875,,0
1782300321.040771,8681.968055,301.0,,99.0,586.921875,,0
1782300321.140691,8682.067974,299.0,,99.0,586.921875,,0
1782300321.240773,8682.168058,300.0,,99.0,586.921875,,0
1782300321.340783,8682.268067,299.0,,99.0,586.921875,,0
1782300321.440780,8682.368065,300.0,,99.0,586.921875,,0
1782300321.540769,8682.468053,298.0,,99.0,586.921875,,0
1782300321.640728,8682.568012,300.0,,99.0,586.921875,,0
1782300321.741098,8682.668382,300.0,,99.0,586.921875,,0
1782300321.840703,8682.767987,300.0,,99.0,586.921875,,0
1782300321.940767,8682.868051,300.0,,99.0,586.921875,,0
1782300322.040777,8682.968061,298.0,,99.0,586.921875,,0
1782300322.140772,8683.068057,300.0,,99.0,586.921875,,0
1782300322.240782,8683.168067,301.0,,99.0,586.921875,,0
1782300322.340766,8683.268051,299.0,,99.0,586.921875,,0
1782300322.440775,8683.368060,299.0,,99.0,586.921875,,0
1782300322.540778,8683.468062,300.0,,99.0,586.921875,,0
1782300322.640771,8683.568055,300.0,,99.0,586.921875,,0
1782300322.740691,8683.667974,272.0,,100.0,586.921875,,0
1782300322.840765,8683.768050,299.0,,99.0,586.921875,,0
1782300322.940771,8683.868056,299.0,,99.0,586.921875,,0
1782300323.040777,8683.968062,300.0,,99.0,586.921875,,0
1782300323.140779,8684.068063,300.0,,99.0,586.921875,,0
1782300323.240778,8684.168063,314.0,,99.0,586.921875,,0
1782300323.340780,8684.268063,308.0,,99.0,586.921875,,0
1782300323.440774,8684.368058,314.0,,99.0,586.921875,,0
1782300323.540774,8684.468058,305.0,,99.0,586.921875,,0
1782300323.640776,8684.568061,319.0,,99.0,586.921875,,0
1782300323.740773,8684.668058,299.0,,100.0,586.921875,,0
1782300323.840786,8684.768070,279.0,,100.0,586.921875,,0
1782300323.940781,8684.868065,322.0,,99.0,586.921875,,0
1782300324.040776,8684.968061,319.0,,99.0,586.921875,,0
1782300324.140773,8685.068058,295.0,,99.0,586.921875,,0
1782300324.240772,8685.168057,322.0,,99.0,586.921875,,0
1782300324.340711,8685.267995,299.0,,99.0,586.921875,,0
1782300324.440774,8685.368059,306.0,,100.0,586.921875,,0
1782300324.540708,8685.467992,299.0,,100.0,586.921875,,0
1782300324.640707,8685.567991,299.0,,99.0,586.921875,,0
1782300324.740778,8685.668063,304.0,,99.0,586.921875,,0
1782300324.840691,8685.767974,300.0,,99.0,586.921875,,0
1782300324.940773,8685.868058,299.0,,99.0,586.921875,,0
1782300325.040707,8685.967991,300.0,,99.0,586.921875,,0
1782300325.140767,8686.068051,299.0,,99.0,586.921875,,0
1782300325.240708,8686.167992,300.0,,99.0,586.921875,,0
1782300325.340691,8686.267974,299.0,,99.0,586.921875,,0
1782300325.440691,8686.367974,300.0,,99.0,586.921875,,0
1782300325.540770,8686.468054,299.0,,99.0,586.921875,,0
1782300325.640775,8686.568059,299.0,,99.0,586.921875,,0
1782300325.740775,8686.668060,300.0,,99.0,586.921875,,0
1782300325.840776,8686.768061,300.0,,99.0,586.921875,,0
1782300325.940773,8686.868057,300.0,,99.0,586.921875,,0
1782300326.040772,8686.968057,299.0,,99.0,586.921875,,0
1782300326.140775,8687.068059,299.0,,99.0,586.921875,,0
1782300326.240777,8687.168061,300.0,,99.0,586.921875,,0
1782300326.340708,8687.267993,300.0,,99.0,586.921875,,0
1782300326.440767,8687.368051,299.0,,99.0,586.921875,,0
1782300326.540781,8687.468065,299.0,,99.0,586.921875,,0
1782300326.640775,8687.568059,300.0,,99.0,586.921875,,0
1782300326.740774,8687.668058,299.0,,99.0,586.921875,,0
1782300326.840774,8687.768058,300.0,,99.0,586.921875,,0
1782300326.940779,8687.868063,299.0,,99.0,586.921875,,0
1782300327.040778,8687.968062,300.0,,99.0,586.921875,,0
1782300327.140788,8688.068073,299.0,,99.0,586.921875,,0
1782300327.240776,8688.168060,300.0,,99.0,586.921875,,0
1782300327.340775,8688.268059,300.0,,99.0,586.921875,,0
1782300327.440772,8688.368057,299.0,,99.0,586.921875,,0
1782300327.540776,8688.468060,300.0,,99.0,586.921875,,0
1782300327.640775,8688.568059,300.0,,99.0,586.921875,,0
1782300327.740775,8688.668059,299.0,,99.0,586.921875,,0
1782300327.840731,8688.768014,299.0,,99.0,586.921875,,0
1782300327.940781,8688.868065,300.0,,99.0,586.921875,,0
1782300328.040779,8688.968063,299.0,,99.0,586.921875,,0
1782300328.140771,8689.068055,300.0,,99.0,586.921875,,0
1782300328.240766,8689.168050,299.0,,99.0,586.921875,,0
1782300328.340774,8689.268059,300.0,,99.0,586.921875,,0
1782300328.440775,8689.368060,299.0,,99.0,586.921875,,0
1782300328.540774,8689.468059,300.0,,99.0,586.921875,,0
1782300328.640782,8689.568066,300.0,,99.0,586.921875,,0
1782300328.740773,8689.668057,284.0,,99.0,586.921875,,0
1782300328.840776,8689.768061,300.0,,99.0,586.921875,,0
1782300328.940772,8689.868056,299.0,,99.0,586.921875,,0
1782300329.040774,8689.968058,299.0,,99.0,586.921875,,0
1782300329.140779,8690.068064,300.0,,99.0,586.921875,,0
1782300329.240772,8690.168056,299.0,,99.0,586.921875,,0
1782300329.340772,8690.268056,300.0,,99.0,586.921875,,0
1782300329.440774,8690.368059,300.0,,99.0,586.921875,,0
1782300329.540776,8690.468060,299.0,,99.0,586.921875,,0
1782300329.640774,8690.568059,298.0,,99.0,586.921875,,0
1782300329.740772,8690.668057,301.0,,99.0,586.921875,,0
1782300329.840772,8690.768057,300.0,,99.0,586.921875,,0
1782300329.940780,8690.868064,299.0,,99.0,586.921875,,0
1782300330.040775,8690.968059,300.0,,99.0,586.921875,,0
1782300330.140781,8691.068064,299.0,,99.0,586.921875,,0
1782300330.240772,8691.168057,300.0,,99.0,586.921875,,0
1782300330.340776,8691.268060,300.0,,99.0,586.921875,,0
1782300330.440776,8691.368061,300.0,,99.0,586.921875,,0
1782300330.540777,8691.468062,299.0,,99.0,586.921875,,0
1782300330.640776,8691.568060,300.0,,99.0,586.921875,,0
1782300330.740777,8691.668060,300.0,,99.0,586.921875,,0
1782300330.840782,8691.768066,299.0,,99.0,586.921875,,0
1782300330.940772,8691.868056,299.0,,99.0,586.921875,,0
1782300331.040777,8691.968062,300.0,,99.0,586.921875,,0
1782300331.140774,8692.068058,300.0,,99.0,586.921875,,0
1782300331.240773,8692.168056,298.0,,99.0,586.921875,,0
1782300331.340777,8692.268062,300.0,,99.0,586.921875,,0
1782300331.440772,8692.368056,299.0,,99.0,586.921875,,0
1782300331.540774,8692.468059,300.0,,99.0,586.921875,,0
1782300331.640691,8692.567974,300.0,,99.0,586.921875,,0
1782300331.740707,8692.667992,300.0,,99.0,586.921875,,0
1782300331.840777,8692.768061,298.0,,99.0,586.921875,,0
1782300331.940796,8692.868080,301.0,,99.0,586.921875,,0
1782300332.040784,8692.968067,299.0,,99.0,586.921875,,0
1782300332.140773,8693.068058,300.0,,99.0,586.921875,,0
1782300332.240770,8693.168054,298.0,,99.0,586.921875,,0
1782300332.340766,8693.268050,300.0,,99.0,586.921875,,0
1782300332.440785,8693.368070,300.0,,99.0,586.921875,,0
1782300332.540707,8693.467992,300.0,,99.0,586.921875,,0
1782300332.640768,8693.568053,300.0,,99.0,586.921875,,0
1782300332.740778,8693.668063,299.0,,99.0,586.921875,,0
1782300332.840774,8693.768059,300.0,,99.0,586.921875,,0
1782300332.940774,8693.868058,299.0,,99.0,586.921875,,0
1782300333.040691,8693.967974,299.0,,99.0,586.921875,,0
1782300333.140773,8694.068057,300.0,,99.0,586.921875,,0
1782300333.240784,8694.168068,298.0,,99.0,586.921875,,0
1782300333.340779,8694.268064,300.0,,99.0,586.921875,,0
1782300333.440781,8694.368065,299.0,,99.0,586.921875,,0
1782300333.540777,8694.468062,300.0,,99.0,586.921875,,0
1782300333.640773,8694.568056,299.0,,99.0,586.921875,,0
1782300333.740779,8694.668063,299.0,,99.0,586.921875,,0
1782300333.840783,8694.768068,299.0,,99.0,586.921875,,0
1782300333.940784,8694.868067,301.0,,99.0,586.921875,,0
1782300334.040785,8694.968069,298.0,,99.0,586.921875,,0
1782300334.140775,8695.068060,300.0,,99.0,586.921875,,0
1782300334.240780,8695.168065,299.0,,99.0,586.921875,,0
1782300334.340787,8695.268070,300.0,,99.0,586.921875,,0
1782300334.440778,8695.368061,300.0,,99.0,586.921875,,0
1782300334.540781,8695.468065,298.0,,99.0,586.921875,,0
1782300334.640778,8695.568062,301.0,,99.0,586.921875,,0
1782300334.740783,8695.668068,299.0,,99.0,586.921875,,0
1782300334.840772,8695.768057,299.0,,99.0,586.921875,,0
1782300334.940775,8695.868060,301.0,,99.0,586.921875,,0
1782300335.040765,8695.968049,300.0,,99.0,586.921875,,0
1782300335.140780,8696.068064,297.0,,99.0,586.921875,,0
1782300335.240771,8696.168055,301.0,,99.0,586.921875,,0
1782300335.340691,8696.267974,299.0,,99.0,586.921875,,0
1782300335.440770,8696.368054,299.0,,99.0,586.921875,,0
1782300335.540773,8696.468058,300.0,,99.0,586.921875,,0
1782300335.640773,8696.568057,300.0,,99.0,586.921875,,0
1782300335.740782,8696.668067,300.0,,99.0,586.921875,,0
1782300335.840777,8696.768062,300.0,,99.0,586.921875,,0
1782300335.940785,8696.868069,299.0,,99.0,586.921875,,0
1782300336.040775,8696.968060,299.0,,99.0,586.921875,,0
1782300336.140777,8697.068061,300.0,,99.0,586.921875,,0
1782300336.240730,8697.168014,299.0,,99.0,586.921875,,0
1782300336.340785,8697.268068,300.0,,99.0,586.921875,,0
1782300336.440784,8697.368069,299.0,,99.0,586.921875,,0
1782300336.540781,8697.468065,300.0,,99.0,586.921875,,0
1782300336.640710,8697.567994,299.0,,99.0,586.921875,,0
1782300336.740782,8697.668066,299.0,,99.0,586.921875,,0
1782300336.840772,8697.768056,300.0,,99.0,586.921875,,0
1782300336.940789,8697.868074,300.0,,99.0,586.921875,,0
1782300337.040776,8697.968060,299.0,,99.0,586.921875,,0
1782300337.140773,8698.068058,300.0,,99.0,586.921875,,0
1782300337.240772,8698.168057,299.0,,99.0,586.921875,,0
1782300337.340774,8698.268057,300.0,,99.0,586.921875,,0
1782300337.440777,8698.368061,299.0,,99.0,586.921875,,0
1782300337.540774,8698.468058,300.0,,99.0,586.921875,,0
1782300337.640773,8698.568056,300.0,,99.0,586.921875,,0
1782300337.740776,8698.668060,299.0,,99.0,586.921875,,0
1782300337.840781,8698.768065,299.0,,99.0,586.921875,,0
1782300337.940766,8698.868050,299.0,,99.0,586.921875,,0
1782300338.040773,8698.968057,300.0,,99.0,586.921875,,0
1782300338.140773,8699.068057,300.0,,99.0,586.921875,,0
1782300338.240772,8699.168056,299.0,,99.0,586.921875,,0
1782300338.340787,8699.268071,51.0,,3.0,586.921875,,0
1782300338.440787,8699.368072,51.0,,3.0,586.921875,,0
1782300338.540792,8699.468077,41.0,,3.0,586.921875,,0
1782300338.640789,8699.568073,40.0,,3.0,586.921875,,0
1782300338.740789,8699.668074,23.0,,3.0,586.921875,,0
1782300338.840786,8699.768070,23.0,,3.0,586.921875,,0
1782300338.940789,8699.868074,22.0,,3.0,586.921875,,0
1782300339.040782,8699.968067,24.0,,3.0,586.921875,,0
1782300339.140787,8700.068072,23.0,,3.0,586.921875,,0
1782300339.240787,8700.168072,22.0,,4.0,586.921875,,0
1782300339.340785,8700.268069,25.0,,3.0,586.921875,,0
1782300339.440790,8700.368075,22.0,,3.0,586.921875,,0
1782300339.540785,8700.468070,23.0,,3.0,586.921875,,0
1782300339.640785,8700.568070,23.0,,4.0,586.921875,,0
1782300339.740782,8700.668067,22.0,,3.0,586.921875,,0
1782300339.840785,8700.768070,21.0,,3.0,586.921875,,0
1782300339.940794,8700.868079,22.0,,3.0,586.921875,,0
1782300340.040783,8700.968068,22.0,,3.0,586.921875,,0
1782300340.140783,8701.068068,22.0,,3.0,586.921875,,0
1782300340.240791,8701.168076,21.0,,3.0,586.921875,,0
1782300340.340783,8701.268068,24.0,,3.0,586.921875,,0
1782300340.440795,8701.368080,22.0,,3.0,586.921875,,0
1782300340.540796,8701.468081,22.0,,3.0,586.921875,,0
1782300340.640794,8701.568078,22.0,,3.0,586.921875,,0
1782300340.740795,8701.668079,21.0,,3.0,586.921875,,0
1782300340.840790,8701.768074,21.0,,3.0,586.921875,,0
1782300340.940783,8701.868068,21.0,,3.0,586.921875,,0
1782300341.040783,8701.968068,21.0,,3.0,586.921875,,0
1782300341.140789,8702.068073,22.0,,3.0,586.921875,,0
1782300341.240792,8702.168076,25.0,,2.0,586.921875,,0
1782300341.340784,8702.268069,21.0,,3.0,586.921875,,0
1782300341.440786,8702.368070,25.0,,3.0,586.921875,,0
1782300341.540785,8702.468069,24.0,,1.0,586.921875,,0
1782300341.640784,8702.568069,25.0,,3.0,586.921875,,0
1782300341.740793,8702.668078,24.0,,3.0,586.921875,,0
1782300341.840783,8702.768068,21.0,,3.0,586.921875,,0
1782300341.940784,8702.868069,22.0,,3.0,586.921875,,0
1782300342.040784,8702.968069,21.0,,3.0,586.921875,,0
1782300342.140785,8703.068070,25.0,,3.0,586.921875,,0
1782300342.240790,8703.168075,21.0,,3.0,586.921875,,0
1782300342.340796,8703.268081,22.0,,3.0,586.921875,,0
1782300342.440784,8703.368069,21.0,,3.0,586.921875,,0
1782300342.540786,8703.468071,21.0,,3.0,586.921875,,0
1782300342.640789,8703.568073,21.0,,3.0,586.921875,,0
1782300342.740784,8703.668069,21.0,,2.0,586.921875,,0
1782300342.840785,8703.768069,21.0,,3.0,586.921875,,0
1782300342.940792,8703.868077,20.0,,3.0,586.921875,,0
1782300343.040796,8703.968080,24.0,,3.0,586.921875,,0
1782300343.140786,8704.068070,21.0,,3.0,586.921875,,0
1782300343.240786,8704.168071,21.0,,2.0,586.921875,,0
1782300343.340773,8704.268057,35.0,,12.0,586.921875,,0
1782300343.440778,8704.368063,221.0,,99.0,586.921875,,0
1782300343.540786,8704.468070,257.0,,99.0,586.921875,,0
1782300343.640778,8704.568062,271.0,,99.0,586.921875,,0
1782300343.740780,8704.668063,273.0,,99.0,586.921875,,0
1782300343.840778,8704.768062,274.0,,99.0,586.921875,,0
1782300343.940782,8704.868067,281.0,,99.0,586.921875,,0
1782300344.040783,8704.968067,281.0,,99.0,586.921875,,0
1782300344.140708,8705.067992,284.0,,99.0,586.921875,,0
1782300344.240730,8705.168013,285.0,,99.0,586.921875,,0
1782300344.340775,8705.268058,294.0,,99.0,586.921875,,0
1782300344.440787,8705.368071,307.0,,99.0,586.921875,,0
1782300344.540780,8705.468065,301.0,,99.0,586.921875,,0
1782300344.640788,8705.568072,299.0,,99.0,586.921875,,0
1782300344.740774,8705.668058,300.0,,99.0,586.921875,,0
1782300344.840779,8705.768063,299.0,,99.0,586.921875,,0
1782300344.940781,8705.868065,300.0,,99.0,586.921875,,0
1782300345.040777,8705.968062,299.0,,99.0,586.921875,,0
1782300345.140780,8706.068065,299.0,,99.0,586.921875,,0
1782300345.240785,8706.168069,299.0,,99.0,586.921875,,0
1782300345.340781,8706.268065,300.0,,99.0,586.921875,,0
1782300345.440778,8706.368063,300.0,,99.0,586.921875,,0
1782300345.540780,8706.468064,299.0,,99.0,586.921875,,0
1782300345.640785,8706.568069,300.0,,99.0,586.921875,,0
1782300345.740710,8706.667994,299.0,,99.0,586.921875,,0
1782300345.840777,8706.768061,300.0,,99.0,586.921875,,0
1782300345.940771,8706.868056,300.0,,99.0,586.921875,,0
1782300346.040779,8706.968064,299.0,,99.0,586.921875,,0
1782300346.140785,8707.068070,299.0,,99.0,586.921875,,0
1782300346.240790,8707.168074,299.0,,99.0,586.921875,,0
1782300346.340774,8707.268058,301.0,,99.0,586.921875,,0
1782300346.440775,8707.368059,299.0,,99.0,586.921875,,0
1782300346.540781,8707.468065,300.0,,99.0,586.921875,,0
1782300346.640784,8707.568068,298.0,,99.0,586.921875,,0
1782300346.740789,8707.668073,299.0,,99.0,586.921875,,0
1782300346.840786,8707.768070,301.0,,99.0,586.921875,,0
1782300346.940778,8707.868062,299.0,,99.0,586.921875,,0
1782300347.040787,8707.968070,299.0,,99.0,586.921875,,0
1782300347.140773,8708.068057,301.0,,99.0,586.921875,,0
1782300347.240777,8708.168061,298.0,,99.0,586.921875,,0
1782300347.340775,8708.268060,301.0,,99.0,586.921875,,0
1782300347.440777,8708.368061,298.0,,99.0,586.921875,,0
1782300347.540777,8708.468061,301.0,,99.0,586.921875,,0
1782300347.640781,8708.568064,299.0,,99.0,586.921875,,0
1782300347.740774,8708.668059,300.0,,99.0,586.921875,,0
1782300347.840784,8708.768070,299.0,,99.0,586.921875,,0
1782300347.940780,8708.868064,299.0,,99.0,586.921875,,0
1782300348.040773,8708.968058,299.0,,99.0,586.921875,,0
1782300348.140772,8709.068056,299.0,,99.0,586.921875,,0
1782300348.240782,8709.168066,300.0,,99.0,586.921875,,0
1782300348.340785,8709.268069,300.0,,99.0,586.921875,,0
1782300348.440779,8709.368063,299.0,,99.0,586.921875,,0
1782300348.540776,8709.468061,300.0,,99.0,586.921875,,0
1782300348.640775,8709.568061,300.0,,99.0,586.921875,,0
1782300348.740783,8709.668067,298.0,,99.0,586.921875,,0
1782300348.840774,8709.768058,300.0,,99.0,586.921875,,0
1782300348.940778,8709.868062,300.0,,99.0,586.921875,,0
1782300349.040774,8709.968059,299.0,,99.0,586.921875,,0
1782300349.140776,8710.068061,300.0,,99.0,586.921875,,0
1782300349.240777,8710.168063,299.0,,99.0,586.921875,,0
1782300349.340776,8710.268061,299.0,,99.0,586.921875,,0
1782300349.440777,8710.368061,299.0,,99.0,586.921875,,0
1782300349.540778,8710.468062,299.0,,99.0,586.921875,,0
1782300349.640777,8710.568061,302.0,,99.0,586.921875,,0
1782300349.740779,8710.668064,299.0,,99.0,586.921875,,0
1782300349.840773,8710.768058,299.0,,99.0,586.921875,,0
1782300349.940855,8710.868139,300.0,,99.0,586.921875,,0
1782300350.040778,8710.968062,299.0,,99.0,586.921875,,0
1782300350.140779,8711.068063,300.0,,99.0,586.921875,,0
1782300350.240782,8711.168066,300.0,,99.0,586.921875,,0
1782300350.340776,8711.268060,299.0,,99.0,586.921875,,0
1782300350.440781,8711.368066,300.0,,99.0,586.921875,,0
1782300350.540781,8711.468066,299.0,,99.0,586.921875,,0
1782300350.640779,8711.568063,299.0,,99.0,586.921875,,0
1782300350.740776,8711.668059,300.0,,99.0,586.921875,,0
1782300350.840784,8711.768068,299.0,,99.0,586.921875,,0
1782300350.940780,8711.868064,301.0,,99.0,586.921875,,0
1782300351.040776,8711.968060,299.0,,99.0,586.921875,,0
1782300351.140781,8712.068065,299.0,,99.0,586.921875,,0
1782300351.240786,8712.168070,299.0,,99.0,586.921875,,0
1782300351.340786,8712.268070,299.0,,99.0,586.921875,,0
1782300351.440796,8712.368080,300.0,,99.0,586.921875,,0
1782300351.540778,8712.468062,299.0,,99.0,586.921875,,0
1782300351.640774,8712.568059,299.0,,99.0,586.921875,,0
1782300351.740785,8712.668070,301.0,,99.0,586.921875,,0
1782300351.840774,8712.768059,299.0,,99.0,586.921875,,0
1782300351.940782,8712.868065,300.0,,99.0,586.921875,,0
1782300352.040777,8712.968062,299.0,,99.0,586.921875,,0
1782300352.140777,8713.068061,300.0,,99.0,586.921875,,0
1782300352.240777,8713.168062,300.0,,99.0,586.921875,,0
1782300352.340780,8713.268065,299.0,,99.0,586.921875,,0
1782300352.440784,8713.368068,299.0,,99.0,586.921875,,0
1782300352.540783,8713.468068,300.0,,99.0,586.921875,,0
1782300352.640780,8713.568064,300.0,,99.0,586.921875,,0
1782300352.740777,8713.668062,300.0,,99.0,586.921875,,0
1782300352.840782,8713.768067,299.0,,99.0,586.921875,,0
1782300352.940783,8713.868067,300.0,,99.0,586.921875,,0
1782300353.040780,8713.968065,299.0,,99.0,586.921875,,0
1782300353.140787,8714.068070,300.0,,99.0,586.921875,,0
1782300353.240791,8714.168076,299.0,,99.0,586.921875,,0
1782300353.340786,8714.268070,300.0,,99.0,586.921875,,0
1782300353.440774,8714.368058,299.0,,99.0,586.921875,,0
1782300353.540783,8714.468067,299.0,,99.0,586.921875,,0
1782300353.640778,8714.568062,301.0,,99.0,586.921875,,0
1782300353.740773,8714.668058,299.0,,99.0,586.921875,,0
1782300353.840779,8714.768063,300.0,,99.0,586.921875,,0
1782300353.940781,8714.868065,300.0,,99.0,586.921875,,0
1782300354.040781,8714.968065,299.0,,99.0,586.921875,,0
1782300354.140781,8715.068066,299.0,,99.0,586.921875,,0
1782300354.240788,8715.168071,299.0,,99.0,586.921875,,0
1782300354.340778,8715.268062,300.0,,99.0,586.921875,,0
1782300354.440780,8715.368065,300.0,,99.0,586.921875,,0
1782300354.540770,8715.468054,299.0,,99.0,586.921875,,0
1782300354.640777,8715.568061,300.0,,99.0,586.921875,,0
1782300354.740786,8715.668070,299.0,,99.0,586.921875,,0
1782300354.840781,8715.768066,299.0,,99.0,586.921875,,0
1782300354.940778,8715.868063,300.0,,99.0,586.921875,,0
1782300355.040775,8715.968059,299.0,,99.0,586.921875,,0
1782300355.140786,8716.068071,300.0,,99.0,586.921875,,0
1782300355.240789,8716.168074,299.0,,99.0,586.921875,,0
1782300355.340774,8716.268058,300.0,,99.0,586.921875,,0
1782300355.440778,8716.368063,299.0,,99.0,586.921875,,0
1782300355.540774,8716.468059,301.0,,99.0,586.921875,,0
1782300355.640706,8716.567991,325.0,,99.0,586.921875,,0
1782300355.740767,8716.668051,300.0,,99.0,586.921875,,0
1782300355.840774,8716.768058,299.0,,99.0,586.921875,,0
1782300355.940778,8716.868062,300.0,,99.0,586.921875,,0
1782300356.040785,8716.968068,299.0,,99.0,586.921875,,0
1782300356.140779,8717.068063,300.0,,99.0,586.921875,,0
1782300356.240788,8717.168072,299.0,,99.0,586.921875,,0
1782300356.340787,8717.268072,300.0,,99.0,586.921875,,0
1782300356.440782,8717.368066,296.0,,99.0,586.921875,,0
1782300356.540778,8717.468062,279.0,,100.0,586.921875,,0
1782300356.640775,8717.568059,276.0,,99.0,586.921875,,0
1782300356.740781,8717.668065,312.0,,99.0,586.921875,,0
1782300356.840771,8717.768056,278.0,,99.0,586.921875,,0
1782300356.940794,8717.868079,277.0,,100.0,586.921875,,0
1782300357.040777,8717.968062,278.0,,100.0,586.921875,,0
1782300357.140776,8718.068060,287.0,,100.0,586.921875,,0
1782300357.240774,8718.168059,303.0,,99.0,586.921875,,0
1782300357.340775,8718.268060,277.0,,99.0,586.921875,,0
1782300357.440776,8718.368061,312.0,,99.0,586.921875,,0
1782300357.540797,8718.468082,297.0,,99.0,586.921875,,0
1782300357.640784,8718.568067,300.0,,100.0,586.921875,,0
1782300357.740770,8718.668054,300.0,,99.0,586.921875,,0
1782300357.840765,8718.768050,304.0,,99.0,586.921875,,0
1782300357.940780,8718.868065,287.0,,99.0,586.921875,,0
1782300358.040781,8718.968065,290.0,,99.0,586.921875,,0
1782300358.140708,8719.067992,299.0,,99.0,586.921875,,0
1782300358.240780,8719.168064,299.0,,99.0,586.921875,,0
1782300358.340770,8719.268054,301.0,,99.0,586.921875,,0
1782300358.440783,8719.368068,299.0,,99.0,586.921875,,0
1782300358.540786,8719.468070,299.0,,99.0,586.921875,,0
1782300358.640785,8719.568069,299.0,,99.0,586.921875,,0
1782300358.740777,8719.668062,300.0,,99.0,586.921875,,0
1782300358.840779,8719.768064,300.0,,99.0,586.921875,,0
1782300358.940779,8719.868064,299.0,,99.0,586.921875,,0
1782300359.040781,8719.968065,298.0,,99.0,586.921875,,0
1782300359.140777,8720.068062,301.0,,99.0,586.921875,,0
1782300359.240778,8720.168062,299.0,,99.0,586.921875,,0
1782300359.340772,8720.268056,299.0,,99.0,586.921875,,0
1782300359.440782,8720.368066,301.0,,99.0,586.921875,,0
1782300359.540776,8720.468060,299.0,,99.0,586.921875,,0
1782300359.640778,8720.568062,300.0,,99.0,586.921875,,0
1782300359.740782,8720.668066,300.0,,99.0,586.921875,,0
1782300359.840779,8720.768063,300.0,,99.0,586.921875,,0
1782300359.940785,8720.868069,299.0,,99.0,586.921875,,0
1782300360.040782,8720.968067,300.0,,99.0,586.921875,,0
1782300360.140691,8721.067974,297.0,,99.0,586.921875,,0
1782300360.240776,8721.168060,295.0,,99.0,586.921875,,0
1782300360.340778,8721.268062,299.0,,99.0,586.921875,,0
1782300360.440777,8721.368062,301.0,,99.0,586.921875,,0
1782300360.540777,8721.468062,304.0,,99.0,586.921875,,0
1782300360.640775,8721.568059,297.0,,99.0,586.921875,,0
1782300360.740780,8721.668064,300.0,,99.0,586.921875,,0
1782300360.840779,8721.768063,299.0,,99.0,586.921875,,0
1782300360.940779,8721.868063,300.0,,99.0,586.921875,,0
1782300361.040775,8721.968059,299.0,,99.0,586.921875,,0
1782300361.140779,8722.068063,301.0,,99.0,586.921875,,0
1782300361.240789,8722.168075,299.0,,99.0,586.921875,,0
1782300361.340777,8722.268062,299.0,,99.0,586.921875,,0
1782300361.440776,8722.368060,299.0,,99.0,586.921875,,0
1782300361.540775,8722.468059,299.0,,99.0,586.921875,,0
1782300361.640783,8722.568067,300.0,,99.0,586.921875,,0
1782300361.740710,8722.667994,309.0,,99.0,586.921875,,0
1782300361.840777,8722.768061,299.0,,99.0,586.921875,,0
1782300361.940775,8722.868059,299.0,,99.0,586.921875,,0
1782300362.040802,8722.968086,299.0,,99.0,586.921875,,0
1782300362.140789,8723.068074,300.0,,99.0,586.921875,,0
1782300362.240778,8723.168062,299.0,,99.0,586.921875,,0
1782300362.340776,8723.268061,299.0,,99.0,586.921875,,0
1782300362.440779,8723.368063,300.0,,99.0,586.921875,,0
1782300362.540804,8723.468089,298.0,,99.0,586.921875,,0
1782300362.640778,8723.568063,300.0,,99.0,586.921875,,0
1782300362.740780,8723.668065,300.0,,99.0,586.921875,,0
1782300362.840779,8723.768064,299.0,,99.0,586.921875,,0
1782300362.940774,8723.868058,300.0,,99.0,586.921875,,0
1782300363.040777,8723.968061,300.0,,99.0,586.921875,,0
1782300363.140783,8724.068068,299.0,,99.0,586.921875,,0
1782300363.240691,8724.167974,299.0,,99.0,586.921875,,0
1782300363.340776,8724.268061,300.0,,99.0,586.921875,,0
1782300363.440786,8724.368070,299.0,,99.0,586.921875,,0
1782300363.540777,8724.468061,300.0,,99.0,586.921875,,0
1782300363.640781,8724.568065,300.0,,99.0,586.921875,,0
1782300363.740781,8724.668066,300.0,,99.0,586.921875,,0
1782300363.840777,8724.768062,298.0,,99.0,586.921875,,0
1782300363.940781,8724.868066,300.0,,99.0,586.921875,,0
1782300364.040787,8724.968070,299.0,,99.0,586.921875,,0
1782300364.140777,8725.068061,300.0,,99.0,586.921875,,0
1782300364.240778,8725.168063,299.0,,99.0,586.921875,,0
1782300364.340777,8725.268061,299.0,,99.0,586.921875,,0
1782300364.440774,8725.368059,298.0,,99.0,586.921875,,0
1782300364.540776,8725.468060,301.0,,99.0,586.921875,,0
1782300364.640775,8725.568060,299.0,,99.0,586.921875,,0
1782300364.740788,8725.668072,299.0,,99.0,586.921875,,0
1782300364.840773,8725.768057,300.0,,99.0,586.921875,,0
1782300364.940774,8725.868059,299.0,,99.0,586.921875,,0
1782300365.040778,8725.968062,300.0,,99.0,586.921875,,0
1782300365.140796,8726.068080,300.0,,99.0,586.921875,,0
1782300365.240691,8726.167974,300.0,,99.0,586.921875,,0
1782300365.340774,8726.268058,299.0,,99.0,586.921875,,0
1782300365.440802,8726.368086,300.0,,99.0,586.921875,,0
1782300365.540773,8726.468057,299.0,,99.0,586.921875,,0
1782300365.640777,8726.568061,299.0,,99.0,586.921875,,0
1782300365.741056,8726.668340,300.0,,99.0,586.921875,,0
1782300365.840695,8726.767979,299.0,,99.0,586.921875,,0
1782300365.940695,8726.867978,300.0,,99.0,586.921875,,0
1782300366.040715,8726.967999,300.0,,99.0,586.921875,,0
1782300366.140711,8727.067995,300.0,,99.0,586.921875,,0
1782300366.240694,8727.167978,299.0,,99.0,586.921875,,0
1782300366.340694,8727.267978,300.0,,99.0,586.921875,,0
1782300366.440713,8727.367997,299.0,,99.0,586.921875,,0
1782300366.540713,8727.467997,299.0,,99.0,586.921875,,0
1782300366.640714,8727.567998,300.0,,99.0,586.921875,,0
1782300366.740695,8727.667978,300.0,,99.0,586.921875,,0
1782300366.840694,8727.767978,299.0,,99.0,586.921875,,0
1782300366.940714,8727.867998,299.0,,99.0,586.921875,,0
1782300367.040703,8727.967987,300.0,,99.0,586.921875,,0
1782300367.140733,8728.068016,299.0,,99.0,586.921875,,0
1782300367.240712,8728.167996,300.0,,99.0,586.921875,,0
1782300367.340695,8728.267978,299.0,,99.0,586.921875,,0
1782300367.440695,8728.367978,305.0,,99.0,586.921875,,0
1782300367.540714,8728.467998,298.0,,99.0,586.921875,,0
1782300367.640695,8728.567978,324.0,,99.0,586.921875,,0
1782300367.740695,8728.667978,299.0,,99.0,586.921875,,0
1782300367.840714,8728.767998,300.0,,99.0,586.921875,,0
1782300367.940694,8728.867977,299.0,,99.0,586.921875,,0
1782300368.040694,8728.967978,300.0,,99.0,586.921875,,0
1782300368.140712,8729.067996,299.0,,99.0,586.921875,,0
1782300368.240786,8729.168071,299.0,,99.0,586.921875,,0
1782300368.340776,8729.268061,301.0,,99.0,586.921875,,0
1782300368.440773,8729.368057,299.0,,99.0,586.921875,,0
1782300368.540772,8729.468057,298.0,,99.0,586.921875,,0
1782300368.640781,8729.568066,301.0,,99.0,586.921875,,0
1782300368.740784,8729.668068,299.0,,99.0,586.921875,,0
1782300368.840777,8729.768061,299.0,,99.0,586.921875,,0
1782300368.940796,8729.868081,299.0,,99.0,586.921875,,0
1782300369.040776,8729.968061,300.0,,99.0,586.921875,,0
1782300369.140773,8730.068058,299.0,,99.0,586.921875,,0
1782300369.240782,8730.168066,300.0,,99.0,586.921875,,0
1782300369.340779,8730.268063,299.0,,99.0,586.921875,,0
1782300369.440776,8730.368061,300.0,,99.0,586.921875,,0
1782300369.540776,8730.468061,299.0,,99.0,586.921875,,0
1782300369.640778,8730.568062,300.0,,99.0,586.921875,,0
1782300369.740799,8730.668084,299.0,,99.0,586.921875,,0
1782300369.840794,8730.768079,300.0,,99.0,586.921875,,0
1782300369.940781,8730.868066,298.0,,99.0,586.921875,,0
1782300370.040781,8730.968065,301.0,,99.0,586.921875,,0
1782300370.140773,8731.068058,299.0,,99.0,586.921875,,0
1782300370.240713,8731.167998,299.0,,99.0,586.921875,,0
1782300370.340766,8731.268050,300.0,,99.0,586.921875,,0
1782300370.440775,8731.368059,300.0,,99.0,586.921875,,0
1782300370.540777,8731.468062,299.0,,99.0,586.921875,,0
1782300370.640774,8731.568058,300.0,,99.0,586.921875,,0
1782300370.740775,8731.668059,299.0,,99.0,586.921875,,0
1782300370.840783,8731.768067,300.0,,99.0,586.921875,,0
1782300370.940771,8731.868055,298.0,,99.0,586.921875,,0
1782300371.040794,8731.968079,301.0,,99.0,586.921875,,0
1782300371.140778,8732.068062,299.0,,99.0,586.921875,,0
1782300371.240777,8732.168061,300.0,,99.0,586.921875,,0
1782300371.340779,8732.268063,299.0,,99.0,586.921875,,0
1782300371.440778,8732.368062,299.0,,99.0,586.921875,,0
1782300371.540787,8732.468071,299.0,,99.0,586.921875,,0
1782300371.640778,8732.568062,300.0,,99.0,586.921875,,0
1782300371.740781,8732.668066,300.0,,99.0,586.921875,,0
1782300371.840780,8732.768064,299.0,,99.0,586.921875,,0
1782300371.940782,8732.868067,290.0,,99.0,586.921875,,0
1782300372.040784,8732.968068,299.0,,99.0,586.921875,,0
1782300372.140799,8733.068082,300.0,,99.0,586.921875,,0
1782300372.240781,8733.168066,300.0,,99.0,586.921875,,0
1782300372.340779,8733.268063,299.0,,99.0,586.921875,,0
1782300372.440776,8733.368060,299.0,,99.0,586.921875,,0
1782300372.540773,8733.468057,300.0,,99.0,586.921875,,0
1782300372.640785,8733.568068,299.0,,99.0,586.921875,,0
1782300372.740783,8733.668068,300.0,,99.0,586.921875,,0
1782300372.840780,8733.768065,300.0,,99.0,586.921875,,0
1782300372.940782,8733.868066,299.0,,99.0,586.921875,,0
1782300373.040777,8733.968061,298.0,,100.0,586.921875,,0
1782300373.140780,8734.068064,302.0,,99.0,586.921875,,0
1782300373.240773,8734.168057,306.0,,99.0,586.921875,,0
1782300373.340780,8734.268065,287.0,,99.0,586.921875,,0
1782300373.440778,8734.368063,311.0,,99.0,586.921875,,0
1782300373.540775,8734.468058,324.0,,99.0,586.921875,,0
1782300373.640780,8734.568064,314.0,,99.0,586.921875,,0
1782300373.740782,8734.668067,306.0,,99.0,586.921875,,0
1782300373.840781,8734.768066,323.0,,99.0,586.921875,,0
1782300373.940772,8734.868057,299.0,,100.0,586.921875,,0
1782300374.040778,8734.968062,288.0,,100.0,586.921875,,0
1782300374.140779,8735.068064,313.0,,99.0,586.921875,,0
1782300374.240777,8735.168061,274.0,,100.0,586.921875,,0
1782300374.340775,8735.268059,290.0,,99.0,586.921875,,0
1782300374.440778,8735.368063,299.0,,99.0,586.921875,,0
1782300374.540774,8735.468059,300.0,,99.0,586.921875,,0
1782300374.640775,8735.568059,293.0,,99.0,586.921875,,0
1782300374.740774,8735.668059,294.0,,100.0,586.921875,,0
1782300374.840781,8735.768066,299.0,,99.0,586.921875,,0
1782300374.940778,8735.868063,299.0,,99.0,586.921875,,0
1782300375.040771,8735.968056,298.0,,99.0,586.921875,,0
1782300375.140776,8736.068062,301.0,,99.0,586.921875,,0
1782300375.240786,8736.168071,300.0,,99.0,586.921875,,0
1782300375.340773,8736.268058,299.0,,99.0,586.921875,,0
1782300375.440784,8736.368069,299.0,,99.0,586.921875,,0
1782300375.540783,8736.468068,300.0,,99.0,586.921875,,0
1782300375.640779,8736.568063,299.0,,99.0,586.921875,,0
1782300375.740774,8736.668058,300.0,,99.0,586.921875,,0
1782300375.840773,8736.768058,299.0,,99.0,586.921875,,0
1782300375.940713,8736.867998,299.0,,99.0,586.921875,,0
1782300376.040780,8736.968063,300.0,,99.0,586.921875,,0
1782300376.140773,8737.068058,299.0,,99.0,586.921875,,0
1782300376.240779,8737.168062,300.0,,99.0,586.921875,,0
1782300376.340708,8737.267992,299.0,,99.0,586.921875,,0
1782300376.440776,8737.368061,300.0,,99.0,586.921875,,0
1782300376.540776,8737.468060,300.0,,99.0,586.921875,,0
1782300376.640779,8737.568063,299.0,,99.0,586.921875,,0
1782300376.740773,8737.668058,299.0,,99.0,586.921875,,0
1782300376.840778,8737.768062,299.0,,99.0,586.921875,,0
1782300376.940777,8737.868061,300.0,,99.0,586.921875,,0
1782300377.040777,8737.968060,300.0,,99.0,586.921875,,0
1782300377.140780,8738.068065,298.0,,99.0,586.921875,,0
1782300377.240779,8738.168064,301.0,,99.0,586.921875,,0
1782300377.340774,8738.268058,299.0,,99.0,586.921875,,0
1782300377.440779,8738.368063,300.0,,99.0,586.921875,,0
1782300377.540784,8738.468068,299.0,,99.0,586.921875,,0
1782300377.640781,8738.568066,300.0,,99.0,586.921875,,0
1782300377.740780,8738.668064,300.0,,99.0,586.921875,,0
1782300377.840779,8738.768064,300.0,,99.0,586.921875,,0
1782300377.940790,8738.868074,299.0,,99.0,586.921875,,0
1782300378.040773,8738.968057,299.0,,99.0,586.921875,,0
1782300378.140779,8739.068063,299.0,,99.0,586.921875,,0
1782300378.240779,8739.168063,300.0,,99.0,586.921875,,0
1782300378.340717,8739.268015,276.0,,91.0,586.921875,,0
1782300378.440786,8739.368071,52.0,,3.0,586.921875,,0
1782300378.540786,8739.468070,42.0,,3.0,586.921875,,0
1782300378.640788,8739.568073,40.0,,3.0,586.921875,,0
1782300378.740786,8739.668071,25.0,,4.0,586.921875,,0
1782300378.840788,8739.768072,27.0,,3.0,586.921875,,0
1782300378.940786,8739.868070,26.0,,3.0,586.921875,,0
1782300379.040787,8739.968072,24.0,,3.0,586.921875,,0
1782300379.140785,8740.068070,27.0,,3.0,586.921875,,0
1782300379.240784,8740.168068,23.0,,3.0,586.921875,,0
1782300379.340786,8740.268071,24.0,,4.0,586.921875,,0
1782300379.440789,8740.368073,23.0,,3.0,586.921875,,0
1782300379.540788,8740.468072,23.0,,2.0,586.921875,,0
1782300379.640786,8740.568071,23.0,,1.0,586.921875,,0
1782300379.740787,8740.668071,23.0,,3.0,586.921875,,0
1782300379.840788,8740.768073,23.0,,3.0,586.921875,,0
1782300379.940785,8740.868070,25.0,,2.0,586.921875,,0
1782300380.040786,8740.968071,23.0,,3.0,586.921875,,0
1782300380.140785,8741.068070,23.0,,3.0,586.921875,,0
1782300380.240786,8741.168071,23.0,,2.0,586.921875,,0
1782300380.340786,8741.268071,23.0,,3.0,586.921875,,0
1782300380.440792,8741.368077,22.0,,3.0,586.921875,,0
1782300380.540789,8741.468073,25.0,,2.0,586.921875,,0
1782300380.640789,8741.568073,22.0,,3.0,586.921875,,0
1782300380.740786,8741.668071,23.0,,3.0,586.921875,,0
1782300380.840786,8741.768070,22.0,,3.0,586.921875,,0
1782300380.940784,8741.868069,21.0,,3.0,586.921875,,0
1782300381.040785,8741.968070,22.0,,3.0,586.921875,,0
1782300381.140786,8742.068071,23.0,,4.0,586.921875,,0
1782300381.240786,8742.168070,26.0,,3.0,586.921875,,0
1782300381.340785,8742.268069,25.0,,2.0,586.921875,,0
1782300381.440785,8742.368070,22.0,,3.0,586.921875,,0
1782300381.540785,8742.468070,22.0,,3.0,586.921875,,0
1782300381.640793,8742.568078,22.0,,3.0,586.921875,,0
1782300381.740786,8742.668071,22.0,,3.0,586.921875,,0
1782300381.840788,8742.768073,25.0,,3.0,586.921875,,0
1782300381.940790,8742.868074,21.0,,3.0,586.921875,,0
1782300382.040786,8742.968070,21.0,,3.0,586.921875,,0
1782300382.140785,8743.068070,21.0,,3.0,586.921875,,0
1782300382.240786,8743.168071,21.0,,3.0,586.921875,,0
1782300382.340790,8743.268075,25.0,,4.0,586.921875,,0
1782300382.440786,8743.368071,21.0,,3.0,586.921875,,0
1782300382.540788,8743.468073,23.0,,3.0,586.921875,,0
1782300382.640789,8743.568074,21.0,,3.0,586.921875,,0
1782300382.740789,8743.668073,22.0,,3.0,586.921875,,0
1782300382.840791,8743.768076,22.0,,3.0,586.921875,,0
1782300382.940786,8743.868071,22.0,,3.0,586.921875,,0
1782300383.040784,8743.968069,22.0,,3.0,586.921875,,0
1782300383.140810,8744.068095,23.0,,3.0,586.921875,,0
1782300383.240784,8744.168069,24.0,,3.0,586.921875,,0
1782300383.340772,8744.268056,36.0,,12.0,586.921875,,0
1782300383.440784,8744.368069,219.0,,99.0,586.921875,,0
1782300383.540780,8744.468064,258.0,,99.0,586.921875,,0
1782300383.640778,8744.568063,278.0,,99.0,586.921875,,0
1782300383.740782,8744.668066,279.0,,99.0,586.921875,,0
1782300383.840779,8744.768063,281.0,,99.0,586.921875,,0
1782300383.940782,8744.868066,288.0,,99.0,586.921875,,0
1782300384.040836,8744.968120,288.0,,99.0,586.921875,,0
1782300384.140781,8745.068066,289.0,,99.0,586.921875,,0
1782300384.240778,8745.168063,304.0,,99.0,586.921875,,0
1782300384.340775,8745.268060,306.0,,99.0,586.921875,,0
1782300384.440778,8745.368062,297.0,,99.0,586.921875,,0
1782300384.540777,8745.468060,301.0,,99.0,586.921875,,0
1782300384.640782,8745.568066,298.0,,99.0,586.921875,,0
1782300384.740779,8745.668063,300.0,,99.0,586.921875,,0
1782300384.840784,8745.768069,299.0,,99.0,586.921875,,0
1782300384.940781,8745.868065,301.0,,99.0,586.921875,,0
1782300385.040789,8745.968074,299.0,,99.0,586.921875,,0
1782300385.140779,8746.068064,299.0,,99.0,586.921875,,0
1782300385.240781,8746.168065,300.0,,99.0,586.921875,,0
1782300385.340779,8746.268064,299.0,,99.0,586.921875,,0
1782300385.440782,8746.368067,300.0,,99.0,586.921875,,0
1782300385.540783,8746.468066,299.0,,99.0,586.921875,,0
1782300385.640774,8746.568059,300.0,,99.0,586.921875,,0
1782300385.740779,8746.668064,300.0,,99.0,586.921875,,0
1782300385.840779,8746.768064,299.0,,99.0,586.921875,,0
1782300385.940780,8746.868064,300.0,,99.0,586.921875,,0
1782300386.040783,8746.968067,300.0,,99.0,586.921875,,0
1782300386.140778,8747.068062,298.0,,99.0,586.921875,,0
1782300386.240773,8747.168058,301.0,,99.0,586.921875,,0
1782300386.340774,8747.268059,300.0,,99.0,586.921875,,0
1782300386.440773,8747.368059,298.0,,99.0,586.921875,,0
1782300386.540783,8747.468066,300.0,,99.0,586.921875,,0
1782300386.640774,8747.568058,300.0,,99.0,586.921875,,0
1782300386.740778,8747.668063,300.0,,99.0,586.921875,,0
1782300386.840791,8747.768075,299.0,,99.0,586.921875,,0
1782300386.940781,8747.868066,299.0,,99.0,586.921875,,0
1782300387.040777,8747.968062,301.0,,99.0,586.921875,,0
1782300387.140778,8748.068063,299.0,,99.0,586.921875,,0
1782300387.240773,8748.168057,299.0,,99.0,586.921875,,0
1782300387.340791,8748.268074,301.0,,99.0,586.921875,,0
1782300387.440778,8748.368061,299.0,,99.0,586.921875,,0
1782300387.540774,8748.468058,300.0,,99.0,586.921875,,0
1782300387.640790,8748.568076,299.0,,99.0,586.921875,,0
1782300387.740782,8748.668066,301.0,,99.0,586.921875,,0
1782300387.840773,8748.768058,299.0,,99.0,586.921875,,0
1782300387.940789,8748.868072,300.0,,99.0,586.921875,,0
1782300388.040779,8748.968063,299.0,,99.0,586.921875,,0
1782300388.140773,8749.068057,300.0,,99.0,586.921875,,0
1782300388.240779,8749.168064,299.0,,99.0,586.921875,,0
1782300388.340775,8749.268059,300.0,,99.0,586.921875,,0
1782300388.440778,8749.368062,300.0,,99.0,586.921875,,0
1782300388.540773,8749.468057,299.0,,99.0,586.921875,,0
1782300388.640784,8749.568068,299.0,,99.0,586.921875,,0
1782300388.740780,8749.668064,300.0,,99.0,586.921875,,0
1782300388.840774,8749.768059,299.0,,99.0,586.921875,,0
1782300388.940781,8749.868067,299.0,,99.0,586.921875,,0
1782300389.040774,8749.968059,300.0,,99.0,586.921875,,0
1782300389.140782,8750.068066,299.0,,99.0,586.921875,,0
1782300389.240710,8750.167994,288.0,,99.0,586.921875,,0
1782300389.340781,8750.268066,300.0,,99.0,586.921875,,0
1782300389.440786,8750.368070,299.0,,99.0,586.921875,,0
1782300389.540773,8750.468058,300.0,,99.0,586.921875,,0
1782300389.640786,8750.568070,299.0,,99.0,586.921875,,0
1782300389.740772,8750.668056,305.0,,99.0,586.921875,,0
1782300389.840773,8750.768058,293.0,,99.0,586.921875,,0
1782300389.940781,8750.868065,282.0,,99.0,586.921875,,0
1782300390.040792,8750.968075,287.0,,99.0,586.921875,,0
1782300390.140781,8751.068065,288.0,,99.0,586.921875,,0
1782300390.240774,8751.168058,303.0,,99.0,586.921875,,0
1782300390.340772,8751.268056,287.0,,100.0,586.921875,,0
1782300390.440778,8751.368062,296.0,,99.0,586.921875,,0
1782300390.540776,8751.468060,300.0,,99.0,586.921875,,0
1782300390.640782,8751.568066,313.0,,99.0,586.921875,,0
1782300390.740773,8751.668056,308.0,,99.0,586.921875,,0
1782300390.840777,8751.768062,295.0,,99.0,586.921875,,0
1782300390.940773,8751.868058,319.0,,100.0,586.921875,,0
1782300391.040786,8751.968071,281.0,,99.0,586.921875,,0
1782300391.140852,8752.068137,278.0,,99.0,586.921875,,0
1782300391.240773,8752.168056,300.0,,100.0,586.921875,,0
1782300391.340771,8752.268055,298.0,,99.0,586.921875,,0
1782300391.440775,8752.368059,300.0,,99.0,586.921875,,0
1782300391.540772,8752.468057,300.0,,99.0,586.921875,,0
1782300391.640780,8752.568065,300.0,,99.0,586.921875,,0
1782300391.740790,8752.668073,300.0,,99.0,586.921875,,0
1782300391.840772,8752.768056,299.0,,99.0,586.921875,,0
1782300391.940784,8752.868067,299.0,,99.0,586.921875,,0
1782300392.040776,8752.968059,300.0,,99.0,586.921875,,0
1782300392.140774,8753.068059,300.0,,99.0,586.921875,,0
1782300392.240773,8753.168057,300.0,,99.0,586.921875,,0
1782300392.340777,8753.268061,299.0,,99.0,586.921875,,0
1782300392.440776,8753.368061,299.0,,99.0,586.921875,,0
1782300392.540776,8753.468061,299.0,,99.0,586.921875,,0
1782300392.640778,8753.568063,299.0,,99.0,586.921875,,0
1782300392.740777,8753.668061,300.0,,99.0,586.921875,,0
1782300392.840779,8753.768063,299.0,,99.0,586.921875,,0
1782300392.940778,8753.868062,300.0,,99.0,586.921875,,0
1782300393.040774,8753.968058,300.0,,99.0,586.921875,,0
1782300393.140792,8754.068076,299.0,,99.0,586.921875,,0
1782300393.240782,8754.168066,300.0,,99.0,586.921875,,0
1782300393.340776,8754.268060,299.0,,99.0,586.921875,,0
1782300393.440783,8754.368068,300.0,,99.0,586.921875,,0
1782300393.540781,8754.468064,300.0,,99.0,586.921875,,0
1782300393.640772,8754.568055,298.0,,99.0,586.921875,,0
1782300393.740798,8754.668083,301.0,,99.0,586.921875,,0
1782300393.840774,8754.768058,298.0,,99.0,586.921875,,0
1782300393.940774,8754.868059,300.0,,99.0,586.921875,,0
1782300394.040781,8754.968066,300.0,,99.0,586.921875,,0
1782300394.140780,8755.068065,299.0,,99.0,586.921875,,0
1782300394.240779,8755.168064,300.0,,99.0,586.921875,,0
1782300394.340781,8755.268064,300.0,,99.0,586.921875,,0
1782300394.440777,8755.368062,299.0,,99.0,586.921875,,0
1782300394.540779,8755.468064,299.0,,99.0,586.921875,,0
1782300394.640781,8755.568065,301.0,,99.0,586.921875,,0
1782300394.740775,8755.668060,299.0,,99.0,586.921875,,0
1782300394.840780,8755.768065,299.0,,99.0,586.921875,,0
1782300394.940708,8755.867993,300.0,,99.0,586.921875,,0
1782300395.040774,8755.968058,300.0,,99.0,586.921875,,0
1782300395.140781,8756.068065,298.0,,99.0,586.921875,,0
1782300395.240775,8756.168059,300.0,,99.0,586.921875,,0
1782300395.340776,8756.268060,299.0,,99.0,586.921875,,0
1782300395.440733,8756.368018,299.0,,99.0,586.921875,,0
1782300395.540773,8756.468058,300.0,,99.0,586.921875,,0
1782300395.640773,8756.568057,300.0,,99.0,586.921875,,0
1782300395.740777,8756.668062,300.0,,99.0,586.921875,,0
1782300395.840780,8756.768064,299.0,,99.0,586.921875,,0
1782300395.940784,8756.868068,299.0,,99.0,586.921875,,0
1782300396.040776,8756.968061,299.0,,99.0,586.921875,,0
1782300396.140778,8757.068063,301.0,,99.0,586.921875,,0
1782300396.240778,8757.168063,299.0,,99.0,586.921875,,0
1782300396.340691,8757.267974,298.0,,99.0,586.921875,,0
1782300396.440731,8757.368015,300.0,,99.0,586.921875,,0
1782300396.540789,8757.468074,300.0,,99.0,586.921875,,0
1782300396.640779,8757.568063,300.0,,99.0,586.921875,,0
1782300396.740780,8757.668064,298.0,,99.0,586.921875,,0
1782300396.840780,8757.768065,301.0,,99.0,586.921875,,0
1782300396.940778,8757.868062,299.0,,99.0,586.921875,,0
1782300397.040781,8757.968065,300.0,,99.0,586.921875,,0
1782300397.140780,8758.068064,299.0,,99.0,586.921875,,0
1782300397.240778,8758.168063,299.0,,99.0,586.921875,,0
1782300397.340780,8758.268065,299.0,,99.0,586.921875,,0
1782300397.440734,8758.368017,300.0,,99.0,586.921875,,0
1782300397.540774,8758.468058,299.0,,99.0,586.921875,,0
1782300397.640778,8758.568062,300.0,,99.0,586.921875,,0
1782300397.740780,8758.668064,299.0,,99.0,586.921875,,0
1782300397.840777,8758.768062,300.0,,99.0,586.921875,,0
1782300397.940776,8758.868060,299.0,,99.0,586.921875,,0
1782300398.040801,8758.968084,299.0,,99.0,586.921875,,0
1782300398.140785,8759.068069,300.0,,99.0,586.921875,,0
1782300398.240777,8759.168061,300.0,,99.0,586.921875,,0
1782300398.340708,8759.267992,299.0,,99.0,586.921875,,0
1782300398.440730,8759.368014,300.0,,99.0,586.921875,,0
1782300398.540778,8759.468063,300.0,,99.0,586.921875,,0
1782300398.640780,8759.568064,300.0,,99.0,586.921875,,0
1782300398.740782,8759.668066,299.0,,99.0,586.921875,,0
1782300398.840786,8759.768069,300.0,,99.0,586.921875,,0
1782300398.940781,8759.868065,299.0,,99.0,586.921875,,0
1782300399.040772,8759.968057,299.0,,99.0,586.921875,,0
1782300399.140775,8760.068059,300.0,,99.0,586.921875,,0
1782300399.240776,8760.168060,300.0,,99.0,586.921875,,0
1782300399.340776,8760.268060,300.0,,99.0,586.921875,,0
1782300399.440780,8760.368065,299.0,,99.0,586.921875,,0
1782300399.540778,8760.468062,300.0,,99.0,586.921875,,0
1782300399.640783,8760.568068,299.0,,99.0,586.921875,,0
1782300399.740781,8760.668065,300.0,,99.0,586.921875,,0
1782300399.840780,8760.768065,299.0,,99.0,586.921875,,0
1782300399.940801,8760.868084,300.0,,99.0,586.921875,,0
1782300400.040777,8760.968062,299.0,,99.0,586.921875,,0
1782300400.140776,8761.068060,299.0,,99.0,586.921875,,0
1782300400.240788,8761.168071,300.0,,99.0,586.921875,,0
1782300400.340795,8761.268079,299.0,,99.0,586.921875,,0
1782300400.440708,8761.367992,301.0,,99.0,586.921875,,0
1782300400.540778,8761.468063,299.0,,99.0,586.921875,,0
1782300400.640777,8761.568062,300.0,,99.0,586.921875,,0
1782300400.740782,8761.668067,300.0,,99.0,586.921875,,0
1782300400.840780,8761.768064,300.0,,99.0,586.921875,,0
1782300400.940777,8761.868062,299.0,,99.0,586.921875,,0
1782300401.040776,8761.968061,300.0,,99.0,586.921875,,0
1782300401.140780,8762.068064,299.0,,99.0,586.921875,,0
1782300401.240782,8762.168066,300.0,,99.0,586.921875,,0
1782300401.340775,8762.268060,299.0,,99.0,586.921875,,0
1782300401.440785,8762.368069,298.0,,99.0,586.921875,,0
1782300401.540775,8762.468059,301.0,,99.0,586.921875,,0
1782300401.640739,8762.568022,299.0,,99.0,586.921875,,0
1782300401.740780,8762.668064,299.0,,99.0,586.921875,,0
1782300401.840715,8762.767999,300.0,,99.0,586.921875,,0
1782300401.940710,8762.867994,298.0,,99.0,586.921875,,0
1782300402.040784,8762.968068,301.0,,99.0,586.921875,,0
1782300402.140784,8763.068068,299.0,,99.0,586.921875,,0
1782300402.240786,8763.168070,300.0,,99.0,586.921875,,0
1782300402.340777,8763.268061,299.0,,99.0,586.921875,,0
1782300402.440775,8763.368060,298.0,,99.0,586.921875,,0
1782300402.540772,8763.468057,299.0,,99.0,586.921875,,0
1782300402.640781,8763.568065,301.0,,99.0,586.921875,,0
1782300402.740779,8763.668064,300.0,,99.0,586.921875,,0
1782300402.840782,8763.768066,299.0,,99.0,586.921875,,0
1782300402.940779,8763.868064,301.0,,99.0,586.921875,,0
1782300403.040779,8763.968063,299.0,,99.0,586.921875,,0
1782300403.140778,8764.068062,299.0,,99.0,586.921875,,0
1782300403.240778,8764.168063,316.0,,99.0,586.921875,,0
1782300403.340778,8764.268062,300.0,,99.0,586.921875,,0
1782300403.440779,8764.368063,300.0,,99.0,586.921875,,0
1782300403.540772,8764.468057,299.0,,99.0,586.921875,,0
1782300403.640779,8764.568063,300.0,,99.0,586.921875,,0
1782300403.740777,8764.668061,298.0,,99.0,586.921875,,0
1782300403.840767,8764.768052,301.0,,99.0,586.921875,,0
1782300403.940789,8764.868072,300.0,,99.0,586.921875,,0
1782300404.040777,8764.968062,299.0,,99.0,586.921875,,0
1782300404.140777,8765.068063,300.0,,99.0,586.921875,,0
1782300404.240775,8765.168060,299.0,,99.0,586.921875,,0
1782300404.340780,8765.268064,299.0,,99.0,586.921875,,0
1782300404.440781,8765.368065,300.0,,99.0,586.921875,,0
1782300404.540781,8765.468065,300.0,,99.0,586.921875,,0
1782300404.640774,8765.568058,299.0,,99.0,586.921875,,0
1782300404.740773,8765.668058,300.0,,99.0,586.921875,,0
1782300404.840773,8765.768058,299.0,,99.0,586.921875,,0
1782300404.940728,8765.868012,300.0,,99.0,586.921875,,0
1782300405.040783,8765.968067,300.0,,99.0,586.921875,,0
1782300405.140773,8766.068057,299.0,,99.0,586.921875,,0
1782300405.240776,8766.168061,300.0,,99.0,586.921875,,0
1782300405.340805,8766.268090,299.0,,99.0,586.921875,,0
1782300405.440773,8766.368058,300.0,,99.0,586.921875,,0
1782300405.540771,8766.468055,299.0,,99.0,586.921875,,0
1782300405.640691,8766.567974,314.0,,99.0,586.921875,,0
1782300405.740773,8766.668057,299.0,,99.0,586.921875,,0
1782300405.840801,8766.768085,298.0,,99.0,586.921875,,0
1782300405.940785,8766.868070,301.0,,99.0,586.921875,,0
1782300406.040773,8766.968057,299.0,,99.0,586.921875,,0
1782300406.140778,8767.068062,300.0,,99.0,586.921875,,0
1782300406.240779,8767.168063,299.0,,99.0,586.921875,,0
1782300406.340778,8767.268063,291.0,,99.0,586.921875,,0
1782300406.440778,8767.368062,291.0,,99.0,586.921875,,0
1782300406.540776,8767.468061,293.0,,99.0,586.921875,,0
1782300406.640778,8767.568063,304.0,,100.0,586.921875,,0
1782300406.740772,8767.668057,294.0,,100.0,586.921875,,0
1782300406.840773,8767.768058,298.0,,99.0,586.921875,,0
1782300406.940777,8767.868061,308.0,,99.0,586.921875,,0
1782300407.040778,8767.968062,311.0,,99.0,586.921875,,0
1782300407.140791,8768.068075,268.0,,99.0,586.921875,,0
1782300407.240773,8768.168056,299.0,,100.0,586.921875,,0
1782300407.340784,8768.268068,303.0,,100.0,586.921875,,0
1782300407.440767,8768.368051,305.0,,99.0,586.921875,,0
1782300407.540780,8768.468065,305.0,,100.0,586.921875,,0
1782300407.640772,8768.568057,305.0,,99.0,586.921875,,0
1782300407.740777,8768.668062,321.0,,100.0,586.921875,,0
1782300407.840708,8768.767992,299.0,,99.0,586.921875,,0
1782300407.940691,8768.867974,300.0,,99.0,586.921875,,0
1782300408.040708,8768.967992,300.0,,99.0,586.921875,,0
1782300408.140776,8769.068061,299.0,,99.0,586.921875,,0
1782300408.240691,8769.167974,300.0,,99.0,586.921875,,0
1782300408.340773,8769.268057,298.0,,99.0,586.921875,,0
1782300408.440778,8769.368063,301.0,,99.0,586.921875,,0
1782300408.540775,8769.468059,299.0,,99.0,586.921875,,0
1782300408.640781,8769.568065,299.0,,99.0,586.921875,,0
1782300408.740775,8769.668060,301.0,,99.0,586.921875,,0
1782300408.840776,8769.768060,299.0,,99.0,586.921875,,0
1782300408.940781,8769.868065,300.0,,99.0,586.921875,,0
1782300409.040774,8769.968059,299.0,,99.0,586.921875,,0
1782300409.140774,8770.068059,299.0,,99.0,586.921875,,0
1782300409.240773,8770.168057,300.0,,99.0,586.921875,,0
1782300409.340773,8770.268058,300.0,,99.0,586.921875,,0
1782300409.440783,8770.368067,299.0,,99.0,586.921875,,0
1782300409.540775,8770.468059,299.0,,99.0,586.921875,,0
1782300409.640773,8770.568057,299.0,,99.0,586.921875,,0
1782300409.740774,8770.668059,300.0,,99.0,586.921875,,0
1782300409.840779,8770.768063,299.0,,99.0,586.921875,,0
1782300409.940772,8770.868057,300.0,,99.0,586.921875,,0
1782300410.040795,8770.968079,299.0,,99.0,586.921875,,0
1782300410.140782,8771.068065,299.0,,99.0,586.921875,,0
1782300410.241094,8771.168378,300.0,,99.0,586.921875,,0
1782300410.340773,8771.268057,299.0,,99.0,586.921875,,0
1782300410.440776,8771.368060,299.0,,99.0,586.921875,,0
1782300410.540777,8771.468062,300.0,,99.0,586.921875,,0
1782300410.640778,8771.568062,299.0,,99.0,586.921875,,0
1782300410.740774,8771.668059,299.0,,99.0,586.921875,,0
1782300410.840780,8771.768065,299.0,,99.0,586.921875,,0
1782300410.940776,8771.868060,300.0,,99.0,586.921875,,0
1782300411.040776,8771.968060,300.0,,99.0,586.921875,,0
1782300411.140785,8772.068070,300.0,,99.0,586.921875,,0
1782300411.240776,8772.168060,299.0,,99.0,586.921875,,0
1782300411.340779,8772.268063,299.0,,99.0,586.921875,,0
1782300411.440691,8772.367974,299.0,,99.0,586.921875,,0
1782300411.540774,8772.468058,300.0,,99.0,586.921875,,0
1782300411.640775,8772.568060,299.0,,99.0,586.921875,,0
1782300411.740772,8772.668056,299.0,,99.0,586.921875,,0
1782300411.840770,8772.768055,300.0,,99.0,586.921875,,0
1782300411.940765,8772.868050,299.0,,99.0,586.921875,,0
1782300412.040785,8772.968069,299.0,,99.0,586.921875,,0
1782300412.140783,8773.068067,299.0,,99.0,586.921875,,0
1782300412.240773,8773.168058,299.0,,99.0,586.921875,,0
1782300412.340691,8773.267974,300.0,,99.0,586.921875,,0
1782300412.440774,8773.368058,299.0,,99.0,586.921875,,0
1782300412.540776,8773.468060,301.0,,99.0,586.921875,,0
1782300412.640782,8773.568065,299.0,,99.0,586.921875,,0
1782300412.740773,8773.668058,300.0,,99.0,586.921875,,0
1782300412.840798,8773.768082,300.0,,99.0,586.921875,,0
1782300412.940782,8773.868067,300.0,,99.0,586.921875,,0
1782300413.040712,8773.967996,300.0,,99.0,586.921875,,0
1782300413.140775,8774.068059,299.0,,99.0,586.921875,,0
1782300413.240778,8774.168063,300.0,,99.0,586.921875,,0
1782300413.340773,8774.268057,300.0,,99.0,586.921875,,0
1782300413.440782,8774.368066,298.0,,99.0,586.921875,,0
1782300413.540781,8774.468064,299.0,,99.0,586.921875,,0
1782300413.640772,8774.568057,300.0,,99.0,586.921875,,0
1782300413.740771,8774.668056,300.0,,99.0,586.921875,,0
1782300413.840691,8774.767974,300.0,,99.0,586.921875,,0
1782300413.940766,8774.868050,298.0,,99.0,586.921875,,0
1782300414.040797,8774.968080,301.0,,99.0,586.921875,,0
1782300414.140785,8775.068070,300.0,,99.0,586.921875,,0
1782300414.240786,8775.168071,299.0,,99.0,586.921875,,0
1782300414.340773,8775.268057,299.0,,99.0,586.921875,,0
1782300414.440777,8775.368061,300.0,,99.0,586.921875,,0
1782300414.540776,8775.468060,300.0,,99.0,586.921875,,0
1782300414.640778,8775.568063,299.0,,99.0,586.921875,,0
1782300414.740778,8775.668062,299.0,,99.0,586.921875,,0
1782300414.840774,8775.768059,300.0,,99.0,586.921875,,0
1782300414.940772,8775.868057,300.0,,99.0,586.921875,,0
1782300415.040773,8775.968057,300.0,,99.0,586.921875,,0
1782300415.140779,8776.068064,299.0,,99.0,586.921875,,0
1782300415.240782,8776.168067,298.0,,99.0,586.921875,,0
1782300415.340778,8776.268063,301.0,,99.0,586.921875,,0
1782300415.440779,8776.368063,299.0,,99.0,586.921875,,0
1782300415.540780,8776.468065,299.0,,99.0,586.921875,,0
1782300415.640779,8776.568063,300.0,,99.0,586.921875,,0
1782300415.740706,8776.667991,299.0,,99.0,586.921875,,0
1782300415.840691,8776.767974,300.0,,99.0,586.921875,,0
1782300415.940772,8776.868056,300.0,,99.0,586.921875,,0
1782300416.040779,8776.968064,300.0,,99.0,586.921875,,0
1782300416.140782,8777.068066,300.0,,99.0,586.921875,,0
1782300416.240785,8777.168069,299.0,,99.0,586.921875,,0
1782300416.340779,8777.268063,300.0,,99.0,586.921875,,0
1782300416.440780,8777.368065,299.0,,99.0,586.921875,,0
1782300416.540780,8777.468064,300.0,,99.0,586.921875,,0
1782300416.640777,8777.568062,299.0,,99.0,586.921875,,0
1782300416.740777,8777.668061,300.0,,99.0,586.921875,,0
1782300416.840779,8777.768063,299.0,,99.0,586.921875,,0
1782300416.940783,8777.868068,300.0,,99.0,586.921875,,0
1782300417.040774,8777.968059,298.0,,99.0,586.921875,,0
1782300417.140782,8778.068066,301.0,,99.0,586.921875,,0
1782300417.240779,8778.168063,299.0,,99.0,586.921875,,0
1782300417.340776,8778.268060,299.0,,99.0,586.921875,,0
1782300417.440775,8778.368059,300.0,,99.0,586.921875,,0
1782300417.540773,8778.468058,300.0,,99.0,586.921875,,0
1782300417.640777,8778.568060,298.0,,99.0,586.921875,,0
1782300417.740782,8778.668066,300.0,,99.0,586.921875,,0
1782300417.840775,8778.768060,300.0,,99.0,586.921875,,0
1782300417.940708,8778.867992,300.0,,99.0,586.921875,,0
1782300418.040691,8778.967974,299.0,,99.0,586.921875,,0
1782300418.140710,8779.067995,300.0,,99.0,586.921875,,0
1782300418.240767,8779.168052,298.0,,99.0,586.921875,,0
1782300418.340715,8779.268000,281.0,,93.0,584.90625,,0
1782300418.440820,8779.368106,58.0,,13.0,354.71484375,,0
1782300418.540787,8779.468071,42.0,,1.0,354.71484375,,0
1782300418.640801,8779.568085,35.0,,,354.71484375,,0
1782300418.740786,8779.668071,34.0,,,354.71484375,,0
1782300418.840783,8779.768068,29.0,,,354.71484375,,0
