sample_epoch,mono_s,power_w,energy_uj,gfx_busy_pct,vram_used_mb,sclk_mhz,device_id
1782298507.565876,6868.493159,11.0,,,354.71484375,,0
1782298507.666035,6868.593320,12.0,,,354.71484375,,0
1782298507.766027,6868.693311,12.0,,2.0,354.71484375,,0
1782298507.866023,6868.793308,11.0,,,354.71484375,,0
1782298507.966026,6868.893311,12.0,,,354.71484375,,0
1782298508.069726,6868.997009,13.0,,,354.71484375,,0
1782298508.165939,6869.093223,10.0,,,354.71484375,,0
1782298508.266041,6869.193324,15.0,,,354.71484375,,0
1782298508.366032,6869.293316,11.0,,1.0,354.71484375,,0
1782298508.466030,6869.393313,10.0,,,354.71484375,,0
1782298508.566030,6869.493315,12.0,,,354.71484375,,0
1782298508.666029,6869.593313,10.0,,,354.71484375,,0
1782298508.766028,6869.693312,10.0,,,354.71484375,,0
1782298508.866026,6869.793310,12.0,,,354.71484375,,0
1782298508.966032,6869.893316,12.0,,,354.71484375,,0
1782298509.066028,6869.993312,11.0,,,354.71484375,,0
1782298509.165945,6870.093229,14.0,,,354.71484375,,0
1782298509.266026,6870.193309,11.0,,,354.71484375,,0
1782298509.366025,6870.293309,11.0,,,354.71484375,,0
1782298509.466027,6870.393311,11.0,,,354.71484375,,0
1782298509.566033,6870.493317,12.0,,1.0,354.71484375,,0
1782298509.666029,6870.593314,11.0,,,354.71484375,,0
1782298509.766027,6870.693311,10.0,,,354.71484375,,0
1782298509.866032,6870.793316,10.0,,,354.71484375,,0
1782298509.966026,6870.893311,11.0,,,354.71484375,,0
1782298510.066026,6870.993310,11.0,,,354.71484375,,0
1782298510.166029,6871.093313,11.0,,1.0,354.71484375,,0
1782298510.266028,6871.193312,10.0,,,354.71484375,,0
1782298510.366028,6871.293312,10.0,,,354.71484375,,0
1782298510.466027,6871.393311,10.0,,,354.71484375,,0
1782298510.566028,6871.493312,10.0,,,354.71484375,,0
1782298510.666030,6871.593314,10.0,,,354.71484375,,0
1782298510.765939,6871.693223,11.0,,2.0,354.71484375,,0
1782298510.866027,6871.793311,14.0,,,354.71484375,,0
1782298510.966029,6871.893313,12.0,,,354.71484375,,0
1782298511.066031,6871.993315,10.0,,,354.71484375,,0
1782298511.166049,6872.093335,10.0,,,354.71484375,,0
1782298511.266031,6872.193315,12.0,,,354.71484375,,0
1782298511.366057,6872.293342,13.0,,,354.71484375,,0
1782298511.466029,6872.393314,10.0,,,354.71484375,,0
1782298511.566028,6872.493312,12.0,,,354.71484375,,0
1782298511.666027,6872.593312,13.0,,,354.71484375,,0
1782298511.766027,6872.693311,10.0,,,354.71484375,,0
1782298511.866028,6872.793312,12.0,,,354.71484375,,0
1782298511.966029,6872.893313,12.0,,3.0,354.71484375,,0
1782298512.065940,6872.993224,12.0,,,354.71484375,,0
1782298512.166019,6873.093303,11.0,,,354.71484375,,0
1782298512.266029,6873.193313,10.0,,,354.71484375,,0
1782298512.366028,6873.293312,10.0,,,354.71484375,,0
1782298512.466025,6873.393309,10.0,,,354.71484375,,0
1782298512.566027,6873.493311,13.0,,7.0,354.765625,,0
1782298512.666019,6873.593303,14.0,,2.0,354.765625,,0
1782298512.766019,6873.693303,10.0,,,354.765625,,0
1782298512.866026,6873.793310,10.0,,,354.765625,,0
1782298512.966027,6873.893311,14.0,,,354.765625,,0
1782298513.066023,6873.993307,15.0,,,354.765625,,0
1782298513.166023,6874.093307,11.0,,,354.765625,,0
1782298513.266025,6874.193309,14.0,,,354.765625,,0
1782298513.366021,6874.293305,10.0,,,354.765625,,0
1782298513.466032,6874.393317,10.0,,,354.765625,,0
1782298513.566022,6874.493306,14.0,,,354.765625,,0
1782298513.666022,6874.593306,10.0,,,354.765625,,0
1782298513.766019,6874.693303,14.0,,3.0,555.54296875,,0
1782298513.866018,6874.793302,48.0,,45.0,584.9609375,,0
1782298513.966021,6874.893304,98.0,,100.0,584.9609375,,0
1782298514.066020,6874.993305,98.0,,100.0,584.9609375,,0
1782298514.166018,6875.093302,97.0,,99.0,584.9609375,,0
1782298514.266022,6875.193305,94.0,,100.0,584.9609375,,0
1782298514.366015,6875.293298,96.0,,100.0,584.9609375,,0
1782298514.466017,6875.393300,100.0,,100.0,584.9609375,,0
1782298514.566015,6875.493299,100.0,,100.0,584.9609375,,0
1782298514.666019,6875.593302,102.0,,100.0,584.9609375,,0
1782298514.766019,6875.693302,102.0,,100.0,584.9609375,,0
1782298514.866019,6875.793303,103.0,,100.0,584.9609375,,0
1782298514.966017,6875.893302,104.0,,100.0,584.9609375,,0
1782298515.066015,6875.993299,105.0,,100.0,584.9609375,,0
1782298515.166014,6876.093299,106.0,,100.0,584.9609375,,0
1782298515.266015,6876.193299,111.0,,100.0,584.9609375,,0
1782298515.366020,6876.293304,108.0,,99.0,584.9609375,,0
1782298515.466016,6876.393300,111.0,,100.0,584.9609375,,0
1782298515.566010,6876.493295,112.0,,100.0,584.9609375,,0
1782298515.666023,6876.593306,113.0,,100.0,584.9609375,,0
1782298515.766019,6876.693302,114.0,,100.0,584.9609375,,0
1782298515.866015,6876.793299,113.0,,100.0,584.9609375,,0
1782298515.966017,6876.893302,113.0,,100.0,584.9609375,,0
1782298516.066013,6876.993296,114.0,,100.0,584.9609375,,0
1782298516.166024,6877.093307,114.0,,100.0,584.9609375,,0
1782298516.266017,6877.193302,114.0,,100.0,584.9609375,,0
1782298516.366020,6877.293304,114.0,,100.0,584.9609375,,0
1782298516.466014,6877.393297,113.0,,100.0,584.9609375,,0
1782298516.566014,6877.493297,114.0,,100.0,584.9609375,,0
1782298516.666019,6877.593303,114.0,,100.0,584.9609375,,0
1782298516.765931,6877.693214,114.0,,100.0,584.9609375,,0
1782298516.866347,6877.793630,114.0,,100.0,584.9609375,,0
1782298516.966034,6877.893319,114.0,,100.0,584.9609375,,0
1782298517.066016,6877.993299,114.0,,100.0,584.9609375,,0
1782298517.166015,6878.093298,115.0,,100.0,584.9609375,,0
1782298517.266018,6878.193301,114.0,,100.0,584.9609375,,0
1782298517.366017,6878.293302,114.0,,100.0,584.9609375,,0
1782298517.466023,6878.393307,115.0,,100.0,584.9609375,,0
1782298517.566016,6878.493300,114.0,,100.0,584.9609375,,0
1782298517.666013,6878.593297,114.0,,100.0,584.9609375,,0
1782298517.766010,6878.693293,114.0,,100.0,584.9609375,,0
1782298517.866015,6878.793299,114.0,,100.0,584.9609375,,0
1782298517.966016,6878.893299,115.0,,100.0,584.9609375,,0
1782298518.066019,6878.993303,114.0,,100.0,584.9609375,,0
1782298518.166015,6879.093298,114.0,,100.0,584.9609375,,0
1782298518.266021,6879.193305,114.0,,100.0,584.9609375,,0
1782298518.366015,6879.293300,114.0,,100.0,584.9609375,,0
1782298518.466019,6879.393303,114.0,,100.0,584.9609375,,0
1782298518.566023,6879.493308,114.0,,100.0,584.9609375,,0
1782298518.666021,6879.593306,114.0,,100.0,584.9609375,,0
1782298518.766016,6879.693300,115.0,,100.0,584.9609375,,0
1782298518.866014,6879.793298,114.0,,100.0,584.9609375,,0
1782298518.966011,6879.893294,115.0,,100.0,584.9609375,,0
1782298519.066013,6879.993296,115.0,,100.0,584.9609375,,0
1782298519.166015,6880.093299,115.0,,100.0,584.9609375,,0
1782298519.266017,6880.193302,115.0,,100.0,584.9609375,,0
1782298519.366015,6880.293298,114.0,,100.0,584.9609375,,0
1782298519.466030,6880.393315,114.0,,100.0,584.9609375,,0
1782298519.566018,6880.493302,115.0,,100.0,584.9609375,,0
1782298519.666017,6880.593300,115.0,,100.0,584.9609375,,0
1782298519.766016,6880.693299,114.0,,100.0,584.9609375,,0
1782298519.866024,6880.793307,115.0,,100.0,584.9609375,,0
1782298519.966016,6880.893299,115.0,,100.0,584.9609375,,0
1782298520.066016,6880.993299,115.0,,100.0,584.9609375,,0
1782298520.166017,6881.093300,115.0,,100.0,584.9609375,,0
1782298520.266021,6881.193305,115.0,,100.0,584.9609375,,0
1782298520.366014,6881.293297,115.0,,100.0,584.9609375,,0
1782298520.466014,6881.393298,115.0,,100.0,584.9609375,,0
1782298520.566022,6881.493307,115.0,,100.0,584.9609375,,0
1782298520.666018,6881.593301,115.0,,100.0,584.9609375,,0
1782298520.766023,6881.693306,115.0,,100.0,584.9609375,,0
1782298520.866017,6881.793302,115.0,,100.0,584.9609375,,0
1782298520.966020,6881.893304,115.0,,100.0,584.9609375,,0
1782298521.066015,6881.993299,115.0,,100.0,584.9609375,,0
1782298521.166018,6882.093303,115.0,,100.0,584.9609375,,0
1782298521.266023,6882.193307,115.0,,100.0,584.9609375,,0
1782298521.366013,6882.293296,115.0,,100.0,584.9609375,,0
1782298521.466020,6882.393304,115.0,,100.0,584.9609375,,0
1782298521.566020,6882.493303,115.0,,100.0,584.9609375,,0
1782298521.666020,6882.593303,115.0,,100.0,584.9609375,,0
1782298521.766019,6882.693302,115.0,,100.0,584.9609375,,0
1782298521.866016,6882.793299,116.0,,100.0,584.9609375,,0
1782298521.966025,6882.893308,115.0,,100.0,584.9609375,,0
1782298522.066014,6882.993297,115.0,,100.0,584.9609375,,0
1782298522.166020,6883.093303,115.0,,100.0,584.9609375,,0
1782298522.266021,6883.193305,115.0,,100.0,584.9609375,,0
1782298522.366030,6883.293314,115.0,,100.0,584.9609375,,0
1782298522.466010,6883.393295,115.0,,100.0,584.9609375,,0
1782298522.566021,6883.493305,116.0,,100.0,584.9609375,,0
1782298522.666014,6883.593297,116.0,,100.0,584.9609375,,0
1782298522.766016,6883.693300,115.0,,100.0,584.9609375,,0
1782298522.866011,6883.793294,116.0,,100.0,584.9609375,,0
1782298522.966017,6883.893300,116.0,,100.0,584.9609375,,0
1782298523.066020,6883.993304,115.0,,100.0,584.9609375,,0
1782298523.166015,6884.093300,115.0,,100.0,584.9609375,,0
1782298523.266020,6884.193304,115.0,,100.0,584.9609375,,0
1782298523.366017,6884.293302,115.0,,100.0,584.9609375,,0
1782298523.466019,6884.393303,115.0,,100.0,584.9609375,,0
1782298523.566021,6884.493306,115.0,,100.0,584.9609375,,0
1782298523.666029,6884.593313,115.0,,100.0,584.9609375,,0
1782298523.766021,6884.693305,116.0,,100.0,584.9609375,,0
1782298523.866021,6884.793305,115.0,,100.0,584.9609375,,0
1782298523.966017,6884.893302,116.0,,100.0,584.9609375,,0
1782298524.066019,6884.993304,116.0,,100.0,584.9609375,,0
1782298524.166009,6885.093293,115.0,,100.0,584.9609375,,0
1782298524.266019,6885.193303,115.0,,100.0,584.9609375,,0
1782298524.366018,6885.293302,115.0,,100.0,584.9609375,,0
1782298524.466018,6885.393303,115.0,,100.0,584.9609375,,0
1782298524.566025,6885.493309,116.0,,100.0,584.9609375,,0
1782298524.666021,6885.593305,116.0,,100.0,584.9609375,,0
1782298524.766010,6885.693295,116.0,,100.0,584.9609375,,0
1782298524.866016,6885.793300,116.0,,100.0,584.9609375,,0
1782298524.966030,6885.893314,116.0,,100.0,584.9609375,,0
1782298525.066011,6885.993294,116.0,,100.0,584.9609375,,0
1782298525.166014,6886.093298,116.0,,100.0,584.9609375,,0
1782298525.266011,6886.193295,116.0,,100.0,584.9609375,,0
1782298525.366017,6886.293300,116.0,,100.0,584.9609375,,0
1782298525.466013,6886.393296,117.0,,100.0,584.9609375,,0
1782298525.566016,6886.493300,116.0,,100.0,584.9609375,,0
1782298525.666014,6886.593299,116.0,,100.0,584.9609375,,0
1782298525.766019,6886.693304,116.0,,100.0,584.9609375,,0
1782298525.866013,6886.793297,116.0,,100.0,584.9609375,,0
1782298525.966019,6886.893302,116.0,,100.0,584.9609375,,0
1782298526.066014,6886.993297,116.0,,100.0,584.9609375,,0
1782298526.166008,6887.093291,116.0,,100.0,584.9609375,,0
1782298526.266019,6887.193303,117.0,,100.0,584.9609375,,0
1782298526.366012,6887.293296,116.0,,100.0,584.9609375,,0
1782298526.466021,6887.393304,116.0,,100.0,584.9609375,,0
1782298526.566013,6887.493296,116.0,,100.0,584.9609375,,0
1782298526.666017,6887.593302,117.0,,100.0,584.9609375,,0
1782298526.766017,6887.693301,116.0,,100.0,584.9609375,,0
1782298526.866014,6887.793297,116.0,,100.0,584.9609375,,0
1782298526.966010,6887.893293,116.0,,100.0,584.9609375,,0
1782298527.066012,6887.993298,117.0,,100.0,584.9609375,,0
1782298527.166028,6888.093311,117.0,,100.0,584.9609375,,0
1782298527.266013,6888.193299,116.0,,100.0,584.9609375,,0
1782298527.366017,6888.293300,117.0,,100.0,584.9609375,,0
1782298527.466018,6888.393302,116.0,,100.0,584.9609375,,0
1782298527.566017,6888.493300,116.0,,100.0,584.9609375,,0
1782298527.666013,6888.593298,116.0,,100.0,584.9609375,,0
1782298527.766012,6888.693295,117.0,,100.0,584.9609375,,0
1782298527.866020,6888.793304,117.0,,100.0,584.9609375,,0
1782298527.966010,6888.893295,116.0,,100.0,584.9609375,,0
1782298528.066016,6888.993299,117.0,,100.0,584.9609375,,0
1782298528.166029,6889.093314,116.0,,100.0,584.9609375,,0
1782298528.266015,6889.193299,117.0,,100.0,584.9609375,,0
1782298528.366012,6889.293296,116.0,,100.0,584.9609375,,0
1782298528.466014,6889.393297,117.0,,100.0,584.9609375,,0
1782298528.566021,6889.493306,117.0,,100.0,584.9609375,,0
1782298528.666013,6889.593297,117.0,,100.0,584.9609375,,0
1782298528.766015,6889.693299,117.0,,100.0,584.9609375,,0
1782298528.866022,6889.793305,116.0,,100.0,584.9609375,,0
1782298528.966019,6889.893302,116.0,,100.0,584.9609375,,0
1782298529.066014,6889.993298,116.0,,100.0,584.9609375,,0
1782298529.166023,6890.093309,117.0,,100.0,584.9609375,,0
1782298529.266015,6890.193299,116.0,,100.0,584.9609375,,0
1782298529.366015,6890.293298,117.0,,100.0,584.9609375,,0
1782298529.466018,6890.393303,117.0,,100.0,584.9609375,,0
1782298529.566022,6890.493307,117.0,,100.0,584.9609375,,0
1782298529.666024,6890.593308,117.0,,100.0,584.9609375,,0
1782298529.766021,6890.693304,117.0,,100.0,584.9609375,,0
1782298529.866015,6890.793298,117.0,,100.0,584.9609375,,0
1782298529.966020,6890.893303,117.0,,100.0,584.9609375,,0
1782298530.066009,6890.993292,118.0,,100.0,584.9609375,,0
1782298530.166014,6891.093299,117.0,,100.0,584.9609375,,0
1782298530.266013,6891.193296,121.0,,100.0,584.9609375,,0
1782298530.366012,6891.293297,119.0,,100.0,584.9609375,,0
1782298530.466022,6891.393306,117.0,,100.0,584.9609375,,0
1782298530.566024,6891.493308,117.0,,100.0,584.9609375,,0
1782298530.666022,6891.593307,117.0,,100.0,584.9609375,,0
1782298530.766026,6891.693309,117.0,,100.0,584.9609375,,0
1782298530.866024,6891.793308,118.0,,100.0,584.9609375,,0
1782298530.966027,6891.893312,116.0,,100.0,584.9609375,,0
1782298531.066033,6891.993317,116.0,,100.0,584.9609375,,0
1782298531.166022,6892.093306,116.0,,100.0,584.9609375,,0
1782298531.266023,6892.193307,116.0,,100.0,584.9609375,,0
1782298531.366022,6892.293305,116.0,,100.0,584.9609375,,0
1782298531.466023,6892.393309,117.0,,99.0,584.9609375,,0
1782298531.566026,6892.493311,117.0,,100.0,584.9609375,,0
1782298531.666023,6892.593307,117.0,,100.0,584.9609375,,0
1782298531.766023,6892.693307,117.0,,100.0,584.9609375,,0
1782298531.866024,6892.793309,117.0,,100.0,584.9609375,,0
1782298531.966012,6892.893297,117.0,,100.0,584.9609375,,0
1782298532.066016,6892.993299,115.0,,100.0,584.9609375,,0
1782298532.166024,6893.093309,116.0,,100.0,584.9609375,,0
1782298532.266029,6893.193313,117.0,,100.0,584.9609375,,0
1782298532.366019,6893.293302,117.0,,100.0,584.9609375,,0
1782298532.466011,6893.393294,117.0,,100.0,584.9609375,,0
1782298532.566018,6893.493302,117.0,,100.0,584.9609375,,0
1782298532.666012,6893.593296,117.0,,100.0,584.9609375,,0
1782298532.766013,6893.693297,117.0,,100.0,584.9609375,,0
1782298532.866020,6893.793305,117.0,,100.0,584.9609375,,0
1782298532.966021,6893.893305,117.0,,100.0,584.9609375,,0
1782298533.066015,6893.993298,117.0,,100.0,584.9609375,,0
1782298533.166018,6894.093303,117.0,,100.0,584.9609375,,0
1782298533.266024,6894.193308,117.0,,100.0,584.9609375,,0
1782298533.366014,6894.293297,117.0,,100.0,584.9609375,,0
1782298533.466014,6894.393299,117.0,,100.0,584.9609375,,0
1782298533.566024,6894.493307,117.0,,100.0,584.9609375,,0
1782298533.666022,6894.593307,117.0,,100.0,584.9609375,,0
1782298533.766014,6894.693297,118.0,,100.0,584.9609375,,0
1782298533.866014,6894.793297,117.0,,100.0,584.9609375,,0
1782298533.966014,6894.893299,118.0,,100.0,584.9609375,,0
1782298534.066015,6894.993298,117.0,,100.0,584.9609375,,0
1782298534.166038,6895.093323,118.0,,100.0,584.9609375,,0
1782298534.266013,6895.193298,118.0,,100.0,584.9609375,,0
1782298534.366015,6895.293298,117.0,,100.0,584.9609375,,0
1782298534.466015,6895.393298,117.0,,100.0,584.9609375,,0
1782298534.566014,6895.493297,117.0,,100.0,584.9609375,,0
1782298534.666013,6895.593297,117.0,,100.0,584.9609375,,0
1782298534.766016,6895.693299,118.0,,100.0,584.9609375,,0
1782298534.866012,6895.793297,117.0,,100.0,584.9609375,,0
1782298534.966019,6895.893302,118.0,,100.0,584.9609375,,0
1782298535.066019,6895.993302,118.0,,100.0,584.9609375,,0
1782298535.166024,6896.093308,118.0,,100.0,584.9609375,,0
1782298535.266021,6896.193306,118.0,,100.0,584.9609375,,0
1782298535.366033,6896.293316,118.0,,100.0,584.9609375,,0
1782298535.466026,6896.393310,118.0,,100.0,584.9609375,,0
1782298535.566030,6896.493315,118.0,,100.0,584.9609375,,0
1782298535.666013,6896.593296,118.0,,100.0,584.9609375,,0
1782298535.766020,6896.693304,118.0,,100.0,584.9609375,,0
1782298535.866022,6896.793305,118.0,,100.0,584.9609375,,0
1782298535.966043,6896.893328,118.0,,100.0,584.9609375,,0
1782298536.066016,6896.993299,118.0,,100.0,584.9609375,,0
1782298536.166036,6897.093320,118.0,,100.0,584.9609375,,0
1782298536.266013,6897.193297,118.0,,100.0,584.9609375,,0
1782298536.366012,6897.293295,118.0,,100.0,584.9609375,,0
1782298536.466019,6897.393303,118.0,,100.0,584.9609375,,0
1782298536.566026,6897.493309,118.0,,100.0,584.9609375,,0
1782298536.666015,6897.593298,118.0,,100.0,584.9609375,,0
1782298536.766019,6897.693302,118.0,,100.0,584.9609375,,0
1782298536.866022,6897.793306,118.0,,100.0,584.9609375,,0
1782298536.966011,6897.893294,118.0,,100.0,584.9609375,,0
1782298537.066010,6897.993295,117.0,,100.0,584.9609375,,0
1782298537.166014,6898.093297,117.0,,100.0,584.9609375,,0
1782298537.266021,6898.193305,118.0,,100.0,584.9609375,,0
1782298537.366011,6898.293295,117.0,,100.0,584.9609375,,0
1782298537.466019,6898.393302,118.0,,100.0,584.9609375,,0
1782298537.566019,6898.493302,118.0,,100.0,584.9609375,,0
1782298537.666020,6898.593303,118.0,,100.0,584.9609375,,0
1782298537.766017,6898.693301,118.0,,100.0,584.9609375,,0
1782298537.866035,6898.793320,119.0,,100.0,584.9609375,,0
1782298537.966017,6898.893301,118.0,,100.0,584.9609375,,0
1782298538.066010,6898.993295,118.0,,100.0,584.9609375,,0
1782298538.166021,6899.093306,118.0,,100.0,584.9609375,,0
1782298538.266019,6899.193302,118.0,,100.0,584.9609375,,0
1782298538.366014,6899.293297,118.0,,100.0,584.9609375,,0
1782298538.466008,6899.393292,118.0,,100.0,584.9609375,,0
1782298538.566014,6899.493297,119.0,,100.0,584.9609375,,0
1782298538.666017,6899.593301,118.0,,100.0,584.9609375,,0
1782298538.766022,6899.693305,118.0,,100.0,584.9609375,,0
1782298538.866010,6899.793293,118.0,,100.0,584.9609375,,0
1782298538.966015,6899.893300,117.0,,100.0,584.9609375,,0
1782298539.066010,6899.993293,117.0,,100.0,584.9609375,,0
1782298539.166008,6900.093291,117.0,,100.0,584.9609375,,0
1782298539.266015,6900.193298,117.0,,100.0,584.9609375,,0
1782298539.366013,6900.293296,117.0,,100.0,584.9609375,,0
1782298539.466050,6900.393333,117.0,,100.0,584.9609375,,0
1782298539.565929,6900.493213,117.0,,100.0,584.9609375,,0
1782298539.665928,6900.593212,117.0,,100.0,584.9609375,,0
1782298539.765928,6900.693211,116.0,,100.0,584.9609375,,0
1782298539.865928,6900.793212,116.0,,100.0,584.9609375,,0
1782298539.965932,6900.893215,116.0,,100.0,584.9609375,,0
1782298540.065932,6900.993215,117.0,,100.0,584.9609375,,0
1782298540.165929,6901.093212,117.0,,100.0,584.9609375,,0
1782298540.265928,6901.193211,117.0,,100.0,584.9609375,,0
1782298540.365928,6901.293211,117.0,,100.0,584.9609375,,0
1782298540.465928,6901.393211,117.0,,100.0,584.9609375,,0
1782298540.565928,6901.493211,117.0,,100.0,584.9609375,,0
1782298540.665928,6901.593211,117.0,,100.0,584.9609375,,0
1782298540.765929,6901.693212,117.0,,100.0,584.9609375,,0
1782298540.865928,6901.793211,116.0,,100.0,584.9609375,,0
1782298540.965928,6901.893211,117.0,,100.0,584.9609375,,0
1782298541.065928,6901.993211,117.0,,100.0,584.9609375,,0
1782298541.165928,6902.093211,117.0,,100.0,584.9609375,,0
1782298541.265929,6902.193212,117.0,,100.0,584.9609375,,0
1782298541.365928,6902.293211,116.0,,100.0,584.9609375,,0
1782298541.465928,6902.393211,117.0,,100.0,584.9609375,,0
1782298541.565939,6902.493222,117.0,,100.0,584.9609375,,0
1782298541.665928,6902.593211,117.0,,100.0,584.9609375,,0
1782298541.765928,6902.693211,117.0,,100.0,584.9609375,,0
1782298541.865928,6902.793211,117.0,,100.0,584.9609375,,0
1782298541.965928,6902.893211,117.0,,100.0,584.9609375,,0
1782298542.065928,6902.993211,117.0,,100.0,584.9609375,,0
1782298542.165928,6903.093211,117.0,,100.0,584.9609375,,0
1782298542.265928,6903.193211,117.0,,100.0,584.9609375,,0
1782298542.365928,6903.293211,117.0,,100.0,584.9609375,,0
1782298542.465928,6903.393211,117.0,,100.0,584.9609375,,0
1782298542.565928,6903.493211,117.0,,100.0,584.9609375,,0
1782298542.665928,6903.593211,117.0,,100.0,584.9609375,,0
1782298542.765928,6903.693211,117.0,,100.0,584.9609375,,0
1782298542.865928,6903.793211,117.0,,100.0,584.9609375,,0
1782298542.965928,6903.893211,117.0,,100.0,584.9609375,,0
1782298543.065928,6903.993211,117.0,,100.0,584.9609375,,0
1782298543.165928,6904.093211,117.0,,100.0,584.9609375,,0
1782298543.265928,6904.193211,117.0,,100.0,584.9609375,,0
1782298543.365928,6904.293211,117.0,,100.0,584.9609375,,0
1782298543.465929,6904.393212,117.0,,100.0,584.9609375,,0
1782298543.565929,6904.493212,117.0,,100.0,584.9609375,,0
1782298543.665928,6904.593211,117.0,,100.0,584.9609375,,0
1782298543.765928,6904.693211,117.0,,100.0,584.9609375,,0
1782298543.865928,6904.793211,117.0,,100.0,584.9609375,,0
1782298543.965928,6904.893211,117.0,,100.0,584.9609375,,0
1782298544.065928,6904.993211,117.0,,100.0,584.9609375,,0
1782298544.165928,6905.093211,117.0,,100.0,584.9609375,,0
1782298544.265928,6905.193211,118.0,,100.0,584.9609375,,0
1782298544.365928,6905.293211,118.0,,100.0,584.9609375,,0
1782298544.465928,6905.393211,117.0,,100.0,584.9609375,,0
1782298544.565928,6905.493211,117.0,,100.0,584.9609375,,0
1782298544.665928,6905.593211,117.0,,100.0,584.9609375,,0
1782298544.765928,6905.693211,117.0,,100.0,584.9609375,,0
1782298544.865928,6905.793211,117.0,,100.0,584.9609375,,0
1782298544.965928,6905.893211,119.0,,100.0,584.9609375,,0
1782298545.065928,6905.993211,117.0,,100.0,584.9609375,,0
1782298545.165928,6906.093211,117.0,,100.0,584.9609375,,0
1782298545.265931,6906.193214,117.0,,100.0,584.9609375,,0
1782298545.365932,6906.293215,117.0,,100.0,584.9609375,,0
1782298545.465930,6906.393213,117.0,,100.0,584.9609375,,0
1782298545.565933,6906.493216,115.0,,100.0,584.9609375,,0
1782298545.665933,6906.593216,117.0,,100.0,584.9609375,,0
1782298545.765933,6906.693216,118.0,,99.0,584.9609375,,0
1782298545.865932,6906.793216,121.0,,100.0,584.9609375,,0
1782298545.965933,6906.893216,118.0,,100.0,584.9609375,,0
1782298546.065932,6906.993215,117.0,,100.0,584.9609375,,0
1782298546.165929,6907.093212,118.0,,100.0,584.9609375,,0
1782298546.265928,6907.193211,118.0,,100.0,584.9609375,,0
1782298546.365928,6907.293211,117.0,,100.0,584.9609375,,0
1782298546.465928,6907.393211,118.0,,100.0,584.9609375,,0
1782298546.565928,6907.493211,118.0,,99.0,584.9609375,,0
1782298546.665928,6907.593211,117.0,,100.0,584.9609375,,0
1782298546.765928,6907.693211,117.0,,99.0,584.9609375,,0
1782298546.865928,6907.793211,118.0,,99.0,584.9609375,,0
1782298546.965928,6907.893211,119.0,,99.0,584.9609375,,0
1782298547.065928,6907.993211,118.0,,100.0,584.9609375,,0
1782298547.165928,6908.093211,119.0,,100.0,584.9609375,,0
1782298547.265928,6908.193211,118.0,,100.0,584.9609375,,0
1782298547.365928,6908.293211,117.0,,100.0,584.9609375,,0
1782298547.465928,6908.393211,117.0,,100.0,584.9609375,,0
1782298547.565928,6908.493211,118.0,,100.0,584.9609375,,0
1782298547.665928,6908.593211,118.0,,100.0,584.9609375,,0
1782298547.765928,6908.693211,117.0,,100.0,584.9609375,,0
1782298547.865928,6908.793211,118.0,,100.0,584.9609375,,0
1782298547.965928,6908.893211,119.0,,100.0,584.9609375,,0
1782298548.065928,6908.993211,117.0,,100.0,584.9609375,,0
1782298548.165928,6909.093211,119.0,,100.0,584.9609375,,0
1782298548.265928,6909.193211,118.0,,100.0,584.9609375,,0
1782298548.365928,6909.293211,118.0,,100.0,584.9609375,,0
1782298548.465928,6909.393211,118.0,,100.0,584.9609375,,0
1782298548.565928,6909.493211,119.0,,100.0,584.9609375,,0
1782298548.665928,6909.593211,117.0,,100.0,584.9609375,,0
1782298548.765928,6909.693211,117.0,,100.0,584.9609375,,0
1782298548.866025,6909.793308,35.0,,3.0,584.9609375,,0
1782298548.966020,6909.893303,34.0,,3.0,584.9609375,,0
1782298549.066018,6909.993301,17.0,,3.0,584.9609375,,0
1782298549.165931,6910.093214,17.0,,3.0,584.9609375,,0
1782298549.266021,6910.193304,17.0,,3.0,584.9609375,,0
1782298549.366027,6910.293313,17.0,,2.0,584.9609375,,0
1782298549.466018,6910.393301,17.0,,3.0,584.9609375,,0
1782298549.566023,6910.493306,17.0,,3.0,584.9609375,,0
1782298549.666022,6910.593306,17.0,,3.0,584.9609375,,0
1782298549.766022,6910.693305,20.0,,3.0,584.9609375,,0
1782298549.866016,6910.793300,17.0,,3.0,584.9609375,,0
1782298549.966020,6910.893304,17.0,,3.0,584.9609375,,0
1782298550.066017,6910.993300,22.0,,3.0,584.9609375,,0
1782298550.166018,6911.093301,17.0,,3.0,584.9609375,,0
1782298550.266018,6911.193301,20.0,,3.0,584.9609375,,0
1782298550.366023,6911.293306,17.0,,2.0,584.9609375,,0
1782298550.466018,6911.393301,17.0,,3.0,584.9609375,,0
1782298550.566020,6911.493303,22.0,,3.0,584.9609375,,0
1782298550.666022,6911.593306,15.0,,3.0,584.9609375,,0
1782298550.765974,6911.693257,17.0,,3.0,584.9609375,,0
1782298550.866019,6911.793302,15.0,,3.0,584.9609375,,0
1782298550.966016,6911.893299,16.0,,3.0,584.9609375,,0
1782298551.066019,6911.993303,15.0,,3.0,584.9609375,,0
1782298551.166020,6912.093303,16.0,,3.0,584.9609375,,0
1782298551.266020,6912.193303,21.0,,3.0,584.9609375,,0
1782298551.366021,6912.293305,15.0,,3.0,584.9609375,,0
1782298551.466019,6912.393302,15.0,,3.0,584.9609375,,0
1782298551.566019,6912.493303,15.0,,3.0,584.9609375,,0
1782298551.666018,6912.593301,15.0,,3.0,584.9609375,,0
1782298551.766016,6912.693300,15.0,,3.0,584.9609375,,0
1782298551.866019,6912.793302,16.0,,3.0,584.9609375,,0
1782298551.966018,6912.893301,18.0,,3.0,584.9609375,,0
1782298552.066021,6912.993305,17.0,,3.0,584.9609375,,0
1782298552.166018,6913.093301,16.0,,3.0,584.9609375,,0
1782298552.266027,6913.193311,15.0,,3.0,584.9609375,,0
1782298552.366021,6913.293306,15.0,,3.0,584.9609375,,0
1782298552.466018,6913.393303,16.0,,3.0,584.9609375,,0
1782298552.566019,6913.493302,15.0,,3.0,584.9609375,,0
1782298552.666019,6913.593302,15.0,,3.0,584.9609375,,0
1782298552.766020,6913.693303,16.0,,3.0,584.9609375,,0
1782298552.866021,6913.793305,15.0,,3.0,584.9609375,,0
1782298552.966017,6913.893301,15.0,,3.0,584.9609375,,0
1782298553.066023,6913.993306,15.0,,3.0,584.9609375,,0
1782298553.166018,6914.093301,16.0,,3.0,584.9609375,,0
1782298553.266016,6914.193300,16.0,,3.0,584.9609375,,0
1782298553.366019,6914.293303,15.0,,2.0,584.9609375,,0
1782298553.466018,6914.393301,17.0,,3.0,584.9609375,,0
1782298553.566051,6914.493335,15.0,,3.0,584.9609375,,0
1782298553.666019,6914.593303,16.0,,3.0,584.9609375,,0
1782298553.766018,6914.693303,16.0,,3.0,584.9609375,,0
1782298553.865936,6914.793219,39.0,,41.0,584.9609375,,0
1782298553.965934,6914.893217,92.0,,100.0,584.9609375,,0
1782298554.065935,6914.993218,94.0,,100.0,584.9609375,,0
1782298554.165934,6915.093217,93.0,,100.0,584.9609375,,0
1782298554.265933,6915.193216,94.0,,100.0,584.9609375,,0
1782298554.365935,6915.293218,95.0,,100.0,584.9609375,,0
1782298554.465936,6915.393219,96.0,,100.0,584.9609375,,0
1782298554.565935,6915.493218,97.0,,100.0,584.9609375,,0
1782298554.665933,6915.593216,98.0,,100.0,584.9609375,,0
1782298554.765933,6915.693217,100.0,,100.0,584.9609375,,0
1782298554.865935,6915.793219,101.0,,100.0,584.9609375,,0
1782298554.965934,6915.893217,101.0,,100.0,584.9609375,,0
1782298555.065935,6915.993219,102.0,,100.0,584.9609375,,0
1782298555.165937,6916.093220,104.0,,100.0,584.9609375,,0
1782298555.266028,6916.193311,104.0,,100.0,584.9609375,,0
1782298555.366035,6916.293319,105.0,,100.0,584.9609375,,0
1782298555.466045,6916.393328,106.0,,100.0,584.9609375,,0
1782298555.565931,6916.493214,109.0,,100.0,584.9609375,,0
1782298555.666021,6916.593304,110.0,,100.0,584.9609375,,0
1782298555.766011,6916.693294,110.0,,100.0,584.9609375,,0
1782298555.866017,6916.793300,112.0,,100.0,584.9609375,,0
1782298555.966014,6916.893298,114.0,,100.0,584.9609375,,0
1782298556.066010,6916.993294,116.0,,100.0,584.9609375,,0
1782298556.166015,6917.093299,116.0,,100.0,584.9609375,,0
1782298556.266010,6917.193293,116.0,,100.0,584.9609375,,0
1782298556.366019,6917.293304,116.0,,100.0,584.9609375,,0
1782298556.466009,6917.393292,116.0,,100.0,584.9609375,,0
1782298556.565930,6917.493214,116.0,,100.0,584.9609375,,0
1782298556.666020,6917.593303,116.0,,100.0,584.9609375,,0
1782298556.766015,6917.693298,116.0,,100.0,584.9609375,,0
1782298556.866015,6917.793300,116.0,,100.0,584.9609375,,0
1782298556.966018,6917.893301,116.0,,100.0,584.9609375,,0
1782298557.066025,6917.993308,117.0,,100.0,584.9609375,,0
1782298557.166016,6918.093299,118.0,,100.0,584.9609375,,0
1782298557.266010,6918.193293,117.0,,100.0,584.9609375,,0
1782298557.366011,6918.293296,116.0,,100.0,584.9609375,,0
1782298557.466019,6918.393303,118.0,,100.0,584.9609375,,0
1782298557.565933,6918.493217,118.0,,100.0,584.9609375,,0
1782298557.666014,6918.593297,116.0,,100.0,584.9609375,,0
1782298557.766007,6918.693290,115.0,,100.0,584.9609375,,0
1782298557.866008,6918.793292,115.0,,99.0,584.9609375,,0
1782298557.966010,6918.893293,117.0,,100.0,584.9609375,,0
1782298558.066013,6918.993296,116.0,,100.0,584.9609375,,0
1782298558.166016,6919.093301,117.0,,100.0,584.9609375,,0
1782298558.266016,6919.193299,116.0,,100.0,584.9609375,,0
1782298558.366008,6919.293291,117.0,,100.0,584.9609375,,0
1782298558.466036,6919.393320,116.0,,100.0,584.9609375,,0
1782298558.565933,6919.493216,117.0,,100.0,584.9609375,,0
1782298558.666017,6919.593302,117.0,,100.0,584.9609375,,0
1782298558.766017,6919.693302,117.0,,100.0,584.9609375,,0
1782298558.865932,6919.793216,117.0,,100.0,584.9609375,,0
1782298558.966017,6919.893301,116.0,,100.0,584.9609375,,0
1782298559.066015,6919.993299,116.0,,100.0,584.9609375,,0
1782298559.166009,6920.093293,116.0,,100.0,584.9609375,,0
1782298559.266007,6920.193290,118.0,,100.0,584.9609375,,0
1782298559.366011,6920.293295,118.0,,100.0,584.9609375,,0
1782298559.466021,6920.393305,119.0,,100.0,584.9609375,,0
1782298559.565931,6920.493214,117.0,,100.0,584.9609375,,0
1782298559.666013,6920.593298,118.0,,100.0,584.9609375,,0
1782298559.766013,6920.693297,118.0,,100.0,584.9609375,,0
1782298559.866019,6920.793303,118.0,,100.0,584.9609375,,0
1782298559.966009,6920.893293,118.0,,100.0,584.9609375,,0
1782298560.066015,6920.993298,117.0,,100.0,584.9609375,,0
1782298560.166011,6921.093295,116.0,,100.0,584.9609375,,0
1782298560.266015,6921.193298,115.0,,100.0,584.9609375,,0
1782298560.366016,6921.293299,115.0,,100.0,584.9609375,,0
1782298560.466011,6921.393296,115.0,,100.0,584.9609375,,0
1782298560.565930,6921.493213,115.0,,100.0,584.9609375,,0
1782298560.666020,6921.593305,115.0,,100.0,584.9609375,,0
1782298560.766016,6921.693300,115.0,,100.0,584.9609375,,0
1782298560.866014,6921.793298,115.0,,100.0,584.9609375,,0
1782298560.966012,6921.893298,115.0,,100.0,584.9609375,,0
1782298561.066011,6921.993294,117.0,,100.0,584.9609375,,0
1782298561.166018,6922.093302,118.0,,100.0,584.9609375,,0
1782298561.266014,6922.193297,117.0,,100.0,584.9609375,,0
1782298561.366012,6922.293296,117.0,,100.0,584.9609375,,0
1782298561.466010,6922.393294,117.0,,100.0,584.9609375,,0
1782298561.565930,6922.493213,117.0,,100.0,584.9609375,,0
1782298561.666019,6922.593302,117.0,,100.0,584.9609375,,0
1782298561.766023,6922.693307,117.0,,100.0,584.9609375,,0
1782298561.866022,6922.793307,117.0,,100.0,584.9609375,,0
1782298561.966017,6922.893302,117.0,,100.0,584.9609375,,0
1782298562.066017,6922.993300,118.0,,100.0,584.9609375,,0
1782298562.166009,6923.093292,118.0,,100.0,584.9609375,,0
1782298562.266019,6923.193302,117.0,,100.0,584.9609375,,0
1782298562.366008,6923.293293,117.0,,100.0,584.9609375,,0
1782298562.466016,6923.393299,117.0,,100.0,584.9609375,,0
1782298562.565930,6923.493213,118.0,,100.0,584.9609375,,0
1782298562.666013,6923.593296,118.0,,100.0,584.9609375,,0
1782298562.766010,6923.693293,118.0,,100.0,584.9609375,,0
1782298562.866016,6923.793299,118.0,,100.0,584.9609375,,0
1782298562.966014,6923.893299,119.0,,100.0,584.9609375,,0
1782298563.066015,6923.993299,119.0,,100.0,584.9609375,,0
1782298563.166020,6924.093304,119.0,,100.0,584.9609375,,0
1782298563.266015,6924.193299,119.0,,100.0,584.9609375,,0
1782298563.366036,6924.293320,119.0,,100.0,584.9609375,,0
1782298563.466016,6924.393299,119.0,,100.0,584.9609375,,0
1782298563.565930,6924.493213,117.0,,100.0,584.9609375,,0
1782298563.666015,6924.593298,119.0,,100.0,584.9609375,,0
1782298563.766010,6924.693294,116.0,,100.0,584.9609375,,0
1782298563.866010,6924.793294,118.0,,100.0,584.9609375,,0
1782298563.966014,6924.893298,117.0,,100.0,584.9609375,,0
1782298564.066010,6924.993293,116.0,,100.0,584.9609375,,0
1782298564.166014,6925.093297,119.0,,100.0,584.9609375,,0
1782298564.265930,6925.193214,118.0,,100.0,584.9609375,,0
1782298564.366010,6925.293294,114.0,,100.0,584.9609375,,0
1782298564.466016,6925.393299,117.0,,100.0,584.9609375,,0
1782298564.565930,6925.493214,117.0,,100.0,584.9609375,,0
1782298564.666020,6925.593304,118.0,,100.0,584.9609375,,0
1782298564.766021,6925.693304,118.0,,100.0,584.9609375,,0
1782298564.866008,6925.793292,117.0,,100.0,584.9609375,,0
1782298564.966011,6925.893296,118.0,,100.0,584.9609375,,0
1782298565.066008,6925.993292,118.0,,100.0,584.9609375,,0
1782298565.166012,6926.093296,118.0,,100.0,584.9609375,,0
1782298565.266010,6926.193295,118.0,,100.0,584.9609375,,0
1782298565.366021,6926.293304,116.0,,99.0,584.9609375,,0
1782298565.466011,6926.393296,117.0,,100.0,584.9609375,,0
1782298565.565931,6926.493214,118.0,,100.0,584.9609375,,0
1782298565.666015,6926.593298,118.0,,100.0,584.9609375,,0
1782298565.766009,6926.693292,118.0,,100.0,584.9609375,,0
1782298565.866016,6926.793300,118.0,,100.0,584.9609375,,0
1782298565.966017,6926.893300,118.0,,100.0,584.9609375,,0
1782298566.066015,6926.993299,118.0,,100.0,584.9609375,,0
1782298566.166021,6927.093306,118.0,,100.0,584.9609375,,0
1782298566.266025,6927.193310,120.0,,100.0,584.9609375,,0
1782298566.366015,6927.293300,119.0,,100.0,584.9609375,,0
1782298566.466019,6927.393304,118.0,,100.0,584.9609375,,0
1782298566.565930,6927.493213,119.0,,100.0,584.9609375,,0
1782298566.666017,6927.593300,119.0,,100.0,584.9609375,,0
1782298566.766021,6927.693305,119.0,,100.0,584.9609375,,0
1782298566.866019,6927.793302,119.0,,100.0,584.9609375,,0
1782298566.965931,6927.893214,119.0,,100.0,584.9609375,,0
1782298567.066020,6927.993303,119.0,,100.0,584.9609375,,0
1782298567.166021,6928.093304,119.0,,100.0,584.9609375,,0
1782298567.266018,6928.193303,119.0,,100.0,584.9609375,,0
1782298567.366021,6928.293305,120.0,,100.0,584.9609375,,0
1782298567.466019,6928.393302,120.0,,100.0,584.9609375,,0
1782298567.566033,6928.493316,120.0,,100.0,584.9609375,,0
1782298567.666025,6928.593308,120.0,,100.0,584.9609375,,0
1782298567.766021,6928.693306,119.0,,100.0,584.9609375,,0
1782298567.866019,6928.793304,119.0,,100.0,584.9609375,,0
1782298567.966020,6928.893303,119.0,,100.0,584.9609375,,0
1782298568.066014,6928.993298,119.0,,100.0,584.9609375,,0
1782298568.166009,6929.093292,120.0,,100.0,584.9609375,,0
1782298568.266015,6929.193300,120.0,,100.0,584.9609375,,0
1782298568.366015,6929.293298,119.0,,100.0,584.9609375,,0
1782298568.466009,6929.393292,120.0,,100.0,584.9609375,,0
1782298568.566021,6929.493305,120.0,,100.0,584.9609375,,0
1782298568.666016,6929.593299,120.0,,100.0,584.9609375,,0
1782298568.766034,6929.693318,120.0,,100.0,584.9609375,,0
1782298568.866010,6929.793294,120.0,,100.0,584.9609375,,0
1782298568.966015,6929.893298,120.0,,100.0,584.9609375,,0
1782298569.066014,6929.993299,120.0,,100.0,584.9609375,,0
1782298569.166018,6930.093302,119.0,,100.0,584.9609375,,0
1782298569.266019,6930.193302,119.0,,100.0,584.9609375,,0
1782298569.366019,6930.293303,119.0,,100.0,584.9609375,,0
1782298569.466023,6930.393306,120.0,,100.0,584.9609375,,0
1782298569.566019,6930.493302,120.0,,100.0,584.9609375,,0
1782298569.666027,6930.593311,120.0,,100.0,584.9609375,,0
1782298569.766017,6930.693302,120.0,,100.0,584.9609375,,0
1782298569.866019,6930.793303,120.0,,100.0,584.9609375,,0
1782298569.966020,6930.893303,120.0,,100.0,584.9609375,,0
1782298570.066018,6930.993301,120.0,,100.0,584.9609375,,0
1782298570.166018,6931.093301,120.0,,100.0,584.9609375,,0
1782298570.266012,6931.193296,120.0,,100.0,584.9609375,,0
1782298570.366007,6931.293291,119.0,,100.0,584.9609375,,0
1782298570.466019,6931.393303,120.0,,100.0,584.9609375,,0
1782298570.566014,6931.493297,120.0,,100.0,584.9609375,,0
1782298570.666009,6931.593294,120.0,,100.0,584.9609375,,0
1782298570.766010,6931.693293,119.0,,100.0,584.9609375,,0
1782298570.866010,6931.793293,120.0,,100.0,584.9609375,,0
1782298570.966009,6931.893293,121.0,,100.0,584.9609375,,0
1782298571.066011,6931.993295,121.0,,100.0,584.9609375,,0
1782298571.166008,6932.093293,119.0,,100.0,584.9609375,,0
1782298571.266013,6932.193296,118.0,,100.0,584.9609375,,0
1782298571.366012,6932.293295,118.0,,100.0,584.9609375,,0
1782298571.466014,6932.393297,118.0,,100.0,584.9609375,,0
1782298571.566020,6932.493303,118.0,,100.0,584.9609375,,0
1782298571.666014,6932.593299,118.0,,100.0,584.9609375,,0
1782298571.766009,6932.693292,119.0,,100.0,584.9609375,,0
1782298571.866014,6932.793297,119.0,,100.0,584.9609375,,0
1782298571.966028,6932.893311,119.0,,100.0,584.9609375,,0
1782298572.066012,6932.993297,118.0,,100.0,584.9609375,,0
1782298572.166029,6933.093314,119.0,,100.0,584.9609375,,0
1782298572.266020,6933.193303,119.0,,100.0,584.9609375,,0
1782298572.366020,6933.293305,119.0,,100.0,584.9609375,,0
1782298572.466021,6933.393304,119.0,,100.0,584.9609375,,0
1782298572.566020,6933.493305,119.0,,100.0,584.9609375,,0
1782298572.666017,6933.593300,119.0,,100.0,584.9609375,,0
1782298572.766020,6933.693305,119.0,,100.0,584.9609375,,0
1782298572.866020,6933.793303,118.0,,100.0,584.9609375,,0
1782298572.966011,6933.893294,118.0,,100.0,584.9609375,,0
1782298573.066019,6933.993303,118.0,,100.0,584.9609375,,0
1782298573.166022,6934.093305,118.0,,100.0,584.9609375,,0
1782298573.266018,6934.193303,118.0,,100.0,584.9609375,,0
1782298573.366027,6934.293312,119.0,,100.0,584.9609375,,0
1782298573.466021,6934.393305,119.0,,100.0,584.9609375,,0
1782298573.566016,6934.493300,119.0,,100.0,584.9609375,,0
1782298573.666014,6934.593298,119.0,,100.0,584.9609375,,0
1782298573.766014,6934.693299,119.0,,100.0,584.9609375,,0
1782298573.866011,6934.793295,118.0,,100.0,584.9609375,,0
1782298573.966035,6934.893319,119.0,,100.0,584.9609375,,0
1782298574.066015,6934.993298,119.0,,100.0,584.9609375,,0
1782298574.166011,6935.093296,120.0,,100.0,584.9609375,,0
1782298574.266019,6935.193302,120.0,,100.0,584.9609375,,0
1782298574.366021,6935.293305,119.0,,100.0,584.9609375,,0
1782298574.466012,6935.393295,118.0,,100.0,584.9609375,,0
1782298574.566017,6935.493300,119.0,,100.0,584.9609375,,0
1782298574.666008,6935.593292,119.0,,100.0,584.9609375,,0
1782298574.766013,6935.693298,119.0,,100.0,584.9609375,,0
1782298574.866010,6935.793295,118.0,,100.0,584.9609375,,0
1782298574.966022,6935.893307,118.0,,100.0,584.9609375,,0
1782298575.066025,6935.993309,118.0,,100.0,584.9609375,,0
1782298575.166019,6936.093303,119.0,,100.0,584.9609375,,0
1782298575.266022,6936.193306,118.0,,100.0,584.9609375,,0
1782298575.366015,6936.293298,118.0,,100.0,584.9609375,,0
1782298575.466013,6936.393298,118.0,,100.0,584.9609375,,0
1782298575.566017,6936.493301,119.0,,100.0,584.9609375,,0
1782298575.666011,6936.593294,118.0,,100.0,584.9609375,,0
1782298575.766013,6936.693296,118.0,,100.0,584.9609375,,0
1782298575.866014,6936.793299,118.0,,100.0,584.9609375,,0
1782298575.966015,6936.893298,119.0,,100.0,584.9609375,,0
1782298576.066015,6936.993300,118.0,,100.0,584.9609375,,0
1782298576.166018,6937.093302,118.0,,100.0,584.9609375,,0
1782298576.266016,6937.193300,118.0,,100.0,584.9609375,,0
1782298576.366014,6937.293297,119.0,,100.0,584.9609375,,0
1782298576.466030,6937.393314,118.0,,100.0,584.9609375,,0
1782298576.566016,6937.493299,119.0,,100.0,584.9609375,,0
1782298576.666009,6937.593292,118.0,,100.0,584.9609375,,0
1782298576.766008,6937.693291,119.0,,100.0,584.9609375,,0
1782298576.866008,6937.793293,119.0,,100.0,584.9609375,,0
1782298576.966016,6937.893299,119.0,,100.0,584.9609375,,0
1782298577.066015,6937.993300,119.0,,100.0,584.9609375,,0
1782298577.166012,6938.093297,119.0,,100.0,584.9609375,,0
1782298577.266019,6938.193303,119.0,,100.0,584.9609375,,0
1782298577.366006,6938.293290,119.0,,100.0,584.9609375,,0
1782298577.466019,6938.393304,119.0,,100.0,584.9609375,,0
1782298577.566025,6938.493308,119.0,,100.0,584.9609375,,0
1782298577.666017,6938.593300,118.0,,100.0,584.9609375,,0
1782298577.766025,6938.693309,119.0,,100.0,584.9609375,,0
1782298577.866013,6938.793297,119.0,,100.0,584.9609375,,0
1782298577.966007,6938.893290,119.0,,100.0,584.9609375,,0
1782298578.066016,6938.993300,118.0,,100.0,584.9609375,,0
1782298578.166011,6939.093295,118.0,,100.0,584.9609375,,0
1782298578.266017,6939.193301,118.0,,100.0,584.9609375,,0
1782298578.366027,6939.293312,119.0,,100.0,584.9609375,,0
1782298578.466024,6939.393308,119.0,,100.0,584.9609375,,0
1782298578.566015,6939.493299,118.0,,100.0,584.9609375,,0
1782298578.666018,6939.593304,118.0,,100.0,584.9609375,,0
1782298578.766042,6939.693326,118.0,,100.0,584.9609375,,0
1782298578.866009,6939.793294,119.0,,100.0,584.9609375,,0
1782298578.966026,6939.893310,120.0,,100.0,584.9609375,,0
1782298579.066012,6939.993295,119.0,,100.0,584.9609375,,0
1782298579.166013,6940.093296,118.0,,100.0,584.9609375,,0
1782298579.266017,6940.193300,118.0,,100.0,584.9609375,,0
1782298579.366015,6940.293300,119.0,,100.0,584.9609375,,0
1782298579.466016,6940.393302,119.0,,100.0,584.9609375,,0
1782298579.566020,6940.493305,119.0,,100.0,584.9609375,,0
1782298579.666018,6940.593302,119.0,,100.0,584.9609375,,0
1782298579.766036,6940.693319,119.0,,100.0,584.9609375,,0
1782298579.866018,6940.793301,119.0,,100.0,584.9609375,,0
1782298579.966017,6940.893302,118.0,,100.0,584.9609375,,0
1782298580.066017,6940.993300,119.0,,100.0,584.9609375,,0
1782298580.166036,6941.093320,118.0,,100.0,584.9609375,,0
1782298580.266019,6941.193302,118.0,,99.0,584.9609375,,0
1782298580.366022,6941.293307,118.0,,100.0,584.9609375,,0
1782298580.466024,6941.393308,119.0,,100.0,584.9609375,,0
1782298580.566019,6941.493304,119.0,,100.0,584.9609375,,0
1782298580.666016,6941.593300,119.0,,99.0,584.9609375,,0
1782298580.766012,6941.693296,118.0,,100.0,584.9609375,,0
1782298580.866016,6941.793299,119.0,,99.0,584.9609375,,0
1782298580.966018,6941.893305,119.0,,100.0,584.9609375,,0
1782298581.066015,6941.993300,118.0,,100.0,584.9609375,,0
1782298581.166021,6942.093304,119.0,,100.0,584.9609375,,0
1782298581.266016,6942.193299,118.0,,100.0,584.9609375,,0
1782298581.366018,6942.293301,119.0,,100.0,584.9609375,,0
1782298581.466035,6942.393319,117.0,,100.0,584.9609375,,0
1782298581.566020,6942.493305,119.0,,100.0,584.9609375,,0
1782298581.666013,6942.593298,118.0,,100.0,584.9609375,,0
1782298581.766022,6942.693305,119.0,,100.0,584.9609375,,0
1782298581.866023,6942.793306,119.0,,100.0,584.9609375,,0
1782298581.966023,6942.893306,120.0,,100.0,584.9609375,,0
1782298582.066022,6942.993306,119.0,,100.0,584.9609375,,0
1782298582.166021,6943.093305,118.0,,99.0,584.9609375,,0
1782298582.266018,6943.193302,118.0,,100.0,584.9609375,,0
1782298582.366019,6943.293305,119.0,,100.0,584.9609375,,0
1782298582.466019,6943.393302,118.0,,100.0,584.9609375,,0
1782298582.566020,6943.493304,118.0,,100.0,584.9609375,,0
1782298582.666025,6943.593310,118.0,,100.0,584.9609375,,0
1782298582.766021,6943.693305,118.0,,100.0,584.9609375,,0
1782298582.866026,6943.793309,118.0,,100.0,584.9609375,,0
1782298582.966022,6943.893305,118.0,,100.0,584.9609375,,0
1782298583.066021,6943.993304,118.0,,100.0,584.9609375,,0
1782298583.166025,6944.093309,119.0,,100.0,584.9609375,,0
1782298583.266024,6944.193307,119.0,,100.0,584.9609375,,0
1782298583.366017,6944.293300,119.0,,100.0,584.9609375,,0
1782298583.466017,6944.393302,119.0,,100.0,584.9609375,,0
1782298583.566024,6944.493308,118.0,,100.0,584.9609375,,0
1782298583.666020,6944.593304,119.0,,100.0,584.9609375,,0
1782298583.766012,6944.693296,119.0,,100.0,584.9609375,,0
1782298583.866017,6944.793301,119.0,,100.0,584.9609375,,0
1782298583.966007,6944.893290,119.0,,100.0,584.9609375,,0
1782298584.066015,6944.993298,119.0,,100.0,584.9609375,,0
1782298584.166016,6945.093299,118.0,,100.0,584.9609375,,0
1782298584.266014,6945.193297,118.0,,100.0,584.9609375,,0
1782298584.366012,6945.293296,118.0,,100.0,584.9609375,,0
1782298584.466017,6945.393300,119.0,,100.0,584.9609375,,0
1782298584.566018,6945.493302,119.0,,100.0,584.9609375,,0
1782298584.666024,6945.593308,119.0,,100.0,584.9609375,,0
1782298584.766020,6945.693305,119.0,,100.0,584.9609375,,0
1782298584.866015,6945.793298,119.0,,100.0,584.9609375,,0
1782298584.966010,6945.893293,119.0,,100.0,584.9609375,,0
1782298585.066018,6945.993302,119.0,,100.0,584.9609375,,0
1782298585.166021,6946.093306,119.0,,100.0,584.9609375,,0
1782298585.266018,6946.193303,119.0,,100.0,584.9609375,,0
1782298585.366016,6946.293300,119.0,,100.0,584.9609375,,0
1782298585.466019,6946.393304,118.0,,100.0,584.9609375,,0
1782298585.566015,6946.493301,118.0,,100.0,584.9609375,,0
1782298585.666013,6946.593298,118.0,,100.0,584.9609375,,0
1782298585.766015,6946.693298,118.0,,100.0,584.9609375,,0
1782298585.866018,6946.793301,118.0,,100.0,584.9609375,,0
1782298585.966015,6946.893299,119.0,,100.0,584.9609375,,0
1782298586.066011,6946.993295,119.0,,100.0,584.9609375,,0
1782298586.166019,6947.093302,119.0,,100.0,584.9609375,,0
1782298586.266018,6947.193302,119.0,,100.0,584.9609375,,0
1782298586.366018,6947.293302,119.0,,100.0,584.9609375,,0
1782298586.466013,6947.393296,119.0,,100.0,584.9609375,,0
1782298586.566022,6947.493307,118.0,,100.0,584.9609375,,0
1782298586.666021,6947.593304,118.0,,100.0,584.9609375,,0
1782298586.766019,6947.693303,119.0,,100.0,584.9609375,,0
1782298586.866019,6947.793303,118.0,,100.0,584.9609375,,0
1782298586.966013,6947.893296,118.0,,100.0,584.9609375,,0
1782298587.066033,6947.993318,118.0,,100.0,584.9609375,,0
1782298587.166019,6948.093304,119.0,,100.0,584.9609375,,0
1782298587.266026,6948.193313,118.0,,100.0,584.9609375,,0
1782298587.366015,6948.293300,118.0,,100.0,584.9609375,,0
1782298587.466013,6948.393297,120.0,,100.0,584.9609375,,0
1782298587.566019,6948.493304,120.0,,100.0,584.9609375,,0
1782298587.666020,6948.593303,120.0,,100.0,584.9609375,,0
1782298587.766019,6948.693302,120.0,,100.0,584.9609375,,0
1782298587.866012,6948.793296,120.0,,100.0,584.9609375,,0
1782298587.966020,6948.893303,120.0,,100.0,584.9609375,,0
1782298588.066020,6948.993304,120.0,,100.0,584.9609375,,0
1782298588.166019,6949.093302,120.0,,100.0,584.9609375,,0
1782298588.266019,6949.193302,120.0,,100.0,584.9609375,,0
1782298588.366019,6949.293303,120.0,,100.0,584.9609375,,0
1782298588.466012,6949.393295,120.0,,100.0,584.9609375,,0
1782298588.566023,6949.493308,120.0,,100.0,584.9609375,,0
1782298588.666015,6949.593299,120.0,,100.0,584.9609375,,0
1782298588.766023,6949.693309,120.0,,100.0,584.9609375,,0
1782298588.866020,6949.793304,36.0,,3.0,584.9609375,,0
1782298588.966023,6949.893308,30.0,,3.0,584.9609375,,0
1782298589.066022,6949.993305,18.0,,3.0,584.9609375,,0
1782298589.165931,6950.093214,17.0,,3.0,584.9609375,,0
1782298589.266023,6950.193306,19.0,,3.0,584.9609375,,0
1782298589.366021,6950.293306,17.0,,3.0,584.9609375,,0
1782298589.466026,6950.393310,16.0,,3.0,584.9609375,,0
1782298589.566022,6950.493306,18.0,,3.0,584.9609375,,0
1782298589.666022,6950.593306,18.0,,3.0,584.9609375,,0
1782298589.766023,6950.693306,16.0,,3.0,584.9609375,,0
1782298589.866022,6950.793306,16.0,,3.0,584.9609375,,0
1782298589.966023,6950.893308,17.0,,3.0,584.9609375,,0
1782298590.066021,6950.993304,17.0,,3.0,584.9609375,,0
1782298590.166022,6951.093306,19.0,,3.0,584.9609375,,0
1782298590.266024,6951.193307,19.0,,3.0,584.9609375,,0
1782298590.366023,6951.293306,17.0,,2.0,584.9609375,,0
1782298590.466022,6951.393307,16.0,,3.0,584.9609375,,0
1782298590.565929,6951.493213,16.0,,2.0,584.9609375,,0
1782298590.666019,6951.593302,15.0,,3.0,584.9609375,,0
1782298590.765975,6951.693258,15.0,,3.0,584.9609375,,0
1782298590.866022,6951.793305,16.0,,3.0,584.9609375,,0
1782298590.966018,6951.893301,16.0,,3.0,584.9609375,,0
1782298591.066020,6951.993305,20.0,,4.0,584.9609375,,0
1782298591.166022,6952.093305,15.0,,3.0,584.9609375,,0
1782298591.266023,6952.193306,17.0,,3.0,584.9609375,,0
1782298591.366019,6952.293302,16.0,,3.0,584.9609375,,0
1782298591.466021,6952.393305,16.0,,3.0,584.9609375,,0
1782298591.565929,6952.493213,16.0,,3.0,584.9609375,,0
1782298591.666029,6952.593312,16.0,,3.0,584.9609375,,0
1782298591.766022,6952.693305,15.0,,3.0,584.9609375,,0
1782298591.866023,6952.793306,17.0,,3.0,584.9609375,,0
1782298591.966020,6952.893303,15.0,,2.0,584.9609375,,0
1782298592.066020,6952.993305,14.0,,3.0,584.9609375,,0
1782298592.166034,6953.093317,17.0,,3.0,584.9609375,,0
1782298592.266022,6953.193306,16.0,,3.0,584.9609375,,0
1782298592.366015,6953.293298,15.0,,3.0,584.9609375,,0
1782298592.466018,6953.393301,15.0,,3.0,584.9609375,,0
1782298592.565929,6953.493213,16.0,,3.0,584.9609375,,0
1782298592.666026,6953.593309,16.0,,3.0,584.9609375,,0
1782298592.766017,6953.693301,15.0,,3.0,584.9609375,,0
1782298592.866024,6953.793307,15.0,,3.0,584.9609375,,0
1782298592.966023,6953.893306,15.0,,3.0,584.9609375,,0
1782298593.066022,6953.993305,15.0,,3.0,584.9609375,,0
1782298593.166020,6954.093304,15.0,,3.0,584.9609375,,0
1782298593.266020,6954.193303,16.0,,3.0,584.9609375,,0
1782298593.366024,6954.293307,16.0,,3.0,584.9609375,,0
1782298593.466022,6954.393307,16.0,,3.0,584.9609375,,0
1782298593.565932,6954.493215,14.0,,2.0,584.9609375,,0
1782298593.665932,6954.593216,15.0,,3.0,584.9609375,,0
1782298593.766023,6954.693307,16.0,,3.0,584.9609375,,0
1782298593.865936,6954.793219,37.0,,38.0,584.9609375,,0
1782298593.965932,6954.893215,91.0,,100.0,584.9609375,,0
1782298594.065936,6954.993219,93.0,,100.0,584.9609375,,0
1782298594.165932,6955.093215,94.0,,100.0,584.9609375,,0
1782298594.265933,6955.193216,95.0,,98.0,584.9609375,,0
1782298594.365933,6955.293217,96.0,,100.0,584.9609375,,0
1782298594.466020,6955.393304,97.0,,100.0,584.9609375,,0
1782298594.566020,6955.493303,98.0,,100.0,584.9609375,,0
1782298594.666021,6955.593305,98.0,,100.0,584.9609375,,0
1782298594.766009,6955.693294,99.0,,100.0,584.9609375,,0
1782298594.866014,6955.793297,101.0,,100.0,584.9609375,,0
1782298594.966021,6955.893304,102.0,,100.0,584.9609375,,0
1782298595.066024,6955.993307,103.0,,100.0,584.9609375,,0
1782298595.166026,6956.093310,104.0,,100.0,584.9609375,,0
1782298595.266020,6956.193304,106.0,,100.0,584.9609375,,0
1782298595.366024,6956.293308,105.0,,100.0,584.9609375,,0
1782298595.466024,6956.393308,107.0,,100.0,584.9609375,,0
1782298595.566043,6956.493326,109.0,,100.0,584.9609375,,0
1782298595.666022,6956.593305,110.0,,100.0,584.9609375,,0
1782298595.766019,6956.693302,112.0,,100.0,584.9609375,,0
1782298595.866024,6956.793307,112.0,,100.0,584.9609375,,0
1782298595.966023,6956.893306,115.0,,100.0,584.9609375,,0
1782298596.066027,6956.993310,116.0,,100.0,584.9609375,,0
1782298596.166021,6957.093304,117.0,,100.0,584.9609375,,0
1782298596.266026,6957.193310,117.0,,100.0,584.9609375,,0
1782298596.366022,6957.293306,118.0,,100.0,584.9609375,,0
1782298596.466026,6957.393309,118.0,,100.0,584.9609375,,0
1782298596.566023,6957.493306,119.0,,99.0,584.9609375,,0
1782298596.666025,6957.593309,119.0,,100.0,584.9609375,,0
1782298596.766021,6957.693304,118.0,,99.0,584.9609375,,0
1782298596.866023,6957.793308,114.0,,100.0,584.9609375,,0
1782298596.966023,6957.893306,117.0,,99.0,584.9609375,,0
1782298597.066018,6957.993302,120.0,,100.0,584.9609375,,0
1782298597.166021,6958.093305,117.0,,100.0,584.9609375,,0
1782298597.266025,6958.193309,118.0,,100.0,584.9609375,,0
1782298597.366017,6958.293300,117.0,,100.0,584.9609375,,0
1782298597.466025,6958.393308,117.0,,100.0,584.9609375,,0
1782298597.566025,6958.493308,117.0,,99.0,584.9609375,,0
1782298597.666018,6958.593303,118.0,,100.0,584.9609375,,0
1782298597.766020,6958.693303,118.0,,100.0,584.9609375,,0
1782298597.866015,6958.793298,118.0,,100.0,584.9609375,,0
1782298597.966013,6958.893297,117.0,,100.0,584.9609375,,0
1782298598.066024,6958.993309,118.0,,100.0,584.9609375,,0
1782298598.166014,6959.093298,119.0,,100.0,584.9609375,,0
1782298598.266014,6959.193298,118.0,,100.0,584.9609375,,0
1782298598.366012,6959.293295,118.0,,100.0,584.9609375,,0
1782298598.466021,6959.393304,119.0,,100.0,584.9609375,,0
1782298598.566019,6959.493304,120.0,,100.0,584.9609375,,0
1782298598.666013,6959.593296,117.0,,100.0,584.9609375,,0
1782298598.765933,6959.693216,119.0,,100.0,584.9609375,,0
1782298598.866016,6959.793300,119.0,,100.0,584.9609375,,0
1782298598.966019,6959.893302,119.0,,100.0,584.9609375,,0
1782298599.066016,6959.993300,118.0,,100.0,584.9609375,,0
1782298599.166016,6960.093299,119.0,,100.0,584.9609375,,0
1782298599.266016,6960.193300,118.0,,100.0,584.9609375,,0
1782298599.366018,6960.293302,120.0,,100.0,584.9609375,,0
1782298599.466029,6960.393314,120.0,,100.0,584.9609375,,0
1782298599.566019,6960.493302,120.0,,100.0,584.9609375,,0
1782298599.666039,6960.593324,119.0,,100.0,584.9609375,,0
1782298599.766016,6960.693300,119.0,,100.0,584.9609375,,0
1782298599.866023,6960.793306,119.0,,100.0,584.9609375,,0
1782298599.966018,6960.893303,118.0,,100.0,584.9609375,,0
1782298600.066011,6960.993294,119.0,,100.0,584.9609375,,0
1782298600.166011,6961.093296,119.0,,100.0,584.9609375,,0
1782298600.266016,6961.193299,118.0,,100.0,584.9609375,,0
1782298600.366018,6961.293301,120.0,,100.0,584.9609375,,0
1782298600.466018,6961.393301,118.0,,100.0,584.9609375,,0
1782298600.566011,6961.493296,118.0,,100.0,584.9609375,,0
1782298600.666016,6961.593300,118.0,,100.0,584.9609375,,0
1782298600.766021,6961.693306,118.0,,100.0,584.9609375,,0
1782298600.866014,6961.793298,118.0,,100.0,584.9609375,,0
1782298600.966024,6961.893307,118.0,,100.0,584.9609375,,0
1782298601.066021,6961.993305,118.0,,100.0,584.9609375,,0
1782298601.166021,6962.093304,118.0,,100.0,584.9609375,,0
1782298601.266021,6962.193305,118.0,,100.0,584.9609375,,0
1782298601.366024,6962.293307,118.0,,100.0,584.9609375,,0
1782298601.466018,6962.393302,118.0,,100.0,584.9609375,,0
1782298601.566024,6962.493307,118.0,,100.0,584.9609375,,0
1782298601.666020,6962.593303,118.0,,100.0,584.9609375,,0
1782298601.766022,6962.693306,119.0,,100.0,584.9609375,,0
1782298601.866024,6962.793307,118.0,,100.0,584.9609375,,0
1782298601.966020,6962.893303,119.0,,100.0,584.9609375,,0
1782298602.066018,6962.993302,119.0,,100.0,584.9609375,,0
1782298602.166044,6963.093328,119.0,,100.0,584.9609375,,0
1782298602.266026,6963.193310,119.0,,100.0,584.9609375,,0
1782298602.366025,6963.293308,119.0,,100.0,584.9609375,,0
1782298602.466024,6963.393309,119.0,,100.0,584.9609375,,0
1782298602.566024,6963.493307,119.0,,100.0,584.9609375,,0
1782298602.666017,6963.593301,119.0,,100.0,584.9609375,,0
1782298602.766020,6963.693304,119.0,,100.0,584.9609375,,0
1782298602.866020,6963.793303,119.0,,100.0,584.9609375,,0
1782298602.966026,6963.893309,119.0,,100.0,584.9609375,,0
1782298603.066020,6963.993304,119.0,,100.0,584.9609375,,0
1782298603.166021,6964.093304,119.0,,100.0,584.9609375,,0
1782298603.266024,6964.193307,119.0,,100.0,584.9609375,,0
1782298603.366024,6964.293307,119.0,,100.0,584.9609375,,0
1782298603.466022,6964.393306,119.0,,100.0,584.9609375,,0
1782298603.566020,6964.493304,119.0,,100.0,584.9609375,,0
1782298603.666021,6964.593304,119.0,,100.0,584.9609375,,0
1782298603.766033,6964.693317,119.0,,100.0,584.9609375,,0
1782298603.866019,6964.793303,119.0,,100.0,584.9609375,,0
1782298603.966034,6964.893319,119.0,,100.0,584.9609375,,0
1782298604.066021,6964.993305,119.0,,100.0,584.9609375,,0
1782298604.166018,6965.093302,119.0,,100.0,584.9609375,,0
1782298604.266018,6965.193301,119.0,,100.0,584.9609375,,0
1782298604.366019,6965.293303,119.0,,100.0,584.9609375,,0
1782298604.466019,6965.393304,119.0,,100.0,584.9609375,,0
1782298604.566024,6965.493308,119.0,,100.0,584.9609375,,0
1782298604.666020,6965.593303,119.0,,100.0,584.9609375,,0
1782298604.766025,6965.693309,120.0,,100.0,584.9609375,,0
1782298604.866034,6965.793317,120.0,,100.0,584.9609375,,0
1782298604.966027,6965.893310,119.0,,100.0,584.9609375,,0
1782298605.066015,6965.993299,119.0,,100.0,584.9609375,,0
1782298605.166010,6966.093295,119.0,,100.0,584.9609375,,0
1782298605.266016,6966.193300,119.0,,100.0,584.9609375,,0
1782298605.366016,6966.293301,119.0,,100.0,584.9609375,,0
1782298605.466026,6966.393311,119.0,,100.0,584.9609375,,0
1782298605.566016,6966.493299,119.0,,100.0,584.9609375,,0
1782298605.666016,6966.593300,118.0,,100.0,584.9609375,,0
1782298605.766016,6966.693299,120.0,,100.0,584.9609375,,0
1782298605.866012,6966.793295,120.0,,100.0,584.9609375,,0
1782298605.966020,6966.893303,120.0,,100.0,584.9609375,,0
1782298606.066020,6966.993304,120.0,,100.0,584.9609375,,0
1782298606.166015,6967.093299,120.0,,100.0,584.9609375,,0
1782298606.266016,6967.193300,120.0,,100.0,584.9609375,,0
1782298606.366015,6967.293299,120.0,,100.0,584.9609375,,0
1782298606.466027,6967.393311,120.0,,100.0,584.9609375,,0
1782298606.566019,6967.493303,120.0,,100.0,584.9609375,,0
1782298606.666018,6967.593303,120.0,,100.0,584.9609375,,0
1782298606.766016,6967.693301,120.0,,100.0,584.9609375,,0
1782298606.866017,6967.793300,120.0,,100.0,584.9609375,,0
1782298606.966021,6967.893304,120.0,,100.0,584.9609375,,0
1782298607.066016,6967.993300,120.0,,100.0,584.9609375,,0
1782298607.166013,6968.093296,120.0,,100.0,584.9609375,,0
1782298607.266015,6968.193298,120.0,,100.0,584.9609375,,0
1782298607.366016,6968.293300,120.0,,100.0,584.9609375,,0
1782298607.466018,6968.393301,120.0,,100.0,584.9609375,,0
1782298607.566011,6968.493294,120.0,,100.0,584.9609375,,0
1782298607.666014,6968.593298,120.0,,100.0,584.9609375,,0
1782298607.766008,6968.693292,120.0,,100.0,584.9609375,,0
1782298607.866017,6968.793300,121.0,,100.0,584.9609375,,0
1782298607.966010,6968.893293,120.0,,100.0,584.9609375,,0
1782298608.066015,6968.993298,120.0,,100.0,584.9609375,,0
1782298608.166015,6969.093298,120.0,,100.0,584.9609375,,0
1782298608.266011,6969.193294,120.0,,100.0,584.9609375,,0
1782298608.366017,6969.293301,120.0,,100.0,584.9609375,,0
1782298608.466019,6969.393303,120.0,,100.0,584.9609375,,0
1782298608.566008,6969.493291,122.0,,100.0,584.9609375,,0
1782298608.666017,6969.593301,122.0,,100.0,584.9609375,,0
1782298608.766044,6969.693328,122.0,,100.0,584.9609375,,0
1782298608.866014,6969.793297,121.0,,100.0,584.9609375,,0
1782298608.966028,6969.893313,122.0,,100.0,584.9609375,,0
1782298609.066019,6969.993302,121.0,,100.0,584.9609375,,0
1782298609.166022,6970.093306,121.0,,100.0,584.9609375,,0
1782298609.266023,6970.193306,121.0,,100.0,584.9609375,,0
1782298609.366022,6970.293305,121.0,,100.0,584.9609375,,0
1782298609.466021,6970.393304,122.0,,100.0,584.9609375,,0
1782298609.566020,6970.493303,122.0,,100.0,584.9609375,,0
1782298609.666026,6970.593309,122.0,,100.0,584.9609375,,0
1782298609.766019,6970.693302,122.0,,100.0,584.9609375,,0
1782298609.866016,6970.793299,122.0,,100.0,584.9609375,,0
1782298609.966019,6970.893302,122.0,,100.0,584.9609375,,0
1782298610.066021,6970.993306,122.0,,100.0,584.9609375,,0
1782298610.166024,6971.093307,122.0,,100.0,584.9609375,,0
1782298610.266017,6971.193301,122.0,,100.0,584.9609375,,0
1782298610.366022,6971.293305,122.0,,100.0,584.9609375,,0
1782298610.466020,6971.393304,122.0,,100.0,584.9609375,,0
1782298610.566019,6971.493303,122.0,,100.0,584.9609375,,0
1782298610.666018,6971.593302,121.0,,100.0,584.9609375,,0
1782298610.766026,6971.693311,120.0,,100.0,584.9609375,,0
1782298610.866019,6971.793302,120.0,,100.0,584.9609375,,0
1782298610.966010,6971.893293,120.0,,100.0,584.9609375,,0
1782298611.066015,6971.993299,121.0,,100.0,584.9609375,,0
1782298611.166013,6972.093296,121.0,,100.0,584.9609375,,0
1782298611.266014,6972.193298,120.0,,100.0,584.9609375,,0
1782298611.366043,6972.293328,121.0,,100.0,584.9609375,,0
1782298611.466021,6972.393305,120.0,,100.0,584.9609375,,0
1782298611.566049,6972.493332,120.0,,100.0,584.9609375,,0
1782298611.666023,6972.593308,120.0,,100.0,584.9609375,,0
1782298611.766025,6972.693308,120.0,,100.0,584.9609375,,0
1782298611.866019,6972.793303,120.0,,100.0,584.9609375,,0
1782298611.966018,6972.893301,120.0,,100.0,584.9609375,,0
1782298612.066027,6972.993312,121.0,,100.0,584.9609375,,0
1782298612.166015,6973.093298,121.0,,100.0,584.9609375,,0
1782298612.266020,6973.193303,121.0,,100.0,584.9609375,,0
1782298612.366015,6973.293299,121.0,,100.0,584.9609375,,0
1782298612.466019,6973.393302,120.0,,100.0,584.9609375,,0
1782298612.566020,6973.493304,120.0,,100.0,584.9609375,,0
1782298612.666014,6973.593297,120.0,,100.0,584.9609375,,0
1782298612.766016,6973.693301,120.0,,100.0,584.9609375,,0
1782298612.866018,6973.793301,120.0,,100.0,584.9609375,,0
1782298612.966019,6973.893302,122.0,,100.0,584.9609375,,0
1782298613.066019,6973.993302,122.0,,100.0,584.9609375,,0
1782298613.166027,6974.093311,119.0,,99.0,584.9609375,,0
1782298613.266026,6974.193310,120.0,,100.0,584.9609375,,0
1782298613.366016,6974.293300,121.0,,99.0,584.9609375,,0
1782298613.466020,6974.393305,121.0,,100.0,584.9609375,,0
1782298613.566021,6974.493306,118.0,,99.0,584.9609375,,0
1782298613.666015,6974.593299,119.0,,100.0,584.9609375,,0
1782298613.766016,6974.693300,121.0,,99.0,584.9609375,,0
1782298613.866017,6974.793301,122.0,,100.0,584.9609375,,0
1782298613.966013,6974.893296,121.0,,99.0,584.9609375,,0
1782298614.066020,6974.993305,121.0,,100.0,584.9609375,,0
1782298614.166014,6975.093299,122.0,,100.0,584.9609375,,0
1782298614.266014,6975.193297,121.0,,100.0,584.9609375,,0
1782298614.366020,6975.293304,121.0,,100.0,584.9609375,,0
1782298614.466013,6975.393297,121.0,,100.0,584.9609375,,0
1782298614.566018,6975.493301,121.0,,100.0,584.9609375,,0
1782298614.666016,6975.593300,121.0,,100.0,584.9609375,,0
1782298614.766013,6975.693296,120.0,,100.0,584.9609375,,0
1782298614.866014,6975.793298,120.0,,100.0,584.9609375,,0
1782298614.966015,6975.893299,120.0,,100.0,584.9609375,,0
1782298615.066011,6975.993296,121.0,,100.0,584.9609375,,0
1782298615.166014,6976.093298,120.0,,100.0,584.9609375,,0
1782298615.266014,6976.193297,120.0,,100.0,584.9609375,,0
1782298615.366021,6976.293304,121.0,,100.0,584.9609375,,0
1782298615.466013,6976.393296,121.0,,100.0,584.9609375,,0
1782298615.566011,6976.493294,120.0,,100.0,584.9609375,,0
1782298615.666025,6976.593309,121.0,,100.0,584.9609375,,0
1782298615.766020,6976.693304,121.0,,100.0,584.9609375,,0
1782298615.866019,6976.793303,120.0,,100.0,584.9609375,,0
1782298615.966017,6976.893302,120.0,,100.0,584.9609375,,0
1782298616.066011,6976.993294,120.0,,100.0,584.9609375,,0
1782298616.166015,6977.093298,121.0,,100.0,584.9609375,,0
1782298616.266013,6977.193297,121.0,,100.0,584.9609375,,0
1782298616.366014,6977.293300,121.0,,100.0,584.9609375,,0
1782298616.466013,6977.393296,121.0,,100.0,584.9609375,,0
1782298616.566015,6977.493299,121.0,,100.0,584.9609375,,0
1782298616.666020,6977.593303,120.0,,100.0,584.9609375,,0
1782298616.766014,6977.693299,120.0,,100.0,584.9609375,,0
1782298616.866014,6977.793298,121.0,,100.0,584.9609375,,0
1782298616.966016,6977.893299,120.0,,100.0,584.9609375,,0
1782298617.066014,6977.993300,120.0,,100.0,584.9609375,,0
1782298617.166018,6978.093302,120.0,,100.0,584.9609375,,0
1782298617.266015,6978.193299,120.0,,100.0,584.9609375,,0
1782298617.366015,6978.293299,120.0,,100.0,584.9609375,,0
1782298617.466014,6978.393297,120.0,,100.0,584.9609375,,0
1782298617.566020,6978.493303,121.0,,100.0,584.9609375,,0
1782298617.666016,6978.593300,121.0,,100.0,584.9609375,,0
1782298617.766018,6978.693302,121.0,,100.0,584.9609375,,0
1782298617.866009,6978.793292,120.0,,100.0,584.9609375,,0
1782298617.966015,6978.893298,120.0,,100.0,584.9609375,,0
1782298618.066022,6978.993306,120.0,,100.0,584.9609375,,0
1782298618.166013,6979.093296,121.0,,100.0,584.9609375,,0
1782298618.266015,6979.193298,122.0,,100.0,584.9609375,,0
1782298618.366017,6979.293300,122.0,,100.0,584.9609375,,0
1782298618.466016,6979.393301,122.0,,100.0,584.9609375,,0
1782298618.566019,6979.493302,123.0,,100.0,584.9609375,,0
1782298618.666012,6979.593296,122.0,,100.0,584.9609375,,0
1782298618.766016,6979.693300,122.0,,100.0,584.9609375,,0
1782298618.866019,6979.793304,122.0,,100.0,584.9609375,,0
1782298618.966014,6979.893299,122.0,,100.0,584.9609375,,0
1782298619.066025,6979.993308,122.0,,100.0,584.9609375,,0
1782298619.166020,6980.093304,122.0,,100.0,584.9609375,,0
1782298619.266020,6980.193303,122.0,,100.0,584.9609375,,0
1782298619.366014,6980.293299,122.0,,100.0,584.9609375,,0
1782298619.466013,6980.393296,122.0,,100.0,584.9609375,,0
1782298619.566021,6980.493305,122.0,,100.0,584.9609375,,0
1782298619.666014,6980.593297,122.0,,100.0,584.9609375,,0
1782298619.766012,6980.693296,122.0,,100.0,584.9609375,,0
1782298619.866029,6980.793312,122.0,,100.0,584.9609375,,0
1782298619.966012,6980.893295,122.0,,100.0,584.9609375,,0
1782298620.066028,6980.993312,122.0,,100.0,584.9609375,,0
1782298620.166015,6981.093298,120.0,,100.0,584.9609375,,0
1782298620.266020,6981.193305,118.0,,100.0,584.9609375,,0
1782298620.366047,6981.293330,118.0,,100.0,584.9609375,,0
1782298620.466019,6981.393303,118.0,,100.0,584.9609375,,0
1782298620.566010,6981.493295,118.0,,100.0,584.9609375,,0
1782298620.666018,6981.593301,118.0,,100.0,584.9609375,,0
1782298620.766021,6981.693306,118.0,,100.0,584.9609375,,0
1782298620.866015,6981.793299,118.0,,100.0,584.9609375,,0
1782298620.966017,6981.893301,118.0,,100.0,584.9609375,,0
1782298621.066017,6981.993300,119.0,,100.0,584.9609375,,0
1782298621.166021,6982.093305,121.0,,100.0,584.9609375,,0
1782298621.266021,6982.193304,122.0,,100.0,584.9609375,,0
1782298621.366016,6982.293299,122.0,,100.0,584.9609375,,0
1782298621.466017,6982.393300,122.0,,100.0,584.9609375,,0
1782298621.566015,6982.493300,121.0,,100.0,584.9609375,,0
1782298621.666018,6982.593301,122.0,,100.0,584.9609375,,0
1782298621.766016,6982.693301,122.0,,100.0,584.9609375,,0
1782298621.866016,6982.793301,122.0,,100.0,584.9609375,,0
1782298621.966016,6982.893299,122.0,,100.0,584.9609375,,0
1782298622.066014,6982.993297,122.0,,100.0,584.9609375,,0
1782298622.166017,6983.093300,122.0,,100.0,584.9609375,,0
1782298622.266016,6983.193300,122.0,,100.0,584.9609375,,0
1782298622.366023,6983.293307,122.0,,100.0,584.9609375,,0
1782298622.466019,6983.393302,122.0,,100.0,584.9609375,,0
1782298622.566015,6983.493300,122.0,,100.0,584.9609375,,0
1782298622.666013,6983.593297,122.0,,100.0,584.9609375,,0
1782298622.766016,6983.693299,122.0,,100.0,584.9609375,,0
1782298622.866015,6983.793299,122.0,,100.0,584.9609375,,0
1782298622.966014,6983.893297,122.0,,100.0,584.9609375,,0
1782298623.066015,6983.993298,122.0,,100.0,584.9609375,,0
1782298623.166032,6984.093315,122.0,,100.0,584.9609375,,0
1782298623.266017,6984.193300,122.0,,100.0,584.9609375,,0
1782298623.366014,6984.293297,121.0,,100.0,584.9609375,,0
1782298623.466008,6984.393292,120.0,,100.0,584.9609375,,0
1782298623.566019,6984.493303,120.0,,100.0,584.9609375,,0
1782298623.666011,6984.593295,121.0,,100.0,584.9609375,,0
1782298623.766020,6984.693303,121.0,,100.0,584.9609375,,0
1782298623.866017,6984.793300,121.0,,100.0,584.9609375,,0
1782298623.966015,6984.893300,121.0,,100.0,584.9609375,,0
1782298624.066020,6984.993304,120.0,,100.0,584.9609375,,0
1782298624.166017,6985.093300,121.0,,100.0,584.9609375,,0
1782298624.266018,6985.193303,121.0,,100.0,584.9609375,,0
1782298624.365935,6985.293218,120.0,,100.0,584.9609375,,0
1782298624.466017,6985.393302,120.0,,100.0,584.9609375,,0
1782298624.566025,6985.493308,121.0,,100.0,584.9609375,,0
1782298624.666018,6985.593302,121.0,,100.0,584.9609375,,0
1782298624.766019,6985.693302,120.0,,100.0,584.9609375,,0
1782298624.866013,6985.793296,120.0,,100.0,584.9609375,,0
1782298624.966023,6985.893307,120.0,,100.0,584.9609375,,0
1782298625.066015,6985.993300,120.0,,100.0,584.9609375,,0
1782298625.166022,6986.093305,120.0,,100.0,584.9609375,,0
1782298625.266017,6986.193300,120.0,,100.0,584.9609375,,0
1782298625.366040,6986.293325,121.0,,100.0,584.9609375,,0
1782298625.466019,6986.393303,120.0,,100.0,584.9609375,,0
1782298625.566027,6986.493310,120.0,,100.0,584.9609375,,0
1782298625.666016,6986.593300,120.0,,100.0,584.9609375,,0
1782298625.766016,6986.693299,120.0,,100.0,584.9609375,,0
1782298625.866016,6986.793300,121.0,,100.0,584.9609375,,0
1782298625.966011,6986.893296,121.0,,100.0,584.9609375,,0
1782298626.066014,6986.993298,121.0,,100.0,584.9609375,,0
1782298626.166014,6987.093297,121.0,,100.0,584.9609375,,0
1782298626.266014,6987.193297,120.0,,100.0,584.9609375,,0
1782298626.366019,6987.293303,120.0,,100.0,584.9609375,,0
1782298626.466015,6987.393298,121.0,,100.0,584.9609375,,0
1782298626.566016,6987.493299,120.0,,100.0,584.9609375,,0
1782298626.666014,6987.593297,120.0,,100.0,584.9609375,,0
1782298626.766016,6987.693300,121.0,,100.0,584.9609375,,0
1782298626.866016,6987.793302,121.0,,100.0,584.9609375,,0
1782298626.966014,6987.893298,120.0,,100.0,584.9609375,,0
1782298627.066017,6987.993300,120.0,,100.0,584.9609375,,0
1782298627.166020,6988.093304,120.0,,100.0,584.9609375,,0
1782298627.266014,6988.193297,120.0,,100.0,584.9609375,,0
1782298627.366015,6988.293299,120.0,,99.0,584.9609375,,0
1782298627.466014,6988.393298,120.0,,100.0,584.9609375,,0
1782298627.566015,6988.493299,120.0,,100.0,584.9609375,,0
1782298627.666014,6988.593298,120.0,,100.0,584.9609375,,0
1782298627.766016,6988.693301,120.0,,100.0,584.9609375,,0
1782298627.866015,6988.793298,120.0,,100.0,584.9609375,,0
1782298627.966015,6988.893298,120.0,,100.0,584.9609375,,0
1782298628.066015,6988.993298,121.0,,100.0,584.9609375,,0
1782298628.166022,6989.093306,121.0,,100.0,584.9609375,,0
1782298628.266014,6989.193297,120.0,,100.0,584.9609375,,0
1782298628.366016,6989.293300,120.0,,100.0,584.9609375,,0
1782298628.466013,6989.393296,120.0,,100.0,584.9609375,,0
1782298628.566020,6989.493303,121.0,,100.0,584.9609375,,0
1782298628.666016,6989.593301,121.0,,100.0,584.9609375,,0
1782298628.766019,6989.693303,121.0,,100.0,584.9609375,,0
1782298628.866020,6989.793305,37.0,,3.0,584.9609375,,0
1782298628.966023,6989.893306,32.0,,3.0,584.9609375,,0
1782298629.066018,6989.993301,18.0,,3.0,584.9609375,,0
1782298629.166020,6990.093305,18.0,,3.0,584.9609375,,0
1782298629.266022,6990.193306,21.0,,3.0,584.9609375,,0
1782298629.366018,6990.293302,18.0,,3.0,584.9609375,,0
1782298629.466018,6990.393301,18.0,,3.0,584.9609375,,0
1782298629.565929,6990.493213,19.0,,3.0,584.9609375,,0
1782298629.666021,6990.593305,18.0,,3.0,584.9609375,,0
1782298629.766020,6990.693305,18.0,,2.0,584.9609375,,0
1782298629.866019,6990.793304,21.0,,3.0,584.9609375,,0
1782298629.966020,6990.893303,21.0,,3.0,584.9609375,,0
1782298630.066019,6990.993302,17.0,,3.0,584.9609375,,0
1782298630.166018,6991.093301,16.0,,3.0,584.9609375,,0
1782298630.266020,6991.193303,17.0,,3.0,584.9609375,,0
1782298630.366022,6991.293305,17.0,,2.0,584.9609375,,0
1782298630.466018,6991.393301,17.0,,3.0,584.9609375,,0
1782298630.565930,6991.493213,16.0,,3.0,584.9609375,,0
1782298630.666019,6991.593302,18.0,,3.0,584.9609375,,0
1782298630.765934,6991.693217,19.0,,3.0,584.9609375,,0
1782298630.866020,6991.793303,17.0,,3.0,584.9609375,,0
1782298630.966018,6991.893301,18.0,,3.0,584.9609375,,0
1782298631.066026,6991.993311,18.0,,3.0,584.9609375,,0
1782298631.166024,6992.093310,17.0,,3.0,584.9609375,,0
1782298631.266019,6992.193303,19.0,,3.0,584.9609375,,0
1782298631.366020,6992.293305,19.0,,3.0,584.9609375,,0
1782298631.466019,6992.393302,17.0,,3.0,584.9609375,,0
1782298631.566019,6992.493302,16.0,,3.0,584.9609375,,0
1782298631.666021,6992.593305,17.0,,3.0,584.9609375,,0
1782298631.766021,6992.693305,20.0,,2.0,584.9609375,,0
1782298631.866019,6992.793302,18.0,,3.0,584.9609375,,0
1782298631.966026,6992.893309,17.0,,3.0,584.9609375,,0
1782298632.066022,6992.993305,15.0,,3.0,584.9609375,,0
1782298632.166019,6993.093303,20.0,,3.0,584.9609375,,0
1782298632.266022,6993.193305,15.0,,2.0,584.9609375,,0
1782298632.366020,6993.293304,15.0,,3.0,584.9609375,,0
1782298632.466017,6993.393301,15.0,,3.0,584.9609375,,0
1782298632.566019,6993.493303,17.0,,3.0,584.9609375,,0
1782298632.666019,6993.593303,16.0,,3.0,584.9609375,,0
1782298632.766024,6993.693309,15.0,,3.0,584.9609375,,0
1782298632.866018,6993.793301,16.0,,3.0,584.9609375,,0
1782298632.966022,6993.893305,16.0,,3.0,584.9609375,,0
1782298633.066018,6993.993302,15.0,,4.0,584.9609375,,0
1782298633.166018,6994.093301,15.0,,3.0,584.9609375,,0
1782298633.266022,6994.193305,16.0,,3.0,584.9609375,,0
1782298633.366018,6994.293302,17.0,,3.0,584.9609375,,0
1782298633.466018,6994.393301,16.0,,2.0,584.9609375,,0
1782298633.566021,6994.493304,16.0,,3.0,584.9609375,,0
1782298633.666019,6994.593303,16.0,,5.0,584.9609375,,0
1782298633.766027,6994.693311,15.0,,3.0,584.9609375,,0
1782298633.865937,6994.793220,36.0,,36.0,584.9609375,,0
1782298633.965935,6994.893219,93.0,,100.0,584.9609375,,0
1782298634.065935,6994.993218,93.0,,100.0,584.9609375,,0
1782298634.165934,6995.093217,94.0,,100.0,584.9609375,,0
1782298634.265935,6995.193218,94.0,,100.0,584.9609375,,0
1782298634.365935,6995.293219,96.0,,100.0,584.9609375,,0
1782298634.465935,6995.393218,97.0,,100.0,584.9609375,,0
1782298634.565934,6995.493218,98.0,,100.0,584.9609375,,0
1782298634.665935,6995.593218,99.0,,100.0,584.9609375,,0
1782298634.765934,6995.693218,100.0,,100.0,584.9609375,,0
1782298634.865935,6995.793218,100.0,,100.0,584.9609375,,0
1782298634.965933,6995.893217,102.0,,100.0,584.9609375,,0
1782298635.066014,6995.993298,104.0,,100.0,584.9609375,,0
1782298635.166018,6996.093301,104.0,,100.0,584.9609375,,0
1782298635.266010,6996.193295,106.0,,100.0,584.9609375,,0
1782298635.366012,6996.293296,106.0,,100.0,584.9609375,,0
1782298635.466013,6996.393296,108.0,,100.0,584.9609375,,0
1782298635.565930,6996.493214,109.0,,100.0,584.9609375,,0
1782298635.666007,6996.593290,110.0,,100.0,584.9609375,,0
1782298635.766032,6996.693317,112.0,,100.0,584.9609375,,0
1782298635.866020,6996.793303,112.0,,100.0,584.9609375,,0
1782298635.966018,6996.893302,114.0,,100.0,584.9609375,,0
1782298636.066009,6996.993292,116.0,,100.0,584.9609375,,0
1782298636.166024,6997.093307,118.0,,100.0,584.9609375,,0
1782298636.266013,6997.193298,119.0,,100.0,584.9609375,,0
1782298636.366019,6997.293304,118.0,,100.0,584.9609375,,0
1782298636.466013,6997.393296,119.0,,100.0,584.9609375,,0
1782298636.565930,6997.493213,118.0,,100.0,584.9609375,,0
1782298636.666013,6997.593296,119.0,,100.0,584.9609375,,0
1782298636.766053,6997.693337,118.0,,100.0,584.9609375,,0
1782298636.866019,6997.793302,118.0,,100.0,584.9609375,,0
1782298636.966033,6997.893318,119.0,,100.0,584.9609375,,0
1782298637.066015,6997.993300,118.0,,100.0,584.9609375,,0
1782298637.166020,6998.093304,119.0,,100.0,584.9609375,,0
1782298637.266016,6998.193301,119.0,,100.0,584.9609375,,0
1782298637.366019,6998.293303,119.0,,100.0,584.9609375,,0
1782298637.466014,6998.393298,119.0,,100.0,584.9609375,,0
1782298637.565933,6998.493217,119.0,,100.0,584.9609375,,0
1782298637.666016,6998.593299,119.0,,100.0,584.9609375,,0
1782298637.766017,6998.693301,119.0,,100.0,584.9609375,,0
1782298637.866013,6998.793296,119.0,,100.0,584.9609375,,0
1782298637.966019,6998.893302,119.0,,100.0,584.9609375,,0
1782298638.066021,6998.993304,119.0,,100.0,584.9609375,,0
1782298638.166014,6999.093298,119.0,,100.0,584.9609375,,0
1782298638.266016,6999.193299,119.0,,100.0,584.9609375,,0
1782298638.366019,6999.293303,119.0,,100.0,584.9609375,,0
1782298638.466010,6999.393295,119.0,,100.0,584.9609375,,0
1782298638.565930,6999.493213,119.0,,100.0,584.9609375,,0
1782298638.666014,6999.593298,120.0,,100.0,584.9609375,,0
1782298638.766016,6999.693299,121.0,,100.0,584.9609375,,0
1782298638.866016,6999.793301,121.0,,100.0,584.9609375,,0
1782298638.966012,6999.893295,121.0,,100.0,584.9609375,,0
1782298639.066015,6999.993298,120.0,,100.0,584.9609375,,0
1782298639.166015,7000.093298,121.0,,100.0,584.9609375,,0
1782298639.266014,7000.193297,120.0,,100.0,584.9609375,,0
1782298639.366015,7000.293299,120.0,,100.0,584.9609375,,0
1782298639.466018,7000.393301,121.0,,100.0,584.9609375,,0
1782298639.565945,7000.493229,121.0,,100.0,584.9609375,,0
1782298639.666014,7000.593297,121.0,,100.0,584.9609375,,0
1782298639.766013,7000.693296,121.0,,100.0,584.9609375,,0
1782298639.865932,7000.793216,121.0,,100.0,584.9609375,,0
1782298639.966016,7000.893299,121.0,,100.0,584.9609375,,0
1782298640.066017,7000.993300,121.0,,100.0,584.9609375,,0
1782298640.166016,7001.093300,121.0,,100.0,584.9609375,,0
1782298640.266013,7001.193298,121.0,,100.0,584.9609375,,0
1782298640.366014,7001.293297,121.0,,100.0,584.9609375,,0
1782298640.466044,7001.393329,121.0,,100.0,584.9609375,,0
1782298640.565930,7001.493213,121.0,,100.0,584.9609375,,0
1782298640.666029,7001.593312,122.0,,100.0,584.9609375,,0
1782298640.766016,7001.693301,121.0,,100.0,584.9609375,,0
1782298640.866021,7001.793304,121.0,,100.0,584.9609375,,0
1782298640.966018,7001.893303,121.0,,100.0,584.9609375,,0
1782298641.066022,7001.993305,121.0,,100.0,584.9609375,,0
1782298641.166016,7002.093300,121.0,,100.0,584.9609375,,0
1782298641.266021,7002.193305,121.0,,100.0,584.9609375,,0
1782298641.366014,7002.293297,121.0,,100.0,584.9609375,,0
1782298641.466012,7002.393296,121.0,,100.0,584.9609375,,0
1782298641.565930,7002.493213,121.0,,100.0,584.9609375,,0
1782298641.666015,7002.593299,122.0,,100.0,584.9609375,,0
1782298641.766021,7002.693304,122.0,,100.0,584.9609375,,0
1782298641.866015,7002.793299,121.0,,100.0,584.9609375,,0
1782298641.966010,7002.893293,121.0,,100.0,584.9609375,,0
1782298642.066015,7002.993300,121.0,,100.0,584.9609375,,0
1782298642.166015,7003.093299,122.0,,100.0,584.9609375,,0
1782298642.266014,7003.193297,122.0,,100.0,584.9609375,,0
1782298642.366016,7003.293300,121.0,,100.0,584.9609375,,0
1782298642.466015,7003.393300,122.0,,100.0,584.9609375,,0
1782298642.565935,7003.493218,122.0,,100.0,584.9609375,,0
1782298642.666020,7003.593304,122.0,,100.0,584.9609375,,0
1782298642.766021,7003.693306,121.0,,100.0,584.9609375,,0
1782298642.866021,7003.793305,122.0,,100.0,584.9609375,,0
1782298642.966015,7003.893300,122.0,,100.0,584.9609375,,0
1782298643.066032,7003.993316,121.0,,100.0,584.9609375,,0
1782298643.166020,7004.093304,121.0,,100.0,584.9609375,,0
1782298643.266009,7004.193294,122.0,,100.0,584.9609375,,0
1782298643.366020,7004.293304,122.0,,100.0,584.9609375,,0
1782298643.466015,7004.393298,122.0,,100.0,584.9609375,,0
1782298643.565930,7004.493213,122.0,,100.0,584.9609375,,0
1782298643.666013,7004.593298,122.0,,100.0,584.9609375,,0
1782298643.766014,7004.693298,121.0,,100.0,584.9609375,,0
1782298643.866020,7004.793304,121.0,,100.0,584.9609375,,0
1782298643.966012,7004.893295,122.0,,100.0,584.9609375,,0
1782298644.066015,7004.993299,121.0,,100.0,584.9609375,,0
1782298644.166018,7005.093301,122.0,,100.0,584.9609375,,0
1782298644.266017,7005.193302,122.0,,100.0,584.9609375,,0
1782298644.366014,7005.293297,122.0,,100.0,584.9609375,,0
1782298644.466012,7005.393295,122.0,,100.0,584.9609375,,0
1782298644.565947,7005.493231,121.0,,100.0,584.9609375,,0
1782298644.666016,7005.593301,121.0,,100.0,584.9609375,,0
1782298644.766015,7005.693298,122.0,,100.0,584.9609375,,0
1782298644.866016,7005.793299,122.0,,100.0,584.9609375,,0
1782298644.966016,7005.893299,122.0,,100.0,584.9609375,,0
1782298645.066021,7005.993304,122.0,,100.0,584.9609375,,0
1782298645.166023,7006.093308,122.0,,100.0,584.9609375,,0
1782298645.265931,7006.193215,122.0,,100.0,584.9609375,,0
1782298645.365932,7006.293216,121.0,,100.0,584.9609375,,0
1782298645.466017,7006.393301,122.0,,100.0,584.9609375,,0
1782298645.565930,7006.493213,121.0,,100.0,584.9609375,,0
1782298645.666032,7006.593315,122.0,,100.0,584.9609375,,0
1782298645.766016,7006.693300,125.0,,99.0,584.9609375,,0
1782298645.866023,7006.793307,122.0,,100.0,584.9609375,,0
1782298645.966026,7006.893309,125.0,,99.0,584.9609375,,0
1782298646.066025,7006.993308,121.0,,100.0,584.9609375,,0
1782298646.166014,7007.093297,122.0,,100.0,584.9609375,,0
1782298646.266017,7007.193300,122.0,,100.0,584.9609375,,0
1782298646.366024,7007.293307,122.0,,100.0,584.9609375,,0
1782298646.466021,7007.393304,123.0,,100.0,584.9609375,,0
1782298646.565933,7007.493216,122.0,,99.0,584.9609375,,0
1782298646.666020,7007.593304,123.0,,100.0,584.9609375,,0
1782298646.766020,7007.693305,121.0,,98.0,584.9609375,,0
1782298646.866020,7007.793303,122.0,,100.0,584.9609375,,0
1782298646.966018,7007.893302,123.0,,99.0,584.9609375,,0
1782298647.066020,7007.993304,123.0,,100.0,584.9609375,,0
1782298647.166021,7008.093305,122.0,,99.0,584.9609375,,0
1782298647.266020,7008.193303,124.0,,100.0,584.9609375,,0
1782298647.366019,7008.293303,124.0,,99.0,584.9609375,,0
1782298647.466022,7008.393305,123.0,,100.0,584.9609375,,0
1782298647.565930,7008.493213,122.0,,100.0,584.9609375,,0
1782298647.666020,7008.593303,122.0,,100.0,584.9609375,,0
1782298647.766017,7008.693301,122.0,,100.0,584.9609375,,0
1782298647.866021,7008.793304,122.0,,100.0,584.9609375,,0
1782298647.966017,7008.893300,122.0,,100.0,584.9609375,,0
1782298648.066015,7008.993299,122.0,,100.0,584.9609375,,0
1782298648.166016,7009.093299,122.0,,100.0,584.9609375,,0
1782298648.266015,7009.193299,122.0,,100.0,584.9609375,,0
1782298648.366018,7009.293301,122.0,,100.0,584.9609375,,0
1782298648.466019,7009.393303,122.0,,100.0,584.9609375,,0
1782298648.566021,7009.493304,123.0,,100.0,584.9609375,,0
1782298648.666019,7009.593303,122.0,,100.0,584.9609375,,0
1782298648.766018,7009.693303,122.0,,100.0,584.9609375,,0
1782298648.866018,7009.793302,122.0,,100.0,584.9609375,,0
1782298648.966017,7009.893301,122.0,,100.0,584.9609375,,0
1782298649.066023,7009.993307,123.0,,100.0,584.9609375,,0
1782298649.166012,7010.093295,123.0,,100.0,584.9609375,,0
1782298649.266015,7010.193298,122.0,,100.0,584.9609375,,0
1782298649.366023,7010.293306,122.0,,100.0,584.9609375,,0
1782298649.466017,7010.393301,122.0,,100.0,584.9609375,,0
1782298649.566018,7010.493301,122.0,,100.0,584.9609375,,0
1782298649.666013,7010.593296,123.0,,100.0,584.9609375,,0
1782298649.766019,7010.693302,122.0,,100.0,584.9609375,,0
1782298649.866019,7010.793303,122.0,,100.0,584.9609375,,0
1782298649.966045,7010.893328,123.0,,100.0,584.9609375,,0
1782298650.066021,7010.993305,123.0,,100.0,584.9609375,,0
1782298650.166019,7011.093303,123.0,,100.0,584.9609375,,0
1782298650.266015,7011.193298,122.0,,100.0,584.9609375,,0
1782298650.366018,7011.293301,122.0,,100.0,584.9609375,,0
1782298650.466024,7011.393307,122.0,,100.0,584.9609375,,0
1782298650.566011,7011.493294,122.0,,100.0,584.9609375,,0
1782298650.666019,7011.593304,122.0,,100.0,584.9609375,,0
1782298650.766043,7011.693328,123.0,,100.0,584.9609375,,0
1782298650.866019,7011.793303,123.0,,100.0,584.9609375,,0
1782298650.966021,7011.893306,122.0,,100.0,584.9609375,,0
1782298651.066015,7011.993300,122.0,,100.0,584.9609375,,0
1782298651.166022,7012.093306,122.0,,100.0,584.9609375,,0
1782298651.266024,7012.193307,122.0,,100.0,584.9609375,,0
1782298651.366045,7012.293329,122.0,,100.0,584.9609375,,0
1782298651.466017,7012.393301,122.0,,100.0,584.9609375,,0
1782298651.566026,7012.493310,122.0,,100.0,584.9609375,,0
1782298651.666023,7012.593308,122.0,,100.0,584.9609375,,0
1782298651.766019,7012.693303,122.0,,100.0,584.9609375,,0
1782298651.866021,7012.793305,122.0,,100.0,584.9609375,,0
1782298651.966018,7012.893301,122.0,,100.0,584.9609375,,0
1782298652.066018,7012.993302,123.0,,100.0,584.9609375,,0
1782298652.166015,7013.093298,122.0,,100.0,584.9609375,,0
1782298652.266018,7013.193301,123.0,,100.0,584.9609375,,0
1782298652.366014,7013.293297,123.0,,100.0,584.9609375,,0
1782298652.466018,7013.393303,122.0,,100.0,584.9609375,,0
1782298652.565933,7013.493216,123.0,,100.0,584.9609375,,0
1782298652.666018,7013.593301,123.0,,100.0,584.9609375,,0
1782298652.766017,7013.693301,122.0,,100.0,584.9609375,,0
1782298652.866017,7013.793300,122.0,,100.0,584.9609375,,0
1782298652.966014,7013.893298,122.0,,100.0,584.9609375,,0
1782298653.066018,7013.993302,123.0,,100.0,584.9609375,,0
1782298653.166015,7014.093298,123.0,,100.0,584.9609375,,0
1782298653.266020,7014.193303,122.0,,100.0,584.9609375,,0
1782298653.366017,7014.293301,122.0,,100.0,584.9609375,,0
1782298653.466021,7014.393304,123.0,,100.0,584.9609375,,0
1782298653.565931,7014.493215,122.0,,100.0,584.9609375,,0
1782298653.666033,7014.593318,122.0,,100.0,584.9609375,,0
1782298653.766017,7014.693301,122.0,,100.0,584.9609375,,0
1782298653.866020,7014.793304,122.0,,100.0,584.9609375,,0
1782298653.966019,7014.893305,122.0,,100.0,584.9609375,,0
1782298654.066015,7014.993298,122.0,,100.0,584.9609375,,0
1782298654.166015,7015.093299,122.0,,100.0,584.9609375,,0
1782298654.266018,7015.193301,122.0,,100.0,584.9609375,,0
1782298654.366020,7015.293303,122.0,,100.0,584.9609375,,0
1782298654.466039,7015.393323,122.0,,100.0,584.9609375,,0
1782298654.565930,7015.493213,122.0,,100.0,584.9609375,,0
1782298654.666018,7015.593301,122.0,,100.0,584.9609375,,0
1782298654.766019,7015.693302,123.0,,100.0,584.9609375,,0
1782298654.866017,7015.793300,122.0,,100.0,584.9609375,,0
1782298654.966019,7015.893302,123.0,,100.0,584.9609375,,0
1782298655.066020,7015.993305,123.0,,100.0,584.9609375,,0
1782298655.166018,7016.093301,122.0,,100.0,584.9609375,,0
1782298655.266018,7016.193303,122.0,,100.0,584.9609375,,0
1782298655.366016,7016.293299,122.0,,100.0,584.9609375,,0
1782298655.466017,7016.393301,122.0,,100.0,584.9609375,,0
1782298655.565945,7016.493230,123.0,,100.0,584.9609375,,0
1782298655.666015,7016.593298,123.0,,100.0,584.9609375,,0
1782298655.766014,7016.693297,122.0,,100.0,584.9609375,,0
1782298655.866019,7016.793302,122.0,,100.0,584.9609375,,0
1782298655.966016,7016.893299,122.0,,100.0,584.9609375,,0
1782298656.066023,7016.993307,122.0,,100.0,584.9609375,,0
1782298656.166020,7017.093303,122.0,,100.0,584.9609375,,0
1782298656.266013,7017.193299,122.0,,100.0,584.9609375,,0
1782298656.366017,7017.293301,122.0,,100.0,584.9609375,,0
1782298656.466019,7017.393304,122.0,,100.0,584.9609375,,0
1782298656.565933,7017.493216,122.0,,100.0,584.9609375,,0
1782298656.666014,7017.593297,122.0,,100.0,584.9609375,,0
1782298656.766044,7017.693328,122.0,,100.0,584.9609375,,0
1782298656.866019,7017.793302,122.0,,100.0,584.9609375,,0
1782298656.966021,7017.893304,122.0,,100.0,584.9609375,,0
1782298657.066018,7017.993302,122.0,,100.0,584.9609375,,0
1782298657.166018,7018.093301,122.0,,100.0,584.9609375,,0
1782298657.266016,7018.193300,122.0,,100.0,584.9609375,,0
1782298657.366019,7018.293303,122.0,,100.0,584.9609375,,0
1782298657.466013,7018.393297,122.0,,100.0,584.9609375,,0
1782298657.565947,7018.493232,122.0,,100.0,584.9609375,,0
1782298657.666014,7018.593297,122.0,,100.0,584.9609375,,0
1782298657.766017,7018.693300,122.0,,100.0,584.9609375,,0
1782298657.866019,7018.793302,122.0,,100.0,584.9609375,,0
1782298657.966020,7018.893303,123.0,,100.0,584.9609375,,0
1782298658.066015,7018.993298,122.0,,100.0,584.9609375,,0
1782298658.166013,7019.093298,122.0,,100.0,584.9609375,,0
1782298658.266020,7019.193304,122.0,,100.0,584.9609375,,0
1782298658.366015,7019.293298,122.0,,100.0,584.9609375,,0
1782298658.466018,7019.393301,122.0,,100.0,584.9609375,,0
1782298658.565930,7019.493213,122.0,,100.0,584.9609375,,0
1782298658.666015,7019.593299,122.0,,100.0,584.9609375,,0
1782298658.766019,7019.693303,122.0,,100.0,584.9609375,,0
1782298658.866018,7019.793301,122.0,,100.0,584.9609375,,0
1782298658.966019,7019.893303,123.0,,100.0,584.9609375,,0
1782298659.066024,7019.993308,122.0,,100.0,584.9609375,,0
1782298659.166019,7020.093303,122.0,,100.0,584.9609375,,0
1782298659.266027,7020.193311,124.0,,99.0,584.9609375,,0
1782298659.366017,7020.293300,122.0,,100.0,584.9609375,,0
1782298659.466012,7020.393295,123.0,,99.0,584.9609375,,0
1782298659.565933,7020.493216,122.0,,100.0,584.9609375,,0
1782298659.666029,7020.593314,122.0,,100.0,584.9609375,,0
1782298659.766020,7020.693303,122.0,,100.0,584.9609375,,0
1782298659.866022,7020.793305,122.0,,100.0,584.9609375,,0
1782298659.966018,7020.893301,122.0,,100.0,584.9609375,,0
1782298660.066013,7020.993297,122.0,,100.0,584.9609375,,0
1782298660.166015,7021.093300,122.0,,100.0,584.9609375,,0
1782298660.266016,7021.193300,122.0,,100.0,584.9609375,,0
1782298660.366015,7021.293298,122.0,,100.0,584.9609375,,0
1782298660.466020,7021.393303,123.0,,100.0,584.9609375,,0
1782298660.565930,7021.493214,123.0,,100.0,584.9609375,,0
1782298660.666015,7021.593299,122.0,,100.0,584.9609375,,0
1782298660.766014,7021.693298,122.0,,100.0,584.9609375,,0
1782298660.866022,7021.793306,122.0,,100.0,584.9609375,,0
1782298660.966009,7021.893292,122.0,,100.0,584.9609375,,0
1782298661.066016,7021.993299,122.0,,100.0,584.9609375,,0
1782298661.166031,7022.093316,122.0,,100.0,584.9609375,,0
1782298661.266015,7022.193298,122.0,,100.0,584.9609375,,0
1782298661.366020,7022.293304,122.0,,100.0,584.9609375,,0
1782298661.466010,7022.393294,122.0,,100.0,584.9609375,,0
1782298661.565930,7022.493213,121.0,,100.0,584.9609375,,0
1782298661.666019,7022.593302,122.0,,100.0,584.9609375,,0
1782298661.766019,7022.693302,122.0,,100.0,584.9609375,,0
1782298661.866015,7022.793299,123.0,,100.0,584.9609375,,0
1782298661.965933,7022.893216,124.0,,99.0,584.9609375,,0
1782298662.066022,7022.993306,122.0,,100.0,584.9609375,,0
1782298662.166011,7023.093296,122.0,,100.0,584.9609375,,0
1782298662.266019,7023.193303,121.0,,100.0,584.9609375,,0
1782298662.366013,7023.293296,119.0,,99.0,584.9609375,,0
1782298662.466020,7023.393304,122.0,,100.0,584.9609375,,0
1782298662.565945,7023.493230,122.0,,100.0,584.9609375,,0
1782298662.666016,7023.593299,121.0,,100.0,584.9609375,,0
1782298662.766018,7023.693301,120.0,,100.0,584.9609375,,0
1782298662.866011,7023.793295,121.0,,100.0,584.9609375,,0
1782298662.966011,7023.893295,118.0,,99.0,584.9609375,,0
1782298663.066017,7023.993302,123.0,,100.0,584.9609375,,0
1782298663.166017,7024.093301,121.0,,100.0,584.9609375,,0
1782298663.266016,7024.193301,122.0,,100.0,584.9609375,,0
1782298663.366015,7024.293298,121.0,,100.0,584.9609375,,0
1782298663.466020,7024.393303,121.0,,100.0,584.9609375,,0
1782298663.565930,7024.493213,121.0,,100.0,584.9609375,,0
1782298663.666020,7024.593305,124.0,,100.0,584.9609375,,0
1782298663.766017,7024.693301,122.0,,100.0,584.9609375,,0
1782298663.866019,7024.793304,123.0,,99.0,584.9609375,,0
1782298663.966015,7024.893298,122.0,,100.0,584.9609375,,0
1782298664.066016,7024.993300,122.0,,100.0,584.9609375,,0
1782298664.166015,7025.093300,122.0,,100.0,584.9609375,,0
1782298664.266036,7025.193320,122.0,,100.0,584.9609375,,0
1782298664.366018,7025.293302,122.0,,100.0,584.9609375,,0
1782298664.466017,7025.393300,122.0,,100.0,584.9609375,,0
1782298664.565930,7025.493214,122.0,,100.0,584.9609375,,0
1782298664.665931,7025.593214,122.0,,100.0,584.9609375,,0
1782298664.766014,7025.693298,122.0,,100.0,584.9609375,,0
1782298664.866023,7025.793306,122.0,,100.0,584.9609375,,0
1782298664.966008,7025.893292,122.0,,100.0,584.9609375,,0
1782298665.066023,7025.993306,122.0,,100.0,584.9609375,,0
1782298665.166040,7026.093325,122.0,,100.0,584.9609375,,0
1782298665.266015,7026.193298,123.0,,100.0,584.9609375,,0
1782298665.366019,7026.293305,122.0,,100.0,584.9609375,,0
1782298665.466020,7026.393303,122.0,,100.0,584.9609375,,0
1782298665.565933,7026.493216,122.0,,100.0,584.9609375,,0
1782298665.666016,7026.593299,122.0,,100.0,584.9609375,,0
1782298665.766022,7026.693305,122.0,,100.0,584.9609375,,0
1782298665.866021,7026.793306,121.0,,100.0,584.9609375,,0
1782298665.966019,7026.893302,122.0,,100.0,584.9609375,,0
1782298666.066041,7026.993325,121.0,,100.0,584.9609375,,0
1782298666.166022,7027.093306,122.0,,100.0,584.9609375,,0
1782298666.266020,7027.193304,122.0,,100.0,584.9609375,,0
1782298666.366019,7027.293302,122.0,,100.0,584.9609375,,0
1782298666.466036,7027.393319,122.0,,100.0,584.9609375,,0
1782298666.565930,7027.493213,122.0,,100.0,584.9609375,,0
1782298666.666014,7027.593297,122.0,,100.0,584.9609375,,0
1782298666.766015,7027.693298,122.0,,100.0,584.9609375,,0
1782298666.866013,7027.793296,122.0,,100.0,584.9609375,,0
1782298666.965950,7027.893233,122.0,,100.0,584.9609375,,0
1782298667.066019,7027.993304,122.0,,100.0,584.9609375,,0
1782298667.166015,7028.093299,122.0,,100.0,584.9609375,,0
1782298667.266014,7028.193298,121.0,,100.0,584.9609375,,0
1782298667.365930,7028.293214,122.0,,100.0,584.9609375,,0
1782298667.466017,7028.393301,121.0,,100.0,584.9609375,,0
1782298667.566015,7028.493300,122.0,,100.0,584.9609375,,0
1782298667.666014,7028.593298,122.0,,100.0,584.9609375,,0
1782298667.766015,7028.693298,122.0,,100.0,584.9609375,,0
1782298667.866018,7028.793301,122.0,,100.0,584.9609375,,0
1782298667.966019,7028.893303,122.0,,100.0,584.9609375,,0
1782298668.066018,7028.993303,122.0,,100.0,584.9609375,,0
1782298668.166014,7029.093298,122.0,,100.0,584.9609375,,0
1782298668.266017,7029.193302,122.0,,100.0,584.9609375,,0
1782298668.366014,7029.293298,121.0,,100.0,584.9609375,,0
1782298668.466014,7029.393299,122.0,,100.0,584.9609375,,0
1782298668.565930,7029.493213,122.0,,100.0,584.9609375,,0
1782298668.666018,7029.593303,122.0,,100.0,584.9609375,,0
1782298668.766016,7029.693299,122.0,,100.0,584.9609375,,0
1782298668.866019,7029.793303,95.0,,69.0,584.9609375,,0
1782298668.966019,7029.893304,29.0,,4.0,584.9609375,,0
1782298669.066019,7029.993303,16.0,,3.0,584.9609375,,0
1782298669.166030,7030.093315,17.0,,3.0,584.9609375,,0
1782298669.266018,7030.193302,20.0,,3.0,584.9609375,,0
1782298669.366022,7030.293305,15.0,,3.0,584.9609375,,0
1782298669.466016,7030.393299,15.0,,3.0,584.9609375,,0
1782298669.566016,7030.493300,17.0,,3.0,584.9609375,,0
1782298669.666021,7030.593304,16.0,,3.0,584.9609375,,0
1782298669.766017,7030.693301,16.0,,3.0,584.9609375,,0
1782298669.866019,7030.793303,15.0,,3.0,584.9609375,,0
1782298669.966018,7030.893302,17.0,,3.0,584.9609375,,0
1782298670.066021,7030.993305,16.0,,3.0,584.9609375,,0
1782298670.166017,7031.093300,15.0,,3.0,584.9609375,,0
1782298670.266020,7031.193304,17.0,,3.0,584.9609375,,0
1782298670.366020,7031.293304,16.0,,3.0,584.9609375,,0
1782298670.466022,7031.393307,16.0,,4.0,584.9609375,,0
1782298670.566022,7031.493306,17.0,,2.0,584.9609375,,0
1782298670.666024,7031.593309,15.0,,3.0,584.9609375,,0
1782298670.765933,7031.693217,15.0,,3.0,584.9609375,,0
1782298670.866016,7031.793299,16.0,,3.0,584.9609375,,0
1782298670.966018,7031.893301,15.0,,3.0,584.9609375,,0
1782298671.066022,7031.993305,16.0,,3.0,584.9609375,,0
1782298671.166020,7032.093305,16.0,,3.0,584.9609375,,0
1782298671.266020,7032.193305,15.0,,3.0,584.9609375,,0
1782298671.366017,7032.293301,16.0,,4.0,584.9609375,,0
1782298671.466020,7032.393303,17.0,,3.0,584.9609375,,0
1782298671.566033,7032.493318,17.0,,3.0,584.9609375,,0
1782298671.666018,7032.593301,16.0,,2.0,584.9609375,,0
1782298671.766018,7032.693301,17.0,,3.0,584.9609375,,0
1782298671.866024,7032.793307,17.0,,3.0,584.9609375,,0
1782298671.966020,7032.893303,17.0,,3.0,584.9609375,,0
1782298672.066019,7032.993302,17.0,,3.0,584.9609375,,0
1782298672.166018,7033.093301,16.0,,3.0,584.9609375,,0
1782298672.266016,7033.193300,16.0,,2.0,584.9609375,,0
1782298672.366027,7033.293310,16.0,,3.0,584.9609375,,0
1782298672.466017,7033.393300,16.0,,2.0,584.9609375,,0
1782298672.566045,7033.493330,16.0,,3.0,584.9609375,,0
1782298672.666021,7033.593305,16.0,,3.0,584.9609375,,0
1782298672.766018,7033.693302,17.0,,3.0,584.9609375,,0
1782298672.866026,7033.793309,17.0,,3.0,584.9609375,,0
1782298672.966021,7033.893306,15.0,,3.0,584.9609375,,0
1782298673.066021,7033.993304,17.0,,3.0,584.9609375,,0
1782298673.166019,7034.093303,17.0,,3.0,584.9609375,,0
1782298673.266019,7034.193302,17.0,,3.0,584.9609375,,0
1782298673.366023,7034.293306,17.0,,3.0,584.9609375,,0
1782298673.466021,7034.393305,17.0,,2.0,584.9609375,,0
1782298673.566019,7034.493303,17.0,,3.0,584.9609375,,0
1782298673.666018,7034.593304,16.0,,3.0,584.9609375,,0
1782298673.766022,7034.693305,16.0,,2.0,584.9609375,,0
1782298673.866013,7034.793298,34.0,,34.0,584.9609375,,0
1782298673.966022,7034.893306,93.0,,100.0,584.9609375,,0
1782298674.066021,7034.993305,94.0,,100.0,584.9609375,,0
1782298674.166018,7035.093303,95.0,,100.0,584.9609375,,0
1782298674.266019,7035.193303,94.0,,100.0,584.9609375,,0
1782298674.366017,7035.293300,96.0,,100.0,584.9609375,,0
1782298674.466018,7035.393303,97.0,,100.0,584.9609375,,0
1782298674.565930,7035.493213,99.0,,100.0,584.9609375,,0
1782298674.666020,7035.593304,99.0,,100.0,584.9609375,,0
1782298674.766019,7035.693302,100.0,,100.0,584.9609375,,0
1782298674.866010,7035.793295,102.0,,100.0,584.9609375,,0
1782298674.966007,7035.893291,102.0,,100.0,584.9609375,,0
1782298675.066015,7035.993300,104.0,,100.0,584.9609375,,0
1782298675.166016,7036.093300,105.0,,100.0,584.9609375,,0
1782298675.266016,7036.193299,106.0,,100.0,584.9609375,,0
1782298675.366016,7036.293301,108.0,,100.0,584.9609375,,0
1782298675.466014,7036.393297,108.0,,100.0,584.9609375,,0
1782298675.565931,7036.493214,109.0,,100.0,584.9609375,,0
1782298675.666017,7036.593302,111.0,,100.0,584.9609375,,0
1782298675.766016,7036.693299,113.0,,100.0,584.9609375,,0
1782298675.866014,7036.793299,114.0,,100.0,584.9609375,,0
1782298675.966014,7036.893298,115.0,,100.0,584.9609375,,0
1782298676.066015,7036.993299,117.0,,100.0,584.9609375,,0
1782298676.166018,7037.093301,119.0,,100.0,584.9609375,,0
1782298676.266016,7037.193300,119.0,,100.0,584.9609375,,0
1782298676.366020,7037.293303,119.0,,100.0,584.9609375,,0
1782298676.466025,7037.393310,119.0,,100.0,584.9609375,,0
1782298676.565932,7037.493215,119.0,,100.0,584.9609375,,0
1782298676.666010,7037.593293,119.0,,100.0,584.9609375,,0
1782298676.766019,7037.693302,119.0,,100.0,584.9609375,,0
1782298676.866021,7037.793304,119.0,,100.0,584.9609375,,0
1782298676.966014,7037.893299,119.0,,100.0,584.9609375,,0
1782298677.066015,7037.993299,121.0,,100.0,584.9609375,,0
1782298677.166021,7038.093304,121.0,,100.0,584.9609375,,0
1782298677.266015,7038.193299,121.0,,100.0,584.9609375,,0
1782298677.366017,7038.293300,121.0,,100.0,584.9609375,,0
1782298677.466014,7038.393299,121.0,,100.0,584.9609375,,0
1782298677.566022,7038.493305,121.0,,100.0,584.9609375,,0
1782298677.666022,7038.593305,121.0,,100.0,584.9609375,,0
1782298677.766019,7038.693302,121.0,,100.0,584.9609375,,0
1782298677.866020,7038.793303,121.0,,100.0,584.9609375,,0
1782298677.965932,7038.893216,120.0,,100.0,584.9609375,,0
1782298678.066018,7038.993302,121.0,,100.0,584.9609375,,0
1782298678.166011,7039.093294,121.0,,100.0,584.9609375,,0
1782298678.266019,7039.193302,120.0,,99.0,584.9609375,,0
1782298678.366019,7039.293302,122.0,,100.0,584.9609375,,0
1782298678.466022,7039.393305,122.0,,100.0,584.9609375,,0
1782298678.566020,7039.493303,121.0,,100.0,584.9609375,,0
1782298678.666025,7039.593308,122.0,,100.0,584.9609375,,0
1782298678.766019,7039.693302,121.0,,100.0,584.9609375,,0
1782298678.866015,7039.793300,120.0,,100.0,584.9609375,,0
1782298678.966019,7039.893302,122.0,,100.0,584.9609375,,0
1782298679.066016,7039.993299,122.0,,99.0,584.9609375,,0
1782298679.166014,7040.093297,123.0,,100.0,584.9609375,,0
1782298679.266033,7040.193318,124.0,,99.0,584.9609375,,0
1782298679.366017,7040.293301,124.0,,100.0,584.9609375,,0
1782298679.466019,7040.393303,122.0,,100.0,584.9609375,,0
1782298679.566020,7040.493304,122.0,,100.0,584.9609375,,0
1782298679.666034,7040.593318,122.0,,100.0,584.9609375,,0
1782298679.766015,7040.693299,122.0,,100.0,584.9609375,,0
1782298679.866018,7040.793301,121.0,,99.0,584.9609375,,0
1782298679.966018,7040.893303,124.0,,99.0,584.9609375,,0
1782298680.066025,7040.993308,122.0,,100.0,584.9609375,,0
1782298680.166015,7041.093299,119.0,,100.0,584.9609375,,0
1782298680.266019,7041.193303,118.0,,100.0,584.9609375,,0
1782298680.366022,7041.293307,118.0,,100.0,584.9609375,,0
1782298680.466022,7041.393307,118.0,,100.0,584.9609375,,0
1782298680.566018,7041.493301,118.0,,100.0,584.9609375,,0
1782298680.665931,7041.593214,118.0,,100.0,584.9609375,,0
1782298680.766011,7041.693294,118.0,,100.0,584.9609375,,0
1782298680.866021,7041.793306,118.0,,100.0,584.9609375,,0
1782298680.966036,7041.893320,118.0,,100.0,584.9609375,,0
1782298681.066018,7041.993302,120.0,,100.0,584.9609375,,0
1782298681.166021,7042.093305,122.0,,100.0,584.9609375,,0
1782298681.266048,7042.193333,122.0,,100.0,584.9609375,,0
1782298681.366019,7042.293304,122.0,,100.0,584.9609375,,0
1782298681.466019,7042.393302,122.0,,100.0,584.9609375,,0
1782298681.566021,7042.493304,122.0,,100.0,584.9609375,,0
1782298681.666015,7042.593299,122.0,,100.0,584.9609375,,0
1782298681.766025,7042.693309,122.0,,100.0,584.9609375,,0
1782298681.866017,7042.793301,122.0,,100.0,584.9609375,,0
1782298681.966016,7042.893300,122.0,,100.0,584.9609375,,0
1782298682.066016,7042.993299,123.0,,100.0,584.9609375,,0
1782298682.166020,7043.093303,123.0,,100.0,584.9609375,,0
1782298682.266014,7043.193297,122.0,,100.0,584.9609375,,0
1782298682.366015,7043.293298,122.0,,100.0,584.9609375,,0
1782298682.466017,7043.393300,122.0,,100.0,584.9609375,,0
1782298682.566015,7043.493298,123.0,,100.0,584.9609375,,0
1782298682.666014,7043.593298,122.0,,100.0,584.9609375,,0
1782298682.766016,7043.693300,123.0,,100.0,584.9609375,,0
1782298682.866014,7043.793298,123.0,,100.0,584.9609375,,0
1782298682.966009,7043.893293,123.0,,100.0,584.9609375,,0
1782298683.066020,7043.993303,123.0,,100.0,584.9609375,,0
1782298683.166016,7044.093299,122.0,,100.0,584.9609375,,0
1782298683.266016,7044.193300,123.0,,100.0,584.9609375,,0
1782298683.366019,7044.293303,122.0,,100.0,584.9609375,,0
1782298683.466016,7044.393299,123.0,,100.0,584.9609375,,0
1782298683.566019,7044.493304,123.0,,100.0,584.9609375,,0
1782298683.666015,7044.593298,123.0,,100.0,584.9609375,,0
1782298683.766014,7044.693297,123.0,,100.0,584.9609375,,0
1782298683.866017,7044.793300,122.0,,100.0,584.9609375,,0
1782298683.966016,7044.893299,123.0,,100.0,584.9609375,,0
1782298684.066018,7044.993301,122.0,,100.0,584.9609375,,0
1782298684.166018,7045.093301,123.0,,100.0,584.9609375,,0
1782298684.266017,7045.193301,123.0,,100.0,584.9609375,,0
1782298684.366018,7045.293301,123.0,,100.0,584.9609375,,0
1782298684.466021,7045.393304,123.0,,100.0,584.9609375,,0
1782298684.566040,7045.493324,123.0,,100.0,584.9609375,,0
1782298684.666016,7045.593300,123.0,,100.0,584.9609375,,0
1782298684.766015,7045.693298,123.0,,100.0,584.9609375,,0
1782298684.866018,7045.793301,123.0,,100.0,584.9609375,,0
1782298684.966013,7045.893296,123.0,,100.0,584.9609375,,0
1782298685.066015,7045.993298,123.0,,100.0,584.9609375,,0
1782298685.166017,7046.093302,123.0,,100.0,584.9609375,,0
1782298685.266019,7046.193302,123.0,,100.0,584.9609375,,0
1782298685.366012,7046.293297,123.0,,100.0,584.9609375,,0
1782298685.466017,7046.393300,123.0,,100.0,584.9609375,,0
1782298685.566015,7046.493298,123.0,,100.0,584.9609375,,0
1782298685.666014,7046.593299,123.0,,100.0,584.9609375,,0
1782298685.766017,7046.693300,123.0,,100.0,584.9609375,,0
1782298685.866016,7046.793299,123.0,,100.0,584.9609375,,0
1782298685.966013,7046.893297,123.0,,100.0,584.9609375,,0
1782298686.066018,7046.993303,123.0,,100.0,584.9609375,,0
1782298686.166016,7047.093299,123.0,,100.0,584.9609375,,0
1782298686.266019,7047.193302,123.0,,100.0,584.9609375,,0
1782298686.366017,7047.293301,123.0,,100.0,584.9609375,,0
1782298686.466015,7047.393299,123.0,,100.0,584.9609375,,0
1782298686.566018,7047.493301,123.0,,100.0,584.9609375,,0
1782298686.666013,7047.593296,124.0,,100.0,584.9609375,,0
1782298686.766021,7047.693304,123.0,,100.0,584.9609375,,0
1782298686.866018,7047.793301,123.0,,100.0,584.9609375,,0
1782298686.966017,7047.893301,123.0,,100.0,584.9609375,,0
1782298687.066013,7047.993298,123.0,,100.0,584.9609375,,0
1782298687.166016,7048.093301,124.0,,100.0,584.9609375,,0
1782298687.266016,7048.193299,123.0,,100.0,584.9609375,,0
1782298687.366017,7048.293300,123.0,,100.0,584.9609375,,0
1782298687.466018,7048.393302,123.0,,100.0,584.9609375,,0
1782298687.566016,7048.493299,124.0,,100.0,584.9609375,,0
1782298687.666020,7048.593305,123.0,,100.0,584.9609375,,0
1782298687.766019,7048.693302,124.0,,100.0,584.9609375,,0
1782298687.866039,7048.793323,123.0,,100.0,584.9609375,,0
1782298687.966017,7048.893300,123.0,,100.0,584.9609375,,0
1782298688.066022,7048.993307,124.0,,100.0,584.9609375,,0
1782298688.166026,7049.093309,124.0,,100.0,584.9609375,,0
1782298688.266016,7049.193300,123.0,,100.0,584.9609375,,0
1782298688.366016,7049.293300,124.0,,100.0,584.9609375,,0
1782298688.466015,7049.393298,124.0,,100.0,584.9609375,,0
1782298688.566017,7049.493300,124.0,,100.0,584.9609375,,0
1782298688.666017,7049.593300,123.0,,100.0,584.9609375,,0
1782298688.766014,7049.693297,123.0,,100.0,584.9609375,,0
1782298688.866016,7049.793299,124.0,,100.0,584.9609375,,0
1782298688.966013,7049.893297,124.0,,100.0,584.9609375,,0
1782298689.066014,7049.993297,124.0,,100.0,584.9609375,,0
1782298689.166016,7050.093299,124.0,,100.0,584.9609375,,0
1782298689.266016,7050.193299,124.0,,100.0,584.9609375,,0
1782298689.366015,7050.293299,123.0,,100.0,584.9609375,,0
1782298689.466013,7050.393299,124.0,,100.0,584.9609375,,0
1782298689.566022,7050.493306,124.0,,100.0,584.9609375,,0
1782298689.666016,7050.593300,124.0,,100.0,584.9609375,,0
1782298689.766017,7050.693301,124.0,,100.0,584.9609375,,0
1782298689.866017,7050.793300,124.0,,100.0,584.9609375,,0
1782298689.966017,7050.893300,124.0,,100.0,584.9609375,,0
1782298690.066015,7050.993300,123.0,,100.0,584.9609375,,0
1782298690.166018,7051.093301,123.0,,100.0,584.9609375,,0
1782298690.266015,7051.193298,124.0,,100.0,584.9609375,,0
1782298690.366014,7051.293297,124.0,,100.0,584.9609375,,0
1782298690.466014,7051.393298,124.0,,100.0,584.9609375,,0
1782298690.566014,7051.493297,124.0,,100.0,584.9609375,,0
1782298690.665932,7051.593215,123.0,,100.0,584.9609375,,0
1782298690.766013,7051.693297,123.0,,100.0,584.9609375,,0
1782298690.866018,7051.793301,124.0,,100.0,584.9609375,,0
1782298690.966015,7051.893299,124.0,,100.0,584.9609375,,0
1782298691.066021,7051.993304,124.0,,100.0,584.9609375,,0
1782298691.166015,7052.093299,124.0,,100.0,584.9609375,,0
1782298691.266017,7052.193301,124.0,,100.0,584.9609375,,0
1782298691.366038,7052.293323,125.0,,100.0,584.9609375,,0
1782298691.466015,7052.393300,124.0,,100.0,584.9609375,,0
1782298691.566016,7052.493301,124.0,,100.0,584.9609375,,0
1782298691.666027,7052.593312,123.0,,100.0,584.9609375,,0
1782298691.766012,7052.693296,124.0,,100.0,584.9609375,,0
1782298691.866019,7052.793302,124.0,,100.0,584.9609375,,0
1782298691.966013,7052.893299,124.0,,100.0,584.9609375,,0
1782298692.066016,7052.993300,124.0,,100.0,584.9609375,,0
1782298692.166017,7053.093300,124.0,,100.0,584.9609375,,0
1782298692.266018,7053.193301,124.0,,100.0,584.9609375,,0
1782298692.366018,7053.293301,124.0,,100.0,584.9609375,,0
1782298692.466014,7053.393298,124.0,,100.0,584.9609375,,0
1782298692.566021,7053.493304,123.0,,100.0,584.9609375,,0
1782298692.666016,7053.593300,124.0,,100.0,584.9609375,,0
1782298692.766015,7053.693299,124.0,,100.0,584.9609375,,0
1782298692.866014,7053.793298,124.0,,100.0,584.9609375,,0
1782298692.966015,7053.893300,124.0,,100.0,584.9609375,,0
1782298693.066013,7053.993296,124.0,,100.0,584.9609375,,0
1782298693.166013,7054.093296,124.0,,100.0,584.9609375,,0
1782298693.265933,7054.193216,124.0,,100.0,584.9609375,,0
1782298693.365931,7054.293214,124.0,,100.0,584.9609375,,0
1782298693.466017,7054.393300,124.0,,100.0,584.9609375,,0
1782298693.566025,7054.493308,124.0,,100.0,584.9609375,,0
1782298693.666020,7054.593303,124.0,,100.0,584.9609375,,0
1782298693.766014,7054.693297,124.0,,100.0,584.9609375,,0
1782298693.866019,7054.793303,124.0,,100.0,584.9609375,,0
1782298693.966344,7054.893628,124.0,,100.0,584.9609375,,0
1782298694.066017,7054.993300,124.0,,100.0,584.9609375,,0
1782298694.166017,7055.093300,123.0,,100.0,584.9609375,,0
1782298694.266016,7055.193300,124.0,,100.0,584.9609375,,0
1782298694.366017,7055.293300,124.0,,100.0,584.9609375,,0
1782298694.466017,7055.393300,124.0,,100.0,584.9609375,,0
1782298694.566023,7055.493308,124.0,,100.0,584.9609375,,0
1782298694.666016,7055.593299,123.0,,100.0,584.9609375,,0
1782298694.766017,7055.693300,124.0,,99.0,584.9609375,,0
1782298694.866013,7055.793296,124.0,,100.0,584.9609375,,0
1782298694.966013,7055.893297,124.0,,99.0,584.9609375,,0
1782298695.066015,7055.993299,123.0,,100.0,584.9609375,,0
1782298695.166018,7056.093301,124.0,,100.0,584.9609375,,0
1782298695.266016,7056.193299,124.0,,100.0,584.9609375,,0
1782298695.366020,7056.293305,124.0,,99.0,584.9609375,,0
1782298695.466011,7056.393294,122.0,,100.0,584.9609375,,0
1782298695.566030,7056.493315,125.0,,99.0,584.9609375,,0
1782298695.666021,7056.593304,123.0,,99.0,584.9609375,,0
1782298695.766022,7056.693306,122.0,,100.0,584.9609375,,0
1782298695.866020,7056.793303,124.0,,100.0,584.9609375,,0
1782298695.966018,7056.893302,124.0,,100.0,584.9609375,,0
1782298696.066020,7056.993303,124.0,,100.0,584.9609375,,0
1782298696.166031,7057.093315,124.0,,100.0,584.9609375,,0
1782298696.266013,7057.193297,124.0,,100.0,584.9609375,,0
1782298696.366015,7057.293298,124.0,,100.0,584.9609375,,0
1782298696.466013,7057.393297,124.0,,100.0,584.9609375,,0
1782298696.566021,7057.493304,123.0,,100.0,584.9609375,,0
1782298696.666021,7057.593304,126.0,,100.0,584.9609375,,0
1782298696.766018,7057.693301,122.0,,99.0,584.9609375,,0
1782298696.866023,7057.793306,123.0,,100.0,584.9609375,,0
1782298696.966044,7057.893329,122.0,,100.0,584.9609375,,0
1782298697.066025,7057.993309,124.0,,100.0,584.9609375,,0
1782298697.166018,7058.093301,123.0,,100.0,584.9609375,,0
1782298697.266019,7058.193302,124.0,,100.0,584.9609375,,0
1782298697.366024,7058.293307,124.0,,100.0,584.9609375,,0
1782298697.466021,7058.393305,123.0,,100.0,584.9609375,,0
1782298697.566015,7058.493298,124.0,,100.0,584.9609375,,0
1782298697.666024,7058.593307,123.0,,100.0,584.9609375,,0
1782298697.766024,7058.693309,123.0,,100.0,584.9609375,,0
1782298697.866020,7058.793304,124.0,,100.0,584.9609375,,0
1782298697.966020,7058.893304,123.0,,100.0,584.9609375,,0
1782298698.066019,7058.993303,123.0,,100.0,584.9609375,,0
1782298698.166025,7059.093308,124.0,,100.0,584.9609375,,0
1782298698.266012,7059.193295,124.0,,100.0,584.9609375,,0
1782298698.366021,7059.293304,123.0,,100.0,584.9609375,,0
1782298698.466019,7059.393303,123.0,,100.0,584.9609375,,0
1782298698.566022,7059.493307,123.0,,100.0,584.9609375,,0
1782298698.666021,7059.593304,124.0,,100.0,584.9609375,,0
1782298698.766022,7059.693305,124.0,,100.0,584.9609375,,0
1782298698.866017,7059.793300,124.0,,100.0,584.9609375,,0
1782298698.966017,7059.893300,123.0,,100.0,584.9609375,,0
1782298699.066022,7059.993307,123.0,,100.0,584.9609375,,0
1782298699.166026,7060.093309,124.0,,100.0,584.9609375,,0
1782298699.266018,7060.193301,124.0,,100.0,584.9609375,,0
1782298699.366015,7060.293298,123.0,,100.0,584.9609375,,0
1782298699.466022,7060.393305,124.0,,100.0,584.9609375,,0
1782298699.566024,7060.493307,124.0,,100.0,584.9609375,,0
1782298699.666019,7060.593302,123.0,,100.0,584.9609375,,0
1782298699.766021,7060.693304,123.0,,100.0,584.9609375,,0
1782298699.866022,7060.793305,124.0,,100.0,584.9609375,,0
1782298699.966024,7060.893307,123.0,,100.0,584.9609375,,0
1782298700.066020,7060.993305,123.0,,100.0,584.9609375,,0
1782298700.166023,7061.093307,123.0,,100.0,584.9609375,,0
1782298700.266019,7061.193302,124.0,,100.0,584.9609375,,0
1782298700.366023,7061.293309,124.0,,100.0,584.9609375,,0
1782298700.466021,7061.393306,123.0,,100.0,584.9609375,,0
1782298700.566035,7061.493320,123.0,,100.0,584.9609375,,0
1782298700.666018,7061.593302,123.0,,100.0,584.9609375,,0
1782298700.766020,7061.693303,123.0,,100.0,584.9609375,,0
1782298700.866024,7061.793307,123.0,,100.0,584.9609375,,0
1782298700.966018,7061.893302,123.0,,100.0,584.9609375,,0
1782298701.066024,7061.993307,123.0,,100.0,584.9609375,,0
1782298701.166020,7062.093305,123.0,,100.0,584.9609375,,0
1782298701.266023,7062.193306,123.0,,100.0,584.9609375,,0
1782298701.366018,7062.293301,124.0,,100.0,584.9609375,,0
1782298701.466022,7062.393305,124.0,,100.0,584.9609375,,0
1782298701.566018,7062.493301,124.0,,100.0,584.9609375,,0
1782298701.666014,7062.593297,124.0,,100.0,584.9609375,,0
1782298701.766021,7062.693304,123.0,,100.0,584.9609375,,0
1782298701.866022,7062.793306,123.0,,100.0,584.9609375,,0
1782298701.966019,7062.893303,123.0,,100.0,584.9609375,,0
1782298702.066029,7062.993312,123.0,,100.0,584.9609375,,0
1782298702.166017,7063.093301,123.0,,100.0,584.9609375,,0
1782298702.266026,7063.193310,123.0,,100.0,584.9609375,,0
1782298702.366045,7063.293330,123.0,,100.0,584.9609375,,0
1782298702.466017,7063.393301,123.0,,100.0,584.9609375,,0
1782298702.566018,7063.493303,123.0,,100.0,584.9609375,,0
1782298702.666014,7063.593299,123.0,,100.0,584.9609375,,0
1782298702.766023,7063.693306,123.0,,100.0,584.9609375,,0
1782298702.866013,7063.793296,123.0,,100.0,584.9609375,,0
1782298702.966013,7063.893297,123.0,,100.0,584.9609375,,0
1782298703.066016,7063.993300,124.0,,100.0,584.9609375,,0
1782298703.166018,7064.093302,123.0,,100.0,584.9609375,,0
1782298703.266016,7064.193302,123.0,,100.0,584.9609375,,0
1782298703.366015,7064.293298,123.0,,100.0,584.9609375,,0
1782298703.466013,7064.393297,123.0,,100.0,584.9609375,,0
1782298703.566034,7064.493317,123.0,,100.0,584.9609375,,0
1782298703.666019,7064.593302,123.0,,100.0,584.9609375,,0
1782298703.766016,7064.693300,123.0,,100.0,584.9609375,,0
1782298703.866019,7064.793302,123.0,,100.0,584.9609375,,0
1782298703.966017,7064.893302,123.0,,100.0,584.9609375,,0
1782298704.066018,7064.993301,123.0,,100.0,584.9609375,,0
1782298704.166020,7065.093305,123.0,,100.0,584.9609375,,0
1782298704.265952,7065.193236,123.0,,100.0,584.9609375,,0
1782298704.366019,7065.293302,123.0,,100.0,584.9609375,,0
1782298704.466023,7065.393308,123.0,,100.0,584.9609375,,0
1782298704.566018,7065.493302,124.0,,100.0,584.9609375,,0
1782298704.666020,7065.593303,124.0,,100.0,584.9609375,,0
1782298704.766012,7065.693296,124.0,,100.0,584.9609375,,0
1782298704.866019,7065.793304,124.0,,100.0,584.9609375,,0
1782298704.966016,7065.893300,124.0,,100.0,584.9609375,,0
1782298705.066014,7065.993297,123.0,,100.0,584.9609375,,0
1782298705.166017,7066.093301,123.0,,100.0,584.9609375,,0
1782298705.266020,7066.193305,123.0,,100.0,584.9609375,,0
1782298705.366018,7066.293301,123.0,,100.0,584.9609375,,0
1782298705.466018,7066.393301,123.0,,100.0,584.9609375,,0
1782298705.566020,7066.493305,123.0,,100.0,584.9609375,,0
1782298705.666016,7066.593299,123.0,,100.0,584.9609375,,0
1782298705.766018,7066.693301,123.0,,100.0,584.9609375,,0
1782298705.866019,7066.793303,123.0,,100.0,584.9609375,,0
1782298705.966018,7066.893303,123.0,,100.0,584.9609375,,0
1782298706.066020,7066.993303,124.0,,100.0,584.9609375,,0
1782298706.166020,7067.093304,123.0,,100.0,584.9609375,,0
1782298706.266016,7067.193300,123.0,,100.0,584.9609375,,0
1782298706.366020,7067.293304,124.0,,100.0,584.9609375,,0
1782298706.466031,7067.393315,123.0,,100.0,584.9609375,,0
1782298706.566020,7067.493305,123.0,,100.0,584.9609375,,0
1782298706.666029,7067.593314,124.0,,100.0,584.9609375,,0
1782298706.766014,7067.693298,123.0,,100.0,584.9609375,,0
1782298706.866017,7067.793301,124.0,,100.0,584.9609375,,0
1782298706.966019,7067.893304,123.0,,100.0,584.9609375,,0
1782298707.066017,7067.993300,123.0,,100.0,584.9609375,,0
1782298707.166018,7068.093304,123.0,,100.0,584.9609375,,0
1782298707.266020,7068.193303,123.0,,100.0,584.9609375,,0
1782298707.366020,7068.293303,123.0,,100.0,584.9609375,,0
1782298707.466019,7068.393304,123.0,,100.0,584.9609375,,0
1782298707.566021,7068.493305,124.0,,100.0,584.9609375,,0
1782298707.666021,7068.593304,123.0,,100.0,584.9609375,,0
1782298707.766021,7068.693304,124.0,,100.0,584.9609375,,0
1782298707.866018,7068.793302,124.0,,100.0,584.9609375,,0
1782298707.966017,7068.893300,123.0,,100.0,584.9609375,,0
1782298708.066022,7068.993305,123.0,,100.0,584.9609375,,0
1782298708.166021,7069.093305,124.0,,100.0,584.9609375,,0
1782298708.266018,7069.193301,123.0,,100.0,584.9609375,,0
1782298708.366018,7069.293301,123.0,,100.0,584.9609375,,0
1782298708.466016,7069.393299,124.0,,100.0,584.9609375,,0
1782298708.566018,7069.493302,123.0,,100.0,584.9609375,,0
1782298708.666013,7069.593296,124.0,,100.0,584.9609375,,0
1782298708.766016,7069.693299,123.0,,100.0,584.9609375,,0
1782298708.865941,7069.793225,35.0,,3.0,584.9140625,,0
1782298708.966028,7069.893313,36.0,,2.0,584.9140625,,0
1782298709.066033,7069.993318,31.0,,4.0,584.9140625,,0
1782298709.166023,7070.093308,31.0,,3.0,354.71484375,,0
1782298709.266025,7070.193310,30.0,,2.0,354.71484375,,0
1782298709.366026,7070.293311,24.0,,,354.71484375,,0
1782298709.466026,7070.393310,22.0,,,354.71484375,,0
1782298709.566030,7070.493315,24.0,,,354.71484375,,0
