sample_epoch,mono_s,power_w,energy_uj,gfx_busy_pct,vram_used_mb,sclk_mhz,device_id
1782301460.135704,9821.062987,16.0,,,354.71484375,,0
1782301460.235853,9821.163138,31.0,,3.0,354.71484375,,0
1782301460.335858,9821.263143,27.0,,,354.71484375,,0
1782301460.435852,9821.363136,17.0,,,354.71484375,,0
1782301460.535853,9821.463138,16.0,,,354.71484375,,0
1782301460.638726,9821.566010,18.0,,,354.71484375,,0
1782301460.735731,9821.663016,16.0,,,354.71484375,,0
1782301460.835846,9821.763130,22.0,,3.0,354.71484375,,0
1782301460.935855,9821.863139,15.0,,,354.71484375,,0
1782301461.035855,9821.963139,13.0,,,354.71484375,,0
1782301461.135859,9822.063143,17.0,,,354.71484375,,0
1782301461.235854,9822.163138,13.0,,,354.71484375,,0
1782301461.335853,9822.263137,17.0,,,354.71484375,,0
1782301461.435864,9822.363150,23.0,,3.0,354.71484375,,0
1782301461.535852,9822.463136,17.0,,,354.71484375,,0
1782301461.635866,9822.563150,17.0,,,354.71484375,,0
1782301461.735860,9822.663144,15.0,,,354.71484375,,0
1782301461.835852,9822.763136,15.0,,,354.71484375,,0
1782301461.935855,9822.863139,15.0,,,354.71484375,,0
1782301462.035862,9822.963148,15.0,,,354.71484375,,0
1782301462.135856,9823.063140,16.0,,,354.71484375,,0
1782301462.235858,9823.163142,14.0,,,354.71484375,,0
1782301462.335858,9823.263142,15.0,,,354.71484375,,0
1782301462.435862,9823.363146,16.0,,,354.71484375,,0
1782301462.535859,9823.463143,15.0,,,354.71484375,,0
1782301462.635859,9823.563144,19.0,,3.0,354.71484375,,0
1782301462.735854,9823.663138,16.0,,,354.71484375,,0
1782301462.835854,9823.763139,15.0,,,354.71484375,,0
1782301462.935822,9823.863107,15.0,,,354.71484375,,0
1782301463.035856,9823.963140,15.0,,,354.71484375,,0
1782301463.135858,9824.063142,15.0,,,354.71484375,,0
1782301463.235857,9824.163143,21.0,,3.0,354.71484375,,0
1782301463.335854,9824.263138,18.0,,,354.71484375,,0
1782301463.435853,9824.363138,15.0,,,354.71484375,,0
1782301463.535859,9824.463143,20.0,,,354.71484375,,0
1782301463.635854,9824.563138,14.0,,,354.71484375,,0
1782301463.735851,9824.663135,16.0,,,354.71484375,,0
1782301463.835855,9824.763141,22.0,,,354.71484375,,0
1782301463.935862,9824.863151,15.0,,,354.71484375,,0
1782301464.035863,9824.963147,14.0,,,354.71484375,,0
1782301464.135868,9825.063152,15.0,,,354.71484375,,0
1782301464.235855,9825.163139,15.0,,,354.71484375,,0
1782301464.335855,9825.263139,16.0,,,354.71484375,,0
1782301464.435820,9825.363105,15.0,,,354.71484375,,0
1782301464.535861,9825.463145,20.0,,2.0,354.71484375,,0
1782301464.635851,9825.563135,17.0,,,354.71484375,,0
1782301464.735856,9825.663139,16.0,,,354.71484375,,0
1782301464.835855,9825.763138,15.0,,,354.71484375,,0
1782301464.935864,9825.863148,16.0,,,354.71484375,,0
1782301465.035852,9825.963136,14.0,,,354.71484375,,0
1782301465.135809,9826.063093,15.0,,1.0,354.71484375,,0
1782301465.235851,9826.163135,17.0,,3.0,354.76171875,,0
1782301465.335848,9826.263132,14.0,,,354.76171875,,0
1782301465.435775,9826.363061,14.0,,,354.76171875,,0
1782301465.535749,9826.463033,15.0,,,354.76171875,,0
1782301465.635738,9826.563022,16.0,,,354.76171875,,0
1782301465.735749,9826.663033,15.0,,,354.76171875,,0
1782301465.835743,9826.763027,16.0,,,354.76171875,,0
1782301465.935781,9826.863066,19.0,,,354.76171875,,0
1782301466.035782,9826.963067,15.0,,,354.76171875,,0
1782301466.135738,9827.063022,16.0,,,354.76171875,,0
1782301466.235783,9827.163068,18.0,,,354.76171875,,0
1782301466.335766,9827.263051,15.0,,,354.76171875,,0
1782301466.435776,9827.363061,13.0,,,354.76171875,,0
1782301466.535775,9827.463060,15.0,,,354.76171875,,0
1782301466.635775,9827.563059,14.0,,,354.76171875,,0
1782301466.735865,9827.663149,18.0,,3.0,555.50390625,,0
1782301466.835783,9827.763068,42.0,,26.0,594.96875,,0
1782301466.935763,9827.863047,61.0,,36.0,584.94921875,,0
1782301467.035777,9827.963062,36.0,,3.0,584.96875,,0
1782301467.135858,9828.063143,48.0,,29.0,588.96484375,,0
1782301467.235854,9828.163137,43.0,,32.0,590.94921875,,0
1782301467.335848,9828.263132,202.0,,94.0,603.04296875,,0
1782301467.435845,9828.363129,254.0,,100.0,603.04296875,,0
1782301467.535856,9828.463140,302.0,,100.0,603.04296875,,0
1782301467.635844,9828.563128,312.0,,100.0,603.04296875,,0
1782301467.735750,9828.663035,305.0,,100.0,603.04296875,,0
1782301467.835859,9828.763142,299.0,,100.0,603.04296875,,0
1782301467.935842,9828.863126,299.0,,100.0,603.04296875,,0
1782301468.035786,9828.963070,299.0,,100.0,603.04296875,,0
1782301468.135777,9829.063061,299.0,,100.0,603.04296875,,0
1782301468.235846,9829.163129,300.0,,100.0,603.04296875,,0
1782301468.335814,9829.263099,300.0,,100.0,603.04296875,,0
1782301468.435842,9829.363126,300.0,,100.0,603.04296875,,0
1782301468.535843,9829.463127,299.0,,100.0,603.04296875,,0
1782301468.635839,9829.563122,300.0,,100.0,603.04296875,,0
1782301468.735806,9829.663089,300.0,,100.0,603.04296875,,0
1782301468.835840,9829.763123,300.0,,100.0,603.04296875,,0
1782301468.935839,9829.863124,299.0,,100.0,603.04296875,,0
1782301469.035837,9829.963120,300.0,,100.0,603.04296875,,0
1782301469.135843,9830.063126,300.0,,100.0,603.04296875,,0
1782301469.235844,9830.163127,299.0,,100.0,603.04296875,,0
1782301469.335856,9830.263139,299.0,,100.0,603.04296875,,0
1782301469.435845,9830.363128,300.0,,100.0,603.04296875,,0
1782301469.535843,9830.463126,299.0,,100.0,603.04296875,,0
1782301469.635846,9830.563129,300.0,,100.0,603.04296875,,0
1782301469.735845,9830.663128,299.0,,100.0,603.04296875,,0
1782301469.835843,9830.763126,299.0,,100.0,603.04296875,,0
1782301469.935807,9830.863090,300.0,,100.0,603.04296875,,0
1782301470.035786,9830.963071,299.0,,100.0,603.04296875,,0
1782301470.135777,9831.063061,300.0,,100.0,603.04296875,,0
1782301470.235840,9831.163123,300.0,,100.0,603.04296875,,0
1782301470.335837,9831.263121,299.0,,100.0,603.04296875,,0
1782301470.435845,9831.363128,300.0,,100.0,603.04296875,,0
1782301470.535847,9831.463132,299.0,,100.0,603.04296875,,0
1782301470.635847,9831.563132,300.0,,100.0,603.04296875,,0
1782301470.735729,9831.663012,300.0,,100.0,603.04296875,,0
1782301470.835837,9831.763121,299.0,,100.0,603.04296875,,0
1782301470.935853,9831.863138,299.0,,100.0,603.04296875,,0
1782301471.035741,9831.963026,300.0,,100.0,603.04296875,,0
1782301471.135839,9832.063122,299.0,,100.0,603.04296875,,0
1782301471.235846,9832.163129,299.0,,100.0,603.04296875,,0
1782301471.335846,9832.263130,300.0,,100.0,603.04296875,,0
1782301471.435844,9832.363128,300.0,,100.0,603.04296875,,0
1782301471.535845,9832.463128,299.0,,100.0,603.04296875,,0
1782301471.635849,9832.563133,300.0,,100.0,603.04296875,,0
1782301471.735841,9832.663126,299.0,,100.0,603.04296875,,0
1782301471.835845,9832.763128,299.0,,100.0,603.04296875,,0
1782301471.935843,9832.863127,299.0,,100.0,603.04296875,,0
1782301472.035840,9832.963124,299.0,,100.0,603.04296875,,0
1782301472.135852,9833.063135,300.0,,100.0,603.04296875,,0
1782301472.235856,9833.163139,300.0,,100.0,603.04296875,,0
1782301472.335846,9833.263130,299.0,,100.0,603.04296875,,0
1782301472.435838,9833.363123,295.0,,100.0,603.04296875,,0
1782301472.535840,9833.463125,291.0,,100.0,603.04296875,,0
1782301472.635840,9833.563125,300.0,,100.0,603.04296875,,0
1782301472.735846,9833.663129,298.0,,100.0,603.04296875,,0
1782301472.835845,9833.763129,300.0,,100.0,603.04296875,,0
1782301472.935839,9833.863123,299.0,,100.0,603.04296875,,0
1782301473.035748,9833.963033,299.0,,100.0,603.04296875,,0
1782301473.135842,9834.063125,282.0,,100.0,603.04296875,,0
1782301473.235845,9834.163128,303.0,,100.0,603.04296875,,0
1782301473.335804,9834.263088,299.0,,100.0,603.04296875,,0
1782301473.435840,9834.363124,305.0,,100.0,603.04296875,,0
1782301473.535787,9834.463071,299.0,,100.0,603.04296875,,0
1782301473.635807,9834.563090,300.0,,100.0,603.04296875,,0
1782301473.735847,9834.663130,299.0,,100.0,603.04296875,,0
1782301473.835839,9834.763122,299.0,,100.0,603.04296875,,0
1782301473.935837,9834.863122,299.0,,100.0,603.04296875,,0
1782301474.035749,9834.963033,300.0,,100.0,603.04296875,,0
1782301474.135847,9835.063130,299.0,,100.0,603.04296875,,0
1782301474.235857,9835.163140,299.0,,100.0,603.04296875,,0
1782301474.335840,9835.263123,314.0,,100.0,603.04296875,,0
1782301474.435848,9835.363131,294.0,,100.0,603.04296875,,0
1782301474.535846,9835.463130,286.0,,100.0,603.04296875,,0
1782301474.635849,9835.563133,299.0,,100.0,603.04296875,,0
1782301474.735848,9835.663132,300.0,,100.0,603.04296875,,0
1782301474.835849,9835.763133,299.0,,100.0,603.04296875,,0
1782301474.935849,9835.863133,300.0,,100.0,603.04296875,,0
1782301475.035847,9835.963131,299.0,,100.0,603.04296875,,0
1782301475.135851,9836.063134,300.0,,100.0,603.04296875,,0
1782301475.235850,9836.163133,300.0,,100.0,603.04296875,,0
1782301475.335849,9836.263132,299.0,,100.0,603.04296875,,0
1782301475.435853,9836.363137,300.0,,100.0,603.04296875,,0
1782301475.535845,9836.463129,299.0,,100.0,603.04296875,,0
1782301475.635848,9836.563132,300.0,,100.0,603.04296875,,0
1782301475.735859,9836.663142,299.0,,100.0,603.04296875,,0
1782301475.835850,9836.763133,299.0,,100.0,603.04296875,,0
1782301475.935841,9836.863125,300.0,,100.0,603.04296875,,0
1782301476.035846,9836.963129,300.0,,100.0,603.04296875,,0
1782301476.135846,9837.063129,300.0,,100.0,603.04296875,,0
1782301476.235841,9837.163125,299.0,,100.0,603.04296875,,0
1782301476.335840,9837.263124,299.0,,100.0,603.04296875,,0
1782301476.435847,9837.363131,300.0,,100.0,603.04296875,,0
1782301476.535852,9837.463137,299.0,,100.0,603.04296875,,0
1782301476.635843,9837.563126,299.0,,100.0,603.04296875,,0
1782301476.735841,9837.663124,300.0,,100.0,603.04296875,,0
1782301476.835840,9837.763125,299.0,,100.0,603.04296875,,0
1782301476.935857,9837.863141,300.0,,100.0,603.04296875,,0
1782301477.035845,9837.963128,299.0,,100.0,603.04296875,,0
1782301477.135843,9838.063127,300.0,,100.0,603.04296875,,0
1782301477.235806,9838.163091,299.0,,100.0,603.04296875,,0
1782301477.335843,9838.263127,300.0,,100.0,603.04296875,,0
1782301477.435849,9838.363134,300.0,,100.0,603.04296875,,0
1782301477.535848,9838.463131,299.0,,100.0,603.04296875,,0
1782301477.635848,9838.563133,300.0,,100.0,603.04296875,,0
1782301477.735837,9838.663121,300.0,,100.0,603.04296875,,0
1782301477.835842,9838.763125,300.0,,100.0,603.04296875,,0
1782301477.935845,9838.863128,300.0,,100.0,603.04296875,,0
1782301478.035855,9838.963139,299.0,,100.0,603.04296875,,0
1782301478.135849,9839.063134,300.0,,100.0,603.04296875,,0
1782301478.235837,9839.163121,300.0,,100.0,603.04296875,,0
1782301478.335841,9839.263125,299.0,,100.0,603.04296875,,0
1782301478.435841,9839.363125,300.0,,100.0,603.04296875,,0
1782301478.535843,9839.463126,299.0,,100.0,603.04296875,,0
1782301478.635846,9839.563130,299.0,,100.0,603.04296875,,0
1782301478.735843,9839.663126,300.0,,100.0,603.04296875,,0
1782301478.835844,9839.763128,300.0,,100.0,603.04296875,,0
1782301478.935849,9839.863132,299.0,,100.0,603.04296875,,0
1782301479.035852,9839.963135,299.0,,100.0,603.04296875,,0
1782301479.135788,9840.063072,300.0,,100.0,603.04296875,,0
1782301479.235847,9840.163130,300.0,,100.0,603.04296875,,0
1782301479.335846,9840.263129,300.0,,100.0,603.04296875,,0
1782301479.435848,9840.363131,300.0,,100.0,603.04296875,,0
1782301479.535856,9840.463139,299.0,,100.0,603.04296875,,0
1782301479.635850,9840.563134,299.0,,100.0,603.04296875,,0
1782301479.735849,9840.663133,299.0,,100.0,603.04296875,,0
1782301479.835847,9840.763132,300.0,,100.0,603.04296875,,0
1782301479.935788,9840.863073,299.0,,100.0,603.04296875,,0
1782301480.035846,9840.963129,299.0,,100.0,603.04296875,,0
1782301480.135787,9841.063071,299.0,,100.0,603.04296875,,0
1782301480.235846,9841.163130,299.0,,100.0,603.04296875,,0
1782301480.335844,9841.263127,300.0,,100.0,603.04296875,,0
1782301480.435846,9841.363129,299.0,,100.0,603.04296875,,0
1782301480.535849,9841.463132,300.0,,100.0,603.04296875,,0
1782301480.635842,9841.563125,300.0,,100.0,603.04296875,,0
1782301480.735843,9841.663127,299.0,,100.0,603.04296875,,0
1782301480.835850,9841.763133,300.0,,100.0,603.04296875,,0
1782301480.935846,9841.863129,299.0,,100.0,603.04296875,,0
1782301481.035846,9841.963129,299.0,,100.0,603.04296875,,0
1782301481.135786,9842.063070,300.0,,100.0,603.04296875,,0
1782301481.235850,9842.163133,299.0,,100.0,603.04296875,,0
1782301481.335836,9842.263120,300.0,,100.0,603.04296875,,0
1782301481.435838,9842.363122,299.0,,100.0,603.04296875,,0
1782301481.535865,9842.463150,299.0,,100.0,603.04296875,,0
1782301481.635841,9842.563124,300.0,,100.0,603.04296875,,0
1782301481.735862,9842.663146,300.0,,100.0,603.04296875,,0
1782301481.835846,9842.763129,300.0,,100.0,603.04296875,,0
1782301481.935787,9842.863072,299.0,,100.0,603.04296875,,0
1782301482.035786,9842.963071,299.0,,100.0,603.04296875,,0
1782301482.135741,9843.063026,300.0,,100.0,603.04296875,,0
1782301482.235846,9843.163129,299.0,,100.0,603.04296875,,0
1782301482.335840,9843.263123,300.0,,100.0,603.04296875,,0
1782301482.435778,9843.363062,300.0,,100.0,603.04296875,,0
1782301482.535722,9843.463006,300.0,,100.0,603.04296875,,0
1782301482.635846,9843.563130,299.0,,100.0,603.04296875,,0
1782301482.735786,9843.663070,300.0,,100.0,603.04296875,,0
1782301482.835750,9843.763034,299.0,,100.0,603.04296875,,0
1782301482.935724,9843.863007,300.0,,100.0,603.04296875,,0
1782301483.035785,9843.963070,300.0,,100.0,603.04296875,,0
1782301483.135750,9844.063034,299.0,,100.0,603.04296875,,0
1782301483.235838,9844.163121,300.0,,100.0,603.04296875,,0
1782301483.335849,9844.263133,299.0,,100.0,603.04296875,,0
1782301483.435848,9844.363133,299.0,,100.0,603.04296875,,0
1782301483.535841,9844.463124,299.0,,100.0,603.04296875,,0
1782301483.635847,9844.563132,300.0,,100.0,603.04296875,,0
1782301483.735839,9844.663122,300.0,,100.0,603.04296875,,0
1782301483.835840,9844.763125,300.0,,100.0,603.04296875,,0
1782301483.935849,9844.863132,299.0,,100.0,603.04296875,,0
1782301484.035848,9844.963131,300.0,,100.0,603.04296875,,0
1782301484.135846,9845.063129,300.0,,100.0,603.04296875,,0
1782301484.235838,9845.163122,299.0,,100.0,603.04296875,,0
1782301484.335839,9845.263122,300.0,,100.0,603.04296875,,0
1782301484.435849,9845.363132,299.0,,100.0,603.04296875,,0
1782301484.535816,9845.463100,300.0,,100.0,603.04296875,,0
1782301484.635845,9845.563129,300.0,,100.0,603.04296875,,0
1782301484.735837,9845.663120,299.0,,100.0,603.04296875,,0
1782301484.835854,9845.763137,300.0,,100.0,603.04296875,,0
1782301484.935851,9845.863134,300.0,,100.0,603.04296875,,0
1782301485.035750,9845.963034,300.0,,100.0,603.04296875,,0
1782301485.135777,9846.063061,299.0,,100.0,603.04296875,,0
1782301485.235813,9846.163096,299.0,,100.0,603.04296875,,0
1782301485.335847,9846.263132,299.0,,100.0,603.04296875,,0
1782301485.435843,9846.363126,300.0,,100.0,603.04296875,,0
1782301485.535856,9846.463140,299.0,,100.0,603.04296875,,0
1782301485.635847,9846.563130,299.0,,100.0,603.04296875,,0
1782301485.735849,9846.663134,299.0,,100.0,603.04296875,,0
1782301485.835850,9846.763135,300.0,,100.0,603.04296875,,0
1782301485.935843,9846.863126,300.0,,100.0,603.04296875,,0
1782301486.035848,9846.963131,299.0,,100.0,603.04296875,,0
1782301486.135740,9847.063024,300.0,,100.0,603.04296875,,0
1782301486.235846,9847.163129,299.0,,100.0,603.04296875,,0
1782301486.335851,9847.263135,300.0,,100.0,603.04296875,,0
1782301486.435856,9847.363141,299.0,,100.0,603.04296875,,0
1782301486.535858,9847.463143,300.0,,100.0,603.04296875,,0
1782301486.635847,9847.563130,299.0,,100.0,603.04296875,,0
1782301486.735843,9847.663127,299.0,,100.0,603.04296875,,0
1782301486.835845,9847.763128,300.0,,100.0,603.04296875,,0
1782301486.935846,9847.863130,299.0,,100.0,603.04296875,,0
1782301487.035854,9847.963138,300.0,,100.0,603.04296875,,0
1782301487.135841,9848.063126,299.0,,100.0,603.04296875,,0
1782301487.235840,9848.163123,300.0,,100.0,603.04296875,,0
1782301487.335846,9848.263130,299.0,,100.0,603.04296875,,0
1782301487.435851,9848.363134,300.0,,100.0,603.04296875,,0
1782301487.535816,9848.463099,300.0,,100.0,603.04296875,,0
1782301487.635844,9848.563127,299.0,,100.0,603.04296875,,0
1782301487.735845,9848.663129,299.0,,100.0,603.04296875,,0
1782301487.835845,9848.763130,299.0,,100.0,603.04296875,,0
1782301487.935849,9848.863132,300.0,,100.0,603.04296875,,0
1782301488.035845,9848.963129,299.0,,100.0,603.04296875,,0
1782301488.135840,9849.063125,300.0,,100.0,603.04296875,,0
1782301488.235849,9849.163134,299.0,,100.0,603.04296875,,0
1782301488.335846,9849.263129,300.0,,100.0,603.04296875,,0
1782301488.435854,9849.363138,299.0,,100.0,603.04296875,,0
1782301488.535848,9849.463131,299.0,,100.0,603.04296875,,0
1782301488.635846,9849.563129,300.0,,100.0,603.04296875,,0
1782301488.735839,9849.663122,299.0,,100.0,603.04296875,,0
1782301488.835848,9849.763132,300.0,,100.0,603.04296875,,0
1782301488.935841,9849.863124,300.0,,100.0,603.04296875,,0
1782301489.035761,9849.963046,300.0,,100.0,603.04296875,,0
1782301489.135846,9850.063130,300.0,,100.0,603.04296875,,0
1782301489.235838,9850.163123,299.0,,100.0,603.04296875,,0
1782301489.335840,9850.263123,299.0,,100.0,603.04296875,,0
1782301489.435848,9850.363131,299.0,,100.0,603.04296875,,0
1782301489.535811,9850.463095,300.0,,100.0,603.04296875,,0
1782301489.635852,9850.563135,299.0,,100.0,603.04296875,,0
1782301489.735813,9850.663098,300.0,,100.0,603.04296875,,0
1782301489.835856,9850.763140,299.0,,100.0,603.04296875,,0
1782301489.935757,9850.863041,301.0,,100.0,603.04296875,,0
1782301490.035800,9850.963084,300.0,,100.0,603.04296875,,0
1782301490.135852,9851.063136,293.0,,100.0,603.04296875,,0
1782301490.235846,9851.163130,304.0,,100.0,603.04296875,,0
1782301490.335855,9851.263138,297.0,,100.0,603.04296875,,0
1782301490.435848,9851.363131,299.0,,100.0,603.04296875,,0
1782301490.535846,9851.463129,313.0,,100.0,603.04296875,,0
1782301490.635850,9851.563133,299.0,,100.0,603.04296875,,0
1782301490.735839,9851.663124,298.0,,100.0,603.04296875,,0
1782301490.835809,9851.763093,299.0,,99.0,603.04296875,,0
1782301490.935855,9851.863139,300.0,,100.0,603.04296875,,0
1782301491.035854,9851.963138,295.0,,100.0,603.04296875,,0
1782301491.135777,9852.063062,290.0,,100.0,603.04296875,,0
1782301491.235846,9852.163129,306.0,,100.0,603.04296875,,0
1782301491.335847,9852.263131,306.0,,100.0,603.04296875,,0
1782301491.435853,9852.363136,301.0,,100.0,603.04296875,,0
1782301491.535857,9852.463140,292.0,,99.0,603.04296875,,0
1782301491.635853,9852.563137,296.0,,100.0,603.04296875,,0
1782301491.735850,9852.663135,302.0,,100.0,603.04296875,,0
1782301491.835844,9852.763128,299.0,,100.0,603.04296875,,0
1782301491.935855,9852.863139,300.0,,100.0,603.04296875,,0
1782301492.035848,9852.963133,300.0,,100.0,603.04296875,,0
1782301492.135777,9853.063062,300.0,,100.0,603.04296875,,0
1782301492.235851,9853.163135,299.0,,100.0,603.04296875,,0
1782301492.335850,9853.263135,300.0,,100.0,603.04296875,,0
1782301492.435838,9853.363122,299.0,,100.0,603.04296875,,0
1782301492.535844,9853.463128,300.0,,100.0,603.04296875,,0
1782301492.635850,9853.563135,299.0,,100.0,603.04296875,,0
1782301492.735850,9853.663134,300.0,,100.0,603.04296875,,0
1782301492.835850,9853.763134,299.0,,100.0,603.04296875,,0
1782301492.935863,9853.863147,299.0,,100.0,603.04296875,,0
1782301493.035841,9853.963125,300.0,,100.0,603.04296875,,0
1782301493.135849,9854.063133,300.0,,100.0,603.04296875,,0
1782301493.235856,9854.163140,299.0,,100.0,603.04296875,,0
1782301493.335852,9854.263137,300.0,,100.0,603.04296875,,0
1782301493.435850,9854.363134,300.0,,100.0,603.04296875,,0
1782301493.535849,9854.463133,299.0,,100.0,603.04296875,,0
1782301493.635853,9854.563136,300.0,,100.0,603.04296875,,0
1782301493.735851,9854.663134,300.0,,100.0,603.04296875,,0
1782301493.835848,9854.763132,300.0,,100.0,603.04296875,,0
1782301493.935849,9854.863132,299.0,,100.0,603.04296875,,0
1782301494.035850,9854.963134,299.0,,100.0,603.04296875,,0
1782301494.135777,9855.063062,300.0,,100.0,603.04296875,,0
1782301494.235846,9855.163130,299.0,,100.0,603.04296875,,0
1782301494.335848,9855.263133,299.0,,100.0,603.04296875,,0
1782301494.435849,9855.363133,299.0,,100.0,603.04296875,,0
1782301494.535846,9855.463130,300.0,,100.0,603.04296875,,0
1782301494.635844,9855.563128,300.0,,100.0,603.04296875,,0
1782301494.735844,9855.663128,300.0,,100.0,603.04296875,,0
1782301494.835850,9855.763135,300.0,,100.0,603.04296875,,0
1782301494.935846,9855.863129,299.0,,100.0,603.04296875,,0
1782301495.035841,9855.963125,299.0,,100.0,603.04296875,,0
1782301495.135847,9856.063132,300.0,,100.0,603.04296875,,0
1782301495.235850,9856.163134,300.0,,100.0,603.04296875,,0
1782301495.335844,9856.263129,299.0,,100.0,603.04296875,,0
1782301495.435850,9856.363134,299.0,,100.0,603.04296875,,0
1782301495.535806,9856.463090,300.0,,100.0,603.04296875,,0
1782301495.635849,9856.563132,299.0,,100.0,603.04296875,,0
1782301495.735853,9856.663137,299.0,,100.0,603.04296875,,0
1782301495.835840,9856.763123,300.0,,100.0,603.04296875,,0
1782301495.935849,9856.863134,299.0,,100.0,603.04296875,,0
1782301496.035851,9856.963134,299.0,,100.0,603.04296875,,0
1782301496.135777,9857.063061,300.0,,100.0,603.04296875,,0
1782301496.235842,9857.163125,300.0,,100.0,603.04296875,,0
1782301496.335846,9857.263129,299.0,,100.0,603.04296875,,0
1782301496.435854,9857.363137,299.0,,100.0,603.04296875,,0
1782301496.535848,9857.463131,300.0,,100.0,603.04296875,,0
1782301496.635853,9857.563137,299.0,,100.0,603.04296875,,0
1782301496.735852,9857.663135,299.0,,100.0,603.04296875,,0
1782301496.835850,9857.763133,300.0,,100.0,603.04296875,,0
1782301496.935853,9857.863136,300.0,,100.0,603.04296875,,0
1782301497.035786,9857.963070,299.0,,100.0,603.04296875,,0
1782301497.135777,9858.063061,299.0,,100.0,603.04296875,,0
1782301497.235847,9858.163131,300.0,,100.0,603.04296875,,0
1782301497.335855,9858.263139,300.0,,100.0,603.04296875,,0
1782301497.435848,9858.363133,299.0,,100.0,603.04296875,,0
1782301497.535846,9858.463129,300.0,,100.0,603.04296875,,0
1782301497.635846,9858.563129,300.0,,100.0,603.04296875,,0
1782301497.735855,9858.663139,299.0,,100.0,603.04296875,,0
1782301497.835843,9858.763127,299.0,,100.0,603.04296875,,0
1782301497.935841,9858.863125,299.0,,100.0,603.04296875,,0
1782301498.035779,9858.963064,300.0,,100.0,603.04296875,,0
1782301498.135849,9859.063132,299.0,,100.0,603.04296875,,0
1782301498.235852,9859.163135,300.0,,100.0,603.04296875,,0
1782301498.335850,9859.263134,299.0,,100.0,603.04296875,,0
1782301498.435843,9859.363127,300.0,,100.0,603.04296875,,0
1782301498.535847,9859.463132,300.0,,100.0,603.04296875,,0
1782301498.635840,9859.563124,300.0,,100.0,603.04296875,,0
1782301498.735842,9859.663125,300.0,,100.0,603.04296875,,0
1782301498.835851,9859.763135,299.0,,100.0,603.04296875,,0
1782301498.935843,9859.863127,300.0,,100.0,603.04296875,,0
1782301499.035851,9859.963136,300.0,,100.0,603.04296875,,0
1782301499.135849,9860.063133,299.0,,100.0,603.04296875,,0
1782301499.235846,9860.163129,300.0,,100.0,603.04296875,,0
1782301499.335841,9860.263126,300.0,,100.0,603.04296875,,0
1782301499.435845,9860.363128,299.0,,100.0,603.04296875,,0
1782301499.535844,9860.463127,300.0,,100.0,603.04296875,,0
1782301499.635854,9860.563139,299.0,,100.0,603.04296875,,0
1782301499.735847,9860.663130,300.0,,100.0,603.04296875,,0
1782301499.835850,9860.763134,300.0,,100.0,603.04296875,,0
1782301499.935817,9860.863100,299.0,,100.0,603.04296875,,0
1782301500.035777,9860.963062,300.0,,100.0,603.04296875,,0
1782301500.135851,9861.063134,299.0,,100.0,603.04296875,,0
1782301500.235849,9861.163132,296.0,,100.0,603.04296875,,0
1782301500.335855,9861.263139,302.0,,100.0,603.04296875,,0
1782301500.435849,9861.363133,300.0,,100.0,603.04296875,,0
1782301500.535838,9861.463122,299.0,,100.0,603.04296875,,0
1782301500.635851,9861.563135,300.0,,100.0,603.04296875,,0
1782301500.735850,9861.663135,300.0,,100.0,603.04296875,,0
1782301500.835851,9861.763136,299.0,,100.0,603.04296875,,0
1782301500.935844,9861.863129,300.0,,100.0,603.04296875,,0
1782301501.035850,9861.963134,299.0,,100.0,603.04296875,,0
1782301501.135843,9862.063126,300.0,,100.0,603.04296875,,0
1782301501.235851,9862.163136,299.0,,100.0,603.04296875,,0
1782301501.335804,9862.263087,301.0,,100.0,603.04296875,,0
1782301501.435847,9862.363131,299.0,,100.0,603.04296875,,0
1782301501.535853,9862.463137,300.0,,100.0,603.04296875,,0
1782301501.635849,9862.563133,299.0,,100.0,603.04296875,,0
1782301501.735844,9862.663128,299.0,,100.0,603.04296875,,0
1782301501.835843,9862.763127,299.0,,100.0,603.04296875,,0
1782301501.935848,9862.863132,300.0,,100.0,603.04296875,,0
1782301502.035847,9862.963131,299.0,,100.0,603.04296875,,0
1782301502.135847,9863.063132,299.0,,100.0,603.04296875,,0
1782301502.235744,9863.163028,300.0,,100.0,603.04296875,,0
1782301502.335854,9863.263137,96.0,,20.0,603.04296875,,0
1782301502.435857,9863.363141,40.0,,3.0,603.04296875,,0
1782301502.535846,9863.463131,41.0,,3.0,603.04296875,,0
1782301502.635857,9863.563142,23.0,,3.0,603.04296875,,0
1782301502.735854,9863.663137,24.0,,3.0,603.04296875,,0
1782301502.835849,9863.763134,24.0,,3.0,603.04296875,,0
1782301502.935855,9863.863140,24.0,,3.0,603.04296875,,0
1782301503.035858,9863.963142,23.0,,3.0,603.04296875,,0
1782301503.135851,9864.063136,25.0,,3.0,603.04296875,,0
1782301503.235852,9864.163137,23.0,,3.0,603.04296875,,0
1782301503.335850,9864.263134,23.0,,3.0,603.04296875,,0
1782301503.435849,9864.363132,23.0,,3.0,603.04296875,,0
1782301503.535850,9864.463136,22.0,,2.0,603.04296875,,0
1782301503.635850,9864.563133,23.0,,3.0,603.04296875,,0
1782301503.735856,9864.663140,23.0,,3.0,603.04296875,,0
1782301503.835851,9864.763134,23.0,,3.0,603.04296875,,0
1782301503.935855,9864.863140,23.0,,3.0,603.04296875,,0
1782301504.035854,9864.963139,22.0,,3.0,603.04296875,,0
1782301504.135846,9865.063131,22.0,,3.0,603.04296875,,0
1782301504.235846,9865.163129,21.0,,3.0,603.04296875,,0
1782301504.335848,9865.263131,24.0,,2.0,603.04296875,,0
1782301504.435856,9865.363141,21.0,,3.0,603.04296875,,0
1782301504.535857,9865.463142,22.0,,3.0,603.04296875,,0
1782301504.635847,9865.563131,25.0,,3.0,603.04296875,,0
1782301504.735851,9865.663134,22.0,,3.0,603.04296875,,0
1782301504.835850,9865.763135,23.0,,3.0,603.04296875,,0
1782301504.935856,9865.863141,23.0,,3.0,603.04296875,,0
1782301505.035849,9865.963133,23.0,,1.0,603.04296875,,0
1782301505.135855,9866.063138,23.0,,3.0,603.04296875,,0
1782301505.235846,9866.163130,22.0,,3.0,603.04296875,,0
1782301505.335852,9866.263137,23.0,,3.0,603.04296875,,0
1782301505.435852,9866.363135,22.0,,3.0,603.04296875,,0
1782301505.535842,9866.463126,21.0,,4.0,603.04296875,,0
1782301505.635853,9866.563136,21.0,,3.0,603.04296875,,0
1782301505.735849,9866.663134,22.0,,3.0,603.04296875,,0
1782301505.835850,9866.763135,22.0,,3.0,603.04296875,,0
1782301505.935856,9866.863141,22.0,,3.0,603.04296875,,0
1782301506.035852,9866.963136,21.0,,3.0,603.04296875,,0
1782301506.135852,9867.063135,21.0,,3.0,603.04296875,,0
1782301506.235844,9867.163127,22.0,,3.0,603.04296875,,0
1782301506.335855,9867.263139,25.0,,3.0,603.04296875,,0
1782301506.435848,9867.363132,22.0,,3.0,603.04296875,,0
1782301506.535851,9867.463135,22.0,,3.0,603.04296875,,0
1782301506.635851,9867.563134,22.0,,3.0,603.04296875,,0
1782301506.735848,9867.663132,25.0,,3.0,603.04296875,,0
1782301506.835851,9867.763136,22.0,,3.0,603.04296875,,0
1782301506.935846,9867.863130,22.0,,3.0,603.04296875,,0
1782301507.035850,9867.963134,24.0,,3.0,603.04296875,,0
1782301507.135849,9868.063132,22.0,,3.0,603.04296875,,0
1782301507.235854,9868.163139,23.0,,3.0,603.04296875,,0
1782301507.335764,9868.263048,200.0,,100.0,603.04296875,,0
1782301507.435763,9868.363046,237.0,,100.0,603.04296875,,0
1782301507.535850,9868.463133,299.0,,99.0,603.04296875,,0
1782301507.635844,9868.563127,305.0,,100.0,603.04296875,,0
1782301507.735839,9868.663122,292.0,,100.0,603.04296875,,0
1782301507.835839,9868.763122,310.0,,100.0,603.04296875,,0
1782301507.935846,9868.863129,300.0,,100.0,603.04296875,,0
1782301508.035848,9868.963131,290.0,,99.0,603.04296875,,0
1782301508.135850,9869.063135,276.0,,100.0,603.04296875,,0
1782301508.235849,9869.163132,302.0,,100.0,603.04296875,,0
1782301508.335850,9869.263133,312.0,,100.0,603.04296875,,0
1782301508.435841,9869.363126,294.0,,100.0,603.04296875,,0
1782301508.535859,9869.463143,304.0,,100.0,603.04296875,,0
1782301508.635844,9869.563129,290.0,,100.0,603.04296875,,0
1782301508.735845,9869.663128,300.0,,100.0,603.04296875,,0
1782301508.835842,9869.763127,299.0,,100.0,603.04296875,,0
1782301508.935842,9869.863125,300.0,,100.0,603.04296875,,0
1782301509.035844,9869.963127,300.0,,100.0,603.04296875,,0
1782301509.135848,9870.063131,300.0,,100.0,603.04296875,,0
1782301509.235845,9870.163129,299.0,,100.0,603.04296875,,0
1782301509.335748,9870.263033,300.0,,100.0,603.04296875,,0
1782301509.435845,9870.363129,299.0,,100.0,603.04296875,,0
1782301509.535837,9870.463121,300.0,,100.0,603.04296875,,0
1782301509.635839,9870.563122,299.0,,100.0,603.04296875,,0
1782301509.735844,9870.663128,297.0,,100.0,603.04296875,,0
1782301509.835844,9870.763128,299.0,,100.0,603.04296875,,0
1782301509.935839,9870.863122,300.0,,100.0,603.04296875,,0
1782301510.035843,9870.963128,300.0,,100.0,603.04296875,,0
1782301510.135843,9871.063126,299.0,,100.0,603.04296875,,0
1782301510.235842,9871.163126,300.0,,99.0,603.04296875,,0
1782301510.335846,9871.263129,299.0,,100.0,603.04296875,,0
1782301510.435846,9871.363129,299.0,,100.0,603.04296875,,0
1782301510.535843,9871.463128,300.0,,100.0,603.04296875,,0
1782301510.635848,9871.563132,300.0,,100.0,603.04296875,,0
1782301510.735846,9871.663131,299.0,,100.0,603.04296875,,0
1782301510.835851,9871.763135,300.0,,100.0,603.04296875,,0
1782301510.935846,9871.863129,300.0,,100.0,603.04296875,,0
1782301511.035847,9871.963131,299.0,,100.0,603.04296875,,0
1782301511.135843,9872.063126,300.0,,100.0,603.04296875,,0
1782301511.235849,9872.163132,300.0,,100.0,603.04296875,,0
1782301511.335843,9872.263128,300.0,,100.0,603.04296875,,0
1782301511.435845,9872.363130,299.0,,100.0,603.04296875,,0
1782301511.535850,9872.463133,300.0,,100.0,603.04296875,,0
1782301511.635845,9872.563128,299.0,,100.0,603.04296875,,0
1782301511.735854,9872.663138,310.0,,100.0,603.04296875,,0
1782301511.835848,9872.763132,299.0,,100.0,603.04296875,,0
1782301511.935838,9872.863124,299.0,,100.0,603.04296875,,0
1782301512.035769,9872.963052,299.0,,100.0,603.04296875,,0
1782301512.135846,9873.063131,300.0,,100.0,603.04296875,,0
1782301512.235847,9873.163132,300.0,,100.0,603.04296875,,0
1782301512.335852,9873.263135,300.0,,100.0,603.04296875,,0
1782301512.435847,9873.363130,300.0,,100.0,603.04296875,,0
1782301512.535841,9873.463124,299.0,,100.0,603.04296875,,0
1782301512.635845,9873.563129,300.0,,100.0,603.04296875,,0
1782301512.735844,9873.663128,300.0,,100.0,603.04296875,,0
1782301512.835849,9873.763132,299.0,,100.0,603.04296875,,0
1782301512.935843,9873.863127,300.0,,100.0,603.04296875,,0
1782301513.035852,9873.963135,299.0,,100.0,603.04296875,,0
1782301513.135844,9874.063127,299.0,,100.0,603.04296875,,0
1782301513.235844,9874.163127,299.0,,100.0,603.04296875,,0
1782301513.335847,9874.263131,300.0,,100.0,603.04296875,,0
1782301513.435846,9874.363130,299.0,,100.0,603.04296875,,0
1782301513.535840,9874.463123,300.0,,100.0,603.04296875,,0
1782301513.635847,9874.563130,299.0,,100.0,603.04296875,,0
1782301513.735855,9874.663138,300.0,,100.0,603.04296875,,0
1782301513.835846,9874.763130,299.0,,100.0,603.04296875,,0
1782301513.935846,9874.863129,306.0,,100.0,603.04296875,,0
1782301514.035845,9874.963128,299.0,,100.0,603.04296875,,0
1782301514.135846,9875.063129,300.0,,100.0,603.04296875,,0
1782301514.235841,9875.163124,300.0,,100.0,603.04296875,,0
1782301514.335845,9875.263128,300.0,,100.0,603.04296875,,0
1782301514.435845,9875.363129,300.0,,100.0,603.04296875,,0
1782301514.535850,9875.463133,299.0,,100.0,603.04296875,,0
1782301514.635842,9875.563125,299.0,,100.0,603.04296875,,0
1782301514.735846,9875.663131,300.0,,100.0,603.04296875,,0
1782301514.835845,9875.763129,300.0,,100.0,603.04296875,,0
1782301514.935847,9875.863131,299.0,,100.0,603.04296875,,0
1782301515.035852,9875.963137,300.0,,100.0,603.04296875,,0
1782301515.135844,9876.063127,300.0,,100.0,603.04296875,,0
1782301515.235846,9876.163130,299.0,,100.0,603.04296875,,0
1782301515.335850,9876.263133,300.0,,100.0,603.04296875,,0
1782301515.435845,9876.363128,299.0,,100.0,603.04296875,,0
1782301515.535845,9876.463128,300.0,,100.0,603.04296875,,0
1782301515.635854,9876.563138,300.0,,100.0,603.04296875,,0
1782301515.735852,9876.663135,299.0,,100.0,603.04296875,,0
1782301515.835846,9876.763130,300.0,,100.0,603.04296875,,0
1782301515.935847,9876.863132,299.0,,100.0,603.04296875,,0
1782301516.035844,9876.963129,300.0,,100.0,603.04296875,,0
1782301516.135857,9877.063141,300.0,,100.0,603.04296875,,0
1782301516.235841,9877.163124,299.0,,100.0,603.04296875,,0
1782301516.335844,9877.263127,300.0,,100.0,603.04296875,,0
1782301516.435846,9877.363129,299.0,,100.0,603.04296875,,0
1782301516.535850,9877.463135,300.0,,100.0,603.04296875,,0
1782301516.635844,9877.563129,300.0,,100.0,603.04296875,,0
1782301516.735844,9877.663127,299.0,,100.0,603.04296875,,0
1782301516.835846,9877.763130,300.0,,100.0,603.04296875,,0
1782301516.935844,9877.863129,299.0,,100.0,603.04296875,,0
1782301517.035848,9877.963131,299.0,,100.0,603.04296875,,0
1782301517.135850,9878.063133,300.0,,100.0,603.04296875,,0
1782301517.235849,9878.163132,299.0,,100.0,603.04296875,,0
1782301517.335841,9878.263126,300.0,,100.0,603.04296875,,0
1782301517.435847,9878.363130,300.0,,100.0,603.04296875,,0
1782301517.535846,9878.463129,299.0,,100.0,603.04296875,,0
1782301517.635849,9878.563132,300.0,,100.0,603.04296875,,0
1782301517.735844,9878.663127,298.0,,100.0,603.04296875,,0
1782301517.835843,9878.763127,300.0,,100.0,603.04296875,,0
1782301517.935846,9878.863129,299.0,,100.0,603.04296875,,0
1782301518.035845,9878.963128,300.0,,100.0,603.04296875,,0
1782301518.135849,9879.063134,300.0,,100.0,603.04296875,,0
1782301518.235847,9879.163132,299.0,,100.0,603.04296875,,0
1782301518.335845,9879.263128,300.0,,100.0,603.04296875,,0
1782301518.435846,9879.363129,299.0,,100.0,603.04296875,,0
1782301518.535843,9879.463127,299.0,,100.0,603.04296875,,0
1782301518.635845,9879.563130,300.0,,100.0,603.04296875,,0
1782301518.735844,9879.663127,299.0,,100.0,603.04296875,,0
1782301518.835847,9879.763131,299.0,,100.0,603.04296875,,0
1782301518.935843,9879.863126,300.0,,100.0,603.04296875,,0
1782301519.035844,9879.963129,299.0,,100.0,603.04296875,,0
1782301519.135846,9880.063129,300.0,,100.0,603.04296875,,0
1782301519.235845,9880.163130,299.0,,100.0,603.04296875,,0
1782301519.335850,9880.263134,300.0,,100.0,603.04296875,,0
1782301519.435846,9880.363130,300.0,,100.0,603.04296875,,0
1782301519.535840,9880.463123,299.0,,100.0,603.04296875,,0
1782301519.635844,9880.563128,299.0,,100.0,603.04296875,,0
1782301519.735848,9880.663132,300.0,,100.0,603.04296875,,0
1782301519.835853,9880.763137,299.0,,100.0,603.04296875,,0
1782301519.935856,9880.863141,299.0,,100.0,603.04296875,,0
1782301520.035851,9880.963135,299.0,,100.0,603.04296875,,0
1782301520.135844,9881.063128,300.0,,100.0,603.04296875,,0
1782301520.235849,9881.163133,299.0,,100.0,603.04296875,,0
1782301520.335848,9881.263131,300.0,,100.0,603.04296875,,0
1782301520.435852,9881.363136,299.0,,100.0,603.04296875,,0
1782301520.535852,9881.463135,300.0,,100.0,603.04296875,,0
1782301520.635843,9881.563128,300.0,,100.0,603.04296875,,0
1782301520.735845,9881.663128,299.0,,100.0,603.04296875,,0
1782301520.835839,9881.763124,300.0,,100.0,603.04296875,,0
1782301520.935839,9881.863122,300.0,,100.0,603.04296875,,0
1782301521.035844,9881.963127,299.0,,100.0,603.04296875,,0
1782301521.135845,9882.063129,300.0,,100.0,603.04296875,,0
1782301521.235856,9882.163139,299.0,,100.0,603.04296875,,0
1782301521.335850,9882.263133,299.0,,100.0,603.04296875,,0
1782301521.435837,9882.363120,300.0,,100.0,603.04296875,,0
1782301521.535851,9882.463135,299.0,,100.0,603.04296875,,0
1782301521.635839,9882.563123,299.0,,100.0,603.04296875,,0
1782301521.735849,9882.663133,300.0,,100.0,603.04296875,,0
1782301521.835844,9882.763127,300.0,,100.0,603.04296875,,0
1782301521.935846,9882.863129,299.0,,100.0,603.04296875,,0
1782301522.035840,9882.963124,300.0,,100.0,603.04296875,,0
1782301522.135848,9883.063131,299.0,,100.0,603.04296875,,0
1782301522.235849,9883.163134,299.0,,100.0,603.04296875,,0
1782301522.335845,9883.263130,300.0,,100.0,603.04296875,,0
1782301522.435849,9883.363132,300.0,,100.0,603.04296875,,0
1782301522.535845,9883.463130,299.0,,100.0,603.04296875,,0
1782301522.635844,9883.563129,300.0,,100.0,603.04296875,,0
1782301522.735808,9883.663093,300.0,,100.0,603.04296875,,0
1782301522.835839,9883.763123,299.0,,100.0,603.04296875,,0
1782301522.935844,9883.863127,300.0,,100.0,603.04296875,,0
1782301523.035841,9883.963125,299.0,,100.0,603.04296875,,0
1782301523.135852,9884.063136,299.0,,100.0,603.04296875,,0
1782301523.235844,9884.163127,300.0,,100.0,603.04296875,,0
1782301523.335847,9884.263131,300.0,,100.0,603.04296875,,0
1782301523.435842,9884.363125,299.0,,100.0,603.04296875,,0
1782301523.535840,9884.463123,300.0,,100.0,603.04296875,,0
1782301523.635844,9884.563128,299.0,,100.0,603.04296875,,0
1782301523.735842,9884.663126,300.0,,100.0,603.04296875,,0
1782301523.835843,9884.763126,300.0,,100.0,603.04296875,,0
1782301523.935842,9884.863125,299.0,,100.0,603.04296875,,0
1782301524.035844,9884.963128,300.0,,100.0,603.04296875,,0
1782301524.135850,9885.063135,300.0,,100.0,603.04296875,,0
1782301524.235848,9885.163133,300.0,,100.0,603.04296875,,0
1782301524.335842,9885.263126,300.0,,100.0,603.04296875,,0
1782301524.435844,9885.363129,299.0,,100.0,603.04296875,,0
1782301524.535844,9885.463129,300.0,,100.0,603.04296875,,0
1782301524.635847,9885.563132,300.0,,100.0,603.04296875,,0
1782301524.735844,9885.663127,293.0,,99.0,603.04296875,,0
1782301524.835846,9885.763129,310.0,,100.0,603.04296875,,0
1782301524.935854,9885.863139,300.0,,100.0,603.04296875,,0
1782301525.035841,9885.963125,299.0,,100.0,603.04296875,,0
1782301525.135845,9886.063128,300.0,,100.0,603.04296875,,0
1782301525.235848,9886.163132,296.0,,100.0,603.04296875,,0
1782301525.335839,9886.263122,314.0,,100.0,603.04296875,,0
1782301525.435847,9886.363130,303.0,,100.0,603.04296875,,0
1782301525.535845,9886.463128,288.0,,100.0,603.04296875,,0
1782301525.635847,9886.563130,286.0,,100.0,603.04296875,,0
1782301525.735847,9886.663130,295.0,,100.0,603.04296875,,0
1782301525.835843,9886.763127,299.0,,100.0,603.04296875,,0
1782301525.935843,9886.863127,300.0,,100.0,603.04296875,,0
1782301526.035844,9886.963128,299.0,,100.0,603.04296875,,0
1782301526.135848,9887.063132,300.0,,100.0,603.04296875,,0
1782301526.235845,9887.163128,299.0,,100.0,603.04296875,,0
1782301526.335846,9887.263130,300.0,,100.0,603.04296875,,0
1782301526.435846,9887.363129,306.0,,100.0,603.04296875,,0
1782301526.535859,9887.463144,316.0,,100.0,603.04296875,,0
1782301526.635849,9887.563132,291.0,,100.0,603.04296875,,0
1782301526.735841,9887.663124,300.0,,100.0,603.04296875,,0
1782301526.835842,9887.763127,299.0,,100.0,603.04296875,,0
1782301526.935852,9887.863135,300.0,,100.0,603.04296875,,0
1782301527.035850,9887.963133,299.0,,100.0,603.04296875,,0
1782301527.135846,9888.063130,299.0,,100.0,603.04296875,,0
1782301527.235845,9888.163128,300.0,,100.0,603.04296875,,0
1782301527.335837,9888.263121,299.0,,100.0,603.04296875,,0
1782301527.435838,9888.363124,300.0,,100.0,603.04296875,,0
1782301527.535850,9888.463133,300.0,,100.0,603.04296875,,0
1782301527.635840,9888.563125,299.0,,100.0,603.04296875,,0
1782301527.735872,9888.663155,299.0,,100.0,603.04296875,,0
1782301527.835846,9888.763130,299.0,,100.0,603.04296875,,0
1782301527.935842,9888.863125,299.0,,100.0,603.04296875,,0
1782301528.035854,9888.963137,300.0,,100.0,603.04296875,,0
1782301528.135858,9889.063143,300.0,,100.0,603.04296875,,0
1782301528.235842,9889.163126,300.0,,100.0,603.04296875,,0
1782301528.335837,9889.263120,300.0,,100.0,603.04296875,,0
1782301528.435845,9889.363128,299.0,,100.0,603.04296875,,0
1782301528.535842,9889.463125,300.0,,100.0,603.04296875,,0
1782301528.635843,9889.563126,299.0,,100.0,603.04296875,,0
1782301528.735851,9889.663135,300.0,,100.0,603.04296875,,0
1782301528.835846,9889.763129,300.0,,100.0,603.04296875,,0
1782301528.935849,9889.863134,300.0,,100.0,603.04296875,,0
1782301529.035847,9889.963130,299.0,,100.0,603.04296875,,0
1782301529.135857,9890.063142,300.0,,100.0,603.04296875,,0
1782301529.235842,9890.163125,299.0,,100.0,603.04296875,,0
1782301529.335839,9890.263122,299.0,,100.0,603.04296875,,0
1782301529.435845,9890.363130,300.0,,100.0,603.04296875,,0
1782301529.535844,9890.463127,299.0,,100.0,603.04296875,,0
1782301529.635844,9890.563129,300.0,,100.0,603.04296875,,0
1782301529.735844,9890.663127,299.0,,100.0,603.04296875,,0
1782301529.835841,9890.763126,300.0,,100.0,603.04296875,,0
1782301529.935842,9890.863125,299.0,,100.0,603.04296875,,0
1782301530.035851,9890.963136,299.0,,100.0,603.04296875,,0
1782301530.135850,9891.063133,300.0,,100.0,603.04296875,,0
1782301530.235851,9891.163135,299.0,,100.0,603.04296875,,0
1782301530.335843,9891.263127,300.0,,100.0,603.04296875,,0
1782301530.435850,9891.363133,299.0,,100.0,603.04296875,,0
1782301530.535849,9891.463132,299.0,,100.0,603.04296875,,0
1782301530.635849,9891.563132,300.0,,100.0,603.04296875,,0
1782301530.735801,9891.663084,299.0,,100.0,603.04296875,,0
1782301530.835846,9891.763129,300.0,,100.0,603.04296875,,0
1782301530.935845,9891.863129,299.0,,100.0,603.04296875,,0
1782301531.035844,9891.963127,299.0,,100.0,603.04296875,,0
1782301531.135838,9892.063122,299.0,,100.0,603.04296875,,0
1782301531.235845,9892.163128,300.0,,100.0,603.04296875,,0
1782301531.335853,9892.263137,300.0,,100.0,603.04296875,,0
1782301531.435846,9892.363130,299.0,,100.0,603.04296875,,0
1782301531.535844,9892.463129,300.0,,100.0,603.04296875,,0
1782301531.635847,9892.563131,299.0,,100.0,603.04296875,,0
1782301531.735849,9892.663133,300.0,,100.0,603.04296875,,0
1782301531.835845,9892.763130,300.0,,100.0,603.04296875,,0
1782301531.935868,9892.863152,299.0,,100.0,603.04296875,,0
1782301532.035852,9892.963136,299.0,,100.0,603.04296875,,0
1782301532.135841,9893.063125,300.0,,100.0,603.04296875,,0
1782301532.235846,9893.163131,299.0,,100.0,603.04296875,,0
1782301532.335839,9893.263122,300.0,,100.0,603.04296875,,0
1782301532.435842,9893.363125,299.0,,100.0,603.04296875,,0
1782301532.535844,9893.463127,300.0,,100.0,603.04296875,,0
1782301532.635851,9893.563135,300.0,,100.0,603.04296875,,0
1782301532.735847,9893.663131,299.0,,100.0,603.04296875,,0
1782301532.835848,9893.763131,300.0,,100.0,603.04296875,,0
1782301532.935849,9893.863134,299.0,,100.0,603.04296875,,0
1782301533.035848,9893.963133,300.0,,100.0,603.04296875,,0
1782301533.135849,9894.063132,299.0,,100.0,603.04296875,,0
1782301533.235840,9894.163123,300.0,,100.0,603.04296875,,0
1782301533.335839,9894.263122,299.0,,100.0,603.04296875,,0
1782301533.435843,9894.363127,300.0,,100.0,603.04296875,,0
1782301533.535836,9894.463119,299.0,,100.0,603.04296875,,0
1782301533.635842,9894.563125,300.0,,100.0,603.04296875,,0
1782301533.735848,9894.663131,300.0,,100.0,603.04296875,,0
1782301533.835851,9894.763135,299.0,,100.0,603.04296875,,0
1782301533.935851,9894.863136,299.0,,100.0,603.04296875,,0
1782301534.035846,9894.963131,300.0,,100.0,603.04296875,,0
1782301534.135849,9895.063132,300.0,,100.0,603.04296875,,0
1782301534.235849,9895.163133,300.0,,100.0,603.04296875,,0
1782301534.335848,9895.263131,300.0,,100.0,603.04296875,,0
1782301534.435848,9895.363132,300.0,,100.0,603.04296875,,0
1782301534.535848,9895.463133,299.0,,100.0,603.04296875,,0
1782301534.635851,9895.563135,299.0,,100.0,603.04296875,,0
1782301534.735845,9895.663128,300.0,,100.0,603.04296875,,0
1782301534.835848,9895.763131,299.0,,100.0,603.04296875,,0
1782301534.935848,9895.863132,299.0,,100.0,603.04296875,,0
1782301535.035845,9895.963128,300.0,,100.0,603.04296875,,0
1782301535.135851,9896.063135,299.0,,100.0,603.04296875,,0
1782301535.235847,9896.163132,300.0,,100.0,603.04296875,,0
1782301535.335841,9896.263124,300.0,,100.0,603.04296875,,0
1782301535.435847,9896.363130,300.0,,100.0,603.04296875,,0
1782301535.535850,9896.463134,300.0,,100.0,603.04296875,,0
1782301535.635839,9896.563122,299.0,,100.0,603.04296875,,0
1782301535.735847,9896.663130,300.0,,100.0,603.04296875,,0
1782301535.835844,9896.763128,299.0,,100.0,603.04296875,,0
1782301535.935844,9896.863129,299.0,,100.0,603.04296875,,0
1782301536.035841,9896.963126,300.0,,100.0,603.04296875,,0
1782301536.135839,9897.063123,300.0,,100.0,603.04296875,,0
1782301536.235845,9897.163130,299.0,,100.0,603.04296875,,0
1782301536.335846,9897.263130,299.0,,100.0,603.04296875,,0
1782301536.435850,9897.363135,299.0,,100.0,603.04296875,,0
1782301536.535844,9897.463129,300.0,,100.0,603.04296875,,0
1782301536.635843,9897.563126,299.0,,100.0,603.04296875,,0
1782301536.735844,9897.663128,299.0,,100.0,603.04296875,,0
1782301536.835841,9897.763124,299.0,,100.0,603.04296875,,0
1782301536.935842,9897.863125,299.0,,100.0,603.04296875,,0
1782301537.035852,9897.963137,300.0,,100.0,603.04296875,,0
1782301537.135846,9898.063129,299.0,,100.0,603.04296875,,0
1782301537.235862,9898.163146,300.0,,100.0,603.04296875,,0
1782301537.335851,9898.263134,299.0,,100.0,603.04296875,,0
1782301537.435851,9898.363134,299.0,,100.0,603.04296875,,0
1782301537.535850,9898.463133,299.0,,100.0,603.04296875,,0
1782301537.635849,9898.563133,300.0,,100.0,603.04296875,,0
1782301537.735853,9898.663138,300.0,,100.0,603.04296875,,0
1782301537.835842,9898.763125,300.0,,100.0,603.04296875,,0
1782301537.935848,9898.863133,299.0,,100.0,603.04296875,,0
1782301538.035850,9898.963133,300.0,,100.0,603.04296875,,0
1782301538.135843,9899.063128,300.0,,100.0,603.04296875,,0
1782301538.235852,9899.163136,299.0,,100.0,603.04296875,,0
1782301538.335841,9899.263126,300.0,,100.0,603.04296875,,0
1782301538.435844,9899.363128,299.0,,100.0,603.04296875,,0
1782301538.535848,9899.463132,300.0,,100.0,603.04296875,,0
1782301538.635844,9899.563127,299.0,,100.0,603.04296875,,0
1782301538.735801,9899.663084,300.0,,100.0,603.04296875,,0
1782301538.835837,9899.763121,300.0,,100.0,603.04296875,,0
1782301538.935845,9899.863128,300.0,,100.0,603.04296875,,0
1782301539.035839,9899.963123,299.0,,100.0,603.04296875,,0
1782301539.135864,9900.063149,299.0,,100.0,603.04296875,,0
1782301539.235845,9900.163128,300.0,,100.0,603.04296875,,0
1782301539.335852,9900.263136,299.0,,100.0,603.04296875,,0
1782301539.435849,9900.363132,300.0,,100.0,603.04296875,,0
1782301539.535838,9900.463121,299.0,,100.0,603.04296875,,0
1782301539.635845,9900.563130,300.0,,100.0,603.04296875,,0
1782301539.735838,9900.663121,300.0,,100.0,603.04296875,,0
1782301539.835839,9900.763123,299.0,,100.0,603.04296875,,0
1782301539.935860,9900.863144,300.0,,100.0,603.04296875,,0
1782301540.035847,9900.963131,299.0,,100.0,603.04296875,,0
1782301540.135850,9901.063134,300.0,,100.0,603.04296875,,0
1782301540.235850,9901.163135,299.0,,100.0,603.04296875,,0
1782301540.335855,9901.263140,300.0,,100.0,603.04296875,,0
1782301540.435853,9901.363138,300.0,,100.0,603.04296875,,0
1782301540.535853,9901.463138,300.0,,100.0,603.04296875,,0
1782301540.635843,9901.563127,300.0,,100.0,603.04296875,,0
1782301540.735839,9901.663122,299.0,,100.0,603.04296875,,0
1782301540.835841,9901.763124,300.0,,100.0,603.04296875,,0
1782301540.935843,9901.863126,299.0,,100.0,603.04296875,,0
1782301541.035850,9901.963133,299.0,,100.0,603.04296875,,0
1782301541.135852,9902.063136,299.0,,100.0,603.04296875,,0
1782301541.235845,9902.163129,300.0,,100.0,603.04296875,,0
1782301541.335850,9902.263133,300.0,,100.0,603.04296875,,0
1782301541.435844,9902.363128,299.0,,100.0,603.04296875,,0
1782301541.535864,9902.463149,300.0,,100.0,603.04296875,,0
1782301541.635841,9902.563125,299.0,,100.0,603.04296875,,0
1782301541.735839,9902.663123,299.0,,100.0,603.04296875,,0
1782301541.835837,9902.763121,299.0,,100.0,603.04296875,,0
1782301541.935843,9902.863127,300.0,,100.0,603.04296875,,0
1782301542.035847,9902.963132,300.0,,100.0,603.04296875,,0
1782301542.135858,9903.063143,307.0,,100.0,603.04296875,,0
1782301542.235842,9903.163126,292.0,,100.0,603.04296875,,0
1782301542.335848,9903.263133,53.0,,3.0,603.04296875,,0
1782301542.435855,9903.363140,47.0,,3.0,603.04296875,,0
1782301542.535848,9903.463131,42.0,,3.0,603.04296875,,0
1782301542.635854,9903.563138,39.0,,3.0,603.04296875,,0
1782301542.735846,9903.663129,25.0,,3.0,603.04296875,,0
1782301542.835846,9903.763130,24.0,,3.0,603.04296875,,0
1782301542.935848,9903.863133,23.0,,3.0,603.04296875,,0
1782301543.035848,9903.963133,23.0,,3.0,603.04296875,,0
1782301543.135849,9904.063132,22.0,,3.0,603.04296875,,0
1782301543.235847,9904.163130,22.0,,3.0,603.04296875,,0
1782301543.335850,9904.263133,23.0,,3.0,603.04296875,,0
1782301543.435847,9904.363131,24.0,,3.0,603.04296875,,0
1782301543.535854,9904.463137,23.0,,3.0,603.04296875,,0
1782301543.635847,9904.563131,23.0,,3.0,603.04296875,,0
1782301543.735849,9904.663133,26.0,,2.0,603.04296875,,0
1782301543.835848,9904.763132,23.0,,3.0,603.04296875,,0
1782301543.935855,9904.863138,26.0,,2.0,603.04296875,,0
1782301544.035850,9904.963134,26.0,,3.0,603.04296875,,0
1782301544.135847,9905.063131,25.0,,3.0,603.04296875,,0
1782301544.235852,9905.163135,24.0,,2.0,603.04296875,,0
1782301544.335846,9905.263129,28.0,,3.0,603.04296875,,0
1782301544.435850,9905.363133,23.0,,3.0,603.04296875,,0
1782301544.535850,9905.463135,23.0,,3.0,603.04296875,,0
1782301544.635856,9905.563139,26.0,,3.0,603.04296875,,0
1782301544.735855,9905.663138,23.0,,3.0,603.04296875,,0
1782301544.835849,9905.763133,22.0,,2.0,603.04296875,,0
1782301544.935856,9905.863141,21.0,,3.0,603.04296875,,0
1782301545.035850,9905.963133,23.0,,2.0,603.04296875,,0
1782301545.135854,9906.063138,21.0,,3.0,603.04296875,,0
1782301545.235856,9906.163141,23.0,,3.0,603.04296875,,0
1782301545.335856,9906.263140,20.0,,3.0,603.04296875,,0
1782301545.435848,9906.363132,23.0,,2.0,603.04296875,,0
1782301545.535857,9906.463140,23.0,,2.0,603.04296875,,0
1782301545.635859,9906.563142,23.0,,3.0,603.04296875,,0
1782301545.735846,9906.663129,23.0,,3.0,603.04296875,,0
1782301545.835855,9906.763138,23.0,,3.0,603.04296875,,0
1782301545.935853,9906.863137,22.0,,4.0,603.04296875,,0
1782301546.035852,9906.963137,24.0,,2.0,603.04296875,,0
1782301546.135857,9907.063142,23.0,,3.0,603.04296875,,0
1782301546.235849,9907.163134,22.0,,4.0,603.04296875,,0
1782301546.335857,9907.263142,22.0,,3.0,603.04296875,,0
1782301546.435850,9907.363134,21.0,,3.0,603.04296875,,0
1782301546.535852,9907.463135,23.0,,3.0,603.04296875,,0
1782301546.635850,9907.563135,22.0,,3.0,603.04296875,,0
1782301546.735851,9907.663134,23.0,,3.0,603.04296875,,0
1782301546.835846,9907.763129,23.0,,5.0,603.04296875,,0
1782301546.935794,9907.863077,23.0,,3.0,603.04296875,,0
1782301547.035852,9907.963135,22.0,,3.0,603.04296875,,0
1782301547.135848,9908.063131,23.0,,3.0,603.04296875,,0
1782301547.235855,9908.163139,23.0,,3.0,603.04296875,,0
1782301547.335764,9908.263048,236.0,,100.0,603.04296875,,0
1782301547.435761,9908.363044,231.0,,100.0,603.04296875,,0
1782301547.535764,9908.463047,270.0,,100.0,603.04296875,,0
1782301547.635763,9908.563046,300.0,,100.0,603.04296875,,0
1782301547.735763,9908.663046,309.0,,100.0,603.04296875,,0
1782301547.835762,9908.763045,306.0,,100.0,603.04296875,,0
1782301547.935762,9908.863046,298.0,,100.0,603.04296875,,0
1782301548.035764,9908.963047,299.0,,100.0,603.04296875,,0
1782301548.135762,9909.063046,299.0,,100.0,603.04296875,,0
1782301548.235760,9909.163044,300.0,,100.0,603.04296875,,0
1782301548.335763,9909.263046,299.0,,100.0,603.04296875,,0
1782301548.435809,9909.363093,300.0,,100.0,603.04296875,,0
1782301548.535844,9909.463129,299.0,,100.0,603.04296875,,0
1782301548.635840,9909.563123,300.0,,100.0,603.04296875,,0
1782301548.735852,9909.663135,299.0,,100.0,603.04296875,,0
1782301548.835852,9909.763136,300.0,,100.0,603.04296875,,0
1782301548.935848,9909.863133,299.0,,100.0,603.04296875,,0
1782301549.035843,9909.963126,299.0,,100.0,603.04296875,,0
1782301549.135851,9910.063134,300.0,,100.0,603.04296875,,0
1782301549.235849,9910.163132,299.0,,100.0,603.04296875,,0
1782301549.335853,9910.263136,300.0,,100.0,603.04296875,,0
1782301549.435850,9910.363134,299.0,,100.0,603.04296875,,0
1782301549.535851,9910.463134,300.0,,100.0,603.04296875,,0
1782301549.635847,9910.563130,299.0,,100.0,603.04296875,,0
1782301549.735848,9910.663132,300.0,,100.0,603.04296875,,0
1782301549.835853,9910.763136,300.0,,100.0,603.04296875,,0
1782301549.935848,9910.863133,299.0,,100.0,603.04296875,,0
1782301550.035861,9910.963145,299.0,,100.0,603.04296875,,0
1782301550.135848,9911.063131,300.0,,100.0,603.04296875,,0
1782301550.235859,9911.163142,300.0,,100.0,603.04296875,,0
1782301550.335848,9911.263131,299.0,,100.0,603.04296875,,0
1782301550.435841,9911.363125,300.0,,100.0,603.04296875,,0
1782301550.535845,9911.463129,299.0,,100.0,603.04296875,,0
1782301550.635845,9911.563129,299.0,,100.0,603.04296875,,0
1782301550.735850,9911.663133,300.0,,100.0,603.04296875,,0
1782301550.835861,9911.763144,300.0,,100.0,603.04296875,,0
1782301550.935839,9911.863123,300.0,,100.0,603.04296875,,0
1782301551.035852,9911.963137,300.0,,100.0,603.04296875,,0
1782301551.135847,9912.063130,299.0,,100.0,603.04296875,,0
1782301551.235851,9912.163135,299.0,,100.0,603.04296875,,0
1782301551.335850,9912.263133,300.0,,100.0,603.04296875,,0
1782301551.435850,9912.363133,299.0,,100.0,603.04296875,,0
1782301551.535804,9912.463087,299.0,,100.0,603.04296875,,0
1782301551.635847,9912.563130,300.0,,100.0,603.04296875,,0
1782301551.735839,9912.663123,299.0,,100.0,603.04296875,,0
1782301551.835850,9912.763135,299.0,,100.0,603.04296875,,0
1782301551.935844,9912.863128,300.0,,100.0,603.04296875,,0
1782301552.035869,9912.963152,300.0,,100.0,603.04296875,,0
1782301552.135859,9913.063144,299.0,,100.0,603.04296875,,0
1782301552.235851,9913.163136,300.0,,100.0,603.04296875,,0
1782301552.335852,9913.263136,299.0,,100.0,603.04296875,,0
1782301552.435847,9913.363131,300.0,,100.0,603.04296875,,0
1782301552.535850,9913.463134,299.0,,100.0,603.04296875,,0
1782301552.635854,9913.563138,300.0,,100.0,603.04296875,,0
1782301552.735847,9913.663131,300.0,,100.0,603.04296875,,0
1782301552.835843,9913.763126,299.0,,100.0,603.04296875,,0
1782301552.935855,9913.863140,300.0,,100.0,603.04296875,,0
1782301553.035857,9913.963140,299.0,,100.0,603.04296875,,0
1782301553.135855,9914.063139,299.0,,100.0,603.04296875,,0
1782301553.235851,9914.163136,299.0,,100.0,603.04296875,,0
1782301553.335860,9914.263144,300.0,,100.0,603.04296875,,0
1782301553.435855,9914.363140,308.0,,100.0,603.04296875,,0
1782301553.535848,9914.463132,299.0,,100.0,603.04296875,,0
1782301553.635855,9914.563140,300.0,,100.0,603.04296875,,0
1782301553.735839,9914.663122,299.0,,100.0,603.04296875,,0
1782301553.835850,9914.763135,300.0,,100.0,603.04296875,,0
1782301553.935848,9914.863131,299.0,,100.0,603.04296875,,0
1782301554.035851,9914.963134,300.0,,100.0,603.04296875,,0
1782301554.135859,9915.063143,299.0,,100.0,603.04296875,,0
1782301554.235852,9915.163136,300.0,,100.0,603.04296875,,0
1782301554.335842,9915.263126,300.0,,100.0,603.04296875,,0
1782301554.435845,9915.363128,299.0,,100.0,603.04296875,,0
1782301554.535848,9915.463132,300.0,,100.0,603.04296875,,0
1782301554.635850,9915.563134,299.0,,100.0,603.04296875,,0
1782301554.735841,9915.663124,299.0,,100.0,603.04296875,,0
1782301554.835850,9915.763134,299.0,,100.0,603.04296875,,0
1782301554.935849,9915.863134,299.0,,100.0,603.04296875,,0
1782301555.035846,9915.963130,300.0,,100.0,603.04296875,,0
1782301555.135843,9916.063127,299.0,,100.0,603.04296875,,0
1782301555.235851,9916.163135,300.0,,100.0,603.04296875,,0
1782301555.335857,9916.263140,300.0,,100.0,603.04296875,,0
1782301555.435849,9916.363134,299.0,,100.0,603.04296875,,0
1782301555.535844,9916.463127,299.0,,100.0,603.04296875,,0
1782301555.635849,9916.563134,300.0,,100.0,603.04296875,,0
1782301555.735849,9916.663133,300.0,,100.0,603.04296875,,0
1782301555.835853,9916.763137,299.0,,100.0,603.04296875,,0
1782301555.935846,9916.863129,300.0,,100.0,603.04296875,,0
1782301556.035851,9916.963135,299.0,,100.0,603.04296875,,0
1782301556.135849,9917.063133,300.0,,100.0,603.04296875,,0
1782301556.235852,9917.163136,300.0,,100.0,603.04296875,,0
1782301556.335845,9917.263128,300.0,,100.0,603.04296875,,0
1782301556.435808,9917.363092,299.0,,100.0,603.04296875,,0
1782301556.535849,9917.463134,300.0,,100.0,603.04296875,,0
1782301556.635852,9917.563137,299.0,,100.0,603.04296875,,0
1782301556.735845,9917.663128,300.0,,100.0,603.04296875,,0
1782301556.835845,9917.763128,300.0,,100.0,603.04296875,,0
1782301556.935852,9917.863137,299.0,,100.0,603.04296875,,0
1782301557.035859,9917.963142,300.0,,100.0,603.04296875,,0
1782301557.135849,9918.063134,299.0,,100.0,603.04296875,,0
1782301557.235858,9918.163143,300.0,,100.0,603.04296875,,0
1782301557.335850,9918.263134,299.0,,100.0,603.04296875,,0
1782301557.435837,9918.363121,300.0,,100.0,603.04296875,,0
1782301557.535855,9918.463138,300.0,,100.0,603.04296875,,0
1782301557.635844,9918.563127,300.0,,100.0,603.04296875,,0
1782301557.735844,9918.663128,300.0,,100.0,603.04296875,,0
1782301557.835851,9918.763134,299.0,,100.0,603.04296875,,0
1782301557.935810,9918.863093,299.0,,100.0,603.04296875,,0
1782301558.035854,9918.963138,300.0,,100.0,603.04296875,,0
1782301558.135845,9919.063129,299.0,,100.0,603.04296875,,0
1782301558.235842,9919.163127,300.0,,100.0,603.04296875,,0
1782301558.335852,9919.263135,300.0,,100.0,603.04296875,,0
1782301558.435845,9919.363128,300.0,,100.0,603.04296875,,0
1782301558.535852,9919.463136,299.0,,100.0,603.04296875,,0
1782301558.635849,9919.563132,299.0,,100.0,603.04296875,,0
1782301558.735841,9919.663124,300.0,,100.0,603.04296875,,0
1782301558.835846,9919.763130,300.0,,100.0,603.04296875,,0
1782301558.935841,9919.863125,299.0,,100.0,603.04296875,,0
1782301559.035851,9919.963136,300.0,,100.0,603.04296875,,0
1782301559.135844,9920.063128,305.0,,100.0,603.04296875,,0
1782301559.235856,9920.163139,277.0,,100.0,603.04296875,,0
1782301559.335867,9920.263152,299.0,,100.0,603.04296875,,0
1782301559.435850,9920.363135,292.0,,100.0,603.04296875,,0
1782301559.535816,9920.463100,312.0,,100.0,603.04296875,,0
1782301559.635850,9920.563135,304.0,,100.0,603.04296875,,0
1782301559.735845,9920.663129,307.0,,100.0,603.04296875,,0
1782301559.835857,9920.763141,300.0,,100.0,603.04296875,,0
1782301559.935814,9920.863097,285.0,,100.0,603.04296875,,0
1782301560.035850,9920.963135,310.0,,100.0,603.04296875,,0
1782301560.135852,9921.063135,291.0,,99.0,603.04296875,,0
1782301560.235851,9921.163135,294.0,,100.0,603.04296875,,0
1782301560.335839,9921.263123,317.0,,100.0,603.04296875,,0
1782301560.435841,9921.363124,285.0,,100.0,603.04296875,,0
1782301560.535837,9921.463120,291.0,,100.0,603.04296875,,0
1782301560.635837,9921.563120,300.0,,100.0,603.04296875,,0
1782301560.735852,9921.663138,299.0,,100.0,603.04296875,,0
1782301560.835850,9921.763136,300.0,,100.0,603.04296875,,0
1782301560.935850,9921.863133,299.0,,100.0,603.04296875,,0
1782301561.035849,9921.963134,299.0,,100.0,603.04296875,,0
1782301561.135847,9922.063131,300.0,,100.0,603.04296875,,0
1782301561.235849,9922.163133,299.0,,100.0,603.04296875,,0
1782301561.335845,9922.263128,299.0,,100.0,603.04296875,,0
1782301561.435848,9922.363132,300.0,,100.0,603.04296875,,0
1782301561.535847,9922.463132,300.0,,100.0,603.04296875,,0
1782301561.635857,9922.563140,299.0,,100.0,603.04296875,,0
1782301561.735848,9922.663132,300.0,,100.0,603.04296875,,0
1782301561.835850,9922.763136,299.0,,100.0,603.04296875,,0
1782301561.935852,9922.863136,299.0,,100.0,603.04296875,,0
1782301562.035843,9922.963128,300.0,,100.0,603.04296875,,0
1782301562.135809,9923.063093,300.0,,100.0,603.04296875,,0
1782301562.235850,9923.163134,300.0,,100.0,603.04296875,,0
1782301562.335847,9923.263131,299.0,,100.0,603.04296875,,0
1782301562.435843,9923.363127,299.0,,100.0,603.04296875,,0
1782301562.535854,9923.463137,300.0,,100.0,603.04296875,,0
1782301562.635752,9923.563037,299.0,,100.0,603.04296875,,0
1782301562.735842,9923.663127,300.0,,100.0,603.04296875,,0
1782301562.835848,9923.763133,300.0,,100.0,603.04296875,,0
1782301562.935842,9923.863125,299.0,,100.0,603.04296875,,0
1782301563.035847,9923.963131,299.0,,100.0,603.04296875,,0
1782301563.135850,9924.063134,299.0,,100.0,603.04296875,,0
1782301563.235850,9924.163134,300.0,,100.0,603.04296875,,0
1782301563.335850,9924.263133,300.0,,100.0,603.04296875,,0
1782301563.435845,9924.363128,299.0,,100.0,603.04296875,,0
1782301563.535848,9924.463132,300.0,,100.0,603.04296875,,0
1782301563.635851,9924.563134,300.0,,100.0,603.04296875,,0
1782301563.735844,9924.663127,300.0,,100.0,603.04296875,,0
1782301563.835849,9924.763133,299.0,,100.0,603.04296875,,0
1782301563.935845,9924.863129,299.0,,100.0,603.04296875,,0
1782301564.035850,9924.963133,300.0,,100.0,603.04296875,,0
1782301564.135854,9925.063137,299.0,,100.0,603.04296875,,0
1782301564.235852,9925.163136,300.0,,100.0,603.04296875,,0
1782301564.335843,9925.263127,299.0,,100.0,603.04296875,,0
1782301564.435843,9925.363127,300.0,,100.0,603.04296875,,0
1782301564.535843,9925.463127,299.0,,100.0,603.04296875,,0
1782301564.635848,9925.563133,300.0,,100.0,603.04296875,,0
1782301564.735854,9925.663138,300.0,,100.0,603.04296875,,0
1782301564.835724,9925.763007,299.0,,100.0,603.04296875,,0
1782301564.935845,9925.863129,300.0,,100.0,603.04296875,,0
1782301565.035856,9925.963139,300.0,,100.0,603.04296875,,0
1782301565.135858,9926.063141,300.0,,100.0,603.04296875,,0
1782301565.235855,9926.163138,299.0,,100.0,603.04296875,,0
1782301565.335868,9926.263151,300.0,,100.0,603.04296875,,0
1782301565.435858,9926.363142,299.0,,100.0,603.04296875,,0
1782301565.535838,9926.463121,299.0,,100.0,603.04296875,,0
1782301565.635843,9926.563126,299.0,,100.0,603.04296875,,0
1782301565.735851,9926.663135,300.0,,100.0,603.04296875,,0
1782301565.835850,9926.763134,300.0,,100.0,603.04296875,,0
1782301565.935853,9926.863136,299.0,,100.0,603.04296875,,0
1782301566.035844,9926.963127,299.0,,100.0,603.04296875,,0
1782301566.135849,9927.063132,300.0,,100.0,603.04296875,,0
1782301566.235847,9927.163130,300.0,,100.0,603.04296875,,0
1782301566.335848,9927.263132,300.0,,100.0,603.04296875,,0
1782301566.435848,9927.363132,299.0,,100.0,603.04296875,,0
1782301566.535849,9927.463132,300.0,,100.0,603.04296875,,0
1782301566.635854,9927.563138,299.0,,100.0,603.04296875,,0
1782301566.735852,9927.663136,300.0,,100.0,603.04296875,,0
1782301566.835847,9927.763131,299.0,,100.0,603.04296875,,0
1782301566.935842,9927.863127,299.0,,100.0,603.04296875,,0
1782301567.035852,9927.963135,300.0,,100.0,603.04296875,,0
1782301567.135854,9928.063138,299.0,,100.0,603.04296875,,0
1782301567.235849,9928.163132,300.0,,100.0,603.04296875,,0
1782301567.335848,9928.263131,299.0,,100.0,603.04296875,,0
1782301567.435854,9928.363138,299.0,,100.0,603.04296875,,0
1782301567.535810,9928.463093,299.0,,100.0,603.04296875,,0
1782301567.635848,9928.563131,300.0,,100.0,603.04296875,,0
1782301567.735845,9928.663128,299.0,,100.0,603.04296875,,0
1782301567.835846,9928.763131,299.0,,100.0,603.04296875,,0
1782301567.935844,9928.863128,300.0,,100.0,603.04296875,,0
1782301568.035845,9928.963130,299.0,,100.0,603.04296875,,0
1782301568.135843,9929.063126,300.0,,100.0,603.04296875,,0
1782301568.235844,9929.163128,300.0,,100.0,603.04296875,,0
1782301568.335843,9929.263126,300.0,,100.0,603.04296875,,0
1782301568.435850,9929.363134,299.0,,100.0,603.04296875,,0
1782301568.535850,9929.463133,300.0,,100.0,603.04296875,,0
1782301568.635848,9929.563132,299.0,,100.0,603.04296875,,0
1782301568.735855,9929.663138,300.0,,100.0,603.04296875,,0
1782301568.835844,9929.763128,299.0,,100.0,603.04296875,,0
1782301568.935842,9929.863125,300.0,,100.0,603.04296875,,0
1782301569.035848,9929.963133,299.0,,100.0,603.04296875,,0
1782301569.135841,9930.063126,300.0,,100.0,603.04296875,,0
1782301569.235845,9930.163128,299.0,,100.0,603.04296875,,0
1782301569.335854,9930.263139,300.0,,100.0,603.04296875,,0
1782301569.435846,9930.363129,299.0,,100.0,603.04296875,,0
1782301569.535844,9930.463127,300.0,,100.0,603.04296875,,0
1782301569.635840,9930.563123,300.0,,100.0,603.04296875,,0
1782301569.735841,9930.663125,300.0,,100.0,603.04296875,,0
1782301569.835839,9930.763122,299.0,,100.0,603.04296875,,0
1782301569.935841,9930.863124,299.0,,100.0,603.04296875,,0
1782301570.035850,9930.963133,300.0,,100.0,603.04296875,,0
1782301570.135867,9931.063151,299.0,,100.0,603.04296875,,0
1782301570.235847,9931.163130,300.0,,100.0,603.04296875,,0
1782301570.335838,9931.263121,299.0,,100.0,603.04296875,,0
1782301570.435845,9931.363129,300.0,,100.0,603.04296875,,0
1782301570.535850,9931.463134,300.0,,100.0,603.04296875,,0
1782301570.635839,9931.563123,299.0,,100.0,603.04296875,,0
1782301570.735847,9931.663132,299.0,,100.0,603.04296875,,0
1782301570.835844,9931.763128,300.0,,100.0,603.04296875,,0
1782301570.935845,9931.863130,300.0,,100.0,603.04296875,,0
1782301571.035851,9931.963136,299.0,,100.0,603.04296875,,0
1782301571.135840,9932.063125,300.0,,100.0,603.04296875,,0
1782301571.235847,9932.163131,299.0,,100.0,603.04296875,,0
1782301571.335848,9932.263132,300.0,,100.0,603.04296875,,0
1782301571.435852,9932.363135,300.0,,100.0,603.04296875,,0
1782301571.535850,9932.463134,299.0,,100.0,603.04296875,,0
1782301571.635855,9932.563139,300.0,,100.0,603.04296875,,0
1782301571.735851,9932.663136,299.0,,100.0,603.04296875,,0
1782301571.835847,9932.763131,299.0,,100.0,603.04296875,,0
1782301571.935843,9932.863127,300.0,,100.0,603.04296875,,0
1782301572.035853,9932.963138,300.0,,100.0,603.04296875,,0
1782301572.135839,9933.063124,299.0,,100.0,603.04296875,,0
1782301572.235845,9933.163128,299.0,,100.0,603.04296875,,0
1782301572.335846,9933.263130,300.0,,100.0,603.04296875,,0
1782301572.435855,9933.363140,300.0,,100.0,603.04296875,,0
1782301572.535846,9933.463131,299.0,,100.0,603.04296875,,0
1782301572.635843,9933.563126,299.0,,100.0,603.04296875,,0
1782301572.735847,9933.663132,300.0,,100.0,603.04296875,,0
1782301572.835839,9933.763124,299.0,,100.0,603.04296875,,0
1782301572.935841,9933.863125,299.0,,100.0,603.04296875,,0
1782301573.035853,9933.963138,300.0,,100.0,603.04296875,,0
1782301573.135845,9934.063129,299.0,,100.0,603.04296875,,0
1782301573.235848,9934.163131,299.0,,100.0,603.04296875,,0
1782301573.335847,9934.263130,300.0,,100.0,603.04296875,,0
1782301573.435844,9934.363127,299.0,,100.0,603.04296875,,0
1782301573.535855,9934.463138,299.0,,100.0,603.04296875,,0
1782301573.635844,9934.563127,300.0,,100.0,603.04296875,,0
1782301573.735844,9934.663129,299.0,,100.0,603.04296875,,0
1782301573.835849,9934.763132,300.0,,100.0,603.04296875,,0
1782301573.935849,9934.863132,299.0,,100.0,603.04296875,,0
1782301574.035848,9934.963131,300.0,,100.0,603.04296875,,0
1782301574.135848,9935.063132,299.0,,100.0,603.04296875,,0
1782301574.235848,9935.163132,299.0,,100.0,603.04296875,,0
1782301574.335853,9935.263136,300.0,,100.0,603.04296875,,0
1782301574.435849,9935.363132,300.0,,100.0,603.04296875,,0
1782301574.535846,9935.463130,299.0,,100.0,603.04296875,,0
1782301574.635845,9935.563129,300.0,,100.0,603.04296875,,0
1782301574.735849,9935.663133,299.0,,100.0,603.04296875,,0
1782301574.835852,9935.763135,300.0,,100.0,603.04296875,,0
1782301574.935846,9935.863129,299.0,,100.0,603.04296875,,0
1782301575.035840,9935.963124,300.0,,100.0,603.04296875,,0
1782301575.135848,9936.063131,299.0,,100.0,603.04296875,,0
1782301575.235852,9936.163136,299.0,,100.0,603.04296875,,0
1782301575.335853,9936.263136,300.0,,100.0,603.04296875,,0
1782301575.435858,9936.363141,299.0,,100.0,603.04296875,,0
1782301575.535810,9936.463093,299.0,,100.0,603.04296875,,0
1782301575.635847,9936.563130,299.0,,100.0,603.04296875,,0
1782301575.735851,9936.663135,300.0,,100.0,603.04296875,,0
1782301575.835848,9936.763132,300.0,,100.0,603.04296875,,0
1782301575.935843,9936.863128,299.0,,100.0,603.04296875,,0
1782301576.035840,9936.963123,299.0,,100.0,603.04296875,,0
1782301576.135851,9937.063135,300.0,,100.0,603.04296875,,0
1782301576.235846,9937.163129,313.0,,99.0,603.04296875,,0
1782301576.335847,9937.263131,290.0,,100.0,603.04296875,,0
1782301576.435855,9937.363138,302.0,,100.0,603.04296875,,0
1782301576.535846,9937.463129,288.0,,100.0,603.04296875,,0
1782301576.635842,9937.563126,303.0,,100.0,603.04296875,,0
1782301576.735846,9937.663130,305.0,,100.0,603.04296875,,0
1782301576.835840,9937.763124,299.0,,100.0,603.04296875,,0
1782301576.935848,9937.863131,314.0,,100.0,603.04296875,,0
1782301577.035844,9937.963127,289.0,,100.0,603.04296875,,0
1782301577.135864,9938.063147,299.0,,100.0,603.04296875,,0
1782301577.235847,9938.163130,301.0,,100.0,603.04296875,,0
1782301577.335853,9938.263136,309.0,,100.0,603.04296875,,0
1782301577.435842,9938.363126,305.0,,100.0,603.04296875,,0
1782301577.535838,9938.463121,300.0,,100.0,603.04296875,,0
1782301577.636168,9938.563452,300.0,,100.0,603.04296875,,0
1782301577.735849,9938.663132,299.0,,100.0,603.04296875,,0
1782301577.835842,9938.763125,299.0,,100.0,603.04296875,,0
1782301577.935853,9938.863137,300.0,,100.0,603.04296875,,0
1782301578.035849,9938.963135,299.0,,100.0,603.04296875,,0
1782301578.135844,9939.063128,299.0,,100.0,603.04296875,,0
1782301578.235844,9939.163127,300.0,,100.0,603.04296875,,0
1782301578.335851,9939.263135,299.0,,100.0,603.04296875,,0
1782301578.435853,9939.363136,283.0,,100.0,603.04296875,,0
1782301578.535847,9939.463130,305.0,,100.0,603.04296875,,0
1782301578.635849,9939.563132,299.0,,100.0,603.04296875,,0
1782301578.735849,9939.663133,300.0,,100.0,603.04296875,,0
1782301578.835854,9939.763137,299.0,,100.0,603.04296875,,0
1782301578.935847,9939.863130,300.0,,100.0,603.04296875,,0
1782301579.035852,9939.963135,300.0,,100.0,603.04296875,,0
1782301579.135845,9940.063128,299.0,,100.0,603.04296875,,0
1782301579.235850,9940.163133,300.0,,100.0,603.04296875,,0
1782301579.335849,9940.263132,299.0,,100.0,603.04296875,,0
1782301579.435849,9940.363132,300.0,,100.0,603.04296875,,0
1782301579.535849,9940.463133,300.0,,100.0,603.04296875,,0
1782301579.635846,9940.563129,299.0,,100.0,603.04296875,,0
1782301579.735851,9940.663135,299.0,,100.0,603.04296875,,0
1782301579.835843,9940.763127,300.0,,100.0,603.04296875,,0
1782301579.935846,9940.863129,299.0,,100.0,603.04296875,,0
1782301580.035937,9940.963220,300.0,,100.0,603.04296875,,0
1782301580.135847,9941.063131,299.0,,100.0,603.04296875,,0
1782301580.235846,9941.163130,299.0,,100.0,603.04296875,,0
1782301580.335857,9941.263142,299.0,,100.0,603.04296875,,0
1782301580.435857,9941.363141,299.0,,100.0,603.04296875,,0
1782301580.535845,9941.463129,301.0,,100.0,603.04296875,,0
1782301580.635854,9941.563139,299.0,,100.0,603.04296875,,0
1782301580.735854,9941.663138,300.0,,100.0,603.04296875,,0
1782301580.835852,9941.763135,299.0,,100.0,603.04296875,,0
1782301580.935848,9941.863132,300.0,,100.0,603.04296875,,0
1782301581.035841,9941.963124,299.0,,100.0,603.04296875,,0
1782301581.135847,9942.063130,300.0,,100.0,603.04296875,,0
1782301581.235843,9942.163127,299.0,,100.0,603.04296875,,0
1782301581.335851,9942.263135,300.0,,100.0,603.04296875,,0
1782301581.435843,9942.363126,299.0,,100.0,603.04296875,,0
1782301581.535748,9942.463033,300.0,,100.0,603.04296875,,0
1782301581.635844,9942.563127,299.0,,100.0,603.04296875,,0
1782301581.735846,9942.663131,299.0,,100.0,603.04296875,,0
1782301581.835838,9942.763122,300.0,,100.0,603.04296875,,0
1782301581.935814,9942.863097,299.0,,100.0,603.04296875,,0
1782301582.035841,9942.963124,300.0,,100.0,603.04296875,,0
1782301582.135843,9943.063126,299.0,,100.0,603.04296875,,0
1782301582.235839,9943.163122,300.0,,100.0,603.04296875,,0
1782301582.335847,9943.263130,154.0,,43.0,603.04296875,,0
1782301582.435852,9943.363136,46.0,,3.0,603.04296875,,0
1782301582.535855,9943.463140,43.0,,3.0,603.04296875,,0
1782301582.635847,9943.563130,42.0,,3.0,603.04296875,,0
1782301582.735848,9943.663131,31.0,,3.0,603.04296875,,0
1782301582.835851,9943.763135,24.0,,3.0,603.04296875,,0
1782301582.935852,9943.863136,26.0,,3.0,603.04296875,,0
1782301583.035850,9943.963135,24.0,,3.0,603.04296875,,0
1782301583.135843,9944.063128,26.0,,4.0,603.04296875,,0
1782301583.235845,9944.163129,25.0,,3.0,603.04296875,,0
1782301583.335847,9944.263130,24.0,,2.0,603.04296875,,0
1782301583.435849,9944.363134,24.0,,3.0,603.04296875,,0
1782301583.535846,9944.463129,24.0,,2.0,603.04296875,,0
1782301583.635849,9944.563134,25.0,,4.0,603.04296875,,0
1782301583.735852,9944.663137,23.0,,3.0,603.04296875,,0
1782301583.835850,9944.763135,22.0,,3.0,603.04296875,,0
1782301583.935856,9944.863139,22.0,,3.0,603.04296875,,0
1782301584.035852,9944.963137,23.0,,3.0,603.04296875,,0
1782301584.135854,9945.063139,24.0,,3.0,603.04296875,,0
1782301584.235855,9945.163140,25.0,,3.0,603.04296875,,0
1782301584.335851,9945.263135,23.0,,3.0,603.04296875,,0
1782301584.435849,9945.363132,24.0,,3.0,603.04296875,,0
1782301584.535845,9945.463129,25.0,,3.0,603.04296875,,0
1782301584.635850,9945.563135,23.0,,3.0,603.04296875,,0
1782301584.735846,9945.663129,23.0,,3.0,603.04296875,,0
1782301584.835856,9945.763141,22.0,,3.0,603.04296875,,0
1782301584.935851,9945.863134,25.0,,3.0,603.04296875,,0
1782301585.035848,9945.963131,23.0,,3.0,603.04296875,,0
1782301585.135852,9946.063136,23.0,,3.0,603.04296875,,0
1782301585.235845,9946.163130,23.0,,4.0,603.04296875,,0
1782301585.335852,9946.263135,22.0,,2.0,603.04296875,,0
1782301585.435849,9946.363134,22.0,,3.0,603.04296875,,0
1782301585.535847,9946.463131,22.0,,3.0,603.04296875,,0
1782301585.635851,9946.563136,22.0,,3.0,603.04296875,,0
1782301585.735847,9946.663130,25.0,,3.0,603.04296875,,0
1782301585.835845,9946.763128,23.0,,3.0,603.04296875,,0
1782301585.935846,9946.863130,23.0,,3.0,603.04296875,,0
1782301586.035849,9946.963134,23.0,,3.0,603.04296875,,0
1782301586.135847,9947.063131,25.0,,3.0,603.04296875,,0
1782301586.235846,9947.163129,25.0,,3.0,603.04296875,,0
1782301586.335844,9947.263127,23.0,,3.0,603.04296875,,0
1782301586.435847,9947.363130,23.0,,3.0,603.04296875,,0
1782301586.535847,9947.463130,25.0,,3.0,603.04296875,,0
1782301586.635843,9947.563127,24.0,,3.0,603.04296875,,0
1782301586.735851,9947.663135,23.0,,3.0,603.04296875,,0
1782301586.835848,9947.763131,22.0,,3.0,603.04296875,,0
1782301586.935848,9947.863131,25.0,,3.0,603.04296875,,0
1782301587.035847,9947.963130,23.0,,3.0,603.04296875,,0
1782301587.135851,9948.063135,22.0,,3.0,603.04296875,,0
1782301587.235849,9948.163134,21.0,,3.0,603.04296875,,0
1782301587.335807,9948.263091,127.0,,60.0,603.04296875,,0
1782301587.435815,9948.363098,226.0,,100.0,603.04296875,,0
1782301587.535847,9948.463130,263.0,,100.0,603.04296875,,0
1782301587.635852,9948.563135,294.0,,100.0,603.04296875,,0
1782301587.735855,9948.663140,297.0,,100.0,603.04296875,,0
1782301587.835896,9948.763180,302.0,,100.0,603.04296875,,0
1782301587.935846,9948.863130,305.0,,100.0,603.04296875,,0
1782301588.035855,9948.963140,301.0,,100.0,603.04296875,,0
1782301588.135838,9949.063121,298.0,,100.0,603.04296875,,0
1782301588.235849,9949.163132,299.0,,100.0,603.04296875,,0
1782301588.335853,9949.263138,300.0,,100.0,603.04296875,,0
1782301588.435848,9949.363132,300.0,,100.0,603.04296875,,0
1782301588.535850,9949.463134,299.0,,100.0,603.04296875,,0
1782301588.635846,9949.563129,300.0,,100.0,603.04296875,,0
1782301588.735817,9949.663101,299.0,,100.0,603.04296875,,0
1782301588.835838,9949.763121,300.0,,100.0,603.04296875,,0
1782301588.935845,9949.863129,299.0,,100.0,603.04296875,,0
1782301589.035849,9949.963132,299.0,,100.0,603.04296875,,0
1782301589.135854,9950.063138,299.0,,100.0,603.04296875,,0
1782301589.235840,9950.163124,300.0,,100.0,603.04296875,,0
1782301589.335837,9950.263120,300.0,,100.0,603.04296875,,0
1782301589.435846,9950.363129,299.0,,100.0,603.04296875,,0
1782301589.535848,9950.463133,300.0,,100.0,603.04296875,,0
1782301589.635844,9950.563129,300.0,,100.0,603.04296875,,0
1782301589.735843,9950.663126,300.0,,100.0,603.04296875,,0
1782301589.835843,9950.763127,299.0,,100.0,603.04296875,,0
1782301589.935851,9950.863136,300.0,,100.0,603.04296875,,0
1782301590.035846,9950.963130,300.0,,100.0,603.04296875,,0
1782301590.135843,9951.063126,299.0,,100.0,603.04296875,,0
1782301590.235847,9951.163130,300.0,,100.0,603.04296875,,0
1782301590.335848,9951.263132,300.0,,100.0,603.04296875,,0
1782301590.435844,9951.363128,300.0,,100.0,603.04296875,,0
1782301590.535849,9951.463133,299.0,,100.0,603.04296875,,0
1782301590.635847,9951.563130,300.0,,100.0,603.04296875,,0
1782301590.735852,9951.663136,299.0,,100.0,603.04296875,,0
1782301590.835853,9951.763136,299.0,,100.0,603.04296875,,0
1782301590.935849,9951.863132,300.0,,100.0,603.04296875,,0
1782301591.035847,9951.963131,299.0,,100.0,603.04296875,,0
1782301591.135846,9952.063131,300.0,,100.0,603.04296875,,0
1782301591.235845,9952.163129,300.0,,100.0,603.04296875,,0
1782301591.335840,9952.263123,299.0,,100.0,603.04296875,,0
1782301591.435842,9952.363127,299.0,,100.0,603.04296875,,0
1782301591.535846,9952.463129,300.0,,100.0,603.04296875,,0
1782301591.635846,9952.563129,299.0,,100.0,603.04296875,,0
1782301591.735848,9952.663132,300.0,,100.0,603.04296875,,0
1782301591.835838,9952.763121,299.0,,100.0,603.04296875,,0
1782301591.935854,9952.863138,300.0,,100.0,603.04296875,,0
1782301592.035859,9952.963142,300.0,,100.0,603.04296875,,0
1782301592.135854,9953.063137,299.0,,100.0,603.04296875,,0
1782301592.235853,9953.163136,300.0,,100.0,603.04296875,,0
1782301592.335844,9953.263128,300.0,,100.0,603.04296875,,0
1782301592.435850,9953.363133,300.0,,100.0,603.04296875,,0
1782301592.535854,9953.463137,299.0,,100.0,603.04296875,,0
1782301592.635853,9953.563136,299.0,,100.0,603.04296875,,0
1782301592.735849,9953.663134,300.0,,100.0,603.04296875,,0
1782301592.835842,9953.763125,298.0,,100.0,603.04296875,,0
1782301592.935846,9953.863130,300.0,,100.0,603.04296875,,0
1782301593.035839,9953.963122,299.0,,100.0,603.04296875,,0
1782301593.135851,9954.063134,299.0,,100.0,603.04296875,,0
1782301593.235841,9954.163125,300.0,,100.0,603.04296875,,0
1782301593.335801,9954.263084,307.0,,100.0,603.04296875,,0
1782301593.435850,9954.363135,300.0,,100.0,603.04296875,,0
1782301593.535849,9954.463132,303.0,,100.0,603.04296875,,0
1782301593.635844,9954.563127,307.0,,100.0,603.04296875,,0
1782301593.735850,9954.663133,300.0,,100.0,603.04296875,,0
1782301593.835848,9954.763132,299.0,,100.0,603.04296875,,0
1782301593.935850,9954.863135,300.0,,100.0,603.04296875,,0
1782301594.035858,9954.963143,302.0,,100.0,603.04296875,,0
1782301594.135857,9955.063140,298.0,,100.0,603.04296875,,0
1782301594.235850,9955.163135,288.0,,100.0,603.04296875,,0
1782301594.335839,9955.263122,296.0,,100.0,603.04296875,,0
1782301594.435838,9955.363123,299.0,,100.0,603.04296875,,0
1782301594.535844,9955.463127,305.0,,100.0,603.04296875,,0
1782301594.635839,9955.563123,298.0,,100.0,603.04296875,,0
1782301594.735852,9955.663137,296.0,,100.0,603.04296875,,0
1782301594.835845,9955.763129,300.0,,100.0,603.04296875,,0
1782301594.935846,9955.863131,299.0,,100.0,603.04296875,,0
1782301595.035847,9955.963132,300.0,,100.0,603.04296875,,0
1782301595.135852,9956.063136,293.0,,100.0,603.04296875,,0
1782301595.235854,9956.163139,292.0,,100.0,603.04296875,,0
1782301595.335843,9956.263128,297.0,,100.0,603.04296875,,0
1782301595.435848,9956.363132,300.0,,99.0,603.04296875,,0
1782301595.535846,9956.463131,300.0,,100.0,603.04296875,,0
1782301595.635844,9956.563128,299.0,,100.0,603.04296875,,0
1782301595.735846,9956.663130,300.0,,100.0,603.04296875,,0
1782301595.835845,9956.763129,299.0,,100.0,603.04296875,,0
1782301595.935847,9956.863131,300.0,,100.0,603.04296875,,0
1782301596.035768,9956.963051,300.0,,100.0,603.04296875,,0
1782301596.135843,9957.063128,299.0,,100.0,603.04296875,,0
1782301596.235847,9957.163132,299.0,,100.0,603.04296875,,0
1782301596.335856,9957.263140,299.0,,100.0,603.04296875,,0
1782301596.435848,9957.363133,300.0,,100.0,603.04296875,,0
1782301596.535849,9957.463133,299.0,,100.0,603.04296875,,0
1782301596.635852,9957.563136,300.0,,100.0,603.04296875,,0
1782301596.735847,9957.663132,299.0,,100.0,603.04296875,,0
1782301596.835840,9957.763124,299.0,,100.0,603.04296875,,0
1782301596.935846,9957.863129,299.0,,100.0,603.04296875,,0
1782301597.035844,9957.963127,300.0,,100.0,603.04296875,,0
1782301597.135840,9958.063123,299.0,,100.0,603.04296875,,0
1782301597.235846,9958.163129,300.0,,100.0,603.04296875,,0
1782301597.335845,9958.263128,299.0,,100.0,603.04296875,,0
1782301597.435844,9958.363128,300.0,,100.0,603.04296875,,0
1782301597.535844,9958.463128,299.0,,100.0,603.04296875,,0
1782301597.635843,9958.563126,299.0,,100.0,603.04296875,,0
1782301597.735848,9958.663131,300.0,,100.0,603.04296875,,0
1782301597.835838,9958.763123,299.0,,100.0,603.04296875,,0
1782301597.935852,9958.863136,300.0,,100.0,603.04296875,,0
1782301598.035842,9958.963127,300.0,,100.0,603.04296875,,0
1782301598.135843,9959.063126,299.0,,100.0,603.04296875,,0
1782301598.235750,9959.163034,299.0,,100.0,603.04296875,,0
1782301598.335845,9959.263129,300.0,,100.0,603.04296875,,0
1782301598.435844,9959.363127,299.0,,100.0,603.04296875,,0
1782301598.535844,9959.463129,300.0,,100.0,603.04296875,,0
1782301598.635849,9959.563135,299.0,,100.0,603.04296875,,0
1782301598.735846,9959.663130,299.0,,100.0,603.04296875,,0
1782301598.835847,9959.763132,300.0,,100.0,603.04296875,,0
1782301598.935842,9959.863126,300.0,,100.0,603.04296875,,0
1782301599.035846,9959.963130,299.0,,100.0,603.04296875,,0
1782301599.135847,9960.063131,299.0,,100.0,603.04296875,,0
1782301599.235844,9960.163127,299.0,,100.0,603.04296875,,0
1782301599.335846,9960.263130,300.0,,100.0,603.04296875,,0
1782301599.435843,9960.363128,299.0,,100.0,603.04296875,,0
1782301599.535845,9960.463130,300.0,,100.0,603.04296875,,0
1782301599.635845,9960.563129,300.0,,100.0,603.04296875,,0
1782301599.735789,9960.663073,300.0,,100.0,603.04296875,,0
1782301599.835854,9960.763139,299.0,,100.0,603.04296875,,0
1782301599.935848,9960.863132,299.0,,100.0,603.04296875,,0
1782301600.035847,9960.963132,300.0,,100.0,603.04296875,,0
1782301600.135851,9961.063135,300.0,,100.0,603.04296875,,0
1782301600.235844,9961.163129,299.0,,100.0,603.04296875,,0
1782301600.335847,9961.263131,300.0,,100.0,603.04296875,,0
1782301600.435843,9961.363127,299.0,,100.0,603.04296875,,0
1782301600.535841,9961.463126,300.0,,100.0,603.04296875,,0
1782301600.635845,9961.563130,299.0,,100.0,603.04296875,,0
1782301600.735847,9961.663131,300.0,,100.0,603.04296875,,0
1782301600.835845,9961.763129,299.0,,100.0,603.04296875,,0
1782301600.935848,9961.863132,299.0,,100.0,603.04296875,,0
1782301601.035843,9961.963126,299.0,,100.0,603.04296875,,0
1782301601.135865,9962.063149,300.0,,100.0,603.04296875,,0
1782301601.235852,9962.163136,299.0,,100.0,603.04296875,,0
1782301601.335844,9962.263128,299.0,,100.0,603.04296875,,0
1782301601.435854,9962.363139,300.0,,100.0,603.04296875,,0
1782301601.535844,9962.463129,300.0,,100.0,603.04296875,,0
1782301601.635842,9962.563127,300.0,,100.0,603.04296875,,0
1782301601.735841,9962.663126,299.0,,100.0,603.04296875,,0
1782301601.835850,9962.763135,299.0,,100.0,603.04296875,,0
1782301601.935846,9962.863130,300.0,,100.0,603.04296875,,0
1782301602.035854,9962.963138,299.0,,100.0,603.04296875,,0
1782301602.135850,9963.063135,300.0,,100.0,603.04296875,,0
1782301602.235839,9963.163122,299.0,,100.0,603.04296875,,0
1782301602.335843,9963.263127,300.0,,100.0,603.04296875,,0
1782301602.435851,9963.363135,300.0,,100.0,603.04296875,,0
1782301602.535847,9963.463131,300.0,,100.0,603.04296875,,0
1782301602.635847,9963.563131,299.0,,100.0,603.04296875,,0
1782301602.735846,9963.663131,299.0,,100.0,603.04296875,,0
1782301602.835844,9963.763128,299.0,,100.0,603.04296875,,0
1782301602.935850,9963.863135,300.0,,100.0,603.04296875,,0
1782301603.035852,9963.963137,299.0,,100.0,603.04296875,,0
1782301603.135849,9964.063134,299.0,,100.0,603.04296875,,0
1782301603.235845,9964.163129,299.0,,100.0,603.04296875,,0
1782301603.335846,9964.263131,300.0,,100.0,603.04296875,,0
1782301603.435842,9964.363127,299.0,,100.0,603.04296875,,0
1782301603.535844,9964.463128,300.0,,100.0,603.04296875,,0
1782301603.635844,9964.563128,299.0,,100.0,603.04296875,,0
1782301603.735844,9964.663129,299.0,,100.0,603.04296875,,0
1782301603.835839,9964.763122,299.0,,100.0,603.04296875,,0
1782301603.935841,9964.863124,299.0,,100.0,603.04296875,,0
1782301604.035847,9964.963131,300.0,,100.0,603.04296875,,0
1782301604.135846,9965.063130,299.0,,100.0,603.04296875,,0
1782301604.235848,9965.163133,299.0,,100.0,603.04296875,,0
1782301604.335846,9965.263130,300.0,,100.0,603.04296875,,0
1782301604.435845,9965.363129,299.0,,100.0,603.04296875,,0
1782301604.535850,9965.463134,299.0,,100.0,603.04296875,,0
1782301604.635846,9965.563129,300.0,,100.0,603.04296875,,0
1782301604.735841,9965.663126,299.0,,100.0,603.04296875,,0
1782301604.835842,9965.763126,299.0,,100.0,603.04296875,,0
1782301604.935840,9965.863123,299.0,,100.0,603.04296875,,0
1782301605.035851,9965.963135,300.0,,100.0,603.04296875,,0
1782301605.135848,9966.063131,299.0,,100.0,603.04296875,,0
1782301605.235846,9966.163130,300.0,,100.0,603.04296875,,0
1782301605.335845,9966.263128,299.0,,100.0,603.04296875,,0
1782301605.435840,9966.363123,300.0,,100.0,603.04296875,,0
1782301605.535846,9966.463129,299.0,,100.0,603.04296875,,0
1782301605.635845,9966.563128,300.0,,100.0,603.04296875,,0
1782301605.735845,9966.663129,300.0,,100.0,603.04296875,,0
1782301605.835839,9966.763122,299.0,,100.0,603.04296875,,0
1782301605.935843,9966.863127,299.0,,100.0,603.04296875,,0
1782301606.035846,9966.963131,300.0,,100.0,603.04296875,,0
1782301606.135847,9967.063132,299.0,,100.0,603.04296875,,0
1782301606.235845,9967.163130,299.0,,100.0,603.04296875,,0
1782301606.335848,9967.263132,300.0,,100.0,603.04296875,,0
1782301606.435849,9967.363133,299.0,,100.0,603.04296875,,0
1782301606.535845,9967.463129,299.0,,100.0,603.04296875,,0
1782301606.635838,9967.563123,300.0,,100.0,603.04296875,,0
1782301606.735855,9967.663138,299.0,,100.0,603.04296875,,0
1782301606.835845,9967.763128,300.0,,100.0,603.04296875,,0
1782301606.935850,9967.863135,299.0,,100.0,603.04296875,,0
1782301607.035846,9967.963130,300.0,,100.0,603.04296875,,0
1782301607.135853,9968.063137,299.0,,100.0,603.04296875,,0
1782301607.235842,9968.163126,299.0,,100.0,603.04296875,,0
1782301607.335843,9968.263126,299.0,,100.0,603.04296875,,0
1782301607.435842,9968.363125,300.0,,100.0,603.04296875,,0
1782301607.535843,9968.463126,300.0,,100.0,603.04296875,,0
1782301607.635857,9968.563142,299.0,,100.0,603.04296875,,0
1782301607.735844,9968.663128,299.0,,100.0,603.04296875,,0
1782301607.835855,9968.763139,300.0,,100.0,603.04296875,,0
1782301607.935853,9968.863137,300.0,,100.0,603.04296875,,0
1782301608.035854,9968.963137,300.0,,100.0,603.04296875,,0
1782301608.135853,9969.063138,300.0,,100.0,603.04296875,,0
1782301608.235851,9969.163135,299.0,,100.0,603.04296875,,0
1782301608.335844,9969.263129,299.0,,100.0,603.04296875,,0
1782301608.435844,9969.363129,300.0,,100.0,603.04296875,,0
1782301608.535843,9969.463127,300.0,,100.0,603.04296875,,0
1782301608.635845,9969.563129,300.0,,100.0,603.04296875,,0
1782301608.735843,9969.663128,299.0,,100.0,603.04296875,,0
1782301608.835840,9969.763124,299.0,,100.0,603.04296875,,0
1782301608.935841,9969.863125,300.0,,100.0,603.04296875,,0
1782301609.035846,9969.963131,299.0,,100.0,603.04296875,,0
1782301609.135845,9970.063130,299.0,,100.0,603.04296875,,0
1782301609.235847,9970.163131,300.0,,100.0,603.04296875,,0
1782301609.335844,9970.263129,299.0,,100.0,603.04296875,,0
1782301609.435844,9970.363129,300.0,,100.0,603.04296875,,0
1782301609.535844,9970.463128,300.0,,100.0,603.04296875,,0
1782301609.635843,9970.563126,299.0,,100.0,603.04296875,,0
1782301609.735848,9970.663132,299.0,,100.0,603.04296875,,0
1782301609.835840,9970.763125,300.0,,100.0,603.04296875,,0
1782301609.935850,9970.863135,299.0,,100.0,603.04296875,,0
1782301610.035854,9970.963139,299.0,,100.0,603.04296875,,0
1782301610.135854,9971.063139,300.0,,100.0,603.04296875,,0
1782301610.235851,9971.163136,299.0,,100.0,603.04296875,,0
1782301610.335840,9971.263125,299.0,,100.0,603.04296875,,0
1782301610.435847,9971.363131,300.0,,100.0,603.04296875,,0
1782301610.535846,9971.463132,300.0,,100.0,603.04296875,,0
1782301610.635852,9971.563136,300.0,,100.0,603.04296875,,0
1782301610.735844,9971.663129,299.0,,100.0,603.04296875,,0
1782301610.835845,9971.763130,300.0,,100.0,603.04296875,,0
1782301610.935846,9971.863131,291.0,,100.0,603.04296875,,0
1782301611.035841,9971.963124,302.0,,100.0,603.04296875,,0
1782301611.135842,9972.063127,296.0,,100.0,603.04296875,,0
1782301611.235851,9972.163136,278.0,,100.0,603.04296875,,0
1782301611.335846,9972.263129,304.0,,100.0,603.04296875,,0
1782301611.435854,9972.363137,310.0,,100.0,603.04296875,,0
1782301611.535861,9972.463145,297.0,,99.0,603.04296875,,0
1782301611.635852,9972.563136,293.0,,99.0,603.04296875,,0
1782301611.735843,9972.663126,297.0,,100.0,603.04296875,,0
1782301611.835840,9972.763125,289.0,,100.0,603.04296875,,0
1782301611.935846,9972.863130,302.0,,100.0,603.04296875,,0
1782301612.035839,9972.963122,303.0,,100.0,603.04296875,,0
1782301612.135852,9973.063135,282.0,,100.0,603.04296875,,0
1782301612.235842,9973.163125,312.0,,100.0,603.04296875,,0
1782301612.335842,9973.263125,300.0,,100.0,603.04296875,,0
1782301612.435843,9973.363126,302.0,,99.0,603.04296875,,0
1782301612.535856,9973.463141,288.0,,100.0,603.04296875,,0
1782301612.635843,9973.563128,300.0,,100.0,603.04296875,,0
1782301612.735846,9973.663130,299.0,,100.0,603.04296875,,0
1782301612.835848,9973.763132,300.0,,100.0,603.04296875,,0
1782301612.935838,9973.863124,300.0,,100.0,603.04296875,,0
1782301613.035848,9973.963131,300.0,,100.0,603.04296875,,0
1782301613.135851,9974.063134,300.0,,100.0,603.04296875,,0
1782301613.235841,9974.163124,299.0,,100.0,603.04296875,,0
1782301613.335847,9974.263130,299.0,,100.0,603.04296875,,0
1782301613.435852,9974.363137,300.0,,100.0,603.04296875,,0
1782301613.535845,9974.463128,299.0,,100.0,603.04296875,,0
1782301613.635854,9974.563137,299.0,,100.0,603.04296875,,0
1782301613.735851,9974.663134,300.0,,100.0,603.04296875,,0
1782301613.835859,9974.763142,299.0,,100.0,603.04296875,,0
1782301613.935855,9974.863138,299.0,,100.0,603.04296875,,0
1782301614.035842,9974.963125,299.0,,100.0,603.04296875,,0
1782301614.135852,9975.063135,300.0,,100.0,603.04296875,,0
1782301614.235847,9975.163131,300.0,,100.0,603.04296875,,0
1782301614.335852,9975.263137,300.0,,100.0,603.04296875,,0
1782301614.435850,9975.363134,299.0,,100.0,603.04296875,,0
1782301614.535850,9975.463133,300.0,,100.0,603.04296875,,0
1782301614.635846,9975.563129,299.0,,100.0,603.04296875,,0
1782301614.735849,9975.663132,300.0,,100.0,603.04296875,,0
1782301614.835847,9975.763130,299.0,,100.0,603.04296875,,0
1782301614.935840,9975.863123,300.0,,100.0,603.04296875,,0
1782301615.035846,9975.963129,299.0,,100.0,603.04296875,,0
1782301615.135868,9976.063151,299.0,,100.0,603.04296875,,0
1782301615.235841,9976.163126,299.0,,100.0,603.04296875,,0
1782301615.335847,9976.263131,300.0,,100.0,603.04296875,,0
1782301615.435847,9976.363130,299.0,,100.0,603.04296875,,0
1782301615.535851,9976.463135,299.0,,100.0,603.04296875,,0
1782301615.635850,9976.563134,299.0,,100.0,603.04296875,,0
1782301615.735856,9976.663140,299.0,,100.0,603.04296875,,0
1782301615.835846,9976.763130,300.0,,100.0,603.04296875,,0
1782301615.935852,9976.863136,300.0,,100.0,603.04296875,,0
1782301616.035843,9976.963128,299.0,,100.0,603.04296875,,0
1782301616.135850,9977.063135,300.0,,100.0,603.04296875,,0
1782301616.235845,9977.163128,299.0,,100.0,603.04296875,,0
1782301616.335848,9977.263131,299.0,,100.0,603.04296875,,0
1782301616.435853,9977.363136,299.0,,100.0,603.04296875,,0
1782301616.535849,9977.463133,300.0,,100.0,603.04296875,,0
1782301616.635856,9977.563141,299.0,,100.0,603.04296875,,0
1782301616.735852,9977.663136,300.0,,100.0,603.04296875,,0
1782301616.835859,9977.763143,299.0,,100.0,603.04296875,,0
1782301616.935843,9977.863127,300.0,,100.0,603.04296875,,0
1782301617.035860,9977.963145,300.0,,100.0,603.04296875,,0
1782301617.135849,9978.063132,300.0,,100.0,603.04296875,,0
1782301617.235851,9978.163135,299.0,,100.0,603.04296875,,0
1782301617.335846,9978.263131,299.0,,100.0,603.04296875,,0
1782301617.435851,9978.363136,300.0,,100.0,603.04296875,,0
1782301617.535846,9978.463130,299.0,,100.0,603.04296875,,0
1782301617.635849,9978.563134,300.0,,100.0,603.04296875,,0
1782301617.735851,9978.663136,300.0,,100.0,603.04296875,,0
1782301617.835850,9978.763133,299.0,,100.0,603.04296875,,0
1782301617.935849,9978.863134,300.0,,100.0,603.04296875,,0
1782301618.035854,9978.963139,305.0,,100.0,603.04296875,,0
1782301618.135847,9979.063132,299.0,,100.0,603.04296875,,0
1782301618.235853,9979.163137,300.0,,100.0,603.04296875,,0
1782301618.335840,9979.263124,299.0,,100.0,603.04296875,,0
1782301618.435847,9979.363131,300.0,,100.0,603.04296875,,0
1782301618.535847,9979.463131,300.0,,100.0,603.04296875,,0
1782301618.635849,9979.563132,306.0,,99.0,603.04296875,,0
1782301618.735850,9979.663135,300.0,,100.0,603.04296875,,0
1782301618.835851,9979.763135,299.0,,100.0,603.04296875,,0
1782301618.935843,9979.863128,299.0,,100.0,603.04296875,,0
1782301619.035848,9979.963132,300.0,,100.0,603.04296875,,0
1782301619.135848,9980.063132,299.0,,100.0,603.04296875,,0
1782301619.235852,9980.163136,300.0,,100.0,603.04296875,,0
1782301619.335859,9980.263144,300.0,,100.0,603.04296875,,0
1782301619.435858,9980.363142,299.0,,100.0,603.04296875,,0
1782301619.535851,9980.463134,300.0,,100.0,603.04296875,,0
1782301619.635851,9980.563135,299.0,,100.0,603.04296875,,0
1782301619.735897,9980.663182,300.0,,100.0,603.04296875,,0
1782301619.835850,9980.763134,300.0,,100.0,603.04296875,,0
1782301619.935859,9980.863144,299.0,,100.0,603.04296875,,0
1782301620.035858,9980.963143,300.0,,100.0,603.04296875,,0
1782301620.135845,9981.063129,299.0,,100.0,603.04296875,,0
1782301620.235842,9981.163128,300.0,,100.0,603.04296875,,0
1782301620.335856,9981.263140,300.0,,100.0,603.04296875,,0
1782301620.435852,9981.363137,300.0,,100.0,603.04296875,,0
1782301620.535851,9981.463134,299.0,,100.0,603.04296875,,0
1782301620.635850,9981.563134,300.0,,100.0,603.04296875,,0
1782301620.735852,9981.663135,299.0,,100.0,603.04296875,,0
1782301620.835851,9981.763134,300.0,,100.0,603.04296875,,0
1782301620.935855,9981.863139,300.0,,100.0,603.04296875,,0
1782301621.035853,9981.963138,300.0,,100.0,603.04296875,,0
1782301621.135853,9982.063138,299.0,,100.0,603.04296875,,0
1782301621.235860,9982.163145,300.0,,100.0,603.04296875,,0
1782301621.335856,9982.263140,299.0,,100.0,603.04296875,,0
1782301621.435847,9982.363130,300.0,,100.0,603.04296875,,0
1782301621.535849,9982.463132,299.0,,100.0,603.04296875,,0
1782301621.635847,9982.563130,300.0,,100.0,603.04296875,,0
1782301621.735852,9982.663135,300.0,,100.0,603.04296875,,0
1782301621.835841,9982.763126,300.0,,100.0,603.04296875,,0
1782301621.935850,9982.863135,299.0,,100.0,603.04296875,,0
1782301622.035841,9982.963126,300.0,,100.0,603.04296875,,0
1782301622.135848,9983.063133,299.0,,100.0,603.04296875,,0
1782301622.235850,9983.163134,300.0,,100.0,603.04296875,,0
1782301622.335852,9983.263136,172.0,,51.0,603.04296875,,0
1782301622.435855,9983.363139,43.0,,3.0,603.04296875,,0
1782301622.535859,9983.463144,41.0,,3.0,603.04296875,,0
1782301622.635849,9983.563132,24.0,,3.0,603.04296875,,0
1782301622.735852,9983.663135,25.0,,4.0,603.04296875,,0
1782301622.835856,9983.763141,27.0,,3.0,603.04296875,,0
1782301622.935853,9983.863137,24.0,,3.0,603.04296875,,0
1782301623.035856,9983.963140,23.0,,3.0,603.04296875,,0
1782301623.135854,9984.063139,26.0,,3.0,603.04296875,,0
1782301623.235855,9984.163140,23.0,,2.0,603.04296875,,0
1782301623.335857,9984.263141,23.0,,3.0,603.04296875,,0
1782301623.435852,9984.363136,24.0,,3.0,603.04296875,,0
1782301623.535857,9984.463141,25.0,,3.0,603.04296875,,0
1782301623.635850,9984.563135,26.0,,3.0,603.04296875,,0
1782301623.735847,9984.663131,24.0,,3.0,603.04296875,,0
1782301623.835857,9984.763141,25.0,,3.0,603.04296875,,0
1782301623.935856,9984.863140,23.0,,3.0,603.04296875,,0
1782301624.035858,9984.963142,23.0,,3.0,603.04296875,,0
1782301624.135842,9985.063126,23.0,,3.0,603.04296875,,0
1782301624.235856,9985.163140,21.0,,2.0,603.04296875,,0
1782301624.335857,9985.263141,22.0,,3.0,603.04296875,,0
1782301624.435854,9985.363139,22.0,,3.0,603.04296875,,0
1782301624.535855,9985.463138,22.0,,3.0,603.04296875,,0
1782301624.635857,9985.563141,22.0,,3.0,603.04296875,,0
1782301624.735849,9985.663133,22.0,,3.0,603.04296875,,0
1782301624.835852,9985.763135,23.0,,3.0,603.04296875,,0
1782301624.935853,9985.863136,23.0,,2.0,603.04296875,,0
1782301625.035853,9985.963136,23.0,,3.0,603.04296875,,0
1782301625.135859,9986.063143,23.0,,3.0,603.04296875,,0
1782301625.235850,9986.163133,23.0,,3.0,603.04296875,,0
1782301625.335846,9986.263129,23.0,,3.0,603.04296875,,0
1782301625.435847,9986.363131,26.0,,1.0,603.04296875,,0
1782301625.535859,9986.463143,25.0,,3.0,603.04296875,,0
1782301625.635849,9986.563132,23.0,,3.0,603.04296875,,0
1782301625.735856,9986.663140,22.0,,3.0,603.04296875,,0
1782301625.835855,9986.763139,24.0,,3.0,603.04296875,,0
1782301625.935852,9986.863137,22.0,,3.0,603.04296875,,0
1782301626.035856,9986.963141,22.0,,3.0,603.04296875,,0
1782301626.135843,9987.063127,26.0,,3.0,603.04296875,,0
1782301626.235848,9987.163132,21.0,,3.0,603.04296875,,0
1782301626.335850,9987.263133,22.0,,3.0,603.04296875,,0
1782301626.435855,9987.363140,22.0,,2.0,603.04296875,,0
1782301626.535856,9987.463141,22.0,,3.0,603.04296875,,0
1782301626.635856,9987.563141,21.0,,3.0,603.04296875,,0
1782301626.735856,9987.663141,25.0,,3.0,603.04296875,,0
1782301626.835851,9987.763134,22.0,,3.0,603.04296875,,0
1782301626.935854,9987.863139,23.0,,3.0,603.04296875,,0
1782301627.035852,9987.963137,22.0,,3.0,603.04296875,,0
1782301627.135851,9988.063134,22.0,,2.0,603.04296875,,0
1782301627.235854,9988.163138,23.0,,2.0,603.04296875,,0
1782301627.335805,9988.263089,114.0,,53.0,603.04296875,,0
1782301627.435855,9988.363139,224.0,,100.0,603.04296875,,0
1782301627.535855,9988.463138,262.0,,100.0,603.04296875,,0
1782301627.635854,9988.563138,291.0,,100.0,603.04296875,,0
1782301627.735852,9988.663135,295.0,,100.0,603.04296875,,0
1782301627.835851,9988.763135,295.0,,100.0,603.04296875,,0
1782301627.935849,9988.863132,296.0,,100.0,603.04296875,,0
1782301628.035852,9988.963136,310.0,,100.0,603.04296875,,0
1782301628.135852,9989.063136,298.0,,100.0,603.04296875,,0
1782301628.235853,9989.163137,309.0,,100.0,603.04296875,,0
1782301628.335846,9989.263130,312.0,,100.0,603.04296875,,0
1782301628.435850,9989.363133,315.0,,100.0,603.04296875,,0
1782301628.535854,9989.463137,298.0,,100.0,603.04296875,,0
1782301628.635847,9989.563130,308.0,,100.0,603.04296875,,0
1782301628.735846,9989.663129,326.0,,100.0,603.04296875,,0
1782301628.835848,9989.763131,290.0,,100.0,603.04296875,,0
1782301628.935841,9989.863125,290.0,,100.0,603.04296875,,0
1782301629.035851,9989.963134,295.0,,100.0,603.04296875,,0
1782301629.135852,9990.063135,291.0,,100.0,603.04296875,,0
1782301629.235847,9990.163131,302.0,,100.0,603.04296875,,0
1782301629.335846,9990.263131,304.0,,100.0,603.04296875,,0
1782301629.435858,9990.363141,294.0,,100.0,603.04296875,,0
1782301629.535847,9990.463130,300.0,,100.0,603.04296875,,0
1782301629.635851,9990.563136,300.0,,100.0,603.04296875,,0
1782301629.735847,9990.663130,299.0,,100.0,603.04296875,,0
1782301629.835845,9990.763129,299.0,,100.0,603.04296875,,0
1782301629.935847,9990.863131,300.0,,100.0,603.04296875,,0
1782301630.035850,9990.963135,300.0,,100.0,603.04296875,,0
1782301630.135843,9991.063128,299.0,,100.0,603.04296875,,0
1782301630.235844,9991.163127,299.0,,100.0,603.04296875,,0
1782301630.335846,9991.263131,300.0,,100.0,603.04296875,,0
1782301630.435843,9991.363127,300.0,,100.0,603.04296875,,0
1782301630.535841,9991.463124,300.0,,100.0,603.04296875,,0
1782301630.635840,9991.563125,303.0,,100.0,603.04296875,,0
1782301630.735841,9991.663125,299.0,,100.0,603.04296875,,0
1782301630.835852,9991.763137,300.0,,100.0,603.04296875,,0
1782301630.935847,9991.863131,300.0,,100.0,603.04296875,,0
1782301631.035813,9991.963098,299.0,,100.0,603.04296875,,0
1782301631.135852,9992.063135,300.0,,100.0,603.04296875,,0
1782301631.235847,9992.163130,299.0,,100.0,603.04296875,,0
1782301631.335852,9992.263135,299.0,,100.0,603.04296875,,0
1782301631.435838,9992.363121,300.0,,100.0,603.04296875,,0
1782301631.535851,9992.463136,299.0,,100.0,603.04296875,,0
1782301631.635852,9992.563135,300.0,,100.0,603.04296875,,0
1782301631.735850,9992.663133,299.0,,100.0,603.04296875,,0
1782301631.835840,9992.763124,299.0,,100.0,603.04296875,,0
1782301631.935845,9992.863130,299.0,,100.0,603.04296875,,0
1782301632.035856,9992.963141,300.0,,100.0,603.04296875,,0
1782301632.135814,9993.063097,299.0,,100.0,603.04296875,,0
1782301632.235853,9993.163136,299.0,,100.0,603.04296875,,0
1782301632.335845,9993.263128,299.0,,100.0,603.04296875,,0
1782301632.435845,9993.363130,300.0,,100.0,603.04296875,,0
1782301632.535852,9993.463137,300.0,,100.0,603.04296875,,0
1782301632.635853,9993.563136,299.0,,100.0,603.04296875,,0
1782301632.735844,9993.663127,299.0,,100.0,603.04296875,,0
1782301632.835854,9993.763137,300.0,,100.0,603.04296875,,0
1782301632.935844,9993.863128,300.0,,100.0,603.04296875,,0
1782301633.035852,9993.963135,299.0,,100.0,603.04296875,,0
1782301633.135840,9994.063125,300.0,,100.0,603.04296875,,0
1782301633.235842,9994.163125,299.0,,100.0,603.04296875,,0
1782301633.335843,9994.263127,299.0,,100.0,603.04296875,,0
1782301633.435846,9994.363130,300.0,,100.0,603.04296875,,0
1782301633.535846,9994.463131,300.0,,100.0,603.04296875,,0
1782301633.635849,9994.563133,299.0,,100.0,603.04296875,,0
1782301633.735845,9994.663128,300.0,,100.0,603.04296875,,0
1782301633.835850,9994.763134,299.0,,100.0,603.04296875,,0
1782301633.935846,9994.863129,299.0,,100.0,603.04296875,,0
1782301634.035851,9994.963134,300.0,,100.0,603.04296875,,0
1782301634.135842,9995.063126,299.0,,100.0,603.04296875,,0
1782301634.235851,9995.163134,299.0,,100.0,603.04296875,,0
1782301634.335809,9995.263093,300.0,,100.0,603.04296875,,0
1782301634.435840,9995.363123,300.0,,100.0,603.04296875,,0
1782301634.535847,9995.463132,299.0,,100.0,603.04296875,,0
1782301634.635848,9995.563131,299.0,,100.0,603.04296875,,0
1782301634.735847,9995.663131,300.0,,100.0,603.04296875,,0
1782301634.835746,9995.763030,299.0,,100.0,603.04296875,,0
1782301634.935845,9995.863129,300.0,,100.0,603.04296875,,0
1782301635.035854,9995.963138,300.0,,100.0,603.04296875,,0
1782301635.135845,9996.063129,299.0,,100.0,603.04296875,,0
1782301635.235850,9996.163133,300.0,,100.0,603.04296875,,0
1782301635.335841,9996.263125,300.0,,100.0,603.04296875,,0
1782301635.435847,9996.363132,299.0,,100.0,603.04296875,,0
1782301635.535846,9996.463129,300.0,,100.0,603.04296875,,0
1782301635.635840,9996.563124,299.0,,100.0,603.04296875,,0
1782301635.735848,9996.663132,299.0,,100.0,603.04296875,,0
1782301635.835858,9996.763142,300.0,,100.0,603.04296875,,0
1782301635.935838,9996.863121,299.0,,100.0,603.04296875,,0
1782301636.035838,9996.963123,300.0,,100.0,603.04296875,,0
1782301636.135855,9997.063140,300.0,,100.0,603.04296875,,0
1782301636.235843,9997.163127,299.0,,100.0,603.04296875,,0
1782301636.335850,9997.263135,300.0,,100.0,603.04296875,,0
1782301636.435841,9997.363124,299.0,,100.0,603.04296875,,0
1782301636.535846,9997.463130,300.0,,100.0,603.04296875,,0
1782301636.635840,9997.563125,300.0,,100.0,603.04296875,,0
1782301636.735841,9997.663126,299.0,,100.0,603.04296875,,0
1782301636.835854,9997.763138,300.0,,100.0,603.04296875,,0
1782301636.935843,9997.863128,300.0,,100.0,603.04296875,,0
1782301637.035761,9997.963045,299.0,,100.0,603.04296875,,0
1782301637.135850,9998.063134,300.0,,100.0,603.04296875,,0
1782301637.235846,9998.163129,299.0,,100.0,603.04296875,,0
1782301637.335849,9998.263134,300.0,,100.0,603.04296875,,0
1782301637.435846,9998.363130,300.0,,100.0,603.04296875,,0
1782301637.535843,9998.463127,299.0,,100.0,603.04296875,,0
1782301637.635847,9998.563132,300.0,,100.0,603.04296875,,0
1782301637.735846,9998.663130,299.0,,100.0,603.04296875,,0
1782301637.835848,9998.763133,300.0,,100.0,603.04296875,,0
1782301637.935843,9998.863128,299.0,,100.0,603.04296875,,0
1782301638.035850,9998.963133,299.0,,100.0,603.04296875,,0
1782301638.135867,9999.063151,300.0,,100.0,603.04296875,,0
1782301638.235845,9999.163128,300.0,,100.0,603.04296875,,0
1782301638.335854,9999.263137,300.0,,100.0,603.04296875,,0
1782301638.435844,9999.363128,299.0,,100.0,603.04296875,,0
1782301638.535842,9999.463125,299.0,,100.0,603.04296875,,0
1782301638.635844,9999.563127,299.0,,100.0,603.04296875,,0
1782301638.735846,9999.663129,300.0,,100.0,603.04296875,,0
1782301638.835840,9999.763123,299.0,,100.0,603.04296875,,0
1782301638.935847,9999.863130,299.0,,100.0,603.04296875,,0
1782301639.035845,9999.963128,300.0,,100.0,603.04296875,,0
1782301639.135847,10000.063130,299.0,,100.0,603.04296875,,0
1782301639.235847,10000.163130,299.0,,100.0,603.04296875,,0
1782301639.335846,10000.263129,300.0,,100.0,603.04296875,,0
1782301639.435839,10000.363123,299.0,,100.0,603.04296875,,0
1782301639.535843,10000.463126,300.0,,100.0,603.04296875,,0
1782301639.635847,10000.563131,299.0,,100.0,603.04296875,,0
1782301639.735842,10000.663125,299.0,,100.0,603.04296875,,0
1782301639.835844,10000.763127,300.0,,100.0,603.04296875,,0
1782301639.935857,10000.863142,299.0,,100.0,603.04296875,,0
1782301640.035845,10000.963129,299.0,,100.0,603.04296875,,0
1782301640.135849,10001.063132,299.0,,100.0,603.04296875,,0
1782301640.235847,10001.163130,300.0,,100.0,603.04296875,,0
1782301640.335850,10001.263134,299.0,,100.0,603.04296875,,0
1782301640.435843,10001.363128,300.0,,100.0,603.04296875,,0
1782301640.535844,10001.463128,299.0,,100.0,603.04296875,,0
1782301640.635851,10001.563135,299.0,,100.0,603.04296875,,0
1782301640.735840,10001.663123,300.0,,100.0,603.04296875,,0
1782301640.835844,10001.763129,299.0,,100.0,603.04296875,,0
1782301640.935854,10001.863137,299.0,,100.0,603.04296875,,0
1782301641.035845,10001.963128,300.0,,100.0,603.04296875,,0
1782301641.135779,10002.063064,299.0,,100.0,603.04296875,,0
1782301641.235840,10002.163123,300.0,,100.0,603.04296875,,0
1782301641.335846,10002.263130,299.0,,100.0,603.04296875,,0
1782301641.435852,10002.363135,299.0,,100.0,603.04296875,,0
1782301641.535851,10002.463135,299.0,,100.0,603.04296875,,0
1782301641.635850,10002.563133,300.0,,100.0,603.04296875,,0
1782301641.735845,10002.663129,299.0,,100.0,603.04296875,,0
1782301641.835844,10002.763127,300.0,,100.0,603.04296875,,0
1782301641.935843,10002.863127,300.0,,100.0,603.04296875,,0
1782301642.035847,10002.963130,299.0,,100.0,603.04296875,,0
1782301642.135840,10003.063123,299.0,,100.0,603.04296875,,0
1782301642.235849,10003.163133,299.0,,100.0,603.04296875,,0
1782301642.335845,10003.263129,300.0,,100.0,603.04296875,,0
1782301642.435847,10003.363130,299.0,,100.0,603.04296875,,0
1782301642.535843,10003.463128,300.0,,100.0,603.04296875,,0
1782301642.635849,10003.563132,299.0,,100.0,603.04296875,,0
1782301642.735850,10003.663135,299.0,,100.0,603.04296875,,0
1782301642.835852,10003.763136,300.0,,100.0,603.04296875,,0
1782301642.935838,10003.863122,300.0,,100.0,603.04296875,,0
1782301643.035845,10003.963130,299.0,,100.0,603.04296875,,0
1782301643.135849,10004.063133,299.0,,100.0,603.04296875,,0
1782301643.235854,10004.163139,300.0,,100.0,603.04296875,,0
1782301643.335845,10004.263128,299.0,,100.0,603.04296875,,0
1782301643.435844,10004.363127,300.0,,100.0,603.04296875,,0
1782301643.535845,10004.463128,300.0,,100.0,603.04296875,,0
1782301643.636171,10004.563454,299.0,,100.0,603.04296875,,0
1782301643.735845,10004.663128,300.0,,100.0,603.04296875,,0
1782301643.835838,10004.763121,300.0,,100.0,603.04296875,,0
1782301643.935847,10004.863131,299.0,,100.0,603.04296875,,0
1782301644.035846,10004.963130,299.0,,100.0,603.04296875,,0
1782301644.135846,10005.063129,300.0,,100.0,603.04296875,,0
1782301644.235846,10005.163129,300.0,,100.0,603.04296875,,0
1782301644.335843,10005.263128,299.0,,100.0,603.04296875,,0
1782301644.435847,10005.363131,300.0,,100.0,603.04296875,,0
1782301644.535840,10005.463125,299.0,,100.0,603.04296875,,0
1782301644.635842,10005.563126,299.0,,100.0,603.04296875,,0
1782301644.735842,10005.663126,299.0,,100.0,603.04296875,,0
1782301644.835845,10005.763128,300.0,,100.0,603.04296875,,0
1782301644.935853,10005.863137,299.0,,100.0,603.04296875,,0
1782301645.035852,10005.963137,300.0,,100.0,603.04296875,,0
1782301645.135850,10006.063135,306.0,,100.0,603.04296875,,0
1782301645.235847,10006.163130,300.0,,100.0,603.04296875,,0
1782301645.335840,10006.263123,304.0,,100.0,603.04296875,,0
1782301645.435854,10006.363139,301.0,,100.0,603.04296875,,0
1782301645.535838,10006.463121,306.0,,100.0,603.04296875,,0
1782301645.635842,10006.563125,293.0,,100.0,603.04296875,,0
1782301645.735845,10006.663130,287.0,,100.0,603.04296875,,0
1782301645.835844,10006.763129,299.0,,100.0,603.04296875,,0
1782301645.935848,10006.863133,307.0,,100.0,603.04296875,,0
1782301646.035845,10006.963128,287.0,,100.0,603.04296875,,0
1782301646.135845,10007.063129,292.0,,100.0,603.04296875,,0
1782301646.235841,10007.163125,308.0,,100.0,603.04296875,,0
1782301646.335842,10007.263125,300.0,,100.0,603.04296875,,0
1782301646.435841,10007.363125,299.0,,100.0,603.04296875,,0
1782301646.535845,10007.463128,300.0,,100.0,603.04296875,,0
1782301646.635852,10007.563137,299.0,,100.0,603.04296875,,0
1782301646.735843,10007.663126,299.0,,100.0,603.04296875,,0
1782301646.835847,10007.763131,299.0,,100.0,603.04296875,,0
1782301646.935846,10007.863129,299.0,,100.0,603.04296875,,0
1782301647.035851,10007.963134,299.0,,100.0,603.04296875,,0
1782301647.135841,10008.063125,300.0,,100.0,603.04296875,,0
1782301647.235842,10008.163126,288.0,,100.0,603.04296875,,0
1782301647.335845,10008.263130,288.0,,100.0,603.04296875,,0
1782301647.435841,10008.363124,300.0,,100.0,603.04296875,,0
1782301647.535856,10008.463141,299.0,,100.0,603.04296875,,0
1782301647.635847,10008.563130,300.0,,100.0,603.04296875,,0
1782301647.735724,10008.663007,299.0,,100.0,603.04296875,,0
1782301647.835844,10008.763127,299.0,,100.0,603.04296875,,0
1782301647.935846,10008.863129,300.0,,100.0,603.04296875,,0
1782301648.035857,10008.963140,299.0,,100.0,603.04296875,,0
1782301648.135850,10009.063135,300.0,,100.0,603.04296875,,0
1782301648.235852,10009.163135,299.0,,100.0,603.04296875,,0
1782301648.335849,10009.263133,299.0,,100.0,603.04296875,,0
1782301648.435845,10009.363128,300.0,,100.0,603.04296875,,0
1782301648.535852,10009.463135,299.0,,100.0,603.04296875,,0
1782301648.635845,10009.563128,300.0,,100.0,603.04296875,,0
1782301648.735848,10009.663133,300.0,,100.0,603.04296875,,0
1782301648.835843,10009.763126,299.0,,100.0,603.04296875,,0
1782301648.935839,10009.863124,299.0,,100.0,603.04296875,,0
1782301649.035847,10009.963130,300.0,,100.0,603.04296875,,0
1782301649.135853,10010.063137,299.0,,100.0,603.04296875,,0
1782301649.235837,10010.163120,300.0,,100.0,603.04296875,,0
1782301649.335840,10010.263125,300.0,,100.0,603.04296875,,0
1782301649.435854,10010.363139,300.0,,100.0,603.04296875,,0
1782301649.535848,10010.463131,300.0,,100.0,603.04296875,,0
1782301649.635843,10010.563127,299.0,,100.0,603.04296875,,0
1782301649.735847,10010.663130,300.0,,100.0,603.04296875,,0
1782301649.835846,10010.763129,300.0,,100.0,603.04296875,,0
1782301649.935842,10010.863127,300.0,,100.0,603.04296875,,0
1782301650.035848,10010.963131,299.0,,100.0,603.04296875,,0
1782301650.135844,10011.063127,300.0,,100.0,603.04296875,,0
1782301650.235852,10011.163135,300.0,,100.0,603.04296875,,0
1782301650.335854,10011.263137,299.0,,100.0,603.04296875,,0
1782301650.435869,10011.363153,300.0,,100.0,603.04296875,,0
1782301650.535851,10011.463134,299.0,,100.0,603.04296875,,0
1782301650.635848,10011.563131,300.0,,100.0,603.04296875,,0
1782301650.735846,10011.663130,299.0,,100.0,603.04296875,,0
1782301650.835849,10011.763132,300.0,,100.0,603.04296875,,0
1782301650.935856,10011.863140,299.0,,100.0,603.04296875,,0
1782301651.035843,10011.963127,299.0,,100.0,603.04296875,,0
1782301651.135837,10012.063120,300.0,,100.0,603.04296875,,0
1782301651.235855,10012.163139,300.0,,100.0,603.04296875,,0
1782301651.335855,10012.263139,299.0,,100.0,603.04296875,,0
1782301651.435840,10012.363124,299.0,,100.0,603.04296875,,0
1782301651.535848,10012.463131,300.0,,100.0,603.04296875,,0
1782301651.635841,10012.563124,300.0,,100.0,603.04296875,,0
1782301651.735842,10012.663127,299.0,,100.0,603.04296875,,0
1782301651.835852,10012.763137,299.0,,100.0,603.04296875,,0
1782301651.935837,10012.863121,299.0,,100.0,603.04296875,,0
1782301652.035843,10012.963126,300.0,,100.0,603.04296875,,0
1782301652.135838,10013.063121,299.0,,100.0,603.04296875,,0
1782301652.235851,10013.163134,299.0,,100.0,603.04296875,,0
1782301652.335865,10013.263148,300.0,,100.0,603.04296875,,0
1782301652.435880,10013.363164,300.0,,100.0,603.04296875,,0
1782301652.535851,10013.463134,299.0,,100.0,603.04296875,,0
1782301652.635853,10013.563136,300.0,,100.0,603.04296875,,0
1782301652.735847,10013.663131,300.0,,100.0,603.04296875,,0
1782301652.835844,10013.763127,299.0,,100.0,603.04296875,,0
1782301652.935841,10013.863124,300.0,,100.0,603.04296875,,0
1782301653.035839,10013.963124,299.0,,100.0,603.04296875,,0
1782301653.135854,10014.063139,300.0,,100.0,603.04296875,,0
1782301653.235847,10014.163132,299.0,,100.0,603.04296875,,0
1782301653.335851,10014.263136,300.0,,100.0,603.04296875,,0
1782301653.435851,10014.363136,300.0,,100.0,603.04296875,,0
1782301653.535853,10014.463138,299.0,,100.0,603.04296875,,0
1782301653.635844,10014.563128,300.0,,100.0,603.04296875,,0
1782301653.735846,10014.663129,299.0,,100.0,603.04296875,,0
1782301653.835848,10014.763132,300.0,,100.0,603.04296875,,0
1782301653.935865,10014.863148,300.0,,100.0,603.04296875,,0
1782301654.035852,10014.963136,300.0,,100.0,603.04296875,,0
1782301654.135847,10015.063130,300.0,,100.0,603.04296875,,0
1782301654.235865,10015.163149,299.0,,100.0,603.04296875,,0
1782301654.335847,10015.263132,300.0,,100.0,603.04296875,,0
1782301654.435853,10015.363136,300.0,,100.0,603.04296875,,0
1782301654.535848,10015.463132,299.0,,100.0,603.04296875,,0
1782301654.635846,10015.563130,300.0,,100.0,603.04296875,,0
1782301654.735848,10015.663132,299.0,,100.0,603.04296875,,0
1782301654.835847,10015.763131,300.0,,100.0,603.04296875,,0
1782301654.935848,10015.863131,299.0,,100.0,603.04296875,,0
1782301655.035849,10015.963133,299.0,,100.0,603.04296875,,0
1782301655.135848,10016.063133,300.0,,100.0,603.04296875,,0
1782301655.235846,10016.163129,299.0,,100.0,603.04296875,,0
1782301655.335849,10016.263134,300.0,,100.0,603.04296875,,0
1782301655.435847,10016.363132,300.0,,100.0,603.04296875,,0
1782301655.535867,10016.463151,299.0,,100.0,603.04296875,,0
1782301655.635845,10016.563129,300.0,,100.0,603.04296875,,0
1782301655.735842,10016.663127,300.0,,100.0,603.04296875,,0
1782301655.835846,10016.763130,299.0,,100.0,603.04296875,,0
1782301655.935849,10016.863133,300.0,,100.0,603.04296875,,0
1782301656.035848,10016.963131,299.0,,100.0,603.04296875,,0
1782301656.135847,10017.063131,300.0,,100.0,603.04296875,,0
1782301656.235854,10017.163138,300.0,,100.0,603.04296875,,0
1782301656.335848,10017.263131,299.0,,100.0,603.04296875,,0
1782301656.435867,10017.363151,299.0,,100.0,603.04296875,,0
1782301656.535853,10017.463136,299.0,,100.0,603.04296875,,0
1782301656.635846,10017.563129,300.0,,100.0,603.04296875,,0
1782301656.735843,10017.663128,299.0,,100.0,603.04296875,,0
1782301656.835851,10017.763136,300.0,,100.0,603.04296875,,0
1782301656.935853,10017.863136,299.0,,100.0,603.04296875,,0
1782301657.035848,10017.963133,300.0,,100.0,603.04296875,,0
1782301657.135847,10018.063131,300.0,,100.0,603.04296875,,0
1782301657.235846,10018.163130,300.0,,100.0,603.04296875,,0
1782301657.335843,10018.263127,299.0,,100.0,603.04296875,,0
1782301657.435846,10018.363130,299.0,,100.0,603.04296875,,0
1782301657.535851,10018.463135,300.0,,100.0,603.04296875,,0
1782301657.635841,10018.563126,299.0,,100.0,603.04296875,,0
1782301657.735847,10018.663131,300.0,,100.0,603.04296875,,0
1782301657.835850,10018.763134,300.0,,100.0,603.04296875,,0
1782301657.935845,10018.863130,299.0,,100.0,603.04296875,,0
1782301658.035843,10018.963128,300.0,,100.0,603.04296875,,0
1782301658.135841,10019.063126,299.0,,100.0,603.04296875,,0
1782301658.235845,10019.163130,300.0,,100.0,603.04296875,,0
1782301658.335837,10019.263121,299.0,,100.0,603.04296875,,0
1782301658.435844,10019.363129,299.0,,100.0,603.04296875,,0
1782301658.535839,10019.463123,300.0,,100.0,603.04296875,,0
1782301658.635846,10019.563131,299.0,,100.0,603.04296875,,0
1782301658.735845,10019.663129,299.0,,100.0,603.04296875,,0
1782301658.835850,10019.763135,300.0,,100.0,603.04296875,,0
1782301658.935842,10019.863125,300.0,,100.0,603.04296875,,0
1782301659.035843,10019.963126,300.0,,100.0,603.04296875,,0
1782301659.135846,10020.063131,300.0,,100.0,603.04296875,,0
1782301659.235850,10020.163133,299.0,,100.0,603.04296875,,0
1782301659.335837,10020.263120,300.0,,100.0,603.04296875,,0
1782301659.435852,10020.363135,299.0,,100.0,603.04296875,,0
1782301659.535838,10020.463121,305.0,,100.0,603.04296875,,0
1782301659.635839,10020.563124,299.0,,100.0,603.04296875,,0
1782301659.735840,10020.663123,300.0,,100.0,603.04296875,,0
1782301659.835841,10020.763125,300.0,,100.0,603.04296875,,0
1782301659.935860,10020.863145,299.0,,100.0,603.04296875,,0
1782301660.035844,10020.963128,300.0,,100.0,603.04296875,,0
1782301660.135856,10021.063141,300.0,,100.0,603.04296875,,0
1782301660.235845,10021.163130,299.0,,100.0,603.04296875,,0
1782301660.335844,10021.263127,299.0,,100.0,603.04296875,,0
1782301660.435846,10021.363131,300.0,,100.0,603.04296875,,0
1782301660.535841,10021.463125,299.0,,100.0,603.04296875,,0
1782301660.635839,10021.563122,299.0,,100.0,603.04296875,,0
1782301660.735839,10021.663124,300.0,,100.0,603.04296875,,0
1782301660.835845,10021.763131,299.0,,100.0,603.04296875,,0
1782301660.935849,10021.863132,299.0,,100.0,603.04296875,,0
1782301661.035844,10021.963129,300.0,,100.0,603.04296875,,0
1782301661.135844,10022.063128,300.0,,100.0,603.04296875,,0
1782301661.235851,10022.163134,299.0,,100.0,603.04296875,,0
1782301661.335851,10022.263135,300.0,,100.0,603.04296875,,0
1782301661.435843,10022.363127,299.0,,100.0,603.04296875,,0
1782301661.535841,10022.463125,300.0,,100.0,603.04296875,,0
1782301661.635838,10022.563122,300.0,,100.0,603.04296875,,0
1782301661.735847,10022.663131,300.0,,100.0,603.04296875,,0
1782301661.835844,10022.763127,299.0,,100.0,603.04296875,,0
1782301661.935859,10022.863143,299.0,,100.0,603.04296875,,0
1782301662.035850,10022.963133,299.0,,100.0,603.04296875,,0
1782301662.135849,10023.063134,300.0,,100.0,603.04296875,,0
1782301662.235847,10023.163131,299.0,,100.0,603.04296875,,0
1782301662.335860,10023.263144,222.0,,72.0,584.94921875,,0
1782301662.435859,10023.363143,52.0,,3.0,584.94921875,,0
1782301662.535830,10023.463115,44.0,,7.0,415.60546875,,0
1782301662.635864,10023.563149,40.0,,3.0,354.71484375,,0
1782301662.735860,10023.663145,35.0,,2.0,354.71484375,,0
1782301662.835849,10023.763134,28.0,,,354.71484375,,0
1782301662.935856,10023.863140,21.0,,2.0,354.71484375,,0
1782301663.035908,10023.963192,28.0,,,354.71484375,,0
