sample_epoch,mono_s,power_w,energy_uj,gfx_busy_pct,vram_used_mb,sclk_mhz,device_id
1782298098.858609,6459.785893,17.0,,,338.27734375,,0
1782298098.958771,6459.886055,17.0,,1.0,338.27734375,,0
1782298099.058760,6459.986045,20.0,,,338.27734375,,0
1782298099.158759,6460.086044,19.0,,,338.27734375,,0
1782298099.258759,6460.186043,16.0,,,338.27734375,,0
1782298099.360726,6460.288010,16.0,,,338.27734375,,0
1782298099.458675,6460.385958,21.0,,,338.27734375,,0
1782298099.558796,6460.486081,17.0,,1.0,338.3046875,,0
1782298099.658756,6460.586040,23.0,,3.0,338.3203125,,0
1782298099.758761,6460.686045,17.0,,1.0,338.3203125,,0
1782298099.858763,6460.786047,20.0,,,338.3203125,,0
1782298099.958762,6460.886046,17.0,,,338.3203125,,0
1782298100.058771,6460.986055,19.0,,,338.3203125,,0
1782298100.158763,6461.086047,19.0,,3.0,541.05078125,,0
1782298100.258753,6461.186037,94.0,,99.0,574.48046875,,0
1782298100.358757,6461.286040,98.0,,99.0,574.48046875,,0
1782298100.458754,6461.386038,118.0,,99.0,574.48046875,,0
1782298100.558750,6461.486034,144.0,,99.0,574.48046875,,0
1782298100.658750,6461.586034,235.0,,99.0,574.48046875,,0
1782298100.758753,6461.686036,240.0,,99.0,574.48046875,,0
1782298100.858752,6461.786036,259.0,,99.0,574.48046875,,0
1782298100.958752,6461.886035,244.0,,99.0,574.48046875,,0
1782298101.058748,6461.986032,244.0,,99.0,574.48046875,,0
1782298101.158756,6462.086039,246.0,,99.0,574.48046875,,0
1782298101.258758,6462.186042,246.0,,99.0,574.48046875,,0
1782298101.358747,6462.286030,245.0,,99.0,574.48046875,,0
1782298101.458755,6462.386039,245.0,,99.0,574.48046875,,0
1782298101.558751,6462.486036,244.0,,99.0,574.48046875,,0
1782298101.658753,6462.586038,245.0,,99.0,574.48046875,,0
1782298101.758755,6462.686038,244.0,,99.0,574.48046875,,0
1782298101.858747,6462.786031,244.0,,99.0,574.48046875,,0
1782298101.958752,6462.886037,244.0,,99.0,574.48046875,,0
1782298102.058764,6462.986048,244.0,,99.0,574.48046875,,0
1782298102.158676,6463.085960,245.0,,99.0,574.48046875,,0
1782298102.258676,6463.185960,245.0,,99.0,574.48046875,,0
1782298102.358675,6463.285958,245.0,,99.0,574.48046875,,0
1782298102.458677,6463.385961,247.0,,99.0,574.48046875,,0
1782298102.558675,6463.485958,246.0,,99.0,574.48046875,,0
1782298102.658674,6463.585958,246.0,,99.0,574.48046875,,0
1782298102.758673,6463.685957,247.0,,99.0,574.48046875,,0
1782298102.858672,6463.785956,248.0,,99.0,574.48046875,,0
1782298102.958672,6463.885956,248.0,,99.0,574.48046875,,0
1782298103.058673,6463.985957,248.0,,99.0,574.48046875,,0
1782298103.158674,6464.085957,246.0,,99.0,574.48046875,,0
1782298103.258673,6464.185956,246.0,,99.0,574.48046875,,0
1782298103.358672,6464.285956,247.0,,99.0,574.48046875,,0
1782298103.458673,6464.385956,246.0,,99.0,574.48046875,,0
1782298103.558673,6464.485956,247.0,,99.0,574.48046875,,0
1782298103.658673,6464.585957,247.0,,99.0,574.48046875,,0
1782298103.758675,6464.685959,248.0,,99.0,574.48046875,,0
1782298103.858675,6464.785958,247.0,,99.0,574.48046875,,0
1782298103.958673,6464.885957,247.0,,99.0,574.48046875,,0
1782298104.058673,6464.985956,247.0,,99.0,574.48046875,,0
1782298104.158672,6465.085956,248.0,,99.0,574.48046875,,0
1782298104.258672,6465.185956,248.0,,99.0,574.48046875,,0
1782298104.358674,6465.285957,248.0,,99.0,574.48046875,,0
1782298104.458674,6465.385957,248.0,,99.0,574.48046875,,0
1782298104.558673,6465.485957,248.0,,99.0,574.48046875,,0
1782298104.658681,6465.585966,247.0,,99.0,574.48046875,,0
1782298104.758663,6465.685947,248.0,,99.0,574.48046875,,0
1782298104.858662,6465.785945,250.0,,99.0,574.48046875,,0
1782298104.958754,6465.886037,252.0,,99.0,574.48046875,,0
1782298105.058750,6465.986035,251.0,,99.0,574.48046875,,0
1782298105.158749,6466.086034,252.0,,99.0,574.48046875,,0
1782298105.258752,6466.186035,252.0,,99.0,574.48046875,,0
1782298105.358769,6466.286054,252.0,,99.0,574.48046875,,0
1782298105.458663,6466.385947,251.0,,99.0,574.48046875,,0
1782298105.558756,6466.486041,252.0,,99.0,574.48046875,,0
1782298105.658750,6466.586033,251.0,,99.0,574.48046875,,0
1782298105.758753,6466.686036,249.0,,99.0,574.48046875,,0
1782298105.858756,6466.786040,249.0,,99.0,574.48046875,,0
1782298105.958748,6466.886034,249.0,,99.0,574.48046875,,0
1782298106.058753,6466.986037,249.0,,99.0,574.48046875,,0
1782298106.158754,6467.086038,249.0,,99.0,574.48046875,,0
1782298106.258756,6467.186039,248.0,,99.0,574.48046875,,0
1782298106.358754,6467.286039,248.0,,99.0,574.48046875,,0
1782298106.458751,6467.386036,249.0,,99.0,574.48046875,,0
1782298106.558753,6467.486037,249.0,,99.0,574.48046875,,0
1782298106.658676,6467.585959,249.0,,99.0,574.49609375,,0
1782298106.758749,6467.686032,250.0,,99.0,574.49609375,,0
1782298106.858755,6467.786038,249.0,,99.0,574.49609375,,0
1782298106.958743,6467.886026,250.0,,99.0,574.49609375,,0
1782298107.058663,6467.985947,249.0,,99.0,574.49609375,,0
1782298107.158754,6468.086039,248.0,,99.0,574.49609375,,0
1782298107.258681,6468.185965,246.0,,99.0,574.49609375,,0
1782298107.358772,6468.286057,245.0,,99.0,574.4921875,,0
1782298107.458760,6468.386045,245.0,,99.0,574.4921875,,0
1782298107.558763,6468.486047,245.0,,99.0,574.4921875,,0
1782298107.658758,6468.586042,246.0,,99.0,574.4921875,,0
1782298107.758780,6468.686065,248.0,,99.0,574.4921875,,0
1782298107.858763,6468.786047,248.0,,99.0,574.4921875,,0
1782298107.958763,6468.886047,247.0,,99.0,574.4921875,,0
1782298108.058750,6468.986034,245.0,,99.0,574.4921875,,0
1782298108.158755,6469.086040,245.0,,99.0,574.4921875,,0
1782298108.258749,6469.186033,247.0,,99.0,574.4921875,,0
1782298108.358758,6469.286042,247.0,,99.0,574.4921875,,0
1782298108.458751,6469.386036,246.0,,99.0,574.4921875,,0
1782298108.558749,6469.486034,248.0,,99.0,574.4921875,,0
1782298108.658681,6469.585964,247.0,,99.0,574.4921875,,0
1782298108.758751,6469.686035,248.0,,99.0,574.4921875,,0
1782298108.858745,6469.786030,246.0,,99.0,574.4921875,,0
1782298108.958691,6469.885976,248.0,,99.0,574.4921875,,0
1782298109.058686,6469.985971,247.0,,99.0,600.46484375,,0
1782298109.158667,6470.085950,249.0,,99.0,600.46484375,,0
1782298109.258664,6470.185947,248.0,,99.0,600.46484375,,0
1782298109.358757,6470.286041,248.0,,99.0,600.46484375,,0
1782298109.458751,6470.386034,248.0,,99.0,600.46484375,,0
1782298109.558758,6470.486043,247.0,,99.0,600.46484375,,0
1782298109.658753,6470.586038,249.0,,99.0,600.46484375,,0
1782298109.758762,6470.686047,249.0,,99.0,600.46484375,,0
1782298109.858751,6470.786035,248.0,,99.0,600.46484375,,0
1782298109.958683,6470.885967,248.0,,99.0,600.46484375,,0
1782298110.058753,6470.986037,249.0,,99.0,600.46484375,,0
1782298110.158757,6471.086041,248.0,,99.0,600.46484375,,0
1782298110.258754,6471.186039,248.0,,99.0,600.46484375,,0
1782298110.358758,6471.286041,250.0,,99.0,600.46484375,,0
1782298110.458758,6471.386041,252.0,,99.0,600.46484375,,0
1782298110.558753,6471.486038,251.0,,99.0,600.46484375,,0
1782298110.658750,6471.586034,251.0,,99.0,600.46484375,,0
1782298110.758760,6471.686044,251.0,,99.0,600.46484375,,0
1782298110.858756,6471.786040,252.0,,99.0,600.46484375,,0
1782298110.958750,6471.886034,252.0,,99.0,600.46484375,,0
1782298111.058754,6471.986037,252.0,,99.0,600.46484375,,0
1782298111.158759,6472.086043,252.0,,99.0,600.46484375,,0
1782298111.258746,6472.186030,252.0,,99.0,600.46484375,,0
1782298111.358756,6472.286041,253.0,,99.0,600.46484375,,0
1782298111.458663,6472.385947,252.0,,99.0,600.46484375,,0
1782298111.558748,6472.486032,252.0,,99.0,600.46484375,,0
1782298111.658759,6472.586043,252.0,,99.0,600.46484375,,0
1782298111.758754,6472.686038,252.0,,99.0,600.46484375,,0
1782298111.858760,6472.786045,252.0,,99.0,600.46484375,,0
1782298111.958771,6472.886055,252.0,,99.0,600.46484375,,0
1782298112.058761,6472.986044,252.0,,99.0,600.46484375,,0
1782298112.158751,6473.086036,252.0,,99.0,600.46484375,,0
1782298112.258756,6473.186039,253.0,,99.0,600.46484375,,0
1782298112.358752,6473.286037,252.0,,99.0,600.46484375,,0
1782298112.458790,6473.386073,252.0,,99.0,600.46484375,,0
1782298112.558754,6473.486039,252.0,,99.0,600.46484375,,0
1782298112.658752,6473.586037,252.0,,99.0,600.46484375,,0
1782298112.758752,6473.686035,252.0,,99.0,600.46484375,,0
1782298112.858752,6473.786036,252.0,,99.0,600.46484375,,0
1782298112.958681,6473.885966,250.0,,99.0,600.46484375,,0
1782298113.058663,6473.985947,252.0,,99.0,600.46484375,,0
1782298113.158754,6474.086039,253.0,,99.0,600.46484375,,0
1782298113.258755,6474.186039,252.0,,99.0,600.46484375,,0
1782298113.358758,6474.286041,252.0,,99.0,600.46484375,,0
1782298113.458750,6474.386034,252.0,,99.0,600.46484375,,0
1782298113.558663,6474.485947,265.0,,99.0,600.46484375,,0
1782298113.658755,6474.586039,249.0,,99.0,600.46484375,,0
1782298113.758748,6474.686031,249.0,,99.0,600.46484375,,0
1782298113.858756,6474.786040,249.0,,99.0,600.46484375,,0
1782298113.958663,6474.885947,249.0,,99.0,600.46484375,,0
1782298114.058759,6474.986042,250.0,,99.0,600.46484375,,0
1782298114.158755,6475.086038,249.0,,99.0,600.46484375,,0
1782298114.258758,6475.186042,250.0,,99.0,600.46484375,,0
1782298114.358754,6475.286038,250.0,,99.0,600.46484375,,0
1782298114.458769,6475.386053,250.0,,99.0,600.46484375,,0
1782298114.558751,6475.486034,250.0,,99.0,600.46484375,,0
1782298114.658756,6475.586039,249.0,,99.0,600.46484375,,0
1782298114.758755,6475.686038,250.0,,99.0,600.46484375,,0
1782298114.858756,6475.786039,250.0,,99.0,600.46484375,,0
1782298114.958755,6475.886039,253.0,,99.0,600.46484375,,0
1782298115.058755,6475.986040,260.0,,99.0,600.46484375,,0
1782298115.158775,6476.086059,249.0,,99.0,600.46484375,,0
1782298115.258756,6476.186040,232.0,,99.0,600.46484375,,0
1782298115.358754,6476.286039,247.0,,99.0,600.46484375,,0
1782298115.458751,6476.386036,259.0,,99.0,600.46484375,,0
1782298115.558758,6476.486042,237.0,,99.0,600.46484375,,0
1782298115.658754,6476.586037,230.0,,99.0,600.46484375,,0
1782298115.758758,6476.686041,259.0,,99.0,600.46484375,,0
1782298115.858755,6476.786040,254.0,,99.0,600.46484375,,0
1782298115.958749,6476.886032,252.0,,99.0,600.46484375,,0
1782298116.058663,6476.985947,250.0,,99.0,600.46484375,,0
1782298116.158752,6477.086037,244.0,,99.0,600.46484375,,0
1782298116.258761,6477.186045,231.0,,99.0,600.46484375,,0
1782298116.358766,6477.286051,234.0,,99.0,600.46484375,,0
1782298116.458756,6477.386040,255.0,,99.0,600.46484375,,0
1782298116.558753,6477.486038,255.0,,99.0,600.46484375,,0
1782298116.658754,6477.586038,255.0,,99.0,600.46484375,,0
1782298116.758755,6477.686039,255.0,,99.0,600.46484375,,0
1782298116.858754,6477.786038,255.0,,99.0,600.46484375,,0
1782298116.958762,6477.886047,255.0,,99.0,600.46484375,,0
1782298117.058775,6477.986059,255.0,,99.0,600.46484375,,0
1782298117.158758,6478.086041,255.0,,99.0,600.46484375,,0
1782298117.258754,6478.186039,254.0,,99.0,600.46484375,,0
1782298117.358764,6478.286048,238.0,,99.0,600.46484375,,0
1782298117.458663,6478.385947,255.0,,99.0,600.46484375,,0
1782298117.558754,6478.486038,255.0,,99.0,600.46484375,,0
1782298117.658759,6478.586044,256.0,,99.0,600.46484375,,0
1782298117.758753,6478.686037,255.0,,99.0,600.46484375,,0
1782298117.858749,6478.786034,255.0,,99.0,600.46484375,,0
1782298117.958754,6478.886039,255.0,,99.0,600.46484375,,0
1782298118.058757,6478.986041,255.0,,99.0,600.46484375,,0
1782298118.158765,6479.086049,255.0,,99.0,600.46484375,,0
1782298118.258757,6479.186040,255.0,,99.0,600.46484375,,0
1782298118.358752,6479.286037,255.0,,99.0,600.46484375,,0
1782298118.458756,6479.386041,255.0,,99.0,600.46484375,,0
1782298118.558760,6479.486045,256.0,,99.0,600.46484375,,0
1782298118.658750,6479.586035,255.0,,99.0,600.46484375,,0
1782298118.758759,6479.686044,256.0,,99.0,600.46484375,,0
1782298118.858754,6479.786039,255.0,,99.0,600.46484375,,0
1782298118.958756,6479.886040,255.0,,99.0,600.46484375,,0
1782298119.058768,6479.986052,255.0,,99.0,600.46484375,,0
1782298119.158752,6480.086036,254.0,,99.0,600.46484375,,0
1782298119.258751,6480.186035,252.0,,99.0,600.46484375,,0
1782298119.358758,6480.286043,252.0,,99.0,600.46484375,,0
1782298119.458748,6480.386031,252.0,,99.0,600.46484375,,0
1782298119.558749,6480.486032,252.0,,99.0,600.46484375,,0
1782298119.658759,6480.586043,252.0,,99.0,600.46484375,,0
1782298119.758754,6480.686037,253.0,,99.0,600.46484375,,0
1782298119.858757,6480.786040,253.0,,99.0,600.46484375,,0
1782298119.958751,6480.886034,253.0,,99.0,600.46484375,,0
1782298120.058663,6480.985947,253.0,,99.0,600.46484375,,0
1782298120.158758,6481.086041,253.0,,99.0,600.46484375,,0
1782298120.258772,6481.186056,253.0,,99.0,600.46484375,,0
1782298120.358756,6481.286039,253.0,,99.0,600.46484375,,0
1782298120.458752,6481.386036,253.0,,99.0,600.46484375,,0
1782298120.558748,6481.486033,252.0,,99.0,600.46484375,,0
1782298120.658754,6481.586039,253.0,,99.0,600.46484375,,0
1782298120.758756,6481.686040,252.0,,99.0,600.46484375,,0
1782298120.858663,6481.785947,253.0,,99.0,600.46484375,,0
1782298120.958756,6481.886039,252.0,,99.0,600.46484375,,0
1782298121.058752,6481.986036,251.0,,99.0,600.46484375,,0
1782298121.158754,6482.086038,251.0,,99.0,600.46484375,,0
1782298121.258663,6482.185947,253.0,,99.0,600.46484375,,0
1782298121.358755,6482.286038,252.0,,99.0,600.46484375,,0
1782298121.458753,6482.386036,252.0,,99.0,600.46484375,,0
1782298121.558753,6482.486039,253.0,,99.0,600.46484375,,0
1782298121.658756,6482.586039,253.0,,99.0,600.46484375,,0
1782298121.758757,6482.686041,252.0,,99.0,600.46484375,,0
1782298121.858758,6482.786043,250.0,,99.0,600.46484375,,0
1782298121.958746,6482.886029,251.0,,99.0,600.46484375,,0
1782298122.058759,6482.986042,251.0,,99.0,600.46484375,,0
1782298122.158747,6483.086031,250.0,,99.0,600.46484375,,0
1782298122.258770,6483.186054,249.0,,99.0,600.46484375,,0
1782298122.358749,6483.286032,250.0,,99.0,600.46484375,,0
1782298122.458757,6483.386040,253.0,,99.0,600.46484375,,0
1782298122.558751,6483.486034,252.0,,99.0,600.46484375,,0
1782298122.658754,6483.586039,252.0,,99.0,600.46484375,,0
1782298122.758752,6483.686037,253.0,,99.0,600.46484375,,0
1782298122.858756,6483.786040,252.0,,99.0,600.46484375,,0
1782298122.958756,6483.886041,251.0,,99.0,600.46484375,,0
1782298123.058764,6483.986049,252.0,,99.0,600.46484375,,0
1782298123.158749,6484.086033,252.0,,99.0,600.46484375,,0
1782298123.258753,6484.186038,252.0,,99.0,600.46484375,,0
1782298123.358754,6484.286038,254.0,,99.0,600.46484375,,0
1782298123.458679,6484.385964,251.0,,99.0,600.46484375,,0
1782298123.558754,6484.486038,250.0,,99.0,600.46484375,,0
1782298123.658753,6484.586037,250.0,,99.0,600.46484375,,0
1782298123.758753,6484.686038,252.0,,99.0,600.46484375,,0
1782298123.858751,6484.786036,252.0,,99.0,600.46484375,,0
1782298123.958663,6484.885947,250.0,,99.0,600.46484375,,0
1782298124.058749,6484.986033,253.0,,99.0,600.46484375,,0
1782298124.158757,6485.086041,253.0,,99.0,600.46484375,,0
1782298124.258748,6485.186033,251.0,,99.0,600.46484375,,0
1782298124.358753,6485.286036,252.0,,99.0,600.46484375,,0
1782298124.458747,6485.386032,252.0,,99.0,600.46484375,,0
1782298124.558917,6485.486201,251.0,,99.0,600.46484375,,0
1782298124.658752,6485.586036,252.0,,99.0,600.46484375,,0
1782298124.758758,6485.686041,253.0,,99.0,600.46484375,,0
1782298124.858759,6485.786044,254.0,,99.0,600.46484375,,0
1782298124.958755,6485.886040,251.0,,99.0,600.46484375,,0
1782298125.058759,6485.986044,251.0,,99.0,600.46484375,,0
1782298125.158757,6486.086043,252.0,,99.0,600.46484375,,0
1782298125.258751,6486.186036,253.0,,99.0,600.46484375,,0
1782298125.358756,6486.286039,254.0,,99.0,600.46484375,,0
1782298125.458751,6486.386034,254.0,,99.0,600.46484375,,0
1782298125.558761,6486.486045,255.0,,99.0,600.46484375,,0
1782298125.658747,6486.586030,253.0,,99.0,600.46484375,,0
1782298125.758746,6486.686029,253.0,,99.0,600.46484375,,0
1782298125.858748,6486.786031,254.0,,99.0,600.46484375,,0
1782298125.958753,6486.886036,252.0,,99.0,600.46484375,,0
1782298126.058772,6486.986057,253.0,,99.0,600.46484375,,0
1782298126.158749,6487.086033,254.0,,99.0,600.46484375,,0
1782298126.258754,6487.186038,254.0,,99.0,600.46484375,,0
1782298126.358760,6487.286043,253.0,,99.0,600.46484375,,0
1782298126.458761,6487.386046,253.0,,99.0,600.46484375,,0
1782298126.558663,6487.485947,254.0,,99.0,600.46484375,,0
1782298126.658664,6487.585947,254.0,,99.0,600.46484375,,0
1782298126.758663,6487.685947,253.0,,99.0,600.46484375,,0
1782298126.858754,6487.786037,251.0,,99.0,600.46484375,,0
1782298126.958685,6487.885970,251.0,,99.0,600.46484375,,0
1782298127.058748,6487.986031,251.0,,99.0,600.46484375,,0
1782298127.158754,6488.086038,251.0,,99.0,600.46484375,,0
1782298127.258745,6488.186028,251.0,,99.0,600.46484375,,0
1782298127.358761,6488.286045,251.0,,99.0,600.46484375,,0
1782298127.458754,6488.386037,251.0,,99.0,600.46484375,,0
1782298127.558679,6488.485963,250.0,,99.0,600.46484375,,0
1782298127.658752,6488.586038,250.0,,99.0,600.46484375,,0
1782298127.758752,6488.686037,251.0,,99.0,600.46484375,,0
1782298127.858755,6488.786038,252.0,,99.0,600.46484375,,0
1782298127.958766,6488.886050,254.0,,99.0,600.46484375,,0
1782298128.058753,6488.986036,254.0,,99.0,600.46484375,,0
1782298128.158753,6489.086036,254.0,,99.0,600.46484375,,0
1782298128.258757,6489.186042,255.0,,99.0,600.46484375,,0
1782298128.358751,6489.286034,256.0,,99.0,600.46484375,,0
1782298128.458766,6489.386050,255.0,,99.0,600.46484375,,0
1782298128.558757,6489.486041,255.0,,99.0,600.46484375,,0
1782298128.658751,6489.586035,256.0,,99.0,600.46484375,,0
1782298128.758754,6489.686040,257.0,,99.0,600.46484375,,0
1782298128.858756,6489.786040,257.0,,99.0,600.46484375,,0
1782298128.958751,6489.886036,257.0,,99.0,600.46484375,,0
1782298129.058752,6489.986036,257.0,,99.0,600.46484375,,0
1782298129.158751,6490.086034,256.0,,99.0,600.46484375,,0
1782298129.258749,6490.186032,256.0,,99.0,600.46484375,,0
1782298129.358744,6490.286028,256.0,,99.0,600.46484375,,0
1782298129.458754,6490.386039,257.0,,99.0,600.46484375,,0
1782298129.558749,6490.486032,256.0,,99.0,600.46484375,,0
1782298129.658751,6490.586035,257.0,,99.0,600.46484375,,0
1782298129.758749,6490.686032,257.0,,99.0,600.46484375,,0
1782298129.858751,6490.786034,256.0,,99.0,600.46484375,,0
1782298129.958761,6490.886046,256.0,,99.0,600.46484375,,0
1782298130.058747,6490.986031,256.0,,99.0,600.46484375,,0
1782298130.158663,6491.085947,263.0,,99.0,600.46484375,,0
1782298130.258746,6491.186029,256.0,,99.0,600.46484375,,0
1782298130.358755,6491.286038,256.0,,99.0,600.46484375,,0
1782298130.458746,6491.386031,257.0,,99.0,600.46484375,,0
1782298130.558748,6491.486032,257.0,,99.0,600.46484375,,0
1782298130.658771,6491.586054,257.0,,99.0,600.46484375,,0
1782298130.758756,6491.686039,257.0,,99.0,600.46484375,,0
1782298130.858744,6491.786027,257.0,,99.0,600.46484375,,0
1782298130.958750,6491.886033,257.0,,99.0,600.46484375,,0
1782298131.058744,6491.986028,257.0,,99.0,600.46484375,,0
1782298131.158752,6492.086035,256.0,,99.0,600.46484375,,0
1782298131.258747,6492.186031,271.0,,99.0,600.46484375,,0
1782298131.358749,6492.286032,270.0,,99.0,600.46484375,,0
1782298131.458680,6492.385964,264.0,,99.0,600.46484375,,0
1782298131.558754,6492.486037,273.0,,99.0,600.46484375,,0
1782298131.658754,6492.586037,266.0,,99.0,600.46484375,,0
1782298131.758753,6492.686036,237.0,,99.0,600.46484375,,0
1782298131.858756,6492.786039,269.0,,99.0,600.46484375,,0
1782298131.958754,6492.886038,260.0,,99.0,600.46484375,,0
1782298132.058765,6492.986049,245.0,,99.0,600.46484375,,0
1782298132.158756,6493.086039,269.0,,99.0,600.46484375,,0
1782298132.258764,6493.186048,256.0,,99.0,600.46484375,,0
1782298132.358751,6493.286034,237.0,,99.0,600.46484375,,0
1782298132.458755,6493.386038,269.0,,99.0,600.46484375,,0
1782298132.558750,6493.486035,244.0,,99.0,600.46484375,,0
1782298132.658752,6493.586036,270.0,,99.0,600.46484375,,0
1782298132.758755,6493.686040,232.0,,99.0,600.46484375,,0
1782298132.858757,6493.786042,249.0,,99.0,600.46484375,,0
1782298132.958753,6493.886038,265.0,,99.0,600.46484375,,0
1782298133.058754,6493.986037,255.0,,99.0,600.46484375,,0
1782298133.158754,6494.086039,230.0,,99.0,600.46484375,,0
1782298133.258751,6494.186035,266.0,,99.0,600.46484375,,0
1782298133.358691,6494.285975,255.0,,99.0,600.46484375,,0
1782298133.458755,6494.386040,255.0,,99.0,600.46484375,,0
1782298133.558751,6494.486036,269.0,,99.0,600.46484375,,0
1782298133.658758,6494.586041,255.0,,99.0,600.46484375,,0
1782298133.758751,6494.686035,263.0,,99.0,600.46484375,,0
1782298133.858752,6494.786035,269.0,,99.0,600.46484375,,0
1782298133.958753,6494.886036,232.0,,99.0,600.46484375,,0
1782298134.058663,6494.985947,237.0,,99.0,600.46484375,,0
1782298134.158762,6495.086046,269.0,,99.0,600.46484375,,0
1782298134.258663,6495.185947,254.0,,99.0,600.46484375,,0
1782298134.358750,6495.286033,272.0,,99.0,600.46484375,,0
1782298134.458762,6495.386046,230.0,,99.0,600.46484375,,0
1782298134.558752,6495.486035,252.0,,99.0,600.46484375,,0
1782298134.658757,6495.586042,256.0,,99.0,600.46484375,,0
1782298134.758751,6495.686036,255.0,,99.0,600.46484375,,0
1782298134.858757,6495.786040,267.0,,99.0,600.46484375,,0
1782298134.958766,6495.886050,270.0,,99.0,600.46484375,,0
1782298135.058750,6495.986034,244.0,,99.0,600.46484375,,0
1782298135.158747,6496.086030,254.0,,99.0,600.46484375,,0
1782298135.258758,6496.186043,51.0,,3.0,600.46484375,,0
1782298135.358760,6496.286044,49.0,,3.0,600.46484375,,0
1782298135.458758,6496.386043,39.0,,2.0,600.46484375,,0
1782298135.558763,6496.486047,38.0,,2.0,600.46484375,,0
1782298135.658761,6496.586046,39.0,,2.0,600.46484375,,0
1782298135.758759,6496.686044,19.0,,3.0,600.46484375,,0
1782298135.858760,6496.786045,19.0,,2.0,600.46484375,,0
1782298135.958766,6496.886051,17.0,,3.0,600.46484375,,0
1782298136.058761,6496.986046,19.0,,2.0,600.46484375,,0
1782298136.158759,6497.086044,20.0,,3.0,600.46484375,,0
1782298136.258761,6497.186046,19.0,,3.0,600.46484375,,0
1782298136.358757,6497.286041,21.0,,2.0,600.46484375,,0
1782298136.458765,6497.386049,19.0,,3.0,600.46484375,,0
1782298136.558759,6497.486044,23.0,,4.0,600.46484375,,0
1782298136.658764,6497.586049,21.0,,3.0,600.46484375,,0
1782298136.758758,6497.686042,20.0,,3.0,600.46484375,,0
1782298136.858765,6497.786049,21.0,,3.0,600.46484375,,0
1782298136.958755,6497.886040,22.0,,3.0,600.46484375,,0
1782298137.058759,6497.986044,21.0,,3.0,600.46484375,,0
1782298137.158760,6498.086045,22.0,,3.0,600.46484375,,0
1782298137.258758,6498.186043,20.0,,3.0,600.46484375,,0
1782298137.358760,6498.286045,20.0,,3.0,600.46484375,,0
1782298137.458763,6498.386048,21.0,,3.0,600.46484375,,0
1782298137.558756,6498.486040,19.0,,3.0,600.46484375,,0
1782298137.658759,6498.586044,18.0,,3.0,600.46484375,,0
1782298137.758765,6498.686050,16.0,,3.0,600.46484375,,0
1782298137.858756,6498.786040,18.0,,3.0,600.46484375,,0
1782298137.958760,6498.886045,18.0,,3.0,600.46484375,,0
1782298138.058755,6498.986040,19.0,,3.0,600.46484375,,0
1782298138.158756,6499.086040,19.0,,3.0,600.46484375,,0
1782298138.258758,6499.186043,18.0,,3.0,600.46484375,,0
1782298138.358761,6499.286045,18.0,,3.0,600.46484375,,0
1782298138.458761,6499.386046,20.0,,3.0,600.46484375,,0
1782298138.558757,6499.486042,19.0,,3.0,600.46484375,,0
1782298138.658760,6499.586045,18.0,,3.0,600.46484375,,0
1782298138.758757,6499.686042,20.0,,3.0,600.46484375,,0
1782298138.858761,6499.786046,19.0,,3.0,600.46484375,,0
1782298138.958762,6499.886047,20.0,,4.0,600.46484375,,0
1782298139.058763,6499.986048,18.0,,2.0,600.46484375,,0
1782298139.158757,6500.086042,20.0,,2.0,600.46484375,,0
1782298139.258757,6500.186041,18.0,,3.0,600.46484375,,0
1782298139.358762,6500.286047,20.0,,3.0,600.46484375,,0
1782298139.458759,6500.386043,20.0,,3.0,600.46484375,,0
1782298139.558760,6500.486045,18.0,,3.0,600.46484375,,0
1782298139.658758,6500.586043,19.0,,3.0,600.46484375,,0
1782298139.758767,6500.686051,18.0,,3.0,600.46484375,,0
1782298139.858763,6500.786048,19.0,,3.0,600.46484375,,0
1782298139.958759,6500.886043,18.0,,3.0,600.46484375,,0
1782298140.058759,6500.986044,19.0,,3.0,593.10546875,,0
1782298140.158759,6501.086044,18.0,,2.0,593.10546875,,0
1782298140.258663,6501.185947,51.0,,54.0,593.10546875,,0
1782298140.358751,6501.286034,86.0,,99.0,593.10546875,,0
1782298140.458752,6501.386037,99.0,,99.0,593.10546875,,0
1782298140.558663,6501.485947,126.0,,99.0,593.10546875,,0
1782298140.658754,6501.586038,170.0,,99.0,593.10546875,,0
1782298140.758747,6501.686032,225.0,,99.0,593.10546875,,0
1782298140.858746,6501.786031,224.0,,99.0,593.10546875,,0
1782298140.958757,6501.886041,228.0,,99.0,593.10546875,,0
1782298141.058747,6501.986031,231.0,,99.0,593.10546875,,0
1782298141.158747,6502.086032,235.0,,99.0,593.10546875,,0
1782298141.258750,6502.186033,236.0,,99.0,593.10546875,,0
1782298141.358752,6502.286036,238.0,,99.0,593.10546875,,0
1782298141.458746,6502.386030,238.0,,99.0,593.10546875,,0
1782298141.558749,6502.486033,242.0,,99.0,593.10546875,,0
1782298141.658747,6502.586031,242.0,,99.0,593.10546875,,0
1782298141.758753,6502.686038,242.0,,99.0,593.10546875,,0
1782298141.858755,6502.786038,242.0,,99.0,593.10546875,,0
1782298141.958752,6502.886035,241.0,,99.0,593.10546875,,0
1782298142.058754,6502.986039,243.0,,99.0,593.10546875,,0
1782298142.158745,6503.086030,242.0,,99.0,593.10546875,,0
1782298142.258747,6503.186032,243.0,,99.0,593.10546875,,0
1782298142.358747,6503.286031,242.0,,99.0,593.10546875,,0
1782298142.458751,6503.386036,243.0,,99.0,593.10546875,,0
1782298142.558746,6503.486029,241.0,,99.0,593.10546875,,0
1782298142.658746,6503.586030,239.0,,99.0,593.10546875,,0
1782298142.758747,6503.686030,239.0,,99.0,593.10546875,,0
1782298142.858746,6503.786030,240.0,,99.0,593.10546875,,0
1782298142.958789,6503.886074,240.0,,99.0,593.10546875,,0
1782298143.058756,6503.986040,240.0,,99.0,593.10546875,,0
1782298143.158754,6504.086038,241.0,,99.0,593.10546875,,0
1782298143.258756,6504.186039,241.0,,99.0,593.10546875,,0
1782298143.358758,6504.286041,241.0,,99.0,593.10546875,,0
1782298143.458754,6504.386038,243.0,,99.0,593.10546875,,0
1782298143.558755,6504.486039,244.0,,99.0,593.10546875,,0
1782298143.658664,6504.585947,244.0,,99.0,593.10546875,,0
1782298143.758754,6504.686037,244.0,,99.0,593.10546875,,0
1782298143.858692,6504.785976,243.0,,99.0,593.10546875,,0
1782298143.958763,6504.886048,244.0,,99.0,593.10546875,,0
1782298144.058780,6504.986064,244.0,,99.0,593.10546875,,0
1782298144.158746,6505.086030,244.0,,99.0,593.10546875,,0
1782298144.258746,6505.186030,244.0,,99.0,593.10546875,,0
1782298144.358748,6505.286032,243.0,,99.0,593.10546875,,0
1782298144.458754,6505.386039,244.0,,99.0,593.10546875,,0
1782298144.558750,6505.486035,244.0,,99.0,593.10546875,,0
1782298144.658743,6505.586026,244.0,,99.0,593.10546875,,0
1782298144.758761,6505.686046,245.0,,99.0,593.10546875,,0
1782298144.858760,6505.786045,244.0,,99.0,593.10546875,,0
1782298144.958757,6505.886042,243.0,,99.0,593.10546875,,0
1782298145.058756,6505.986040,244.0,,99.0,593.10546875,,0
1782298145.158745,6506.086028,245.0,,99.0,593.10546875,,0
1782298145.258749,6506.186032,243.0,,99.0,593.10546875,,0
1782298145.358747,6506.286030,245.0,,99.0,593.10546875,,0
1782298145.458753,6506.386036,245.0,,99.0,593.10546875,,0
1782298145.558753,6506.486036,245.0,,99.0,593.10546875,,0
1782298145.658747,6506.586031,245.0,,99.0,593.10546875,,0
1782298145.758756,6506.686040,244.0,,99.0,593.10546875,,0
1782298145.858755,6506.786040,245.0,,99.0,593.10546875,,0
1782298145.958663,6506.885947,245.0,,99.0,593.10546875,,0
1782298146.058662,6506.985945,259.0,,99.0,593.10546875,,0
1782298146.158662,6507.085945,257.0,,99.0,593.10546875,,0
1782298146.258663,6507.185947,231.0,,99.0,593.10546875,,0
1782298146.358759,6507.286043,245.0,,99.0,593.10546875,,0
1782298146.458758,6507.386042,244.0,,99.0,593.10546875,,0
1782298146.558752,6507.486037,245.0,,99.0,593.10546875,,0
1782298146.658746,6507.586030,245.0,,99.0,593.10546875,,0
1782298146.758746,6507.686030,245.0,,99.0,593.10546875,,0
1782298146.858750,6507.786035,245.0,,99.0,593.10546875,,0
1782298146.958746,6507.886031,245.0,,99.0,593.10546875,,0
1782298147.058746,6507.986031,246.0,,99.0,593.10546875,,0
1782298147.158746,6508.086030,245.0,,99.0,593.10546875,,0
1782298147.258663,6508.185947,261.0,,99.0,593.10546875,,0
1782298147.358759,6508.286044,245.0,,99.0,593.10546875,,0
1782298147.458754,6508.386038,246.0,,99.0,593.10546875,,0
1782298147.558754,6508.486037,246.0,,99.0,593.10546875,,0
1782298147.658754,6508.586039,247.0,,99.0,593.10546875,,0
1782298147.758756,6508.686041,228.0,,99.0,593.10546875,,0
1782298147.858749,6508.786034,229.0,,99.0,593.10546875,,0
1782298147.958746,6508.886031,262.0,,99.0,593.10546875,,0
1782298148.058756,6508.986040,259.0,,99.0,593.10546875,,0
1782298148.158750,6509.086033,262.0,,99.0,593.10546875,,0
1782298148.258758,6509.186042,263.0,,99.0,593.10546875,,0
1782298148.358749,6509.286034,225.0,,99.0,593.10546875,,0
1782298148.458751,6509.386036,264.0,,99.0,593.10546875,,0
1782298148.558752,6509.486035,221.0,,99.0,593.10546875,,0
1782298148.658751,6509.586035,263.0,,99.0,593.10546875,,0
1782298148.758755,6509.686040,258.0,,99.0,593.10546875,,0
1782298148.858755,6509.786040,227.0,,99.0,593.10546875,,0
1782298148.958752,6509.886035,256.0,,99.0,593.10546875,,0
1782298149.058750,6509.986035,241.0,,99.0,593.10546875,,0
1782298149.158754,6510.086039,229.0,,99.0,593.10546875,,0
1782298149.258749,6510.186035,245.0,,99.0,593.10546875,,0
1782298149.358767,6510.286051,247.0,,99.0,593.10546875,,0
1782298149.458758,6510.386041,248.0,,99.0,593.10546875,,0
1782298149.558753,6510.486037,249.0,,99.0,593.10546875,,0
1782298149.658756,6510.586041,249.0,,99.0,593.10546875,,0
1782298149.758757,6510.686040,249.0,,99.0,593.10546875,,0
1782298149.858663,6510.785947,249.0,,99.0,593.10546875,,0
1782298149.958751,6510.886036,249.0,,99.0,593.10546875,,0
1782298150.058753,6510.986036,250.0,,99.0,593.10546875,,0
1782298150.158751,6511.086035,250.0,,99.0,593.10546875,,0
1782298150.258755,6511.186039,250.0,,99.0,593.10546875,,0
1782298150.358749,6511.286034,250.0,,99.0,593.10546875,,0
1782298150.458750,6511.386034,249.0,,99.0,593.10546875,,0
1782298150.558750,6511.486035,249.0,,99.0,593.10546875,,0
1782298150.658753,6511.586037,249.0,,99.0,593.10546875,,0
1782298150.758751,6511.686035,250.0,,99.0,593.10546875,,0
1782298150.858758,6511.786042,248.0,,99.0,593.10546875,,0
1782298150.958683,6511.885968,250.0,,99.0,593.10546875,,0
1782298151.058752,6511.986036,250.0,,99.0,593.10546875,,0
1782298151.158753,6512.086037,249.0,,99.0,593.10546875,,0
1782298151.258750,6512.186034,249.0,,99.0,593.10546875,,0
1782298151.358757,6512.286042,248.0,,99.0,593.10546875,,0
1782298151.458752,6512.386037,247.0,,99.0,593.10546875,,0
1782298151.558752,6512.486035,248.0,,99.0,593.10546875,,0
1782298151.658756,6512.586040,248.0,,99.0,593.10546875,,0
1782298151.758753,6512.686037,248.0,,99.0,593.10546875,,0
1782298151.858751,6512.786036,248.0,,99.0,593.10546875,,0
1782298151.958752,6512.886037,248.0,,99.0,593.10546875,,0
1782298152.058753,6512.986038,249.0,,99.0,593.10546875,,0
1782298152.158757,6513.086040,248.0,,99.0,593.10546875,,0
1782298152.258758,6513.186041,249.0,,99.0,593.10546875,,0
1782298152.358751,6513.286035,249.0,,99.0,593.10546875,,0
1782298152.458754,6513.386038,250.0,,99.0,593.10546875,,0
1782298152.558759,6513.486044,251.0,,99.0,593.10546875,,0
1782298152.658751,6513.586036,248.0,,99.0,593.10546875,,0
1782298152.758775,6513.686059,248.0,,99.0,593.10546875,,0
1782298152.858754,6513.786038,250.0,,99.0,593.10546875,,0
1782298152.958757,6513.886040,250.0,,99.0,593.10546875,,0
1782298153.058752,6513.986035,250.0,,99.0,593.10546875,,0
1782298153.158752,6514.086036,250.0,,99.0,593.10546875,,0
1782298153.258756,6514.186040,251.0,,99.0,593.10546875,,0
1782298153.358749,6514.286034,251.0,,99.0,593.10546875,,0
1782298153.458751,6514.386036,251.0,,99.0,593.10546875,,0
1782298153.558758,6514.486042,251.0,,99.0,593.10546875,,0
1782298153.658761,6514.586045,250.0,,99.0,593.10546875,,0
1782298153.758751,6514.686034,250.0,,99.0,593.10546875,,0
1782298153.858751,6514.786035,250.0,,99.0,593.10546875,,0
1782298153.958752,6514.886036,250.0,,99.0,593.10546875,,0
1782298154.058749,6514.986033,250.0,,99.0,593.10546875,,0
1782298154.158751,6515.086036,251.0,,99.0,593.10546875,,0
1782298154.258750,6515.186034,251.0,,99.0,593.10546875,,0
1782298154.358759,6515.286042,252.0,,99.0,593.10546875,,0
1782298154.458747,6515.386032,251.0,,99.0,593.10546875,,0
1782298154.558745,6515.486028,251.0,,99.0,593.10546875,,0
1782298154.658747,6515.586032,252.0,,99.0,593.10546875,,0
1782298154.758751,6515.686036,254.0,,99.0,593.10546875,,0
1782298154.858746,6515.786030,254.0,,99.0,593.10546875,,0
1782298154.958746,6515.886030,254.0,,99.0,593.10546875,,0
1782298155.058754,6515.986038,255.0,,99.0,593.10546875,,0
1782298155.158746,6516.086031,253.0,,99.0,593.10546875,,0
1782298155.258664,6516.185947,255.0,,99.0,593.10546875,,0
1782298155.358662,6516.285945,256.0,,99.0,593.10546875,,0
1782298155.458749,6516.386032,255.0,,99.0,593.10546875,,0
1782298155.558767,6516.486051,255.0,,99.0,593.10546875,,0
1782298155.658752,6516.586037,253.0,,99.0,593.10546875,,0
1782298155.758754,6516.686038,249.0,,99.0,593.10546875,,0
1782298155.858754,6516.786037,248.0,,99.0,593.10546875,,0
1782298155.958753,6516.886038,249.0,,99.0,593.10546875,,0
1782298156.058766,6516.986050,249.0,,99.0,593.10546875,,0
1782298156.158756,6517.086040,250.0,,99.0,593.10546875,,0
1782298156.258753,6517.186036,257.0,,99.0,593.10546875,,0
1782298156.358752,6517.286036,258.0,,99.0,593.10546875,,0
1782298156.458754,6517.386038,258.0,,99.0,593.10546875,,0
1782298156.558764,6517.486048,256.0,,99.0,593.10546875,,0
1782298156.658752,6517.586036,255.0,,99.0,593.10546875,,0
1782298156.758750,6517.686034,255.0,,99.0,593.10546875,,0
1782298156.858756,6517.786039,255.0,,99.0,593.10546875,,0
1782298156.958750,6517.886035,256.0,,99.0,593.10546875,,0
1782298157.058753,6517.986037,256.0,,99.0,593.10546875,,0
1782298157.158747,6518.086031,256.0,,99.0,593.10546875,,0
1782298157.258754,6518.186037,256.0,,99.0,593.10546875,,0
1782298157.358755,6518.286039,256.0,,99.0,593.10546875,,0
1782298157.458685,6518.385969,256.0,,99.0,593.10546875,,0
1782298157.558747,6518.486033,255.0,,99.0,593.10546875,,0
1782298157.658751,6518.586036,256.0,,99.0,593.10546875,,0
1782298157.758753,6518.686037,256.0,,99.0,593.10546875,,0
1782298157.858746,6518.786031,257.0,,99.0,593.10546875,,0
1782298157.958747,6518.886031,258.0,,99.0,593.10546875,,0
1782298158.058749,6518.986033,260.0,,99.0,593.10546875,,0
1782298158.158748,6519.086032,259.0,,99.0,593.10546875,,0
1782298158.258755,6519.186039,257.0,,99.0,593.10546875,,0
1782298158.358746,6519.286030,258.0,,99.0,593.10546875,,0
1782298158.458753,6519.386038,258.0,,99.0,593.10546875,,0
1782298158.558779,6519.486064,259.0,,99.0,593.10546875,,0
1782298158.658755,6519.586039,257.0,,99.0,593.10546875,,0
1782298158.758748,6519.686032,259.0,,99.0,593.10546875,,0
1782298158.858759,6519.786044,259.0,,99.0,593.10546875,,0
1782298158.958747,6519.886031,259.0,,99.0,593.10546875,,0
1782298159.058753,6519.986038,259.0,,99.0,593.10546875,,0
1782298159.158746,6520.086031,258.0,,99.0,593.10546875,,0
1782298159.258754,6520.186039,259.0,,99.0,593.10546875,,0
1782298159.358752,6520.286037,259.0,,99.0,593.10546875,,0
1782298159.458764,6520.386049,259.0,,99.0,593.10546875,,0
1782298159.558748,6520.486031,260.0,,99.0,593.10546875,,0
1782298159.658746,6520.586031,258.0,,99.0,593.10546875,,0
1782298159.758751,6520.686036,257.0,,99.0,593.10546875,,0
1782298159.858748,6520.786032,257.0,,99.0,593.10546875,,0
1782298159.958759,6520.886043,256.0,,99.0,593.10546875,,0
1782298160.058752,6520.986037,255.0,,99.0,593.10546875,,0
1782298160.158752,6521.086037,256.0,,99.0,593.10546875,,0
1782298160.258759,6521.186044,257.0,,99.0,593.10546875,,0
1782298160.358749,6521.286032,260.0,,99.0,593.10546875,,0
1782298160.458756,6521.386040,259.0,,99.0,593.10546875,,0
1782298160.558662,6521.485946,259.0,,99.0,593.10546875,,0
1782298160.658748,6521.586032,259.0,,99.0,593.10546875,,0
1782298160.758751,6521.686035,259.0,,99.0,593.10546875,,0
1782298160.858749,6521.786033,259.0,,99.0,593.10546875,,0
1782298160.958755,6521.886038,259.0,,99.0,593.10546875,,0
1782298161.058748,6521.986033,258.0,,99.0,593.10546875,,0
1782298161.158749,6522.086032,259.0,,99.0,593.10546875,,0
1782298161.258756,6522.186040,259.0,,99.0,593.10546875,,0
1782298161.358759,6522.286043,258.0,,99.0,593.10546875,,0
1782298161.458750,6522.386034,259.0,,99.0,593.10546875,,0
1782298161.558753,6522.486037,260.0,,99.0,593.10546875,,0
1782298161.658664,6522.585947,259.0,,99.0,593.10546875,,0
1782298161.758748,6522.686031,259.0,,99.0,593.10546875,,0
1782298161.858752,6522.786035,258.0,,99.0,593.10546875,,0
1782298161.958760,6522.886044,258.0,,99.0,593.10546875,,0
1782298162.058745,6522.986030,259.0,,99.0,593.10546875,,0
1782298162.158757,6523.086042,259.0,,99.0,593.10546875,,0
1782298162.258746,6523.186030,259.0,,99.0,593.10546875,,0
1782298162.358746,6523.286031,259.0,,99.0,593.10546875,,0
1782298162.458754,6523.386037,258.0,,99.0,593.10546875,,0
1782298162.558756,6523.486041,259.0,,99.0,593.10546875,,0
1782298162.658753,6523.586036,259.0,,99.0,593.10546875,,0
1782298162.758753,6523.686036,259.0,,99.0,593.10546875,,0
1782298162.858750,6523.786035,259.0,,99.0,593.10546875,,0
1782298162.958746,6523.886030,259.0,,99.0,593.10546875,,0
1782298163.058749,6523.986034,259.0,,99.0,593.10546875,,0
1782298163.158752,6524.086037,260.0,,99.0,593.10546875,,0
1782298163.258756,6524.186039,259.0,,99.0,593.10546875,,0
1782298163.358771,6524.286055,260.0,,99.0,593.10546875,,0
1782298163.458754,6524.386039,259.0,,99.0,593.10546875,,0
1782298163.558751,6524.486036,259.0,,99.0,593.10546875,,0
1782298163.658748,6524.586033,260.0,,99.0,593.10546875,,0
1782298163.758754,6524.686038,260.0,,99.0,593.10546875,,0
1782298163.858757,6524.786042,257.0,,99.0,593.10546875,,0
1782298163.958751,6524.886036,257.0,,99.0,593.10546875,,0
1782298164.058755,6524.986039,258.0,,99.0,593.10546875,,0
1782298164.158747,6525.086030,276.0,,99.0,593.10546875,,0
1782298164.258753,6525.186037,268.0,,99.0,593.10546875,,0
1782298164.358750,6525.286035,255.0,,99.0,593.10546875,,0
1782298164.458768,6525.386052,249.0,,99.0,593.10546875,,0
1782298164.558751,6525.486034,256.0,,99.0,593.10546875,,0
1782298164.658751,6525.586035,250.0,,99.0,593.10546875,,0
1782298164.758757,6525.686041,245.0,,99.0,593.10546875,,0
1782298164.858754,6525.786038,256.0,,99.0,593.10546875,,0
1782298164.958758,6525.886042,267.0,,99.0,593.10546875,,0
1782298165.058748,6525.986033,272.0,,99.0,593.10546875,,0
1782298165.158751,6526.086034,257.0,,99.0,593.10546875,,0
1782298165.258764,6526.186049,253.0,,99.0,593.10546875,,0
1782298165.358748,6526.286031,271.0,,99.0,593.10546875,,0
1782298165.458750,6526.386034,271.0,,99.0,593.10546875,,0
1782298165.558747,6526.486030,280.0,,99.0,593.10546875,,0
1782298165.658757,6526.586042,248.0,,99.0,593.10546875,,0
1782298165.758760,6526.686044,260.0,,99.0,593.10546875,,0
1782298165.858756,6526.786041,277.0,,99.0,593.10546875,,0
1782298165.958768,6526.886053,272.0,,99.0,593.10546875,,0
1782298166.058758,6526.986041,260.0,,99.0,593.10546875,,0
1782298166.158753,6527.086036,260.0,,99.0,593.10546875,,0
1782298166.258751,6527.186035,259.0,,99.0,593.10546875,,0
1782298166.358752,6527.286036,260.0,,99.0,593.10546875,,0
1782298166.458758,6527.386042,260.0,,99.0,593.10546875,,0
1782298166.558754,6527.486038,260.0,,99.0,593.10546875,,0
1782298166.658751,6527.586035,258.0,,99.0,593.10546875,,0
1782298166.758758,6527.686043,261.0,,99.0,593.10546875,,0
1782298166.858757,6527.786042,259.0,,99.0,593.10546875,,0
1782298166.958768,6527.886053,258.0,,99.0,593.10546875,,0
1782298167.058753,6527.986038,259.0,,99.0,593.10546875,,0
1782298167.158754,6528.086039,260.0,,99.0,593.10546875,,0
1782298167.258754,6528.186038,258.0,,99.0,593.10546875,,0
1782298167.358751,6528.286036,258.0,,99.0,593.10546875,,0
1782298167.458747,6528.386030,260.0,,99.0,593.10546875,,0
1782298167.558756,6528.486039,261.0,,99.0,593.10546875,,0
1782298167.658762,6528.586046,259.0,,99.0,593.10546875,,0
1782298167.758746,6528.686031,260.0,,99.0,593.10546875,,0
1782298167.858752,6528.786035,260.0,,99.0,593.10546875,,0
1782298167.958755,6528.886040,260.0,,99.0,593.10546875,,0
1782298168.058753,6528.986039,258.0,,99.0,593.10546875,,0
1782298168.158763,6529.086047,260.0,,99.0,593.10546875,,0
1782298168.258756,6529.186040,259.0,,99.0,593.10546875,,0
1782298168.358749,6529.286033,260.0,,99.0,593.10546875,,0
1782298168.458755,6529.386039,261.0,,99.0,593.10546875,,0
1782298168.558753,6529.486037,258.0,,99.0,593.10546875,,0
1782298168.658756,6529.586041,260.0,,99.0,593.10546875,,0
1782298168.758755,6529.686039,259.0,,99.0,593.10546875,,0
1782298168.858766,6529.786050,258.0,,99.0,593.10546875,,0
1782298168.958680,6529.885965,260.0,,99.0,593.10546875,,0
1782298169.058759,6529.986044,260.0,,99.0,593.10546875,,0
1782298169.158663,6530.085947,259.0,,99.0,593.10546875,,0
1782298169.258756,6530.186039,260.0,,99.0,593.10546875,,0
1782298169.358755,6530.286040,261.0,,99.0,593.10546875,,0
1782298169.458691,6530.385976,260.0,,99.0,593.10546875,,0
1782298169.558768,6530.486051,261.0,,99.0,593.10546875,,0
1782298169.658662,6530.585945,260.0,,99.0,593.10546875,,0
1782298169.758755,6530.686038,260.0,,99.0,593.10546875,,0
1782298169.858663,6530.785947,258.0,,99.0,593.10546875,,0
1782298169.958748,6530.886031,258.0,,99.0,593.10546875,,0
1782298170.058762,6530.986046,258.0,,99.0,593.10546875,,0
1782298170.158751,6531.086036,258.0,,99.0,593.10546875,,0
1782298170.258752,6531.186035,257.0,,99.0,593.10546875,,0
1782298170.358757,6531.286042,257.0,,99.0,593.10546875,,0
1782298170.458754,6531.386038,258.0,,99.0,593.10546875,,0
1782298170.558753,6531.486038,258.0,,99.0,593.10546875,,0
1782298170.658754,6531.586038,258.0,,99.0,593.10546875,,0
1782298170.758757,6531.686041,260.0,,99.0,593.10546875,,0
1782298170.858745,6531.786030,260.0,,99.0,593.10546875,,0
1782298170.958775,6531.886059,261.0,,99.0,593.10546875,,0
1782298171.058754,6531.986039,261.0,,99.0,593.10546875,,0
1782298171.158760,6532.086045,260.0,,99.0,593.10546875,,0
1782298171.258663,6532.185947,259.0,,99.0,593.10546875,,0
1782298171.358772,6532.286057,260.0,,99.0,593.10546875,,0
1782298171.458758,6532.386042,260.0,,99.0,593.10546875,,0
1782298171.558753,6532.486037,259.0,,99.0,593.10546875,,0
1782298171.658664,6532.585947,260.0,,99.0,593.10546875,,0
1782298171.758759,6532.686044,261.0,,99.0,593.10546875,,0
1782298171.858663,6532.785947,261.0,,99.0,593.10546875,,0
1782298171.958765,6532.886049,260.0,,99.0,593.10546875,,0
1782298172.058761,6532.986046,260.0,,99.0,593.10546875,,0
1782298172.158751,6533.086035,259.0,,99.0,593.10546875,,0
1782298172.258750,6533.186035,260.0,,99.0,593.10546875,,0
1782298172.358752,6533.286037,261.0,,99.0,593.10546875,,0
1782298172.458761,6533.386045,260.0,,99.0,593.10546875,,0
1782298172.558754,6533.486040,259.0,,99.0,593.10546875,,0
1782298172.658752,6533.586036,260.0,,99.0,593.10546875,,0
1782298172.758755,6533.686040,261.0,,99.0,593.10546875,,0
1782298172.858747,6533.786032,260.0,,99.0,593.10546875,,0
1782298172.958753,6533.886037,261.0,,99.0,593.10546875,,0
1782298173.058663,6533.985947,259.0,,99.0,593.10546875,,0
1782298173.158745,6534.086029,258.0,,99.0,593.10546875,,0
1782298173.258747,6534.186030,258.0,,99.0,593.10546875,,0
1782298173.358752,6534.286037,257.0,,99.0,593.10546875,,0
1782298173.458748,6534.386032,258.0,,99.0,593.10546875,,0
1782298173.558750,6534.486035,258.0,,99.0,593.10546875,,0
1782298173.658752,6534.586035,258.0,,99.0,593.10546875,,0
1782298173.758751,6534.686036,259.0,,99.0,593.10546875,,0
1782298173.858663,6534.785947,259.0,,99.0,593.10546875,,0
1782298173.958757,6534.886042,259.0,,99.0,593.10546875,,0
1782298174.058752,6534.986037,259.0,,99.0,593.10546875,,0
1782298174.158752,6535.086036,257.0,,99.0,593.10546875,,0
1782298174.258758,6535.186042,257.0,,99.0,593.10546875,,0
1782298174.358750,6535.286033,259.0,,99.0,593.10546875,,0
1782298174.458756,6535.386040,262.0,,99.0,593.10546875,,0
1782298174.558755,6535.486040,260.0,,99.0,593.10546875,,0
1782298174.658754,6535.586037,261.0,,99.0,593.10546875,,0
1782298174.758756,6535.686041,261.0,,99.0,593.10546875,,0
1782298174.858752,6535.786037,259.0,,99.0,593.10546875,,0
1782298174.958750,6535.886034,260.0,,99.0,593.10546875,,0
1782298175.058748,6535.986033,260.0,,99.0,593.10546875,,0
1782298175.158747,6536.086032,260.0,,99.0,593.10546875,,0
1782298175.258761,6536.186046,151.0,,49.0,593.10546875,,0
1782298175.358762,6536.286046,48.0,,3.0,593.10546875,,0
1782298175.458762,6536.386047,45.0,,3.0,593.10546875,,0
1782298175.558763,6536.486047,39.0,,3.0,593.10546875,,0
1782298175.658764,6536.586049,38.0,,3.0,593.10546875,,0
1782298175.758760,6536.686045,24.0,,3.0,593.10546875,,0
1782298175.858763,6536.786047,19.0,,3.0,593.10546875,,0
1782298175.958762,6536.886047,20.0,,2.0,593.10546875,,0
1782298176.058764,6536.986049,20.0,,2.0,593.10546875,,0
1782298176.158758,6537.086042,21.0,,3.0,593.10546875,,0
1782298176.258762,6537.186046,20.0,,2.0,593.10546875,,0
1782298176.358765,6537.286049,20.0,,2.0,593.10546875,,0
1782298176.458760,6537.386044,20.0,,3.0,593.10546875,,0
1782298176.558769,6537.486054,20.0,,3.0,593.10546875,,0
1782298176.658762,6537.586046,20.0,,3.0,593.10546875,,0
1782298176.758764,6537.686049,21.0,,3.0,593.10546875,,0
1782298176.858762,6537.786046,19.0,,3.0,593.10546875,,0
1782298176.958761,6537.886046,18.0,,3.0,593.10546875,,0
1782298177.058764,6537.986049,19.0,,3.0,593.10546875,,0
1782298177.158758,6538.086043,18.0,,3.0,593.10546875,,0
1782298177.258762,6538.186046,20.0,,3.0,593.10546875,,0
1782298177.358685,6538.285970,19.0,,3.0,593.10546875,,0
1782298177.458761,6538.386046,21.0,,3.0,593.10546875,,0
1782298177.558760,6538.486045,19.0,,3.0,593.10546875,,0
1782298177.658761,6538.586046,18.0,,3.0,593.10546875,,0
1782298177.758762,6538.686046,19.0,,2.0,593.10546875,,0
1782298177.858762,6538.786047,19.0,,2.0,593.10546875,,0
1782298177.958758,6538.886043,20.0,,3.0,593.10546875,,0
1782298178.058761,6538.986046,21.0,,3.0,593.10546875,,0
1782298178.158762,6539.086046,19.0,,3.0,593.10546875,,0
1782298178.258759,6539.186044,21.0,,3.0,593.10546875,,0
1782298178.358763,6539.286047,20.0,,3.0,593.10546875,,0
1782298178.458764,6539.386049,18.0,,3.0,593.10546875,,0
1782298178.558764,6539.486048,18.0,,3.0,593.10546875,,0
1782298178.658765,6539.586049,18.0,,3.0,593.10546875,,0
1782298178.758760,6539.686045,20.0,,3.0,593.10546875,,0
1782298178.858765,6539.786049,20.0,,3.0,593.10546875,,0
1782298178.958758,6539.886043,18.0,,3.0,593.10546875,,0
1782298179.058764,6539.986049,18.0,,2.0,593.10546875,,0
1782298179.158762,6540.086046,18.0,,3.0,593.10546875,,0
1782298179.258758,6540.186042,18.0,,3.0,593.10546875,,0
1782298179.358762,6540.286047,18.0,,3.0,593.10546875,,0
1782298179.458759,6540.386044,19.0,,3.0,593.10546875,,0
1782298179.558761,6540.486045,20.0,,4.0,593.10546875,,0
1782298179.658761,6540.586046,19.0,,3.0,593.10546875,,0
1782298179.758758,6540.686043,21.0,,3.0,593.10546875,,0
1782298179.858764,6540.786049,19.0,,3.0,593.10546875,,0
1782298179.958756,6540.886041,17.0,,3.0,593.10546875,,0
1782298180.058759,6540.986044,17.0,,3.0,593.10546875,,0
1782298180.158758,6541.086042,17.0,,3.0,593.10546875,,0
1782298180.258664,6541.185947,219.0,,99.0,593.10546875,,0
1782298180.358753,6541.286036,224.0,,99.0,593.10546875,,0
1782298180.458755,6541.386039,220.0,,99.0,593.10546875,,0
1782298180.558754,6541.486038,222.0,,99.0,593.10546875,,0
1782298180.658756,6541.586039,226.0,,99.0,593.10546875,,0
1782298180.758755,6541.686039,251.0,,99.0,593.10546875,,0
1782298180.858760,6541.786044,225.0,,99.0,593.10546875,,0
1782298180.958754,6541.886037,255.0,,99.0,593.10546875,,0
1782298181.058754,6541.986038,245.0,,99.0,593.10546875,,0
1782298181.158692,6542.085977,244.0,,99.0,593.10546875,,0
1782298181.258684,6542.185968,248.0,,99.0,593.10546875,,0
1782298181.358753,6542.286037,254.0,,99.0,593.10546875,,0
1782298181.458759,6542.386043,264.0,,99.0,593.10546875,,0
1782298181.558759,6542.486043,261.0,,99.0,593.10546875,,0
1782298181.658754,6542.586037,245.0,,99.0,593.10546875,,0
1782298181.758751,6542.686036,245.0,,99.0,593.10546875,,0
1782298181.858746,6542.786031,258.0,,99.0,593.10546875,,0
1782298181.958747,6542.886031,230.0,,99.0,593.10546875,,0
1782298182.058766,6542.986050,268.0,,99.0,593.10546875,,0
1782298182.158758,6543.086041,234.0,,99.0,593.10546875,,0
1782298182.258747,6543.186031,251.0,,99.0,593.10546875,,0
1782298182.358751,6543.286035,251.0,,99.0,593.10546875,,0
1782298182.458688,6543.385972,251.0,,99.0,593.10546875,,0
1782298182.558764,6543.486048,224.0,,99.0,593.10546875,,0
1782298182.658762,6543.586047,252.0,,99.0,593.10546875,,0
1782298182.758759,6543.686044,252.0,,99.0,593.10546875,,0
1782298182.858752,6543.786038,251.0,,99.0,593.10546875,,0
1782298182.958749,6543.886033,251.0,,99.0,593.10546875,,0
1782298183.058749,6543.986032,249.0,,99.0,593.10546875,,0
1782298183.158747,6544.086031,249.0,,99.0,593.10546875,,0
1782298183.258663,6544.185947,249.0,,99.0,593.10546875,,0
1782298183.358752,6544.286036,249.0,,99.0,593.10546875,,0
1782298183.458746,6544.386029,249.0,,99.0,593.10546875,,0
1782298183.558752,6544.486036,248.0,,99.0,593.10546875,,0
1782298183.658745,6544.586029,248.0,,99.0,593.10546875,,0
1782298183.758692,6544.685977,249.0,,99.0,593.10546875,,0
1782298183.858747,6544.786031,251.0,,99.0,593.10546875,,0
1782298183.958764,6544.886048,251.0,,99.0,593.10546875,,0
1782298184.058747,6544.986031,249.0,,99.0,593.10546875,,0
1782298184.158746,6545.086030,248.0,,99.0,593.10546875,,0
1782298184.258745,6545.186029,251.0,,99.0,593.10546875,,0
1782298184.358747,6545.286032,249.0,,99.0,593.10546875,,0
1782298184.458745,6545.386030,250.0,,99.0,593.10546875,,0
1782298184.558689,6545.485973,250.0,,99.0,593.10546875,,0
1782298184.658753,6545.586037,251.0,,99.0,593.10546875,,0
1782298184.758749,6545.686033,248.0,,99.0,593.10546875,,0
1782298184.858750,6545.786035,250.0,,99.0,593.10546875,,0
1782298184.958672,6545.885956,253.0,,99.0,593.10546875,,0
1782298185.058761,6545.986045,253.0,,99.0,593.10546875,,0
1782298185.158757,6546.086040,253.0,,99.0,593.10546875,,0
1782298185.258754,6546.186039,253.0,,99.0,593.10546875,,0
1782298185.358663,6546.285947,253.0,,99.0,593.10546875,,0
1782298185.458751,6546.386036,253.0,,99.0,593.10546875,,0
1782298185.558752,6546.486037,253.0,,99.0,593.10546875,,0
1782298185.658748,6546.586033,253.0,,99.0,593.10546875,,0
1782298185.758749,6546.686034,254.0,,99.0,593.10546875,,0
1782298185.858748,6546.786032,254.0,,99.0,593.10546875,,0
1782298185.958752,6546.886037,253.0,,99.0,593.10546875,,0
1782298186.058749,6546.986033,256.0,,99.0,593.10546875,,0
1782298186.158747,6547.086032,255.0,,99.0,593.10546875,,0
1782298186.258662,6547.185945,254.0,,99.0,593.10546875,,0
1782298186.358752,6547.286036,254.0,,99.0,593.10546875,,0
1782298186.458663,6547.385947,255.0,,99.0,593.10546875,,0
1782298186.558756,6547.486039,256.0,,99.0,593.10546875,,0
1782298186.658758,6547.586043,255.0,,99.0,593.10546875,,0
1782298186.758756,6547.686040,255.0,,99.0,593.10546875,,0
1782298186.858752,6547.786035,255.0,,99.0,593.10546875,,0
1782298186.958755,6547.886040,255.0,,99.0,593.10546875,,0
1782298187.058758,6547.986043,254.0,,99.0,593.10546875,,0
1782298187.158759,6548.086043,253.0,,99.0,593.10546875,,0
1782298187.258760,6548.186044,256.0,,99.0,593.10546875,,0
1782298187.358757,6548.286040,256.0,,99.0,593.10546875,,0
1782298187.458747,6548.386031,256.0,,99.0,593.10546875,,0
1782298187.558753,6548.486036,256.0,,99.0,593.10546875,,0
1782298187.658756,6548.586039,257.0,,99.0,593.10546875,,0
1782298187.758754,6548.686038,257.0,,99.0,593.10546875,,0
1782298187.858754,6548.786037,256.0,,99.0,593.10546875,,0
1782298187.958755,6548.886040,256.0,,99.0,593.10546875,,0
1782298188.058757,6548.986042,257.0,,99.0,593.10546875,,0
1782298188.158752,6549.086036,256.0,,99.0,593.10546875,,0
1782298188.258755,6549.186039,256.0,,99.0,593.10546875,,0
1782298188.358752,6549.286037,256.0,,99.0,593.10546875,,0
1782298188.458753,6549.386037,257.0,,99.0,593.10546875,,0
1782298188.558753,6549.486036,257.0,,99.0,593.10546875,,0
1782298188.658752,6549.586036,257.0,,99.0,593.10546875,,0
1782298188.758753,6549.686038,255.0,,99.0,593.10546875,,0
1782298188.858752,6549.786036,255.0,,99.0,593.10546875,,0
1782298188.958751,6549.886035,256.0,,99.0,593.10546875,,0
1782298189.058752,6549.986037,256.0,,99.0,593.10546875,,0
1782298189.158759,6550.086042,255.0,,99.0,593.10546875,,0
1782298189.258753,6550.186038,255.0,,99.0,593.10546875,,0
1782298189.358751,6550.286036,256.0,,99.0,593.10546875,,0
1782298189.458757,6550.386040,256.0,,99.0,593.10546875,,0
1782298189.558758,6550.486042,256.0,,99.0,593.10546875,,0
1782298189.658750,6550.586035,255.0,,99.0,593.10546875,,0
1782298189.758755,6550.686038,256.0,,99.0,593.10546875,,0
1782298189.858663,6550.785947,255.0,,99.0,593.10546875,,0
1782298189.958750,6550.886034,255.0,,99.0,593.10546875,,0
1782298190.058751,6550.986035,257.0,,99.0,593.10546875,,0
1782298190.158746,6551.086030,257.0,,99.0,593.10546875,,0
1782298190.258748,6551.186032,256.0,,99.0,593.10546875,,0
1782298190.358753,6551.286037,258.0,,99.0,593.10546875,,0
1782298190.458751,6551.386034,259.0,,99.0,593.10546875,,0
1782298190.558747,6551.486031,258.0,,99.0,593.10546875,,0
1782298190.658759,6551.586044,258.0,,99.0,593.10546875,,0
1782298190.758745,6551.686030,258.0,,99.0,593.10546875,,0
1782298190.858753,6551.786037,258.0,,99.0,593.10546875,,0
1782298190.958746,6551.886031,258.0,,99.0,593.10546875,,0
1782298191.058746,6551.986029,259.0,,99.0,593.10546875,,0
1782298191.158750,6552.086035,260.0,,99.0,593.10546875,,0
1782298191.258745,6552.186030,259.0,,99.0,593.10546875,,0
1782298191.358748,6552.286032,259.0,,99.0,593.10546875,,0
1782298191.458748,6552.386031,259.0,,99.0,593.10546875,,0
1782298191.558748,6552.486033,258.0,,99.0,593.10546875,,0
1782298191.658761,6552.586045,258.0,,99.0,593.10546875,,0
1782298191.758755,6552.686040,258.0,,99.0,593.10546875,,0
1782298191.858751,6552.786034,259.0,,99.0,593.10546875,,0
1782298191.958749,6552.886032,257.0,,99.0,593.10546875,,0
1782298192.058753,6552.986036,256.0,,99.0,593.10546875,,0
1782298192.158752,6553.086035,257.0,,99.0,593.10546875,,0
1782298192.258748,6553.186031,256.0,,99.0,593.10546875,,0
1782298192.358752,6553.286035,256.0,,99.0,593.10546875,,0
1782298192.458751,6553.386034,257.0,,99.0,593.10546875,,0
1782298192.558753,6553.486036,257.0,,99.0,593.10546875,,0
1782298192.658754,6553.586037,257.0,,99.0,593.10546875,,0
1782298192.758750,6553.686034,257.0,,99.0,593.10546875,,0
1782298192.858745,6553.786029,257.0,,99.0,593.10546875,,0
1782298192.958748,6553.886032,257.0,,99.0,593.10546875,,0
1782298193.058747,6553.986031,257.0,,99.0,593.10546875,,0
1782298193.158748,6554.086031,258.0,,99.0,593.10546875,,0
1782298193.258746,6554.186031,257.0,,99.0,593.10546875,,0
1782298193.358746,6554.286030,258.0,,99.0,593.10546875,,0
1782298193.458692,6554.385976,257.0,,99.0,593.10546875,,0
1782298193.558749,6554.486033,257.0,,99.0,593.10546875,,0
1782298193.658754,6554.586038,258.0,,99.0,593.10546875,,0
1782298193.758754,6554.686038,257.0,,99.0,593.10546875,,0
1782298193.858747,6554.786032,258.0,,99.0,593.10546875,,0
1782298193.958747,6554.886032,260.0,,99.0,593.10546875,,0
1782298194.058750,6554.986034,260.0,,99.0,593.10546875,,0
1782298194.158747,6555.086032,260.0,,99.0,593.10546875,,0
1782298194.258680,6555.185965,260.0,,99.0,593.10546875,,0
1782298194.358748,6555.286033,260.0,,99.0,593.10546875,,0
1782298194.458746,6555.386031,260.0,,99.0,593.10546875,,0
1782298194.558748,6555.486032,259.0,,99.0,593.10546875,,0
1782298194.658747,6555.586032,260.0,,99.0,593.10546875,,0
1782298194.758747,6555.686031,261.0,,99.0,593.10546875,,0
1782298194.858752,6555.786035,260.0,,99.0,593.10546875,,0
1782298194.958747,6555.886030,260.0,,99.0,593.10546875,,0
1782298195.058748,6555.986032,260.0,,99.0,593.10546875,,0
1782298195.158760,6556.086045,260.0,,99.0,593.10546875,,0
1782298195.258751,6556.186036,261.0,,99.0,593.10546875,,0
1782298195.358753,6556.286037,261.0,,99.0,593.10546875,,0
1782298195.458751,6556.386035,260.0,,99.0,593.10546875,,0
1782298195.558756,6556.486039,260.0,,99.0,593.10546875,,0
1782298195.658752,6556.586035,261.0,,99.0,593.10546875,,0
1782298195.758752,6556.686037,260.0,,99.0,593.10546875,,0
1782298195.858774,6556.786059,261.0,,99.0,593.10546875,,0
1782298195.958746,6556.886030,261.0,,99.0,593.10546875,,0
1782298196.058758,6556.986041,261.0,,99.0,593.10546875,,0
1782298196.158747,6557.086031,261.0,,99.0,593.10546875,,0
1782298196.258748,6557.186032,261.0,,99.0,593.10546875,,0
1782298196.358755,6557.286038,261.0,,99.0,593.10546875,,0
1782298196.458747,6557.386032,275.0,,99.0,593.10546875,,0
1782298196.558752,6557.486036,261.0,,99.0,593.10546875,,0
1782298196.658746,6557.586029,277.0,,99.0,593.10546875,,0
1782298196.758759,6557.686042,240.0,,99.0,593.10546875,,0
1782298196.858746,6557.786030,241.0,,99.0,593.10546875,,0
1782298196.958746,6557.886030,241.0,,99.0,593.10546875,,0
1782298197.058746,6557.986030,270.0,,99.0,593.10546875,,0
1782298197.158748,6558.086032,260.0,,99.0,593.10546875,,0
1782298197.258746,6558.186031,274.0,,99.0,593.10546875,,0
1782298197.358759,6558.286042,268.0,,99.0,593.10546875,,0
1782298197.458755,6558.386040,275.0,,99.0,593.10546875,,0
1782298197.558763,6558.486047,269.0,,99.0,593.10546875,,0
1782298197.658754,6558.586039,255.0,,99.0,593.10546875,,0
1782298197.758751,6558.686036,258.0,,99.0,593.10546875,,0
1782298197.858754,6558.786037,258.0,,99.0,593.10546875,,0
1782298197.958754,6558.886038,258.0,,99.0,593.10546875,,0
1782298198.058751,6558.986034,259.0,,99.0,593.10546875,,0
1782298198.158751,6559.086036,261.0,,99.0,593.10546875,,0
1782298198.258764,6559.186049,262.0,,99.0,593.10546875,,0
1782298198.358769,6559.286053,261.0,,99.0,593.10546875,,0
1782298198.458750,6559.386035,261.0,,99.0,593.10546875,,0
1782298198.558759,6559.486043,266.0,,99.0,593.10546875,,0
1782298198.658747,6559.586030,244.0,,99.0,593.10546875,,0
1782298198.758759,6559.686042,264.0,,99.0,593.10546875,,0
1782298198.858752,6559.786035,261.0,,99.0,593.10546875,,0
1782298198.958756,6559.886041,262.0,,99.0,593.10546875,,0
1782298199.058753,6559.986036,261.0,,99.0,593.10546875,,0
1782298199.158754,6560.086037,259.0,,99.0,593.10546875,,0
1782298199.258751,6560.186035,258.0,,99.0,593.10546875,,0
1782298199.358760,6560.286046,258.0,,99.0,593.10546875,,0
1782298199.458758,6560.386041,259.0,,99.0,593.10546875,,0
1782298199.558752,6560.486036,259.0,,99.0,593.10546875,,0
1782298199.658757,6560.586042,259.0,,99.0,593.10546875,,0
1782298199.758756,6560.686041,258.0,,99.0,593.10546875,,0
1782298199.858750,6560.786034,259.0,,99.0,593.10546875,,0
1782298199.958751,6560.886035,261.0,,99.0,593.10546875,,0
1782298200.058753,6560.986038,260.0,,99.0,593.10546875,,0
1782298200.158755,6561.086040,259.0,,99.0,593.10546875,,0
1782298200.258752,6561.186035,258.0,,99.0,593.10546875,,0
1782298200.358753,6561.286038,258.0,,99.0,593.10546875,,0
1782298200.458745,6561.386030,259.0,,99.0,593.10546875,,0
1782298200.558752,6561.486036,258.0,,99.0,593.10546875,,0
1782298200.658752,6561.586037,259.0,,99.0,593.10546875,,0
1782298200.758754,6561.686039,258.0,,99.0,593.10546875,,0
1782298200.858753,6561.786037,257.0,,99.0,593.10546875,,0
1782298200.958751,6561.886037,258.0,,99.0,593.10546875,,0
1782298201.058754,6561.986039,259.0,,99.0,593.10546875,,0
1782298201.158752,6562.086036,261.0,,99.0,593.10546875,,0
1782298201.258760,6562.186044,262.0,,99.0,593.10546875,,0
1782298201.358752,6562.286035,261.0,,99.0,593.10546875,,0
1782298201.458663,6562.385947,259.0,,99.0,593.10546875,,0
1782298201.558758,6562.486042,260.0,,99.0,593.10546875,,0
1782298201.658754,6562.586039,260.0,,99.0,593.10546875,,0
1782298201.758663,6562.685947,262.0,,99.0,593.10546875,,0
1782298201.858749,6562.786034,262.0,,99.0,593.10546875,,0
1782298201.958751,6562.886035,261.0,,99.0,593.10546875,,0
1782298202.058751,6562.986035,263.0,,99.0,593.10546875,,0
1782298202.158681,6563.085966,258.0,,99.0,593.10546875,,0
1782298202.258750,6563.186034,258.0,,99.0,593.10546875,,0
1782298202.358758,6563.286042,261.0,,99.0,593.10546875,,0
1782298202.458751,6563.386036,263.0,,99.0,593.10546875,,0
1782298202.558776,6563.486061,262.0,,99.0,593.10546875,,0
1782298202.658692,6563.585977,262.0,,99.0,593.10546875,,0
1782298202.758749,6563.686034,260.0,,99.0,593.10546875,,0
1782298202.858751,6563.786035,261.0,,99.0,593.10546875,,0
1782298202.958754,6563.886039,261.0,,99.0,593.10546875,,0
1782298203.058746,6563.986031,260.0,,99.0,593.10546875,,0
1782298203.158746,6564.086030,262.0,,99.0,593.10546875,,0
1782298203.258751,6564.186035,264.0,,99.0,593.10546875,,0
1782298203.358752,6564.286035,262.0,,99.0,593.10546875,,0
1782298203.458663,6564.385947,262.0,,99.0,593.10546875,,0
1782298203.558751,6564.486036,261.0,,99.0,593.10546875,,0
1782298203.658754,6564.586039,261.0,,99.0,593.10546875,,0
1782298203.758748,6564.686032,260.0,,99.0,593.10546875,,0
1782298203.858747,6564.786032,258.0,,99.0,593.10546875,,0
1782298203.958755,6564.886038,260.0,,99.0,593.10546875,,0
1782298204.058750,6564.986034,262.0,,99.0,593.10546875,,0
1782298204.158752,6565.086037,263.0,,99.0,593.10546875,,0
1782298204.258751,6565.186034,262.0,,99.0,593.10546875,,0
1782298204.358749,6565.286034,261.0,,99.0,593.10546875,,0
1782298204.458750,6565.386034,261.0,,99.0,593.10546875,,0
1782298204.558753,6565.486037,261.0,,99.0,593.10546875,,0
1782298204.658663,6565.585946,261.0,,99.0,593.10546875,,0
1782298204.758755,6565.686039,260.0,,99.0,593.10546875,,0
1782298204.858683,6565.785968,260.0,,99.0,593.10546875,,0
1782298204.958751,6565.886035,262.0,,99.0,593.10546875,,0
1782298205.058749,6565.986033,262.0,,99.0,593.10546875,,0
1782298205.158746,6566.086031,262.0,,99.0,593.10546875,,0
1782298205.258753,6566.186038,262.0,,99.0,593.10546875,,0
1782298205.358747,6566.286031,261.0,,99.0,593.10546875,,0
1782298205.458752,6566.386035,261.0,,99.0,593.10546875,,0
1782298205.558753,6566.486038,261.0,,99.0,593.10546875,,0
1782298205.658746,6566.586031,262.0,,99.0,593.10546875,,0
1782298205.758747,6566.686030,262.0,,99.0,593.10546875,,0
1782298205.858760,6566.786044,262.0,,99.0,593.10546875,,0
1782298205.958750,6566.886034,263.0,,99.0,593.10546875,,0
1782298206.058752,6566.986035,262.0,,99.0,593.10546875,,0
1782298206.158752,6567.086038,262.0,,99.0,593.10546875,,0
1782298206.258750,6567.186036,261.0,,99.0,593.10546875,,0
1782298206.358765,6567.286049,261.0,,99.0,593.10546875,,0
1782298206.458753,6567.386038,261.0,,99.0,593.10546875,,0
1782298206.558753,6567.486037,262.0,,99.0,593.10546875,,0
1782298206.658751,6567.586036,261.0,,99.0,593.10546875,,0
1782298206.758746,6567.686030,261.0,,99.0,593.10546875,,0
1782298206.858747,6567.786030,262.0,,99.0,593.10546875,,0
1782298206.958752,6567.886036,262.0,,99.0,593.10546875,,0
1782298207.058680,6567.985965,263.0,,99.0,593.10546875,,0
1782298207.158752,6568.086035,262.0,,99.0,593.10546875,,0
1782298207.258750,6568.186034,262.0,,99.0,593.10546875,,0
1782298207.358758,6568.286043,262.0,,99.0,593.10546875,,0
1782298207.458751,6568.386035,258.0,,99.0,593.10546875,,0
1782298207.558687,6568.485972,259.0,,99.0,593.10546875,,0
1782298207.658751,6568.586036,259.0,,99.0,593.10546875,,0
1782298207.758749,6568.686033,259.0,,99.0,593.10546875,,0
1782298207.858750,6568.786033,258.0,,99.0,593.10546875,,0
1782298207.958663,6568.885947,259.0,,99.0,593.10546875,,0
1782298208.058752,6568.986035,265.0,,99.0,593.10546875,,0
1782298208.158663,6569.085947,265.0,,99.0,593.10546875,,0
1782298208.258757,6569.186041,265.0,,99.0,593.10546875,,0
1782298208.358663,6569.285946,265.0,,99.0,593.10546875,,0
1782298208.458752,6569.386035,266.0,,99.0,593.10546875,,0
1782298208.558751,6569.486036,265.0,,99.0,593.10546875,,0
1782298208.658753,6569.586037,265.0,,99.0,593.10546875,,0
1782298208.758751,6569.686035,265.0,,99.0,593.10546875,,0
1782298208.858752,6569.786037,265.0,,99.0,593.10546875,,0
1782298208.958757,6569.886041,265.0,,99.0,593.10546875,,0
1782298209.058752,6569.986035,265.0,,99.0,593.10546875,,0
1782298209.158750,6570.086033,264.0,,99.0,593.10546875,,0
1782298209.258751,6570.186037,265.0,,99.0,593.10546875,,0
1782298209.358751,6570.286036,266.0,,99.0,593.10546875,,0
1782298209.458753,6570.386038,265.0,,99.0,593.10546875,,0
1782298209.558754,6570.486039,266.0,,99.0,593.10546875,,0
1782298209.658748,6570.586032,268.0,,99.0,593.10546875,,0
1782298209.758754,6570.686038,268.0,,99.0,593.10546875,,0
1782298209.858752,6570.786037,267.0,,99.0,593.10546875,,0
1782298209.958752,6570.886037,267.0,,99.0,593.10546875,,0
1782298210.058751,6570.986037,268.0,,99.0,593.10546875,,0
1782298210.158754,6571.086038,267.0,,99.0,593.10546875,,0
1782298210.258688,6571.185972,267.0,,99.0,593.10546875,,0
1782298210.358755,6571.286040,268.0,,99.0,593.10546875,,0
1782298210.458751,6571.386036,268.0,,99.0,593.10546875,,0
1782298210.558755,6571.486039,268.0,,99.0,593.10546875,,0
1782298210.658762,6571.586046,269.0,,99.0,593.10546875,,0
1782298210.758751,6571.686036,268.0,,99.0,593.10546875,,0
1782298210.858751,6571.786034,268.0,,99.0,593.10546875,,0
1782298210.958753,6571.886036,268.0,,99.0,593.10546875,,0
1782298211.058763,6571.986047,267.0,,99.0,593.10546875,,0
1782298211.158754,6572.086037,268.0,,99.0,593.10546875,,0
1782298211.258681,6572.185965,266.0,,99.0,593.10546875,,0
1782298211.358752,6572.286035,264.0,,99.0,593.10546875,,0
1782298211.458679,6572.385963,265.0,,99.0,593.10546875,,0
1782298211.558754,6572.486039,266.0,,99.0,593.10546875,,0
1782298211.658765,6572.586049,265.0,,99.0,593.10546875,,0
1782298211.758752,6572.686035,265.0,,99.0,593.10546875,,0
1782298211.858752,6572.786035,266.0,,99.0,593.10546875,,0
1782298211.958663,6572.885947,243.0,,99.0,593.10546875,,0
1782298212.058662,6572.985945,247.0,,99.0,593.10546875,,0
1782298212.158663,6573.085946,261.0,,99.0,593.10546875,,0
1782298212.258751,6573.186035,265.0,,99.0,593.10546875,,0
1782298212.358663,6573.285947,271.0,,99.0,593.10546875,,0
1782298212.458751,6573.386034,266.0,,99.0,593.10546875,,0
1782298212.558663,6573.485947,266.0,,99.0,593.10546875,,0
1782298212.658775,6573.586060,266.0,,99.0,593.10546875,,0
1782298212.758663,6573.685946,266.0,,99.0,593.10546875,,0
1782298212.858663,6573.785947,265.0,,99.0,593.10546875,,0
1782298212.958663,6573.885947,265.0,,99.0,593.10546875,,0
1782298213.058753,6573.986037,279.0,,99.0,593.10546875,,0
1782298213.158752,6574.086035,241.0,,99.0,593.10546875,,0
1782298213.258681,6574.185965,281.0,,99.0,593.10546875,,0
1782298213.358749,6574.286033,247.0,,99.0,593.10546875,,0
1782298213.458774,6574.386058,249.0,,99.0,593.10546875,,0
1782298213.558743,6574.486027,264.0,,99.0,593.10546875,,0
1782298213.658756,6574.586041,281.0,,99.0,593.10546875,,0
1782298213.758663,6574.685947,264.0,,99.0,593.10546875,,0
1782298213.858663,6574.785947,264.0,,99.0,593.10546875,,0
1782298213.958663,6574.885947,264.0,,99.0,593.10546875,,0
1782298214.058754,6574.986037,254.0,,99.0,593.10546875,,0
1782298214.158751,6575.086034,242.0,,99.0,593.10546875,,0
1782298214.258663,6575.185947,265.0,,99.0,593.10546875,,0
1782298214.358778,6575.286062,266.0,,99.0,593.10546875,,0
1782298214.458754,6575.386037,265.0,,99.0,593.10546875,,0
1782298214.559034,6575.486317,266.0,,99.0,593.10546875,,0
1782298214.658663,6575.585946,266.0,,99.0,593.10546875,,0
1782298214.758753,6575.686038,263.0,,99.0,593.10546875,,0
1782298214.858756,6575.786041,262.0,,99.0,593.10546875,,0
1782298214.958761,6575.886046,262.0,,99.0,593.10546875,,0
1782298215.058754,6575.986037,263.0,,99.0,593.10546875,,0
1782298215.158759,6576.086043,263.0,,99.0,593.10546875,,0
1782298215.258758,6576.186043,152.0,,49.0,593.10546875,,0
1782298215.358760,6576.286044,50.0,,3.0,593.10546875,,0
1782298215.458758,6576.386043,46.0,,3.0,593.10546875,,0
1782298215.558760,6576.486045,39.0,,2.0,593.10546875,,0
1782298215.658692,6576.585976,35.0,,3.0,593.10546875,,0
1782298215.758760,6576.686045,24.0,,3.0,593.10546875,,0
1782298215.858758,6576.786042,21.0,,2.0,593.10546875,,0
1782298215.958760,6576.886045,23.0,,3.0,593.10546875,,0
1782298216.058761,6576.986045,23.0,,1.0,593.10546875,,0
1782298216.158754,6577.086038,20.0,,3.0,593.10546875,,0
1782298216.258756,6577.186040,20.0,,3.0,593.10546875,,0
1782298216.358759,6577.286044,20.0,,3.0,593.10546875,,0
1782298216.458760,6577.386045,20.0,,3.0,593.10546875,,0
1782298216.558691,6577.485976,22.0,,3.0,593.10546875,,0
1782298216.658759,6577.586044,20.0,,3.0,593.10546875,,0
1782298216.758759,6577.686044,20.0,,2.0,593.10546875,,0
1782298216.858758,6577.786043,20.0,,3.0,593.10546875,,0
1782298216.958762,6577.886046,20.0,,3.0,593.10546875,,0
1782298217.058758,6577.986043,21.0,,3.0,593.10546875,,0
1782298217.158758,6578.086043,20.0,,2.0,593.10546875,,0
1782298217.258757,6578.186042,22.0,,2.0,593.10546875,,0
1782298217.358765,6578.286049,19.0,,3.0,593.10546875,,0
1782298217.458767,6578.386052,19.0,,3.0,593.10546875,,0
1782298217.558763,6578.486047,18.0,,3.0,593.10546875,,0
1782298217.658758,6578.586043,19.0,,3.0,593.10546875,,0
1782298217.758757,6578.686041,19.0,,3.0,593.10546875,,0
1782298217.858762,6578.786046,22.0,,3.0,593.10546875,,0
1782298217.958763,6578.886048,19.0,,3.0,593.10546875,,0
1782298218.058759,6578.986043,18.0,,3.0,593.10546875,,0
1782298218.158758,6579.086043,20.0,,2.0,593.10546875,,0
1782298218.258759,6579.186044,19.0,,3.0,593.10546875,,0
1782298218.358768,6579.286053,22.0,,3.0,593.10546875,,0
1782298218.458761,6579.386046,20.0,,1.0,593.10546875,,0
1782298218.558756,6579.486041,21.0,,3.0,593.10546875,,0
1782298218.658755,6579.586039,21.0,,3.0,593.10546875,,0
1782298218.758769,6579.686053,20.0,,3.0,593.10546875,,0
1782298218.858763,6579.786048,19.0,,3.0,593.10546875,,0
1782298218.958760,6579.886045,16.0,,3.0,593.10546875,,0
1782298219.058770,6579.986055,22.0,,3.0,593.10546875,,0
1782298219.158760,6580.086044,18.0,,3.0,593.10546875,,0
1782298219.258758,6580.186043,17.0,,3.0,593.10546875,,0
1782298219.358763,6580.286047,18.0,,3.0,593.10546875,,0
1782298219.458762,6580.386047,18.0,,3.0,593.10546875,,0
1782298219.558760,6580.486045,21.0,,3.0,593.10546875,,0
1782298219.658760,6580.586044,18.0,,3.0,593.10546875,,0
1782298219.758758,6580.686043,20.0,,3.0,593.10546875,,0
1782298219.858758,6580.786043,22.0,,3.0,593.10546875,,0
1782298219.958759,6580.886043,19.0,,3.0,593.10546875,,0
1782298220.058764,6580.986048,19.0,,3.0,593.10546875,,0
1782298220.158759,6581.086044,18.0,,3.0,593.10546875,,0
1782298220.258758,6581.186041,98.0,,52.0,593.10546875,,0
1782298220.358752,6581.286036,223.0,,99.0,593.10546875,,0
1782298220.458663,6581.385947,222.0,,99.0,593.10546875,,0
1782298220.558761,6581.486045,224.0,,99.0,593.10546875,,0
1782298220.658756,6581.586041,228.0,,99.0,593.10546875,,0
1782298220.758755,6581.686038,234.0,,99.0,593.10546875,,0
1782298220.858757,6581.786042,238.0,,99.0,593.10546875,,0
1782298220.958755,6581.886039,239.0,,99.0,593.10546875,,0
1782298221.058749,6581.986033,243.0,,99.0,593.10546875,,0
1782298221.158750,6582.086034,246.0,,99.0,593.10546875,,0
1782298221.258758,6582.186042,246.0,,99.0,593.10546875,,0
1782298221.358747,6582.286031,247.0,,99.0,593.10546875,,0
1782298221.458750,6582.386035,248.0,,99.0,593.10546875,,0
1782298221.558750,6582.486034,250.0,,99.0,593.10546875,,0
1782298221.658750,6582.586035,250.0,,99.0,593.10546875,,0
1782298221.758750,6582.686034,250.0,,99.0,593.10546875,,0
1782298221.858747,6582.786032,250.0,,99.0,593.10546875,,0
1782298221.958748,6582.886031,251.0,,99.0,593.10546875,,0
1782298222.058747,6582.986031,252.0,,99.0,593.10546875,,0
1782298222.158759,6583.086044,251.0,,99.0,593.10546875,,0
1782298222.258756,6583.186039,249.0,,99.0,593.10546875,,0
1782298222.358749,6583.286033,252.0,,99.0,593.10546875,,0
1782298222.458663,6583.385947,252.0,,99.0,593.10546875,,0
1782298222.558751,6583.486035,252.0,,99.0,593.10546875,,0
1782298222.658680,6583.585965,251.0,,99.0,593.10546875,,0
1782298222.758754,6583.686039,252.0,,99.0,593.10546875,,0
1782298222.858764,6583.786048,252.0,,99.0,593.10546875,,0
1782298222.958754,6583.886038,252.0,,99.0,593.10546875,,0
1782298223.058663,6583.985947,251.0,,99.0,593.10546875,,0
1782298223.158680,6584.085964,252.0,,99.0,593.10546875,,0
1782298223.258780,6584.186063,252.0,,99.0,593.10546875,,0
1782298223.358754,6584.286038,252.0,,99.0,593.10546875,,0
1782298223.458752,6584.386037,251.0,,99.0,593.10546875,,0
1782298223.558753,6584.486038,250.0,,99.0,593.10546875,,0
1782298223.658749,6584.586035,251.0,,99.0,593.10546875,,0
1782298223.758748,6584.686032,250.0,,99.0,593.10546875,,0
1782298223.858753,6584.786038,251.0,,99.0,593.10546875,,0
1782298223.958752,6584.886037,251.0,,99.0,593.10546875,,0
1782298224.058680,6584.985964,253.0,,99.0,593.10546875,,0
1782298224.158761,6585.086044,252.0,,99.0,593.10546875,,0
1782298224.258680,6585.185964,253.0,,99.0,593.10546875,,0
1782298224.358751,6585.286035,253.0,,99.0,593.10546875,,0
1782298224.458754,6585.386037,253.0,,99.0,593.10546875,,0
1782298224.558752,6585.486035,254.0,,99.0,593.10546875,,0
1782298224.658683,6585.585967,254.0,,99.0,593.10546875,,0
1782298224.758758,6585.686043,254.0,,99.0,593.10546875,,0
1782298224.858749,6585.786034,254.0,,99.0,593.10546875,,0
1782298224.958753,6585.886038,253.0,,99.0,593.10546875,,0
1782298225.058766,6585.986049,254.0,,99.0,593.10546875,,0
1782298225.158757,6586.086041,254.0,,99.0,593.10546875,,0
1782298225.258743,6586.186026,251.0,,99.0,593.10546875,,0
1782298225.358763,6586.286046,252.0,,99.0,593.10546875,,0
1782298225.458691,6586.385975,251.0,,99.0,593.10546875,,0
1782298225.558750,6586.486035,251.0,,99.0,593.10546875,,0
1782298225.658752,6586.586035,251.0,,99.0,593.10546875,,0
1782298225.758757,6586.686042,251.0,,99.0,593.10546875,,0
1782298225.858752,6586.786036,252.0,,99.0,593.10546875,,0
1782298225.958753,6586.886038,252.0,,99.0,593.10546875,,0
1782298226.058759,6586.986042,249.0,,99.0,593.10546875,,0
1782298226.158752,6587.086035,256.0,,99.0,593.10546875,,0
1782298226.258750,6587.186034,258.0,,99.0,593.10546875,,0
1782298226.358663,6587.285947,258.0,,99.0,593.10546875,,0
1782298226.458754,6587.386038,257.0,,99.0,593.10546875,,0
1782298226.558750,6587.486034,257.0,,99.0,593.10546875,,0
1782298226.658757,6587.586041,256.0,,99.0,593.10546875,,0
1782298226.758753,6587.686036,257.0,,99.0,593.10546875,,0
1782298226.858753,6587.786038,258.0,,99.0,593.10546875,,0
1782298226.958683,6587.885967,258.0,,99.0,593.10546875,,0
1782298227.058749,6587.986033,259.0,,99.0,593.10546875,,0
1782298227.158752,6588.086037,258.0,,99.0,593.10546875,,0
1782298227.258756,6588.186039,258.0,,99.0,593.10546875,,0
1782298227.358759,6588.286044,257.0,,99.0,593.10546875,,0
1782298227.458750,6588.386035,258.0,,99.0,593.10546875,,0
1782298227.558663,6588.485947,244.0,,99.0,593.10546875,,0
1782298227.658772,6588.586056,258.0,,99.0,593.10546875,,0
1782298227.758756,6588.686040,258.0,,99.0,593.10546875,,0
1782298227.858781,6588.786065,258.0,,99.0,593.10546875,,0
1782298227.958747,6588.886030,259.0,,99.0,593.10546875,,0
1782298228.058753,6588.986038,259.0,,99.0,593.10546875,,0
1782298228.158753,6589.086037,258.0,,99.0,593.10546875,,0
1782298228.258748,6589.186031,258.0,,99.0,593.10546875,,0
1782298228.358772,6589.286056,258.0,,99.0,593.10546875,,0
1782298228.458752,6589.386037,258.0,,99.0,593.10546875,,0
1782298228.558663,6589.485947,244.0,,99.0,593.10546875,,0
1782298228.658750,6589.586035,259.0,,99.0,593.10546875,,0
1782298228.758750,6589.686034,259.0,,99.0,593.10546875,,0
1782298228.858758,6589.786041,256.0,,99.0,593.10546875,,0
1782298228.958755,6589.886039,258.0,,99.0,593.10546875,,0
1782298229.058748,6589.986033,235.0,,99.0,593.10546875,,0
1782298229.158753,6590.086037,258.0,,99.0,593.10546875,,0
1782298229.258746,6590.186031,273.0,,99.0,593.10546875,,0
1782298229.358758,6590.286042,255.0,,99.0,593.10546875,,0
1782298229.458753,6590.386038,270.0,,99.0,593.10546875,,0
1782298229.558752,6590.486037,264.0,,99.0,593.10546875,,0
1782298229.658756,6590.586041,275.0,,99.0,593.10546875,,0
1782298229.758751,6590.686036,275.0,,99.0,593.10546875,,0
1782298229.858749,6590.786033,253.0,,99.0,593.10546875,,0
1782298229.958750,6590.886035,243.0,,99.0,593.10546875,,0
1782298230.058752,6590.986035,239.0,,99.0,593.10546875,,0
1782298230.158759,6591.086044,263.0,,99.0,593.10546875,,0
1782298230.258663,6591.185946,259.0,,99.0,593.10546875,,0
1782298230.358663,6591.285947,259.0,,99.0,593.10546875,,0
1782298230.458748,6591.386031,262.0,,99.0,593.10546875,,0
1782298230.558663,6591.485947,260.0,,99.0,593.10546875,,0
1782298230.658683,6591.585967,262.0,,99.0,593.10546875,,0
1782298230.758680,6591.685965,263.0,,99.0,593.10546875,,0
1782298230.858758,6591.786042,262.0,,99.0,593.10546875,,0
1782298230.958746,6591.886029,263.0,,99.0,593.10546875,,0
1782298231.058663,6591.985947,263.0,,99.0,593.10546875,,0
1782298231.158751,6592.086036,262.0,,99.0,593.10546875,,0
1782298231.258749,6592.186033,262.0,,99.0,593.10546875,,0
1782298231.358752,6592.286035,261.0,,99.0,593.10546875,,0
1782298231.458754,6592.386039,260.0,,99.0,593.10546875,,0
1782298231.558749,6592.486034,261.0,,99.0,593.10546875,,0
1782298231.658756,6592.586041,260.0,,99.0,593.10546875,,0
1782298231.758749,6592.686033,261.0,,99.0,593.10546875,,0
1782298231.858748,6592.786033,259.0,,99.0,593.10546875,,0
1782298231.958752,6592.886037,260.0,,99.0,593.10546875,,0
1782298232.058749,6592.986033,261.0,,99.0,593.10546875,,0
1782298232.158755,6593.086039,261.0,,99.0,593.10546875,,0
1782298232.258750,6593.186035,260.0,,99.0,593.10546875,,0
1782298232.358752,6593.286037,261.0,,99.0,593.10546875,,0
1782298232.458752,6593.386037,259.0,,99.0,593.10546875,,0
1782298232.558666,6593.485949,261.0,,99.0,593.10546875,,0
1782298232.658755,6593.586038,262.0,,99.0,593.10546875,,0
1782298232.758751,6593.686034,262.0,,99.0,593.10546875,,0
1782298232.858752,6593.786035,262.0,,99.0,593.10546875,,0
1782298232.958750,6593.886033,261.0,,99.0,593.10546875,,0
1782298233.058744,6593.986027,261.0,,99.0,593.10546875,,0
1782298233.158749,6594.086032,261.0,,99.0,593.10546875,,0
1782298233.258752,6594.186037,260.0,,99.0,593.10546875,,0
1782298233.358753,6594.286037,261.0,,99.0,593.10546875,,0
1782298233.458750,6594.386034,263.0,,99.0,593.10546875,,0
1782298233.558753,6594.486038,264.0,,99.0,593.10546875,,0
1782298233.658752,6594.586036,262.0,,99.0,593.10546875,,0
1782298233.758752,6594.686037,261.0,,99.0,593.10546875,,0
1782298233.858759,6594.786043,261.0,,99.0,593.10546875,,0
1782298233.958773,6594.886058,262.0,,99.0,593.10546875,,0
1782298234.058753,6594.986037,262.0,,99.0,593.10546875,,0
1782298234.158754,6595.086038,262.0,,99.0,593.10546875,,0
1782298234.258752,6595.186036,262.0,,99.0,593.10546875,,0
1782298234.358751,6595.286034,262.0,,99.0,593.10546875,,0
1782298234.458762,6595.386046,262.0,,99.0,593.10546875,,0
1782298234.558746,6595.486030,265.0,,99.0,593.10546875,,0
1782298234.658747,6595.586031,262.0,,99.0,593.10546875,,0
1782298234.758747,6595.686030,262.0,,99.0,593.10546875,,0
1782298234.858753,6595.786038,261.0,,99.0,593.10546875,,0
1782298234.958752,6595.886037,262.0,,99.0,593.10546875,,0
1782298235.058748,6595.986033,261.0,,99.0,593.10546875,,0
1782298235.158750,6596.086035,262.0,,99.0,593.10546875,,0
1782298235.258680,6596.185964,262.0,,99.0,593.10546875,,0
1782298235.358752,6596.286037,262.0,,99.0,593.10546875,,0
1782298235.458754,6596.386038,262.0,,99.0,593.10546875,,0
1782298235.558756,6596.486040,264.0,,99.0,593.10546875,,0
1782298235.658756,6596.586040,261.0,,99.0,593.10546875,,0
1782298235.758691,6596.685975,262.0,,99.0,593.10546875,,0
1782298235.858758,6596.786042,261.0,,99.0,593.10546875,,0
1782298235.958776,6596.886061,262.0,,99.0,593.10546875,,0
1782298236.058676,6596.985960,261.0,,99.0,593.10546875,,0
1782298236.158678,6597.085962,262.0,,99.0,593.10546875,,0
1782298236.258677,6597.185961,262.0,,99.0,593.10546875,,0
1782298236.358758,6597.286042,260.0,,99.0,593.10546875,,0
1782298236.458753,6597.386038,262.0,,99.0,593.10546875,,0
1782298236.558689,6597.485973,263.0,,99.0,593.10546875,,0
1782298236.658676,6597.585960,262.0,,99.0,593.10546875,,0
1782298236.758674,6597.685958,262.0,,99.0,593.10546875,,0
1782298236.858674,6597.785958,263.0,,99.0,593.10546875,,0
1782298236.958672,6597.885956,262.0,,99.0,593.10546875,,0
1782298237.058677,6597.985961,262.0,,99.0,593.10546875,,0
1782298237.158759,6598.086042,261.0,,99.0,593.10546875,,0
1782298237.258689,6598.185974,262.0,,99.0,593.10546875,,0
1782298237.358677,6598.285961,262.0,,99.0,593.10546875,,0
1782298237.458675,6598.385958,262.0,,99.0,593.10546875,,0
1782298237.558673,6598.485957,262.0,,99.0,593.10546875,,0
1782298237.658672,6598.585956,262.0,,99.0,593.10546875,,0
1782298237.758673,6598.685956,261.0,,99.0,593.10546875,,0
1782298237.858674,6598.785958,261.0,,99.0,593.10546875,,0
1782298237.958672,6598.885956,262.0,,99.0,593.10546875,,0
1782298238.058673,6598.985956,264.0,,99.0,593.10546875,,0
1782298238.158672,6599.085956,263.0,,99.0,593.10546875,,0
1782298238.258671,6599.185955,262.0,,99.0,593.10546875,,0
1782298238.358673,6599.285956,263.0,,99.0,593.10546875,,0
1782298238.458673,6599.385957,262.0,,99.0,593.10546875,,0
1782298238.558671,6599.485955,262.0,,99.0,593.10546875,,0
1782298238.658676,6599.585959,260.0,,99.0,593.10546875,,0
1782298238.758674,6599.685958,261.0,,99.0,593.10546875,,0
1782298238.858675,6599.785959,261.0,,99.0,593.10546875,,0
1782298238.958673,6599.885957,262.0,,99.0,593.10546875,,0
1782298239.058676,6599.985960,264.0,,99.0,593.10546875,,0
1782298239.158675,6600.085958,262.0,,99.0,593.10546875,,0
1782298239.258672,6600.185956,262.0,,99.0,593.10546875,,0
1782298239.358672,6600.285956,262.0,,99.0,593.10546875,,0
1782298239.458672,6600.385956,261.0,,99.0,593.10546875,,0
1782298239.558662,6600.485945,263.0,,99.0,593.10546875,,0
1782298239.658662,6600.585945,265.0,,99.0,593.10546875,,0
1782298239.758773,6600.686059,262.0,,99.0,593.10546875,,0
1782298239.858749,6600.786032,262.0,,99.0,593.10546875,,0
1782298239.958750,6600.886035,261.0,,99.0,593.10546875,,0
1782298240.058751,6600.986034,261.0,,99.0,593.10546875,,0
1782298240.158664,6601.085947,262.0,,99.0,593.10546875,,0
1782298240.258757,6601.186041,262.0,,99.0,593.10546875,,0
1782298240.358753,6601.286037,262.0,,99.0,593.10546875,,0
1782298240.458752,6601.386036,262.0,,99.0,593.10546875,,0
1782298240.558666,6601.485949,262.0,,99.0,593.10546875,,0
1782298240.658758,6601.586042,264.0,,99.0,593.10546875,,0
1782298240.758751,6601.686036,262.0,,99.0,593.10546875,,0
1782298240.858756,6601.786040,263.0,,99.0,593.10546875,,0
1782298240.958752,6601.886036,260.0,,99.0,593.10546875,,0
1782298241.058752,6601.986036,263.0,,99.0,593.10546875,,0
1782298241.158751,6602.086035,262.0,,99.0,593.10546875,,0
1782298241.258663,6602.185947,262.0,,99.0,593.10546875,,0
1782298241.358751,6602.286035,262.0,,99.0,593.10546875,,0
1782298241.458753,6602.386036,262.0,,99.0,593.10546875,,0
1782298241.558759,6602.486043,261.0,,99.0,593.10546875,,0
1782298241.658752,6602.586037,262.0,,99.0,593.10546875,,0
1782298241.758763,6602.686047,263.0,,99.0,593.10546875,,0
1782298241.858752,6602.786035,263.0,,99.0,593.10546875,,0
1782298241.958755,6602.886038,263.0,,99.0,593.10546875,,0
1782298242.058750,6602.986035,263.0,,99.0,593.10546875,,0
1782298242.158755,6603.086040,263.0,,99.0,593.10546875,,0
1782298242.258752,6603.186035,262.0,,99.0,593.10546875,,0
1782298242.358751,6603.286034,262.0,,99.0,593.10546875,,0
1782298242.458762,6603.386047,261.0,,99.0,593.10546875,,0
1782298242.558748,6603.486032,263.0,,99.0,593.10546875,,0
1782298242.658753,6603.586038,263.0,,99.0,593.10546875,,0
1782298242.758751,6603.686035,263.0,,99.0,593.10546875,,0
1782298242.858751,6603.786035,263.0,,99.0,593.10546875,,0
1782298242.958750,6603.886034,263.0,,99.0,593.10546875,,0
1782298243.058753,6603.986036,262.0,,99.0,593.10546875,,0
1782298243.158757,6604.086040,262.0,,99.0,593.10546875,,0
1782298243.258752,6604.186035,261.0,,99.0,593.10546875,,0
1782298243.358753,6604.286037,261.0,,99.0,593.10546875,,0
1782298243.458755,6604.386039,262.0,,99.0,593.10546875,,0
1782298243.558663,6604.485947,263.0,,99.0,593.10546875,,0
1782298243.658769,6604.586054,263.0,,99.0,593.10546875,,0
1782298243.758751,6604.686035,263.0,,99.0,593.10546875,,0
1782298243.858751,6604.786036,262.0,,99.0,593.10546875,,0
1782298243.958752,6604.886036,263.0,,99.0,593.10546875,,0
1782298244.058753,6604.986037,264.0,,99.0,593.10546875,,0
1782298244.158751,6605.086034,261.0,,99.0,593.10546875,,0
1782298244.258752,6605.186035,261.0,,99.0,593.10546875,,0
1782298244.358755,6605.286039,262.0,,99.0,593.10546875,,0
1782298244.458751,6605.386034,263.0,,99.0,593.10546875,,0
1782298244.558683,6605.485967,263.0,,99.0,593.10546875,,0
1782298244.658756,6605.586040,263.0,,99.0,593.10546875,,0
1782298244.758755,6605.686040,263.0,,99.0,593.10546875,,0
1782298244.858754,6605.786038,262.0,,99.0,593.10546875,,0
1782298244.958750,6605.886034,263.0,,99.0,593.10546875,,0
1782298245.058754,6605.986038,263.0,,99.0,593.10546875,,0
1782298245.158751,6606.086034,262.0,,99.0,593.10546875,,0
1782298245.258748,6606.186032,264.0,,99.0,593.10546875,,0
1782298245.358758,6606.286042,263.0,,99.0,593.10546875,,0
1782298245.458751,6606.386036,262.0,,99.0,593.10546875,,0
1782298245.558755,6606.486039,245.0,,99.0,593.10546875,,0
1782298245.658750,6606.586033,247.0,,99.0,593.10546875,,0
1782298245.758747,6606.686030,244.0,,99.0,593.10546875,,0
1782298245.858750,6606.786033,275.0,,99.0,593.10546875,,0
1782298245.958750,6606.886033,271.0,,99.0,593.10546875,,0
1782298246.058663,6606.985947,262.0,,99.0,593.10546875,,0
1782298246.158664,6607.085947,262.0,,99.0,593.10546875,,0
1782298246.258753,6607.186036,263.0,,99.0,593.10546875,,0
1782298246.358756,6607.286039,275.0,,99.0,593.10546875,,0
1782298246.458753,6607.386037,252.0,,99.0,593.10546875,,0
1782298246.558779,6607.486064,250.0,,99.0,593.10546875,,0
1782298246.658763,6607.586046,270.0,,99.0,593.10546875,,0
1782298246.758751,6607.686035,270.0,,99.0,593.10546875,,0
1782298246.858750,6607.786034,242.0,,99.0,593.10546875,,0
1782298246.958750,6607.886034,276.0,,99.0,593.10546875,,0
1782298247.058760,6607.986044,245.0,,99.0,593.10546875,,0
1782298247.158749,6608.086032,277.0,,99.0,593.10546875,,0
1782298247.258750,6608.186034,262.0,,99.0,593.10546875,,0
1782298247.358747,6608.286030,264.0,,99.0,593.10546875,,0
1782298247.458758,6608.386043,263.0,,99.0,593.10546875,,0
1782298247.558752,6608.486035,262.0,,99.0,593.10546875,,0
1782298247.658747,6608.586032,263.0,,99.0,593.10546875,,0
1782298247.758747,6608.686031,263.0,,99.0,593.10546875,,0
1782298247.858748,6608.786033,264.0,,99.0,593.10546875,,0
1782298247.958750,6608.886034,262.0,,99.0,593.10546875,,0
1782298248.058711,6608.985994,262.0,,99.0,593.10546875,,0
1782298248.158753,6609.086036,262.0,,99.0,593.10546875,,0
1782298248.258746,6609.186031,264.0,,99.0,593.10546875,,0
1782298248.358748,6609.286032,262.0,,99.0,593.10546875,,0
1782298248.458747,6609.386031,263.0,,99.0,593.10546875,,0
1782298248.558748,6609.486032,263.0,,99.0,593.10546875,,0
1782298248.658746,6609.586029,263.0,,99.0,593.10546875,,0
1782298248.758750,6609.686033,263.0,,99.0,593.10546875,,0
1782298248.858752,6609.786037,264.0,,99.0,593.10546875,,0
1782298248.958753,6609.886036,263.0,,99.0,593.10546875,,0
1782298249.058751,6609.986035,262.0,,99.0,593.10546875,,0
1782298249.158680,6610.085965,262.0,,99.0,593.10546875,,0
1782298249.258753,6610.186036,262.0,,99.0,593.10546875,,0
1782298249.358751,6610.286036,263.0,,99.0,593.10546875,,0
1782298249.458749,6610.386032,264.0,,99.0,593.10546875,,0
1782298249.558752,6610.486037,264.0,,99.0,593.10546875,,0
1782298249.658761,6610.586045,263.0,,99.0,593.10546875,,0
1782298249.758751,6610.686036,263.0,,99.0,593.10546875,,0
1782298249.858762,6610.786046,264.0,,99.0,593.10546875,,0
1782298249.958752,6610.886037,263.0,,99.0,593.10546875,,0
1782298250.058755,6610.986039,262.0,,99.0,593.10546875,,0
1782298250.158752,6611.086036,262.0,,99.0,593.10546875,,0
1782298250.258747,6611.186031,262.0,,99.0,593.10546875,,0
1782298250.358751,6611.286035,262.0,,99.0,593.10546875,,0
1782298250.458752,6611.386037,262.0,,99.0,593.10546875,,0
1782298250.558746,6611.486031,263.0,,99.0,593.10546875,,0
1782298250.658753,6611.586037,263.0,,99.0,593.10546875,,0
1782298250.758758,6611.686042,263.0,,99.0,593.10546875,,0
1782298250.858753,6611.786037,263.0,,99.0,593.10546875,,0
1782298250.958753,6611.886038,263.0,,99.0,593.10546875,,0
1782298251.058751,6611.986035,263.0,,99.0,593.10546875,,0
1782298251.158748,6612.086032,264.0,,99.0,593.10546875,,0
1782298251.258685,6612.185969,263.0,,99.0,593.10546875,,0
1782298251.358760,6612.286044,263.0,,99.0,593.10546875,,0
1782298251.458754,6612.386037,262.0,,99.0,593.10546875,,0
1782298251.558751,6612.486034,262.0,,99.0,593.10546875,,0
1782298251.658751,6612.586035,263.0,,99.0,593.10546875,,0
1782298251.758747,6612.686032,263.0,,99.0,593.10546875,,0
1782298251.858751,6612.786034,263.0,,99.0,593.10546875,,0
1782298251.958751,6612.886036,263.0,,99.0,593.10546875,,0
1782298252.058747,6612.986031,264.0,,99.0,593.10546875,,0
1782298252.158751,6613.086034,264.0,,99.0,593.10546875,,0
1782298252.258753,6613.186036,262.0,,99.0,593.10546875,,0
1782298252.358749,6613.286032,262.0,,99.0,593.10546875,,0
1782298252.458746,6613.386030,262.0,,99.0,593.10546875,,0
1782298252.558760,6613.486045,264.0,,99.0,593.10546875,,0
1782298252.658679,6613.585964,264.0,,99.0,593.10546875,,0
1782298252.758757,6613.686040,264.0,,99.0,593.10546875,,0
1782298252.858747,6613.786031,262.0,,99.0,593.10546875,,0
1782298252.958746,6613.886030,263.0,,99.0,593.10546875,,0
1782298253.058748,6613.986033,265.0,,99.0,593.10546875,,0
1782298253.158750,6614.086034,263.0,,99.0,593.10546875,,0
1782298253.258750,6614.186035,263.0,,99.0,593.10546875,,0
1782298253.358745,6614.286030,262.0,,99.0,593.10546875,,0
1782298253.458669,6614.385953,262.0,,99.0,593.10546875,,0
1782298253.558750,6614.486033,262.0,,99.0,593.10546875,,0
1782298253.658751,6614.586034,263.0,,99.0,593.10546875,,0
1782298253.758746,6614.686030,263.0,,99.0,593.10546875,,0
1782298253.858748,6614.786033,263.0,,99.0,593.10546875,,0
1782298253.958750,6614.886034,263.0,,99.0,593.10546875,,0
1782298254.058746,6614.986030,263.0,,99.0,593.10546875,,0
1782298254.158754,6615.086037,265.0,,99.0,593.10546875,,0
1782298254.258746,6615.186030,263.0,,99.0,593.10546875,,0
1782298254.358752,6615.286036,264.0,,99.0,593.10546875,,0
1782298254.458758,6615.386043,263.0,,99.0,593.10546875,,0
1782298254.558746,6615.486029,262.0,,99.0,593.10546875,,0
1782298254.658664,6615.585947,262.0,,99.0,593.10546875,,0
1782298254.758749,6615.686032,266.0,,99.0,593.10546875,,0
1782298254.858753,6615.786036,263.0,,99.0,593.10546875,,0
1782298254.958747,6615.886032,263.0,,99.0,593.10546875,,0
1782298255.058750,6615.986033,263.0,,99.0,593.10546875,,0
1782298255.158747,6616.086032,263.0,,99.0,593.10546875,,0
1782298255.258758,6616.186043,156.0,,50.0,593.10546875,,0
1782298255.358761,6616.286046,51.0,,3.0,593.10546875,,0
1782298255.458759,6616.386044,45.0,,3.0,593.10546875,,0
1782298255.558760,6616.486045,39.0,,3.0,593.10546875,,0
1782298255.658760,6616.586044,36.0,,3.0,593.10546875,,0
1782298255.758769,6616.686054,23.0,,3.0,593.10546875,,0
1782298255.858757,6616.786042,21.0,,3.0,593.10546875,,0
1782298255.958758,6616.886043,23.0,,3.0,593.10546875,,0
1782298256.058760,6616.986045,24.0,,3.0,593.10546875,,0
1782298256.158762,6617.086046,21.0,,3.0,593.10546875,,0
1782298256.258758,6617.186043,22.0,,3.0,593.10546875,,0
1782298256.358760,6617.286045,21.0,,3.0,593.10546875,,0
1782298256.458761,6617.386045,18.0,,3.0,593.10546875,,0
1782298256.558763,6617.486047,20.0,,3.0,593.10546875,,0
1782298256.658758,6617.586042,19.0,,3.0,593.10546875,,0
1782298256.758770,6617.686055,22.0,,3.0,593.10546875,,0
1782298256.858759,6617.786043,19.0,,3.0,593.10546875,,0
1782298256.958764,6617.886049,20.0,,3.0,593.10546875,,0
1782298257.058760,6617.986045,20.0,,4.0,593.10546875,,0
1782298257.158762,6618.086046,19.0,,3.0,593.10546875,,0
1782298257.258759,6618.186044,19.0,,3.0,593.10546875,,0
1782298257.358761,6618.286046,20.0,,3.0,593.10546875,,0
1782298257.458759,6618.386044,20.0,,3.0,593.10546875,,0
1782298257.558756,6618.486041,20.0,,3.0,593.10546875,,0
1782298257.658764,6618.586049,22.0,,3.0,593.10546875,,0
1782298257.758760,6618.686045,22.0,,3.0,593.10546875,,0
1782298257.858757,6618.786042,21.0,,2.0,593.10546875,,0
1782298257.958759,6618.886044,20.0,,3.0,593.10546875,,0
1782298258.058758,6618.986043,20.0,,4.0,593.10546875,,0
1782298258.158758,6619.086043,17.0,,3.0,593.10546875,,0
1782298258.258761,6619.186046,21.0,,3.0,593.10546875,,0
1782298258.358761,6619.286045,19.0,,3.0,593.10546875,,0
1782298258.458759,6619.386044,19.0,,3.0,593.10546875,,0
1782298258.558758,6619.486043,21.0,,3.0,593.10546875,,0
1782298258.658758,6619.586043,19.0,,3.0,593.10546875,,0
1782298258.758759,6619.686044,18.0,,3.0,593.10546875,,0
1782298258.858758,6619.786043,19.0,,2.0,593.10546875,,0
1782298258.958759,6619.886044,21.0,,3.0,593.10546875,,0
1782298259.058761,6619.986045,19.0,,3.0,593.10546875,,0
1782298259.158761,6620.086045,20.0,,3.0,593.10546875,,0
1782298259.258759,6620.186044,19.0,,3.0,593.10546875,,0
1782298259.358759,6620.286044,19.0,,3.0,593.10546875,,0
1782298259.458764,6620.386048,20.0,,3.0,593.10546875,,0
1782298259.558761,6620.486046,18.0,,4.0,593.10546875,,0
1782298259.658761,6620.586045,21.0,,3.0,593.10546875,,0
1782298259.758761,6620.686045,18.0,,3.0,593.10546875,,0
1782298259.858759,6620.786044,18.0,,3.0,593.10546875,,0
1782298259.958761,6620.886046,18.0,,2.0,593.10546875,,0
1782298260.058768,6620.986053,19.0,,3.0,593.10546875,,0
1782298260.158765,6621.086049,18.0,,3.0,593.10546875,,0
1782298260.258663,6621.185947,88.0,,99.0,593.10546875,,0
1782298260.358748,6621.286031,88.0,,99.0,593.10546875,,0
1782298260.458663,6621.385947,111.0,,99.0,593.10546875,,0
1782298260.558748,6621.486031,128.0,,99.0,593.10546875,,0
1782298260.658751,6621.586034,168.0,,99.0,593.10546875,,0
1782298260.758765,6621.686050,227.0,,99.0,593.10546875,,0
1782298260.858749,6621.786032,229.0,,99.0,593.10546875,,0
1782298260.958747,6621.886031,228.0,,99.0,593.10546875,,0
1782298261.058746,6621.986030,230.0,,99.0,593.10546875,,0
1782298261.158664,6622.085947,219.0,,99.0,593.10546875,,0
1782298261.258749,6622.186032,239.0,,99.0,593.10546875,,0
1782298261.358749,6622.286032,241.0,,99.0,593.10546875,,0
1782298261.458747,6622.386031,243.0,,99.0,593.10546875,,0
1782298261.558746,6622.486030,262.0,,99.0,593.10546875,,0
1782298261.658747,6622.586032,249.0,,99.0,593.10546875,,0
1782298261.758756,6622.686040,247.0,,99.0,593.10546875,,0
1782298261.858746,6622.786030,253.0,,99.0,593.10546875,,0
1782298261.958750,6622.886035,253.0,,99.0,593.10546875,,0
1782298262.058745,6622.986030,258.0,,99.0,593.10546875,,0
1782298262.158755,6623.086040,250.0,,99.0,593.10546875,,0
1782298262.258747,6623.186032,223.0,,99.0,593.10546875,,0
1782298262.358748,6623.286032,263.0,,99.0,593.10546875,,0
1782298262.458752,6623.386037,251.0,,99.0,593.10546875,,0
1782298262.558755,6623.486039,262.0,,99.0,593.10546875,,0
1782298262.658751,6623.586035,248.0,,99.0,593.10546875,,0
1782298262.758746,6623.686031,252.0,,99.0,593.10546875,,0
1782298262.858765,6623.786049,262.0,,99.0,593.10546875,,0
1782298262.958750,6623.886034,252.0,,99.0,593.10546875,,0
1782298263.058764,6623.986048,230.0,,99.0,593.10546875,,0
1782298263.158763,6624.086048,244.0,,99.0,593.10546875,,0
1782298263.258749,6624.186033,266.0,,99.0,593.10546875,,0
1782298263.358746,6624.286029,258.0,,99.0,593.10546875,,0
1782298263.458753,6624.386038,262.0,,99.0,593.10546875,,0
1782298263.558745,6624.486028,253.0,,99.0,593.10546875,,0
1782298263.658747,6624.586030,251.0,,99.0,593.10546875,,0
1782298263.758758,6624.686042,257.0,,99.0,593.10546875,,0
1782298263.858745,6624.786030,252.0,,99.0,593.10546875,,0
1782298263.958747,6624.886033,251.0,,99.0,593.10546875,,0
1782298264.058748,6624.986031,251.0,,99.0,593.10546875,,0
1782298264.158747,6625.086032,252.0,,99.0,593.10546875,,0
1782298264.258750,6625.186035,253.0,,99.0,593.10546875,,0
1782298264.358753,6625.286037,254.0,,99.0,593.10546875,,0
1782298264.458748,6625.386032,252.0,,99.0,593.10546875,,0
1782298264.558746,6625.486030,254.0,,99.0,593.10546875,,0
1782298264.658751,6625.586034,254.0,,99.0,593.10546875,,0
1782298264.758748,6625.686031,254.0,,99.0,593.10546875,,0
1782298264.858663,6625.785947,254.0,,99.0,593.10546875,,0
1782298264.958681,6625.885965,254.0,,99.0,593.10546875,,0
1782298265.058746,6625.986030,255.0,,99.0,593.10546875,,0
1782298265.158757,6626.086041,254.0,,99.0,593.10546875,,0
1782298265.258749,6626.186034,253.0,,99.0,593.10546875,,0
1782298265.358747,6626.286032,253.0,,99.0,593.10546875,,0
1782298265.458746,6626.386030,253.0,,99.0,593.10546875,,0
1782298265.558749,6626.486033,253.0,,99.0,593.10546875,,0
1782298265.658755,6626.586039,251.0,,99.0,593.10546875,,0
1782298265.758751,6626.686036,252.0,,99.0,593.10546875,,0
1782298265.858749,6626.786032,254.0,,99.0,593.10546875,,0
1782298265.958746,6626.886030,255.0,,99.0,593.10546875,,0
1782298266.058751,6626.986036,255.0,,99.0,593.10546875,,0
1782298266.158759,6627.086043,255.0,,99.0,593.10546875,,0
1782298266.258663,6627.185947,255.0,,99.0,593.10546875,,0
1782298266.358680,6627.285964,256.0,,99.0,593.10546875,,0
1782298266.458748,6627.386032,257.0,,99.0,593.10546875,,0
1782298266.558745,6627.486029,257.0,,99.0,593.10546875,,0
1782298266.658754,6627.586038,257.0,,99.0,593.10546875,,0
1782298266.758749,6627.686032,255.0,,99.0,593.10546875,,0
1782298266.858663,6627.785947,258.0,,99.0,593.10546875,,0
1782298266.958682,6627.885967,256.0,,99.0,593.10546875,,0
1782298267.058762,6627.986045,256.0,,99.0,593.10546875,,0
1782298267.158745,6628.086029,256.0,,99.0,593.10546875,,0
1782298267.258766,6628.186051,255.0,,99.0,593.10546875,,0
1782298267.358753,6628.286038,255.0,,99.0,593.10546875,,0
1782298267.458691,6628.385975,256.0,,99.0,593.10546875,,0
1782298267.558748,6628.486031,257.0,,99.0,593.10546875,,0
1782298267.658747,6628.586031,258.0,,99.0,593.10546875,,0
1782298267.758746,6628.686031,256.0,,99.0,593.10546875,,0
1782298267.858757,6628.786042,258.0,,99.0,593.10546875,,0
1782298267.958748,6628.886033,258.0,,99.0,593.10546875,,0
1782298268.058753,6628.986037,259.0,,99.0,593.10546875,,0
1782298268.158759,6629.086043,258.0,,99.0,593.10546875,,0
1782298268.258753,6629.186038,259.0,,99.0,593.10546875,,0
1782298268.358748,6629.286032,260.0,,99.0,593.10546875,,0
1782298268.458751,6629.386034,258.0,,99.0,593.10546875,,0
1782298268.558752,6629.486037,259.0,,99.0,593.10546875,,0
1782298268.658750,6629.586034,259.0,,99.0,593.10546875,,0
1782298268.758747,6629.686031,259.0,,99.0,593.10546875,,0
1782298268.858747,6629.786031,259.0,,99.0,593.10546875,,0
1782298268.958752,6629.886037,259.0,,99.0,593.10546875,,0
1782298269.058747,6629.986031,259.0,,99.0,593.10546875,,0
1782298269.158752,6630.086037,260.0,,99.0,593.10546875,,0
1782298269.258756,6630.186040,259.0,,99.0,593.10546875,,0
1782298269.358748,6630.286033,259.0,,99.0,593.10546875,,0
1782298269.458747,6630.386031,259.0,,99.0,593.10546875,,0
1782298269.558748,6630.486033,259.0,,99.0,593.10546875,,0
1782298269.658747,6630.586032,259.0,,99.0,593.10546875,,0
1782298269.758748,6630.686031,259.0,,99.0,593.10546875,,0
1782298269.858755,6630.786038,259.0,,99.0,593.10546875,,0
1782298269.958749,6630.886034,258.0,,99.0,593.10546875,,0
1782298270.058748,6630.986032,259.0,,99.0,593.10546875,,0
1782298270.158752,6631.086035,260.0,,99.0,593.10546875,,0
1782298270.258754,6631.186038,258.0,,99.0,593.10546875,,0
1782298270.358754,6631.286037,257.0,,99.0,593.10546875,,0
1782298270.458747,6631.386030,259.0,,99.0,593.10546875,,0
1782298270.558752,6631.486036,260.0,,99.0,593.10546875,,0
1782298270.658760,6631.586044,260.0,,99.0,593.10546875,,0
1782298270.758753,6631.686036,260.0,,99.0,593.10546875,,0
1782298270.858756,6631.786039,260.0,,99.0,593.10546875,,0
1782298270.958747,6631.886030,260.0,,99.0,593.10546875,,0
1782298271.058764,6631.986048,258.0,,99.0,593.10546875,,0
1782298271.158746,6632.086030,260.0,,99.0,593.10546875,,0
1782298271.258760,6632.186045,261.0,,99.0,593.10546875,,0
1782298271.358756,6632.286039,261.0,,99.0,593.10546875,,0
1782298271.458663,6632.385947,261.0,,99.0,593.10546875,,0
1782298271.558750,6632.486033,260.0,,99.0,593.10546875,,0
1782298271.658754,6632.586039,260.0,,99.0,593.10546875,,0
1782298271.758747,6632.686032,262.0,,99.0,593.10546875,,0
1782298271.858747,6632.786031,259.0,,99.0,593.10546875,,0
1782298271.958752,6632.886037,260.0,,99.0,593.10546875,,0
1782298272.058749,6632.986032,260.0,,99.0,593.10546875,,0
1782298272.158751,6633.086036,259.0,,99.0,593.10546875,,0
1782298272.258750,6633.186034,258.0,,99.0,593.10546875,,0
1782298272.358747,6633.286031,258.0,,99.0,593.10546875,,0
1782298272.458750,6633.386034,262.0,,99.0,593.10546875,,0
1782298272.558747,6633.486030,262.0,,99.0,593.10546875,,0
1782298272.658749,6633.586034,262.0,,99.0,593.10546875,,0
1782298272.758751,6633.686036,261.0,,99.0,593.10546875,,0
1782298272.858692,6633.785977,261.0,,99.0,593.10546875,,0
1782298272.958767,6633.886051,262.0,,99.0,593.10546875,,0
1782298273.058759,6633.986043,262.0,,99.0,593.10546875,,0
1782298273.158749,6634.086032,264.0,,99.0,593.10546875,,0
1782298273.258748,6634.186033,262.0,,99.0,593.10546875,,0
1782298273.358755,6634.286041,262.0,,99.0,593.10546875,,0
1782298273.458750,6634.386035,263.0,,99.0,593.10546875,,0
1782298273.558748,6634.486033,262.0,,99.0,593.10546875,,0
1782298273.658762,6634.586047,262.0,,99.0,593.10546875,,0
1782298273.758753,6634.686036,262.0,,99.0,593.10546875,,0
1782298273.858747,6634.786032,262.0,,99.0,593.10546875,,0
1782298273.958748,6634.886033,263.0,,99.0,593.10546875,,0
1782298274.058747,6634.986031,262.0,,99.0,593.10546875,,0
1782298274.158752,6635.086036,263.0,,99.0,593.10546875,,0
1782298274.258748,6635.186032,262.0,,99.0,593.10546875,,0
1782298274.358751,6635.286036,262.0,,99.0,593.10546875,,0
1782298274.458776,6635.386061,263.0,,99.0,593.10546875,,0
1782298274.558768,6635.486052,263.0,,99.0,593.10546875,,0
1782298274.658754,6635.586039,263.0,,99.0,593.10546875,,0
1782298274.758683,6635.685967,262.0,,99.0,593.10546875,,0
1782298274.858746,6635.786030,263.0,,99.0,593.10546875,,0
1782298274.958754,6635.886037,264.0,,99.0,593.10546875,,0
1782298275.058749,6635.986032,262.0,,99.0,593.10546875,,0
1782298275.158755,6636.086039,262.0,,99.0,593.10546875,,0
1782298275.258754,6636.186039,263.0,,99.0,593.10546875,,0
1782298275.358684,6636.285968,262.0,,99.0,593.10546875,,0
1782298275.458752,6636.386036,263.0,,99.0,593.10546875,,0
1782298275.558692,6636.485977,262.0,,99.0,593.10546875,,0
1782298275.658754,6636.586038,262.0,,99.0,593.10546875,,0
1782298275.758759,6636.686044,263.0,,99.0,593.10546875,,0
1782298275.858757,6636.786042,262.0,,99.0,593.10546875,,0
1782298275.958746,6636.886030,262.0,,99.0,593.10546875,,0
1782298276.058752,6636.986036,262.0,,99.0,593.10546875,,0
1782298276.158759,6637.086043,261.0,,99.0,593.10546875,,0
1782298276.258749,6637.186033,263.0,,99.0,593.10546875,,0
1782298276.358758,6637.286043,263.0,,99.0,593.10546875,,0
1782298276.458750,6637.386034,263.0,,99.0,593.10546875,,0
1782298276.558749,6637.486033,263.0,,99.0,593.10546875,,0
1782298276.658749,6637.586034,262.0,,99.0,593.10546875,,0
1782298276.758753,6637.686037,262.0,,99.0,593.10546875,,0
1782298276.858750,6637.786033,263.0,,99.0,593.10546875,,0
1782298276.958755,6637.886040,262.0,,99.0,593.10546875,,0
1782298277.058756,6637.986041,262.0,,99.0,593.10546875,,0
1782298277.158664,6638.085948,246.0,,99.0,593.10546875,,0
1782298277.258751,6638.186034,263.0,,99.0,593.10546875,,0
1782298277.358761,6638.286045,262.0,,99.0,593.10546875,,0
1782298277.458752,6638.386036,263.0,,99.0,593.10546875,,0
1782298277.558761,6638.486046,262.0,,99.0,593.10546875,,0
1782298277.658757,6638.586040,262.0,,99.0,593.10546875,,0
1782298277.758756,6638.686040,263.0,,99.0,593.10546875,,0
1782298277.858756,6638.786040,260.0,,99.0,593.10546875,,0
1782298277.958753,6638.886038,262.0,,99.0,593.10546875,,0
1782298278.058765,6638.986050,264.0,,99.0,593.10546875,,0
1782298278.158749,6639.086032,267.0,,99.0,593.10546875,,0
1782298278.258750,6639.186035,276.0,,99.0,593.10546875,,0
1782298278.358750,6639.286033,263.0,,99.0,593.10546875,,0
1782298278.458752,6639.386037,262.0,,99.0,593.10546875,,0
1782298278.558753,6639.486038,262.0,,99.0,593.10546875,,0
1782298278.658748,6639.586032,278.0,,99.0,593.10546875,,0
1782298278.758753,6639.686037,282.0,,99.0,593.10546875,,0
1782298278.858751,6639.786034,268.0,,99.0,593.10546875,,0
1782298278.958750,6639.886035,277.0,,99.0,593.10546875,,0
1782298279.058749,6639.986034,250.0,,99.0,593.10546875,,0
1782298279.158757,6640.086042,275.0,,99.0,593.10546875,,0
1782298279.258842,6640.186125,255.0,,99.0,593.10546875,,0
1782298279.358754,6640.286038,275.0,,99.0,593.10546875,,0
1782298279.458756,6640.386040,278.0,,99.0,593.10546875,,0
1782298279.558754,6640.486039,263.0,,99.0,593.10546875,,0
1782298279.658757,6640.586042,263.0,,99.0,593.10546875,,0
1782298279.758757,6640.686043,266.0,,99.0,593.10546875,,0
1782298279.858755,6640.786039,256.0,,99.0,593.10546875,,0
1782298279.958754,6640.886038,267.0,,99.0,593.10546875,,0
1782298280.058757,6640.986041,252.0,,99.0,593.10546875,,0
1782298280.158756,6641.086040,260.0,,99.0,593.10546875,,0
1782298280.258753,6641.186037,262.0,,99.0,593.10546875,,0
1782298280.358756,6641.286041,262.0,,99.0,593.10546875,,0
1782298280.458757,6641.386040,263.0,,99.0,593.10546875,,0
1782298280.558752,6641.486036,263.0,,99.0,593.10546875,,0
1782298280.658775,6641.586060,266.0,,99.0,593.10546875,,0
1782298280.758756,6641.686040,264.0,,99.0,593.10546875,,0
1782298280.858758,6641.786043,263.0,,99.0,593.10546875,,0
1782298280.958755,6641.886040,263.0,,99.0,593.10546875,,0
1782298281.058779,6641.986063,263.0,,99.0,593.10546875,,0
1782298281.158757,6642.086042,263.0,,99.0,593.10546875,,0
1782298281.258756,6642.186039,259.0,,99.0,593.10546875,,0
1782298281.358746,6642.286031,263.0,,99.0,593.10546875,,0
1782298281.458763,6642.386048,281.0,,99.0,593.10546875,,0
1782298281.558755,6642.486040,284.0,,99.0,593.10546875,,0
1782298281.658754,6642.586037,273.0,,99.0,593.10546875,,0
1782298281.758663,6642.685947,267.0,,99.0,593.10546875,,0
1782298281.858662,6642.785945,281.0,,99.0,593.10546875,,0
1782298281.958662,6642.885945,261.0,,99.0,593.10546875,,0
1782298282.058662,6642.985945,267.0,,99.0,593.10546875,,0
1782298282.158662,6643.085945,265.0,,99.0,593.10546875,,0
1782298282.258663,6643.185946,265.0,,99.0,593.10546875,,0
1782298282.358675,6643.285958,265.0,,99.0,593.10546875,,0
1782298282.458662,6643.385945,265.0,,99.0,593.10546875,,0
1782298282.558663,6643.485946,268.0,,99.0,593.10546875,,0
1782298282.658680,6643.585964,266.0,,99.0,593.10546875,,0
1782298282.758757,6643.686041,266.0,,99.0,593.10546875,,0
1782298282.858747,6643.786031,266.0,,99.0,593.10546875,,0
1782298282.958750,6643.886035,266.0,,99.0,593.10546875,,0
1782298283.058752,6643.986036,268.0,,99.0,593.10546875,,0
1782298283.158753,6644.086038,268.0,,99.0,593.10546875,,0
1782298283.258767,6644.186052,268.0,,99.0,593.10546875,,0
1782298283.358757,6644.286041,269.0,,99.0,593.10546875,,0
1782298283.458752,6644.386035,269.0,,99.0,593.10546875,,0
1782298283.558752,6644.486036,269.0,,99.0,593.10546875,,0
1782298283.658754,6644.586038,267.0,,99.0,593.10546875,,0
1782298283.758756,6644.686040,266.0,,99.0,593.10546875,,0
1782298283.858752,6644.786036,266.0,,99.0,593.10546875,,0
1782298283.958768,6644.886052,267.0,,99.0,593.10546875,,0
1782298284.058770,6644.986054,265.0,,99.0,593.10546875,,0
1782298284.158756,6645.086041,269.0,,99.0,593.10546875,,0
1782298284.258756,6645.186041,269.0,,99.0,593.10546875,,0
1782298284.358755,6645.286040,269.0,,99.0,593.10546875,,0
1782298284.458756,6645.386040,269.0,,99.0,593.10546875,,0
1782298284.558753,6645.486036,269.0,,99.0,593.10546875,,0
1782298284.658752,6645.586038,268.0,,99.0,593.10546875,,0
1782298284.758752,6645.686037,269.0,,99.0,593.10546875,,0
1782298284.858750,6645.786034,269.0,,99.0,593.10546875,,0
1782298284.958756,6645.886040,268.0,,99.0,593.10546875,,0
1782298285.058754,6645.986039,269.0,,99.0,593.10546875,,0
1782298285.158764,6646.086048,269.0,,99.0,593.10546875,,0
1782298285.258753,6646.186037,269.0,,99.0,593.10546875,,0
1782298285.358773,6646.286057,268.0,,99.0,593.10546875,,0
1782298285.458757,6646.386041,268.0,,99.0,593.10546875,,0
1782298285.558746,6646.486031,269.0,,99.0,593.10546875,,0
1782298285.658761,6646.586045,269.0,,99.0,593.10546875,,0
1782298285.758749,6646.686033,269.0,,99.0,593.10546875,,0
1782298285.858755,6646.786040,269.0,,99.0,593.10546875,,0
1782298285.958756,6646.886039,269.0,,99.0,593.10546875,,0
1782298286.058750,6646.986035,269.0,,99.0,593.10546875,,0
1782298286.158756,6647.086040,268.0,,99.0,593.10546875,,0
1782298286.258755,6647.186039,268.0,,99.0,593.10546875,,0
1782298286.358748,6647.286033,268.0,,99.0,593.10546875,,0
1782298286.458691,6647.385976,269.0,,99.0,593.10546875,,0
1782298286.558752,6647.486036,270.0,,99.0,593.10546875,,0
1782298286.658773,6647.586058,269.0,,99.0,593.10546875,,0
1782298286.758753,6647.686037,269.0,,99.0,593.10546875,,0
1782298286.858757,6647.786041,269.0,,99.0,593.10546875,,0
1782298286.958689,6647.885974,269.0,,99.0,593.10546875,,0
1782298287.058751,6647.986035,269.0,,99.0,593.10546875,,0
1782298287.158764,6648.086049,269.0,,99.0,593.10546875,,0
1782298287.258756,6648.186040,268.0,,99.0,593.10546875,,0
1782298287.358776,6648.286060,268.0,,99.0,593.10546875,,0
1782298287.458759,6648.386044,269.0,,99.0,593.10546875,,0
1782298287.558753,6648.486037,270.0,,99.0,593.10546875,,0
1782298287.658756,6648.586039,270.0,,99.0,593.10546875,,0
1782298287.758751,6648.686036,270.0,,99.0,593.10546875,,0
1782298287.858679,6648.785963,269.0,,99.0,593.10546875,,0
1782298287.958747,6648.886031,269.0,,99.0,593.10546875,,0
1782298288.058767,6648.986051,269.0,,99.0,593.10546875,,0
1782298288.158746,6649.086031,268.0,,99.0,593.10546875,,0
1782298288.258749,6649.186034,269.0,,99.0,593.10546875,,0
1782298288.358757,6649.286041,270.0,,99.0,593.10546875,,0
1782298288.458759,6649.386044,269.0,,99.0,593.10546875,,0
1782298288.558745,6649.486029,270.0,,99.0,593.10546875,,0
1782298288.658752,6649.586037,269.0,,99.0,593.10546875,,0
1782298288.758750,6649.686034,270.0,,99.0,593.10546875,,0
1782298288.858750,6649.786034,269.0,,99.0,593.10546875,,0
1782298288.958755,6649.886039,268.0,,99.0,593.10546875,,0
1782298289.058697,6649.985981,268.0,,99.0,593.10546875,,0
1782298289.158747,6650.086031,270.0,,99.0,593.10546875,,0
1782298289.258748,6650.186031,269.0,,99.0,593.10546875,,0
1782298289.358759,6650.286044,270.0,,99.0,593.10546875,,0
1782298289.458760,6650.386045,270.0,,99.0,593.10546875,,0
1782298289.558684,6650.485968,269.0,,99.0,593.10546875,,0
1782298289.658752,6650.586036,269.0,,99.0,593.10546875,,0
1782298289.758747,6650.686030,269.0,,99.0,593.10546875,,0
1782298289.858761,6650.786046,269.0,,99.0,593.10546875,,0
1782298289.958753,6650.886037,269.0,,99.0,593.10546875,,0
1782298290.058764,6650.986049,267.0,,99.0,593.10546875,,0
1782298290.158749,6651.086033,268.0,,99.0,593.10546875,,0
1782298290.258751,6651.186036,269.0,,99.0,593.10546875,,0
1782298290.358751,6651.286036,270.0,,99.0,593.10546875,,0
1782298290.458750,6651.386034,269.0,,99.0,593.10546875,,0
1782298290.558750,6651.486035,268.0,,99.0,593.10546875,,0
1782298290.658747,6651.586032,269.0,,99.0,593.10546875,,0
1782298290.758753,6651.686038,268.0,,99.0,593.10546875,,0
1782298290.858754,6651.786039,266.0,,99.0,593.10546875,,0
1782298290.958752,6651.886036,268.0,,99.0,593.10546875,,0
1782298291.058757,6651.986041,269.0,,99.0,593.10546875,,0
1782298291.158745,6652.086030,269.0,,99.0,593.10546875,,0
1782298291.258756,6652.186039,266.0,,99.0,593.10546875,,0
1782298291.358752,6652.286037,265.0,,99.0,593.10546875,,0
1782298291.458751,6652.386036,266.0,,99.0,593.10546875,,0
1782298291.558749,6652.486032,267.0,,99.0,593.10546875,,0
1782298291.658753,6652.586038,270.0,,99.0,593.10546875,,0
1782298291.758751,6652.686036,270.0,,99.0,593.10546875,,0
1782298291.858768,6652.786052,270.0,,99.0,593.10546875,,0
1782298291.958748,6652.886032,270.0,,99.0,593.10546875,,0
1782298292.058751,6652.986036,269.0,,99.0,593.10546875,,0
1782298292.158750,6653.086034,269.0,,99.0,593.10546875,,0
1782298292.258749,6653.186033,268.0,,99.0,593.10546875,,0
1782298292.358771,6653.286055,270.0,,99.0,593.10546875,,0
1782298292.458755,6653.386040,267.0,,99.0,593.10546875,,0
1782298292.558774,6653.486059,266.0,,99.0,593.10546875,,0
1782298292.658751,6653.586036,266.0,,99.0,593.10546875,,0
1782298292.758754,6653.686040,266.0,,99.0,593.10546875,,0
1782298292.858757,6653.786041,266.0,,99.0,593.10546875,,0
1782298292.958765,6653.886049,268.0,,99.0,593.10546875,,0
1782298293.058746,6653.986030,269.0,,99.0,593.10546875,,0
1782298293.158753,6654.086038,268.0,,99.0,593.10546875,,0
1782298293.258746,6654.186030,267.0,,99.0,593.10546875,,0
1782298293.358750,6654.286035,267.0,,99.0,593.10546875,,0
1782298293.458750,6654.386033,269.0,,99.0,593.10546875,,0
1782298293.558751,6654.486034,267.0,,99.0,593.10546875,,0
1782298293.658752,6654.586037,270.0,,99.0,593.10546875,,0
1782298293.758761,6654.686045,268.0,,99.0,593.10546875,,0
1782298293.858750,6654.786035,266.0,,99.0,593.10546875,,0
1782298293.958748,6654.886032,267.0,,99.0,593.10546875,,0
1782298294.058749,6654.986034,266.0,,99.0,593.10546875,,0
1782298294.158752,6655.086036,268.0,,99.0,593.10546875,,0
1782298294.258757,6655.186041,267.0,,99.0,593.10546875,,0
1782298294.358746,6655.286031,284.0,,99.0,593.10546875,,0
1782298294.458746,6655.386031,261.0,,99.0,593.10546875,,0
1782298294.558771,6655.486056,268.0,,99.0,593.10546875,,0
1782298294.658753,6655.586037,276.0,,99.0,593.10546875,,0
1782298294.758751,6655.686035,282.0,,99.0,593.10546875,,0
1782298294.858753,6655.786038,268.0,,99.0,593.10546875,,0
1782298294.958749,6655.886033,242.0,,99.0,593.10546875,,0
1782298295.058779,6655.986063,268.0,,99.0,593.10546875,,0
1782298295.158751,6656.086036,249.0,,99.0,593.10546875,,0
1782298295.258768,6656.186052,166.0,,62.0,354.828125,,0
1782298295.358762,6656.286047,49.0,,4.0,354.71875,,0
1782298295.458763,6656.386047,41.0,,,354.71875,,0
1782298295.558764,6656.486049,32.0,,,354.71875,,0
1782298295.658758,6656.586043,33.0,,,354.71875,,0
1782298295.758758,6656.686043,27.0,,,354.71875,,0
