sample_epoch,mono_s,power_w,energy_uj,gfx_busy_pct,vram_used_mb,sclk_mhz,device_id
1782299367.337860,7728.265143,16.0,,,354.71484375,,0
1782299367.438018,7728.365303,16.0,,,354.71484375,,0
1782299367.538009,7728.465294,16.0,,1.0,354.71484375,,0
1782299367.637998,7728.565281,17.0,,,354.71484375,,0
1782299367.738007,7728.665292,17.0,,,354.71484375,,0
1782299367.840724,7728.768008,17.0,,,354.71484375,,0
1782299367.939723,7728.867007,16.0,,,354.71484375,,0
1782299368.038042,7728.965326,15.0,,,354.71484375,,0
1782299368.138013,7729.065297,16.0,,1.0,354.71484375,,0
1782299368.238011,7729.165295,18.0,,,354.71484375,,0
1782299368.338009,7729.265293,15.0,,,354.71484375,,0
1782299368.438015,7729.365299,17.0,,,354.71484375,,0
1782299368.538010,7729.465294,17.0,,,354.71484375,,0
1782299368.638009,7729.565292,17.0,,,354.71484375,,0
1782299368.738012,7729.665296,17.0,,2.0,354.71484375,,0
1782299368.838018,7729.765302,16.0,,,354.71484375,,0
1782299368.938013,7729.865297,16.0,,,354.71484375,,0
1782299369.038008,7729.965292,16.0,,,354.71484375,,0
1782299369.138007,7730.065291,16.0,,,354.71484375,,0
1782299369.238013,7730.165297,16.0,,,354.71484375,,0
1782299369.338011,7730.265295,16.0,,,354.71484375,,0
1782299369.438018,7730.365302,19.0,,,354.71484375,,0
1782299369.538011,7730.465295,14.0,,,354.71484375,,0
1782299369.638008,7730.565292,14.0,,,354.71484375,,0
1782299369.738010,7730.665294,15.0,,,354.71484375,,0
1782299369.838013,7730.765298,16.0,,,354.71484375,,0
1782299369.938010,7730.865294,16.0,,,354.71484375,,0
1782299370.038011,7730.965295,16.0,,,354.71484375,,0
1782299370.138011,7731.065296,16.0,,,354.71484375,,0
1782299370.238014,7731.165297,16.0,,,354.71484375,,0
1782299370.338012,7731.265296,15.0,,,354.71484375,,0
1782299370.438009,7731.365293,16.0,,,354.71484375,,0
1782299370.538013,7731.465298,16.0,,,354.71484375,,0
1782299370.638006,7731.565290,16.0,,,354.71484375,,0
1782299370.738010,7731.665294,17.0,,,354.71484375,,0
1782299370.838008,7731.765292,16.0,,,354.71484375,,0
1782299370.938010,7731.865294,16.0,,,354.71484375,,0
1782299371.038010,7731.965294,15.0,,,354.71484375,,0
1782299371.138019,7732.065304,16.0,,2.0,354.71484375,,0
1782299371.238009,7732.165293,17.0,,,354.71484375,,0
1782299371.338011,7732.265295,19.0,,,354.71484375,,0
1782299371.438013,7732.365297,20.0,,,354.71484375,,0
1782299371.538014,7732.465298,15.0,,,354.71484375,,0
1782299371.638007,7732.565291,19.0,,,354.71484375,,0
1782299371.738016,7732.665300,23.0,,3.0,354.71484375,,0
1782299371.837925,7732.765208,20.0,,,354.71484375,,0
1782299371.938009,7732.865293,18.0,,,354.71484375,,0
1782299372.038015,7732.965298,15.0,,,354.71484375,,0
1782299372.138014,7733.065298,15.0,,,354.71484375,,0
1782299372.238015,7733.165299,15.0,,,354.71484375,,0
1782299372.338006,7733.265290,16.0,,1.0,354.7265625,,0
1782299372.437933,7733.365218,24.0,,3.0,354.765625,,0
1782299372.537933,7733.465217,17.0,,,354.765625,,0
1782299372.637928,7733.565212,14.0,,,354.765625,,0
1782299372.737925,7733.665209,15.0,,1.0,555.5078125,,0
1782299372.838007,7733.765291,27.0,,22.0,588.9375,,0
1782299372.938013,7733.865296,43.0,,39.0,588.94140625,,0
1782299373.038023,7733.965307,73.0,,100.0,588.94140625,,0
1782299373.138020,7734.065304,84.0,,100.0,588.94140625,,0
1782299373.238033,7734.165317,114.0,,100.0,588.94140625,,0
1782299373.337917,7734.265200,184.0,,100.0,588.94140625,,0
1782299373.437917,7734.365200,247.0,,100.0,588.94140625,,0
1782299373.537916,7734.465200,250.0,,100.0,588.94140625,,0
1782299373.637917,7734.565200,247.0,,100.0,588.94140625,,0
1782299373.737916,7734.665200,244.0,,100.0,588.94140625,,0
1782299373.837916,7734.765200,247.0,,100.0,588.94140625,,0
1782299373.937917,7734.865200,252.0,,100.0,588.94140625,,0
1782299374.037916,7734.965199,258.0,,100.0,588.94140625,,0
1782299374.137913,7735.065196,258.0,,100.0,588.94140625,,0
1782299374.237913,7735.165196,259.0,,100.0,588.94140625,,0
1782299374.337912,7735.265195,257.0,,100.0,588.94140625,,0
1782299374.437912,7735.365195,258.0,,100.0,588.94140625,,0
1782299374.537912,7735.465195,259.0,,100.0,588.94140625,,0
1782299374.637912,7735.565195,260.0,,100.0,588.94140625,,0
1782299374.737916,7735.665199,257.0,,100.0,588.94140625,,0
1782299374.837916,7735.765200,258.0,,100.0,588.94140625,,0
1782299374.937917,7735.865200,259.0,,100.0,588.94140625,,0
1782299375.037916,7735.965200,268.0,,100.0,588.94140625,,0
1782299375.137916,7736.065200,264.0,,100.0,588.94140625,,0
1782299375.237916,7736.165200,268.0,,99.0,588.94140625,,0
1782299375.337913,7736.265196,264.0,,100.0,588.94140625,,0
1782299375.437912,7736.365195,266.0,,99.0,588.94140625,,0
1782299375.537912,7736.465195,267.0,,99.0,588.94140625,,0
1782299375.637912,7736.565195,267.0,,100.0,588.94140625,,0
1782299375.737912,7736.665195,259.0,,99.0,588.94140625,,0
1782299375.837912,7736.765195,271.0,,100.0,588.94140625,,0
1782299375.937912,7736.865195,268.0,,99.0,588.94140625,,0
1782299376.037912,7736.965195,258.0,,100.0,588.94140625,,0
1782299376.137912,7737.065195,253.0,,100.0,588.94140625,,0
1782299376.237912,7737.165195,244.0,,100.0,588.94140625,,0
1782299376.337912,7737.265195,260.0,,100.0,588.94140625,,0
1782299376.437912,7737.365195,258.0,,99.0,588.94140625,,0
1782299376.537912,7737.465195,254.0,,100.0,588.94140625,,0
1782299376.637912,7737.565195,260.0,,100.0,588.94140625,,0
1782299376.737924,7737.665207,253.0,,100.0,588.94140625,,0
1782299376.837912,7737.765195,260.0,,100.0,588.94140625,,0
1782299376.937923,7737.865207,260.0,,100.0,588.94140625,,0
1782299377.037913,7737.965196,258.0,,100.0,588.94140625,,0
1782299377.137913,7738.065196,259.0,,100.0,588.94140625,,0
1782299377.237912,7738.165195,259.0,,100.0,588.94140625,,0
1782299377.337912,7738.265195,260.0,,100.0,588.94140625,,0
1782299377.437912,7738.365195,259.0,,100.0,588.94140625,,0
1782299377.537912,7738.465195,260.0,,100.0,588.94140625,,0
1782299377.637912,7738.565195,229.0,,100.0,588.94140625,,0
1782299377.737912,7738.665195,241.0,,99.0,588.94140625,,0
1782299377.837912,7738.765195,229.0,,99.0,588.94140625,,0
1782299377.937912,7738.865195,248.0,,100.0,588.94140625,,0
1782299378.037912,7738.965195,261.0,,100.0,588.94140625,,0
1782299378.137912,7739.065195,261.0,,100.0,588.94140625,,0
1782299378.237912,7739.165195,261.0,,100.0,588.94140625,,0
1782299378.337912,7739.265195,260.0,,100.0,588.94140625,,0
1782299378.437912,7739.365195,259.0,,100.0,588.94140625,,0
1782299378.537912,7739.465195,260.0,,100.0,588.94140625,,0
1782299378.637912,7739.565195,261.0,,100.0,588.94140625,,0
1782299378.737912,7739.665195,259.0,,100.0,588.94140625,,0
1782299378.837912,7739.765195,261.0,,100.0,588.94140625,,0
1782299378.937912,7739.865195,261.0,,100.0,588.94140625,,0
1782299379.037912,7739.965195,261.0,,100.0,588.94140625,,0
1782299379.137912,7740.065195,259.0,,100.0,588.94140625,,0
1782299379.237912,7740.165195,260.0,,100.0,588.94140625,,0
1782299379.337912,7740.265195,260.0,,100.0,588.94140625,,0
1782299379.437912,7740.365195,259.0,,100.0,588.94140625,,0
1782299379.537912,7740.465195,261.0,,100.0,588.94140625,,0
1782299379.637912,7740.565195,260.0,,100.0,588.94140625,,0
1782299379.737912,7740.665195,261.0,,100.0,588.94140625,,0
1782299379.837912,7740.765195,261.0,,100.0,588.94140625,,0
1782299379.937912,7740.865195,261.0,,100.0,588.94140625,,0
1782299380.037912,7740.965195,259.0,,100.0,588.94140625,,0
1782299380.137912,7741.065195,261.0,,100.0,588.94140625,,0
1782299380.237912,7741.165195,261.0,,100.0,588.94140625,,0
1782299380.337912,7741.265195,259.0,,100.0,588.94140625,,0
1782299380.437912,7741.365195,261.0,,100.0,588.94140625,,0
1782299380.537912,7741.465195,261.0,,100.0,588.94140625,,0
1782299380.637912,7741.565196,260.0,,100.0,588.94140625,,0
1782299380.737913,7741.665196,260.0,,100.0,588.94140625,,0
1782299380.837912,7741.765195,261.0,,100.0,588.94140625,,0
1782299380.937912,7741.865195,261.0,,100.0,588.94140625,,0
1782299381.037917,7741.965200,260.0,,100.0,588.94140625,,0
1782299381.137917,7742.065200,260.0,,100.0,588.94140625,,0
1782299381.237915,7742.165199,262.0,,100.0,588.94140625,,0
1782299381.337913,7742.265197,262.0,,100.0,588.94140625,,0
1782299381.437913,7742.365196,261.0,,100.0,588.94140625,,0
1782299381.537912,7742.465196,261.0,,100.0,588.94140625,,0
1782299381.637912,7742.565196,262.0,,100.0,588.94140625,,0
1782299381.737912,7742.665195,261.0,,100.0,588.94140625,,0
1782299381.837913,7742.765196,261.0,,100.0,588.94140625,,0
1782299381.937912,7742.865196,261.0,,100.0,588.94140625,,0
1782299382.037912,7742.965195,262.0,,100.0,588.94140625,,0
1782299382.137912,7743.065195,261.0,,100.0,588.94140625,,0
1782299382.237912,7743.165195,261.0,,100.0,588.94140625,,0
1782299382.337912,7743.265195,260.0,,100.0,588.94140625,,0
1782299382.437912,7743.365195,263.0,,100.0,588.94140625,,0
1782299382.537912,7743.465195,263.0,,100.0,588.94140625,,0
1782299382.637912,7743.565195,262.0,,100.0,588.94140625,,0
1782299382.737912,7743.665195,261.0,,100.0,588.94140625,,0
1782299382.837912,7743.765195,262.0,,100.0,588.94140625,,0
1782299382.937912,7743.865195,262.0,,100.0,588.94140625,,0
1782299383.037912,7743.965195,262.0,,100.0,588.94140625,,0
1782299383.137912,7744.065195,261.0,,100.0,588.94140625,,0
1782299383.237912,7744.165195,262.0,,100.0,588.94140625,,0
1782299383.337912,7744.265195,263.0,,100.0,588.94140625,,0
1782299383.437912,7744.365195,262.0,,100.0,588.94140625,,0
1782299383.537912,7744.465195,263.0,,100.0,588.94140625,,0
1782299383.637912,7744.565195,263.0,,100.0,588.94140625,,0
1782299383.737912,7744.665195,262.0,,100.0,588.94140625,,0
1782299383.837912,7744.765195,262.0,,100.0,588.94140625,,0
1782299383.937912,7744.865195,261.0,,100.0,588.94140625,,0
1782299384.037912,7744.965195,263.0,,100.0,588.94140625,,0
1782299384.137912,7745.065195,263.0,,100.0,588.94140625,,0
1782299384.237912,7745.165195,263.0,,100.0,588.94140625,,0
1782299384.337912,7745.265195,262.0,,100.0,588.94140625,,0
1782299384.437923,7745.365206,273.0,,100.0,588.94140625,,0
1782299384.537912,7745.465195,272.0,,100.0,588.94140625,,0
1782299384.637912,7745.565195,263.0,,100.0,588.94140625,,0
1782299384.737912,7745.665195,263.0,,100.0,588.94140625,,0
1782299384.837912,7745.765195,264.0,,100.0,588.94140625,,0
1782299384.937912,7745.865195,264.0,,100.0,588.94140625,,0
1782299385.037912,7745.965195,262.0,,100.0,588.94140625,,0
1782299385.137912,7746.065195,263.0,,100.0,588.94140625,,0
1782299385.237912,7746.165195,263.0,,100.0,588.94140625,,0
1782299385.337912,7746.265195,262.0,,100.0,588.94140625,,0
1782299385.437912,7746.365195,262.0,,100.0,588.94140625,,0
1782299385.537912,7746.465195,265.0,,100.0,588.94140625,,0
1782299385.637912,7746.565195,265.0,,100.0,588.94140625,,0
1782299385.737912,7746.665195,264.0,,100.0,588.94140625,,0
1782299385.837912,7746.765195,263.0,,100.0,588.94140625,,0
1782299385.937912,7746.865195,263.0,,100.0,588.94140625,,0
1782299386.037912,7746.965195,262.0,,100.0,588.94140625,,0
1782299386.137912,7747.065195,263.0,,100.0,588.94140625,,0
1782299386.237912,7747.165195,263.0,,100.0,588.94140625,,0
1782299386.337912,7747.265195,263.0,,100.0,588.94140625,,0
1782299386.437912,7747.365195,264.0,,100.0,588.94140625,,0
1782299386.537912,7747.465195,264.0,,100.0,588.94140625,,0
1782299386.637912,7747.565195,264.0,,100.0,588.94140625,,0
1782299386.737912,7747.665195,263.0,,100.0,588.94140625,,0
1782299386.837912,7747.765195,263.0,,100.0,588.94140625,,0
1782299386.937912,7747.865195,263.0,,100.0,588.94140625,,0
1782299387.037912,7747.965195,263.0,,100.0,588.94140625,,0
1782299387.137912,7748.065195,265.0,,100.0,588.94140625,,0
1782299387.237924,7748.165208,265.0,,100.0,588.94140625,,0
1782299387.337912,7748.265196,265.0,,100.0,588.94140625,,0
1782299387.437912,7748.365195,262.0,,100.0,588.94140625,,0
1782299387.537912,7748.465195,264.0,,100.0,588.94140625,,0
1782299387.637912,7748.565195,264.0,,100.0,588.94140625,,0
1782299387.737912,7748.665195,264.0,,100.0,588.94140625,,0
1782299387.837912,7748.765195,263.0,,100.0,588.94140625,,0
1782299387.937912,7748.865195,265.0,,100.0,588.94140625,,0
1782299388.037912,7748.965195,265.0,,100.0,588.94140625,,0
1782299388.137912,7749.065195,264.0,,100.0,588.94140625,,0
1782299388.237912,7749.165195,264.0,,100.0,588.94140625,,0
1782299388.337912,7749.265195,265.0,,100.0,588.94140625,,0
1782299388.437912,7749.365195,265.0,,100.0,588.94140625,,0
1782299388.537912,7749.465195,265.0,,100.0,588.94140625,,0
1782299388.637912,7749.565195,263.0,,100.0,588.94140625,,0
1782299388.737912,7749.665195,264.0,,100.0,588.94140625,,0
1782299388.837912,7749.765195,265.0,,100.0,588.94140625,,0
1782299388.937912,7749.865195,266.0,,100.0,588.94140625,,0
1782299389.037912,7749.965195,265.0,,100.0,588.94140625,,0
1782299389.137912,7750.065195,265.0,,100.0,588.94140625,,0
1782299389.237912,7750.165195,264.0,,100.0,588.94140625,,0
1782299389.337912,7750.265195,264.0,,100.0,588.94140625,,0
1782299389.437912,7750.365195,262.0,,100.0,588.94140625,,0
1782299389.537912,7750.465195,265.0,,100.0,588.94140625,,0
1782299389.637912,7750.565195,265.0,,100.0,588.94140625,,0
1782299389.737912,7750.665195,265.0,,100.0,588.94140625,,0
1782299389.837913,7750.765196,266.0,,100.0,588.94140625,,0
1782299389.937912,7750.865195,266.0,,100.0,588.94140625,,0
1782299390.037912,7750.965196,265.0,,100.0,588.94140625,,0
1782299390.137912,7751.065195,264.0,,100.0,588.94140625,,0
1782299390.237913,7751.165196,264.0,,100.0,588.94140625,,0
1782299390.337917,7751.265200,265.0,,100.0,588.94140625,,0
1782299390.437917,7751.365200,265.0,,100.0,588.94140625,,0
1782299390.537917,7751.465200,265.0,,100.0,588.94140625,,0
1782299390.637917,7751.565200,264.0,,100.0,588.94140625,,0
1782299390.737917,7751.665200,267.0,,100.0,588.94140625,,0
1782299390.837917,7751.765200,229.0,,99.0,588.94140625,,0
1782299390.937917,7751.865200,266.0,,100.0,588.94140625,,0
1782299391.037917,7751.965200,264.0,,100.0,588.94140625,,0
1782299391.137917,7752.065200,230.0,,99.0,588.94140625,,0
1782299391.237916,7752.165200,266.0,,100.0,588.94140625,,0
1782299391.337916,7752.265200,265.0,,100.0,588.94140625,,0
1782299391.437917,7752.365200,246.0,,100.0,588.94140625,,0
1782299391.537916,7752.465200,241.0,,100.0,588.94140625,,0
1782299391.637913,7752.565197,265.0,,100.0,588.94140625,,0
1782299391.737916,7752.665199,264.0,,100.0,588.94140625,,0
1782299391.837916,7752.765200,265.0,,100.0,588.94140625,,0
1782299391.937915,7752.865199,265.0,,100.0,588.94140625,,0
1782299392.037913,7752.965196,264.0,,100.0,588.94140625,,0
1782299392.137913,7753.065196,260.0,,99.0,588.94140625,,0
1782299392.237912,7753.165196,276.0,,100.0,588.94140625,,0
1782299392.337913,7753.265196,264.0,,100.0,588.94140625,,0
1782299392.437912,7753.365196,275.0,,100.0,588.94140625,,0
1782299392.537912,7753.465195,274.0,,99.0,588.94140625,,0
1782299392.637912,7753.565195,273.0,,100.0,588.94140625,,0
1782299392.737912,7753.665195,276.0,,100.0,588.94140625,,0
1782299392.837912,7753.765195,269.0,,99.0,588.94140625,,0
1782299392.937912,7753.865196,271.0,,100.0,588.94140625,,0
1782299393.037912,7753.965195,255.0,,99.0,588.94140625,,0
1782299393.137916,7754.065199,273.0,,99.0,588.94140625,,0
1782299393.237917,7754.165200,263.0,,100.0,588.94140625,,0
1782299393.337916,7754.265200,263.0,,100.0,588.94140625,,0
1782299393.437916,7754.365199,273.0,,99.0,588.94140625,,0
1782299393.537913,7754.465196,271.0,,100.0,588.94140625,,0
1782299393.637913,7754.565196,265.0,,100.0,588.94140625,,0
1782299393.737912,7754.665195,264.0,,100.0,588.94140625,,0
1782299393.837912,7754.765195,262.0,,100.0,588.94140625,,0
1782299393.937912,7754.865195,264.0,,100.0,588.94140625,,0
1782299394.037912,7754.965196,264.0,,100.0,588.94140625,,0
1782299394.137912,7755.065195,263.0,,100.0,588.94140625,,0
1782299394.237912,7755.165195,267.0,,100.0,588.94140625,,0
1782299394.337912,7755.265195,265.0,,100.0,588.94140625,,0
1782299394.437912,7755.365196,265.0,,100.0,588.94140625,,0
1782299394.537916,7755.465199,263.0,,100.0,588.94140625,,0
1782299394.637916,7755.565200,254.0,,100.0,588.94140625,,0
1782299394.737916,7755.665200,270.0,,100.0,588.94140625,,0
1782299394.837916,7755.765200,273.0,,100.0,588.94140625,,0
1782299394.937917,7755.865200,264.0,,100.0,588.94140625,,0
1782299395.037916,7755.965200,263.0,,100.0,588.94140625,,0
1782299395.137916,7756.065200,264.0,,100.0,588.94140625,,0
1782299395.237916,7756.165199,265.0,,100.0,588.94140625,,0
1782299395.337913,7756.265196,263.0,,100.0,588.94140625,,0
1782299395.437912,7756.365196,265.0,,100.0,588.94140625,,0
1782299395.537912,7756.465195,265.0,,100.0,588.94140625,,0
1782299395.637912,7756.565195,265.0,,100.0,588.94140625,,0
1782299395.737912,7756.665195,263.0,,100.0,588.94140625,,0
1782299395.837912,7756.765195,265.0,,100.0,588.94140625,,0
1782299395.937912,7756.865195,263.0,,100.0,588.94140625,,0
1782299396.037912,7756.965195,264.0,,100.0,588.94140625,,0
1782299396.137912,7757.065195,265.0,,100.0,588.94140625,,0
1782299396.237912,7757.165195,264.0,,100.0,588.94140625,,0
1782299396.337912,7757.265195,264.0,,100.0,588.94140625,,0
1782299396.437912,7757.365195,263.0,,100.0,588.94140625,,0
1782299396.537912,7757.465195,241.0,,100.0,588.94140625,,0
1782299396.637912,7757.565195,265.0,,100.0,588.94140625,,0
1782299396.737912,7757.665195,265.0,,100.0,588.94140625,,0
1782299396.837912,7757.765195,265.0,,100.0,588.94140625,,0
1782299396.937912,7757.865195,264.0,,100.0,588.94140625,,0
1782299397.037925,7757.965209,265.0,,100.0,588.94140625,,0
1782299397.137916,7758.065200,265.0,,100.0,588.94140625,,0
1782299397.237917,7758.165200,265.0,,100.0,588.94140625,,0
1782299397.337916,7758.265199,263.0,,100.0,588.94140625,,0
1782299397.437913,7758.365196,264.0,,100.0,588.94140625,,0
1782299397.537913,7758.465196,264.0,,100.0,588.94140625,,0
1782299397.637912,7758.565195,264.0,,100.0,588.94140625,,0
1782299397.737912,7758.665196,250.0,,99.0,588.94140625,,0
1782299397.837912,7758.765196,265.0,,100.0,588.94140625,,0
1782299397.937912,7758.865195,249.0,,100.0,588.94140625,,0
1782299398.037912,7758.965195,229.0,,100.0,588.94140625,,0
1782299398.137912,7759.065195,265.0,,100.0,588.94140625,,0
1782299398.237912,7759.165195,265.0,,100.0,588.94140625,,0
1782299398.337913,7759.265196,264.0,,100.0,588.94140625,,0
1782299398.437917,7759.365200,265.0,,100.0,588.94140625,,0
1782299398.537917,7759.465200,262.0,,100.0,588.94140625,,0
1782299398.637917,7759.565200,263.0,,100.0,588.94140625,,0
1782299398.737916,7759.665200,265.0,,100.0,588.94140625,,0
1782299398.837917,7759.765200,264.0,,100.0,588.94140625,,0
1782299398.937917,7759.865200,263.0,,100.0,588.94140625,,0
1782299399.037917,7759.965200,265.0,,100.0,588.94140625,,0
1782299399.137917,7760.065200,265.0,,100.0,588.94140625,,0
1782299399.237917,7760.165200,263.0,,100.0,588.94140625,,0
1782299399.337917,7760.265200,264.0,,100.0,588.94140625,,0
1782299399.437917,7760.365200,265.0,,100.0,588.94140625,,0
1782299399.537917,7760.465200,264.0,,100.0,588.94140625,,0
1782299399.637917,7760.565200,263.0,,100.0,588.94140625,,0
1782299399.737916,7760.665200,264.0,,100.0,588.94140625,,0
1782299399.837917,7760.765200,265.0,,100.0,588.94140625,,0
1782299399.937917,7760.865200,265.0,,100.0,588.94140625,,0
1782299400.037916,7760.965199,262.0,,100.0,588.94140625,,0
1782299400.137913,7761.065196,260.0,,100.0,588.94140625,,0
1782299400.237912,7761.165196,260.0,,100.0,588.94140625,,0
1782299400.337912,7761.265195,261.0,,100.0,588.94140625,,0
1782299400.437912,7761.365195,261.0,,100.0,588.94140625,,0
1782299400.537912,7761.465195,261.0,,100.0,588.94140625,,0
1782299400.637912,7761.565195,260.0,,100.0,588.94140625,,0
1782299400.737912,7761.665195,261.0,,100.0,588.94140625,,0
1782299400.837912,7761.765195,261.0,,100.0,588.94140625,,0
1782299400.937912,7761.865195,261.0,,100.0,588.94140625,,0
1782299401.037912,7761.965195,261.0,,100.0,588.94140625,,0
1782299401.137912,7762.065195,265.0,,100.0,588.94140625,,0
1782299401.237912,7762.165195,263.0,,100.0,588.94140625,,0
1782299401.337912,7762.265195,264.0,,100.0,588.94140625,,0
1782299401.437912,7762.365195,265.0,,100.0,588.94140625,,0
1782299401.537912,7762.465195,264.0,,100.0,588.94140625,,0
1782299401.637913,7762.565196,263.0,,100.0,588.94140625,,0
1782299401.737912,7762.665195,265.0,,100.0,588.94140625,,0
1782299401.837912,7762.765195,265.0,,100.0,588.94140625,,0
1782299401.937912,7762.865195,265.0,,100.0,588.94140625,,0
1782299402.037912,7762.965195,264.0,,100.0,588.94140625,,0
1782299402.137912,7763.065195,263.0,,100.0,588.94140625,,0
1782299402.237912,7763.165195,265.0,,100.0,588.94140625,,0
1782299402.337912,7763.265195,263.0,,100.0,588.94140625,,0
1782299402.437912,7763.365195,265.0,,100.0,588.94140625,,0
1782299402.537912,7763.465195,265.0,,100.0,588.94140625,,0
1782299402.637912,7763.565195,265.0,,100.0,588.94140625,,0
1782299402.737912,7763.665195,265.0,,100.0,588.94140625,,0
1782299402.837912,7763.765195,263.0,,100.0,588.94140625,,0
1782299402.937912,7763.865195,265.0,,100.0,588.94140625,,0
1782299403.037912,7763.965195,264.0,,100.0,588.94140625,,0
1782299403.137912,7764.065195,265.0,,100.0,588.94140625,,0
1782299403.237912,7764.165195,263.0,,100.0,588.94140625,,0
1782299403.337912,7764.265195,265.0,,100.0,588.94140625,,0
1782299403.437912,7764.365195,264.0,,100.0,588.94140625,,0
1782299403.537915,7764.465198,265.0,,100.0,588.94140625,,0
1782299403.637913,7764.565196,263.0,,100.0,588.94140625,,0
1782299403.737912,7764.665196,265.0,,100.0,588.94140625,,0
1782299403.837912,7764.765196,265.0,,100.0,588.94140625,,0
1782299403.937912,7764.865195,264.0,,100.0,588.94140625,,0
1782299404.037912,7764.965195,264.0,,100.0,588.94140625,,0
1782299404.137912,7765.065195,265.0,,100.0,588.94140625,,0
1782299404.237912,7765.165195,266.0,,100.0,588.94140625,,0
1782299404.337912,7765.265195,265.0,,100.0,588.94140625,,0
1782299404.437912,7765.365195,265.0,,100.0,588.94140625,,0
1782299404.537912,7765.465195,266.0,,100.0,588.94140625,,0
1782299404.637912,7765.565195,265.0,,100.0,588.94140625,,0
1782299404.737912,7765.665195,263.0,,100.0,588.94140625,,0
1782299404.837912,7765.765195,263.0,,100.0,588.94140625,,0
1782299404.937912,7765.865195,264.0,,100.0,588.94140625,,0
1782299405.037912,7765.965195,265.0,,100.0,588.94140625,,0
1782299405.137912,7766.065195,267.0,,100.0,588.94140625,,0
1782299405.237913,7766.165196,266.0,,100.0,588.94140625,,0
1782299405.337916,7766.265199,266.0,,100.0,588.94140625,,0
1782299405.437917,7766.365200,265.0,,100.0,588.94140625,,0
1782299405.537916,7766.465200,264.0,,100.0,588.94140625,,0
1782299405.637917,7766.565201,263.0,,100.0,588.94140625,,0
1782299405.737917,7766.665200,265.0,,100.0,588.94140625,,0
1782299405.837916,7766.765200,266.0,,100.0,588.94140625,,0
1782299405.937912,7766.865196,266.0,,100.0,588.94140625,,0
1782299406.037912,7766.965195,265.0,,100.0,588.94140625,,0
1782299406.137912,7767.065195,266.0,,100.0,588.94140625,,0
1782299406.237913,7767.165196,265.0,,100.0,588.94140625,,0
1782299406.337913,7767.265196,265.0,,100.0,588.94140625,,0
1782299406.437917,7767.365200,264.0,,100.0,588.94140625,,0
1782299406.537916,7767.465200,265.0,,100.0,588.94140625,,0
1782299406.637917,7767.565200,265.0,,100.0,588.94140625,,0
1782299406.737916,7767.665200,264.0,,100.0,588.94140625,,0
1782299406.837917,7767.765200,266.0,,100.0,588.94140625,,0
1782299406.937917,7767.865200,266.0,,100.0,588.94140625,,0
1782299407.037916,7767.965200,265.0,,100.0,588.94140625,,0
1782299407.137916,7768.065200,265.0,,100.0,588.94140625,,0
1782299407.237916,7768.165199,265.0,,100.0,588.94140625,,0
1782299407.337913,7768.265196,265.0,,100.0,588.94140625,,0
1782299407.437913,7768.365196,266.0,,100.0,588.94140625,,0
1782299407.537916,7768.465200,265.0,,100.0,588.94140625,,0
1782299407.637916,7768.565200,264.0,,100.0,588.94140625,,0
1782299407.737913,7768.665196,266.0,,100.0,588.94140625,,0
1782299407.837913,7768.765196,267.0,,100.0,588.94140625,,0
1782299407.937926,7768.865210,242.0,,90.0,588.94140625,,0
1782299408.037916,7768.965199,22.0,,3.0,588.94140625,,0
1782299408.138003,7769.065286,22.0,,3.0,588.94140625,,0
1782299408.237915,7769.165198,22.0,,3.0,588.94140625,,0
1782299408.338003,7769.265286,21.0,,3.0,588.94140625,,0
1782299408.438006,7769.365289,24.0,,3.0,588.94140625,,0
1782299408.538007,7769.465290,22.0,,3.0,588.94140625,,0
1782299408.638002,7769.565285,22.0,,3.0,588.94140625,,0
1782299408.738002,7769.665287,22.0,,1.0,588.94140625,,0
1782299408.838009,7769.765293,22.0,,3.0,588.94140625,,0
1782299408.938002,7769.865285,23.0,,5.0,588.94140625,,0
1782299409.038004,7769.965287,24.0,,3.0,588.94140625,,0
1782299409.138007,7770.065292,22.0,,3.0,588.94140625,,0
1782299409.238003,7770.165288,22.0,,2.0,588.94140625,,0
1782299409.338006,7770.265289,22.0,,3.0,588.94140625,,0
1782299409.438002,7770.365285,22.0,,3.0,588.94140625,,0
1782299409.538002,7770.465285,22.0,,3.0,588.94140625,,0
1782299409.638009,7770.565292,23.0,,4.0,588.94140625,,0
1782299409.738001,7770.665284,22.0,,3.0,588.94140625,,0
1782299409.837915,7770.765198,22.0,,3.0,588.94140625,,0
1782299409.938003,7770.865288,21.0,,3.0,588.94140625,,0
1782299410.038007,7770.965292,21.0,,3.0,588.94140625,,0
1782299410.138003,7771.065287,20.0,,3.0,588.94140625,,0
1782299410.238004,7771.165288,22.0,,1.0,588.94140625,,0
1782299410.338010,7771.265293,23.0,,3.0,588.94140625,,0
1782299410.438003,7771.365286,25.0,,3.0,588.94140625,,0
1782299410.538002,7771.465285,22.0,,3.0,588.94140625,,0
1782299410.638000,7771.565284,21.0,,3.0,588.94140625,,0
1782299410.738002,7771.665286,21.0,,3.0,588.94140625,,0
1782299410.838008,7771.765292,21.0,,3.0,588.94140625,,0
1782299410.938001,7771.865285,22.0,,3.0,588.94140625,,0
1782299411.038003,7771.965286,24.0,,2.0,588.94140625,,0
1782299411.138004,7772.065287,25.0,,3.0,588.94140625,,0
1782299411.238001,7772.165284,21.0,,3.0,588.94140625,,0
1782299411.338009,7772.265292,21.0,,3.0,588.94140625,,0
1782299411.438002,7772.365285,20.0,,3.0,588.94140625,,0
1782299411.538003,7772.465286,20.0,,3.0,588.94140625,,0
1782299411.638001,7772.565284,20.0,,3.0,588.94140625,,0
1782299411.738004,7772.665287,21.0,,3.0,588.94140625,,0
1782299411.838010,7772.765295,21.0,,3.0,588.94140625,,0
1782299411.938007,7772.865292,21.0,,3.0,588.94140625,,0
1782299412.038004,7772.965289,20.0,,3.0,588.94140625,,0
1782299412.138005,7773.065289,23.0,,3.0,588.94140625,,0
1782299412.238007,7773.165290,23.0,,3.0,588.94140625,,0
1782299412.338009,7773.265293,22.0,,3.0,588.94140625,,0
1782299412.438002,7773.365285,24.0,,2.0,588.94140625,,0
1782299412.538003,7773.465287,25.0,,5.0,588.94140625,,0
1782299412.638006,7773.565290,23.0,,3.0,588.94140625,,0
1782299412.738005,7773.665289,24.0,,3.0,588.94140625,,0
1782299412.838005,7773.765290,21.0,,3.0,588.94140625,,0
1782299412.937997,7773.865281,155.0,,99.0,588.94140625,,0
1782299413.038003,7773.965287,174.0,,100.0,588.94140625,,0
1782299413.138001,7774.065285,211.0,,100.0,588.94140625,,0
1782299413.238001,7774.165286,231.0,,100.0,588.94140625,,0
1782299413.338010,7774.265293,231.0,,100.0,588.94140625,,0
1782299413.438000,7774.365286,247.0,,99.0,588.94140625,,0
1782299413.538003,7774.465288,241.0,,100.0,588.94140625,,0
1782299413.638007,7774.565292,248.0,,100.0,588.94140625,,0
1782299413.738003,7774.665287,240.0,,100.0,588.94140625,,0
1782299413.838004,7774.765288,244.0,,100.0,588.94140625,,0
1782299413.938008,7774.865293,249.0,,100.0,588.94140625,,0
1782299414.038006,7774.965289,265.0,,100.0,588.94140625,,0
1782299414.138002,7775.065287,256.0,,100.0,588.94140625,,0
1782299414.238000,7775.165284,258.0,,100.0,588.94140625,,0
1782299414.338001,7775.265285,259.0,,100.0,588.94140625,,0
1782299414.438008,7775.365291,259.0,,100.0,588.94140625,,0
1782299414.538006,7775.465290,261.0,,100.0,588.94140625,,0
1782299414.638006,7775.565290,262.0,,100.0,588.94140625,,0
1782299414.738000,7775.665284,261.0,,100.0,588.94140625,,0
1782299414.838004,7775.765289,261.0,,100.0,588.94140625,,0
1782299414.938004,7775.865290,260.0,,100.0,588.94140625,,0
1782299415.038004,7775.965289,260.0,,100.0,588.94140625,,0
1782299415.138005,7776.065289,261.0,,100.0,588.94140625,,0
1782299415.238008,7776.165291,261.0,,100.0,588.94140625,,0
1782299415.338004,7776.265288,260.0,,100.0,588.94140625,,0
1782299415.438001,7776.365285,260.0,,100.0,588.94140625,,0
1782299415.537999,7776.465284,261.0,,100.0,588.94140625,,0
1782299415.638012,7776.565296,262.0,,100.0,588.94140625,,0
1782299415.738008,7776.665293,262.0,,100.0,588.94140625,,0
1782299415.837995,7776.765279,262.0,,100.0,588.94140625,,0
1782299415.938007,7776.865291,261.0,,100.0,588.94140625,,0
1782299416.038009,7776.965294,263.0,,100.0,588.94140625,,0
1782299416.137995,7777.065279,262.0,,100.0,588.94140625,,0
1782299416.238001,7777.165285,261.0,,100.0,588.94140625,,0
1782299416.338005,7777.265290,262.0,,100.0,588.94140625,,0
1782299416.437998,7777.365282,262.0,,100.0,588.94140625,,0
1782299416.538007,7777.465290,245.0,,99.0,588.94140625,,0
1782299416.638022,7777.565305,261.0,,100.0,588.94140625,,0
1782299416.738005,7777.665289,239.0,,99.0,588.94140625,,0
1782299416.838004,7777.765289,251.0,,100.0,588.94140625,,0
1782299416.938007,7777.865291,262.0,,100.0,588.94140625,,0
1782299417.038006,7777.965290,261.0,,100.0,588.94140625,,0
1782299417.138008,7778.065293,261.0,,100.0,588.94140625,,0
1782299417.238008,7778.165293,263.0,,100.0,588.94140625,,0
1782299417.338005,7778.265290,262.0,,100.0,588.94140625,,0
1782299417.438001,7778.365284,242.0,,100.0,588.94140625,,0
1782299417.538003,7778.465288,253.0,,99.0,588.94140625,,0
1782299417.638006,7778.565290,254.0,,99.0,588.94140625,,0
1782299417.738006,7778.665290,242.0,,100.0,588.94140625,,0
1782299417.838011,7778.765295,261.0,,100.0,588.94140625,,0
1782299417.938006,7778.865290,255.0,,100.0,588.94140625,,0
1782299418.038003,7778.965289,246.0,,100.0,588.94140625,,0
1782299418.138007,7779.065292,263.0,,100.0,588.94140625,,0
1782299418.238012,7779.165296,261.0,,100.0,588.94140625,,0
1782299418.338005,7779.265289,263.0,,100.0,588.94140625,,0
1782299418.438002,7779.365286,262.0,,100.0,588.94140625,,0
1782299418.538006,7779.465290,261.0,,100.0,588.94140625,,0
1782299418.638002,7779.565287,261.0,,100.0,588.94140625,,0
1782299418.737997,7779.665282,263.0,,100.0,588.94140625,,0
1782299418.838008,7779.765292,263.0,,100.0,588.94140625,,0
1782299418.938025,7779.865310,261.0,,100.0,588.94140625,,0
1782299419.038006,7779.965291,261.0,,100.0,588.94140625,,0
1782299419.137998,7780.065282,262.0,,100.0,588.94140625,,0
1782299419.238008,7780.165293,261.0,,100.0,588.94140625,,0
1782299419.338005,7780.265289,262.0,,100.0,588.94140625,,0
1782299419.438002,7780.365287,261.0,,100.0,588.94140625,,0
1782299419.538000,7780.465285,262.0,,100.0,588.94140625,,0
1782299419.637997,7780.565282,263.0,,100.0,588.94140625,,0
1782299419.738026,7780.665311,262.0,,100.0,588.94140625,,0
1782299419.838006,7780.765291,260.0,,100.0,588.94140625,,0
1782299419.938002,7780.865287,261.0,,100.0,588.94140625,,0
1782299420.037996,7780.965280,263.0,,100.0,588.94140625,,0
1782299420.138005,7781.065290,262.0,,100.0,588.94140625,,0
1782299420.238009,7781.165293,261.0,,100.0,588.94140625,,0
1782299420.338016,7781.265299,263.0,,100.0,588.94140625,,0
1782299420.438005,7781.365288,262.0,,100.0,588.94140625,,0
1782299420.538006,7781.465291,263.0,,100.0,588.94140625,,0
1782299420.638008,7781.565293,260.0,,100.0,588.94140625,,0
1782299420.738004,7781.665288,262.0,,100.0,588.94140625,,0
1782299420.838009,7781.765294,262.0,,100.0,588.94140625,,0
1782299420.938005,7781.865290,261.0,,100.0,588.94140625,,0
1782299421.038003,7781.965286,263.0,,100.0,588.94140625,,0
1782299421.138000,7782.065285,263.0,,100.0,588.94140625,,0
1782299421.238000,7782.165285,263.0,,100.0,588.94140625,,0
1782299421.338001,7782.265284,262.0,,100.0,588.94140625,,0
1782299421.438004,7782.365289,262.0,,100.0,588.94140625,,0
1782299421.538005,7782.465289,263.0,,100.0,588.94140625,,0
1782299421.638003,7782.565288,263.0,,100.0,588.94140625,,0
1782299421.737999,7782.665284,263.0,,100.0,588.94140625,,0
1782299421.838003,7782.765288,262.0,,100.0,588.94140625,,0
1782299421.938009,7782.865292,263.0,,100.0,588.94140625,,0
1782299422.038006,7782.965290,263.0,,100.0,588.94140625,,0
1782299422.138005,7783.065288,264.0,,100.0,588.94140625,,0
1782299422.238006,7783.165290,262.0,,100.0,588.94140625,,0
1782299422.338006,7783.265289,262.0,,100.0,588.94140625,,0
1782299422.438008,7783.365291,263.0,,100.0,588.94140625,,0
1782299422.538006,7783.465290,262.0,,100.0,588.94140625,,0
1782299422.638005,7783.565290,261.0,,100.0,588.94140625,,0
1782299422.738007,7783.665291,262.0,,100.0,588.94140625,,0
1782299422.838003,7783.765287,262.0,,100.0,588.94140625,,0
1782299422.938004,7783.865288,262.0,,100.0,588.94140625,,0
1782299423.038009,7783.965293,263.0,,100.0,588.94140625,,0
1782299423.138028,7784.065312,264.0,,100.0,588.94140625,,0
1782299423.238006,7784.165291,264.0,,100.0,588.94140625,,0
1782299423.338000,7784.265284,261.0,,100.0,588.94140625,,0
1782299423.438007,7784.365291,262.0,,100.0,588.94140625,,0
1782299423.538003,7784.465288,262.0,,100.0,588.94140625,,0
1782299423.638008,7784.565292,264.0,,100.0,588.94140625,,0
1782299423.738025,7784.665308,264.0,,100.0,588.94140625,,0
1782299423.838005,7784.765288,263.0,,100.0,588.94140625,,0
1782299423.938004,7784.865288,264.0,,100.0,588.94140625,,0
1782299424.038004,7784.965289,264.0,,100.0,588.94140625,,0
1782299424.138002,7785.065288,262.0,,100.0,588.94140625,,0
1782299424.237916,7785.165199,264.0,,100.0,588.94140625,,0
1782299424.338005,7785.265288,264.0,,100.0,588.94140625,,0
1782299424.438004,7785.365289,264.0,,100.0,588.94140625,,0
1782299424.538006,7785.465291,262.0,,100.0,588.94140625,,0
1782299424.638005,7785.565290,264.0,,100.0,588.94140625,,0
1782299424.738004,7785.665289,265.0,,100.0,588.94140625,,0
1782299424.838005,7785.765289,265.0,,100.0,588.94140625,,0
1782299424.938009,7785.865292,263.0,,100.0,588.94140625,,0
1782299425.038007,7785.965292,262.0,,100.0,588.94140625,,0
1782299425.138007,7786.065292,263.0,,100.0,588.94140625,,0
1782299425.238006,7786.165289,264.0,,100.0,588.94140625,,0
1782299425.338007,7786.265291,263.0,,100.0,588.94140625,,0
1782299425.438002,7786.365286,266.0,,100.0,588.94140625,,0
1782299425.538006,7786.465290,266.0,,100.0,588.94140625,,0
1782299425.638001,7786.565286,265.0,,100.0,588.94140625,,0
1782299425.738006,7786.665291,263.0,,100.0,588.94140625,,0
1782299425.838005,7786.765288,263.0,,100.0,588.94140625,,0
1782299425.938006,7786.865291,264.0,,100.0,588.94140625,,0
1782299426.038001,7786.965285,265.0,,100.0,588.94140625,,0
1782299426.138004,7787.065287,262.0,,100.0,588.94140625,,0
1782299426.238000,7787.165285,264.0,,100.0,588.94140625,,0
1782299426.338006,7787.265291,265.0,,100.0,588.94140625,,0
1782299426.438002,7787.365287,265.0,,100.0,588.94140625,,0
1782299426.538007,7787.465291,263.0,,100.0,588.94140625,,0
1782299426.638023,7787.565307,264.0,,100.0,588.94140625,,0
1782299426.738003,7787.665286,265.0,,100.0,588.94140625,,0
1782299426.838001,7787.765286,264.0,,100.0,588.94140625,,0
1782299426.938018,7787.865302,262.0,,100.0,588.94140625,,0
1782299427.038006,7787.965290,263.0,,100.0,588.94140625,,0
1782299427.138023,7788.065306,264.0,,100.0,588.94140625,,0
1782299427.238005,7788.165290,265.0,,100.0,588.94140625,,0
1782299427.338002,7788.265286,265.0,,100.0,588.94140625,,0
1782299427.438009,7788.365294,265.0,,100.0,588.94140625,,0
1782299427.538006,7788.465290,265.0,,100.0,588.94140625,,0
1782299427.638009,7788.565293,264.0,,100.0,588.94140625,,0
1782299427.738006,7788.665291,263.0,,100.0,588.94140625,,0
1782299427.838002,7788.765285,263.0,,100.0,588.94140625,,0
1782299427.938004,7788.865287,265.0,,100.0,588.94140625,,0
1782299428.038007,7788.965292,264.0,,100.0,588.94140625,,0
1782299428.138005,7789.065290,264.0,,100.0,588.94140625,,0
1782299428.237917,7789.165200,271.0,,100.0,588.94140625,,0
1782299428.338009,7789.265292,265.0,,100.0,588.94140625,,0
1782299428.437999,7789.365284,265.0,,100.0,588.94140625,,0
1782299428.538004,7789.465287,264.0,,100.0,588.94140625,,0
1782299428.638007,7789.565292,264.0,,100.0,588.94140625,,0
1782299428.737997,7789.665281,265.0,,100.0,588.94140625,,0
1782299428.838008,7789.765292,263.0,,100.0,588.94140625,,0
1782299428.938002,7789.865286,265.0,,100.0,588.94140625,,0
1782299429.038005,7789.965288,265.0,,100.0,588.94140625,,0
1782299429.138005,7790.065290,265.0,,100.0,588.94140625,,0
1782299429.238005,7790.165288,264.0,,100.0,588.94140625,,0
1782299429.338000,7790.265284,269.0,,99.0,588.94140625,,0
1782299429.438005,7790.365290,265.0,,100.0,588.94140625,,0
1782299429.537995,7790.465280,273.0,,100.0,588.94140625,,0
1782299429.638022,7790.565305,264.0,,100.0,588.94140625,,0
1782299429.738001,7790.665286,273.0,,99.0,588.94140625,,0
1782299429.838000,7790.765285,269.0,,100.0,588.94140625,,0
1782299429.937999,7790.865283,251.0,,100.0,588.94140625,,0
1782299430.038001,7790.965285,269.0,,99.0,588.94140625,,0
1782299430.138003,7791.065286,265.0,,99.0,588.94140625,,0
1782299430.237999,7791.165284,275.0,,100.0,588.94140625,,0
1782299430.338008,7791.265293,265.0,,99.0,588.94140625,,0
1782299430.438001,7791.365285,264.0,,100.0,588.94140625,,0
1782299430.538001,7791.465286,228.0,,100.0,588.94140625,,0
1782299430.638000,7791.565284,256.0,,99.0,588.94140625,,0
1782299430.738002,7791.665285,237.0,,99.0,588.94140625,,0
1782299430.837998,7791.765282,257.0,,100.0,588.94140625,,0
1782299430.937915,7791.865198,265.0,,100.0,588.94140625,,0
1782299431.038003,7791.965288,273.0,,100.0,588.94140625,,0
1782299431.137999,7792.065283,265.0,,100.0,588.94140625,,0
1782299431.238007,7792.165290,264.0,,100.0,588.94140625,,0
1782299431.338000,7792.265284,265.0,,100.0,588.94140625,,0
1782299431.438001,7792.365285,266.0,,100.0,588.94140625,,0
1782299431.538004,7792.465287,266.0,,100.0,588.94140625,,0
1782299431.637999,7792.565283,265.0,,100.0,588.94140625,,0
1782299431.737999,7792.665284,265.0,,100.0,588.94140625,,0
1782299431.838004,7792.765289,266.0,,100.0,588.94140625,,0
1782299431.938001,7792.865285,266.0,,100.0,588.94140625,,0
1782299432.038000,7792.965283,266.0,,100.0,588.94140625,,0
1782299432.138003,7793.065288,264.0,,100.0,588.94140625,,0
1782299432.237918,7793.165202,266.0,,100.0,588.94140625,,0
1782299432.338001,7793.265286,265.0,,100.0,588.94140625,,0
1782299432.437999,7793.365283,264.0,,100.0,588.94140625,,0
1782299432.538002,7793.465286,266.0,,100.0,588.94140625,,0
1782299432.638000,7793.565283,265.0,,100.0,588.94140625,,0
1782299432.738003,7793.665286,265.0,,100.0,588.94140625,,0
1782299432.838005,7793.765288,264.0,,100.0,588.94140625,,0
1782299432.938001,7793.865284,273.0,,100.0,588.94140625,,0
1782299433.038000,7793.965284,276.0,,99.0,588.94140625,,0
1782299433.138006,7794.065291,266.0,,100.0,588.94140625,,0
1782299433.238005,7794.165290,266.0,,100.0,588.94140625,,0
1782299433.338003,7794.265287,272.0,,100.0,588.94140625,,0
1782299433.437999,7794.365284,273.0,,99.0,588.94140625,,0
1782299433.538001,7794.465285,268.0,,100.0,588.94140625,,0
1782299433.637915,7794.565198,261.0,,100.0,588.94140625,,0
1782299433.738006,7794.665291,266.0,,100.0,588.94140625,,0
1782299433.838006,7794.765290,266.0,,100.0,588.94140625,,0
1782299433.938002,7794.865287,266.0,,100.0,588.94140625,,0
1782299434.038001,7794.965284,264.0,,100.0,588.94140625,,0
1782299434.137998,7795.065281,264.0,,100.0,588.94140625,,0
1782299434.238002,7795.165287,265.0,,100.0,588.94140625,,0
1782299434.338007,7795.265292,266.0,,100.0,588.94140625,,0
1782299434.438002,7795.365285,266.0,,100.0,588.94140625,,0
1782299434.538003,7795.465287,264.0,,100.0,588.94140625,,0
1782299434.638008,7795.565293,266.0,,100.0,588.94140625,,0
1782299434.738007,7795.665292,267.0,,100.0,588.94140625,,0
1782299434.838003,7795.765287,265.0,,100.0,588.94140625,,0
1782299434.938004,7795.865288,266.0,,100.0,588.94140625,,0
1782299435.038004,7795.965288,265.0,,100.0,588.94140625,,0
1782299435.138002,7796.065287,264.0,,100.0,588.94140625,,0
1782299435.238005,7796.165290,267.0,,100.0,588.94140625,,0
1782299435.338005,7796.265290,267.0,,100.0,588.94140625,,0
1782299435.437999,7796.365284,266.0,,100.0,588.94140625,,0
1782299435.538002,7796.465287,265.0,,100.0,588.94140625,,0
1782299435.638003,7796.565286,265.0,,100.0,588.94140625,,0
1782299435.738005,7796.665290,251.0,,99.0,588.94140625,,0
1782299435.838006,7796.765290,266.0,,100.0,588.94140625,,0
1782299435.938000,7796.865285,231.0,,100.0,588.94140625,,0
1782299436.038009,7796.965294,265.0,,100.0,588.94140625,,0
1782299436.138005,7797.065288,267.0,,100.0,588.94140625,,0
1782299436.238007,7797.165291,267.0,,100.0,588.94140625,,0
1782299436.337991,7797.265274,267.0,,100.0,588.94140625,,0
1782299436.438001,7797.365284,265.0,,100.0,588.94140625,,0
1782299436.537998,7797.465283,266.0,,100.0,588.94140625,,0
1782299436.638002,7797.565287,267.0,,100.0,588.94140625,,0
1782299436.738008,7797.665291,265.0,,100.0,588.94140625,,0
1782299436.838005,7797.765289,234.0,,99.0,588.94140625,,0
1782299436.937999,7797.865283,267.0,,100.0,588.94140625,,0
1782299437.038000,7797.965284,253.0,,100.0,588.94140625,,0
1782299437.137997,7798.065281,267.0,,100.0,588.94140625,,0
1782299437.238001,7798.165286,265.0,,100.0,588.94140625,,0
1782299437.338003,7798.265287,267.0,,100.0,588.94140625,,0
1782299437.437999,7798.365283,267.0,,100.0,588.94140625,,0
1782299437.538004,7798.465288,265.0,,100.0,588.94140625,,0
1782299437.638001,7798.565285,265.0,,100.0,588.94140625,,0
1782299437.738003,7798.665288,266.0,,100.0,588.94140625,,0
1782299437.838002,7798.765285,267.0,,100.0,588.94140625,,0
1782299437.938001,7798.865285,266.0,,100.0,588.94140625,,0
1782299438.037999,7798.965284,267.0,,100.0,588.94140625,,0
1782299438.138006,7799.065290,267.0,,100.0,588.94140625,,0
1782299438.238000,7799.165285,266.0,,100.0,588.94140625,,0
1782299438.338000,7799.265283,266.0,,100.0,588.94140625,,0
1782299438.438007,7799.365291,265.0,,100.0,588.94140625,,0
1782299438.537997,7799.465281,266.0,,100.0,588.94140625,,0
1782299438.638002,7799.565287,266.0,,100.0,588.94140625,,0
1782299438.738002,7799.665285,265.0,,100.0,588.94140625,,0
1782299438.838003,7799.765288,266.0,,100.0,588.94140625,,0
1782299438.938003,7799.865288,267.0,,100.0,588.94140625,,0
1782299439.038003,7799.965287,266.0,,100.0,588.94140625,,0
1782299439.138008,7800.065293,265.0,,100.0,588.94140625,,0
1782299439.237998,7800.165283,264.0,,100.0,588.94140625,,0
1782299439.338000,7800.265283,266.0,,100.0,588.94140625,,0
1782299439.437998,7800.365281,267.0,,100.0,588.94140625,,0
1782299439.538006,7800.465289,266.0,,100.0,588.94140625,,0
1782299439.638000,7800.565283,265.0,,100.0,588.94140625,,0
1782299439.738005,7800.665289,267.0,,100.0,588.94140625,,0
1782299439.838000,7800.765284,266.0,,100.0,588.94140625,,0
1782299439.938004,7800.865287,265.0,,100.0,588.94140625,,0
1782299440.038003,7800.965286,266.0,,100.0,588.94140625,,0
1782299440.138003,7801.065288,267.0,,100.0,588.94140625,,0
1782299440.237919,7801.165202,266.0,,100.0,588.94140625,,0
1782299440.338002,7801.265287,266.0,,100.0,588.94140625,,0
1782299440.438005,7801.365289,265.0,,100.0,588.94140625,,0
1782299440.538001,7801.465285,266.0,,100.0,588.94140625,,0
1782299440.638003,7801.565287,266.0,,100.0,588.94140625,,0
1782299440.738001,7801.665286,266.0,,100.0,588.94140625,,0
1782299440.838004,7801.765288,266.0,,100.0,588.94140625,,0
1782299440.938000,7801.865284,267.0,,100.0,588.94140625,,0
1782299441.038006,7801.965289,267.0,,100.0,588.94140625,,0
1782299441.138001,7802.065285,266.0,,100.0,588.94140625,,0
1782299441.238003,7802.165287,266.0,,100.0,588.94140625,,0
1782299441.338009,7802.265294,266.0,,100.0,588.94140625,,0
1782299441.438002,7802.365286,265.0,,100.0,588.94140625,,0
1782299441.537995,7802.465280,265.0,,100.0,588.94140625,,0
1782299441.638004,7802.565287,266.0,,100.0,588.94140625,,0
1782299441.738002,7802.665286,266.0,,100.0,588.94140625,,0
1782299441.837915,7802.765199,266.0,,100.0,588.94140625,,0
1782299441.938000,7802.865285,266.0,,100.0,588.94140625,,0
1782299442.038002,7802.965285,266.0,,100.0,588.94140625,,0
1782299442.137999,7803.065283,266.0,,100.0,588.94140625,,0
1782299442.237994,7803.165279,268.0,,100.0,588.94140625,,0
1782299442.337999,7803.265284,266.0,,100.0,588.94140625,,0
1782299442.438011,7803.365294,265.0,,100.0,588.94140625,,0
1782299442.538002,7803.465287,266.0,,100.0,588.94140625,,0
1782299442.637996,7803.565280,266.0,,100.0,588.94140625,,0
1782299442.738005,7803.665291,267.0,,100.0,588.94140625,,0
1782299442.838002,7803.765287,267.0,,100.0,588.94140625,,0
1782299442.938005,7803.865289,266.0,,100.0,588.94140625,,0
1782299443.038000,7803.965284,265.0,,100.0,588.94140625,,0
1782299443.137999,7804.065284,264.0,,100.0,588.94140625,,0
1782299443.238002,7804.165285,267.0,,100.0,588.94140625,,0
1782299443.338003,7804.265286,267.0,,100.0,588.94140625,,0
1782299443.438000,7804.365285,266.0,,100.0,588.94140625,,0
1782299443.538005,7804.465288,264.0,,100.0,588.94140625,,0
1782299443.637999,7804.565282,266.0,,100.0,588.94140625,,0
1782299443.737999,7804.665284,268.0,,100.0,588.94140625,,0
1782299443.838001,7804.765286,266.0,,100.0,588.94140625,,0
1782299443.938005,7804.865289,265.0,,100.0,588.94140625,,0
1782299444.038004,7804.965287,266.0,,100.0,588.94140625,,0
1782299444.138000,7805.065284,266.0,,100.0,588.94140625,,0
1782299444.237999,7805.165284,267.0,,100.0,588.94140625,,0
1782299444.337999,7805.265283,267.0,,100.0,588.94140625,,0
1782299444.438001,7805.365284,267.0,,100.0,588.94140625,,0
1782299444.537993,7805.465278,265.0,,100.0,588.94140625,,0
1782299444.638001,7805.565286,265.0,,100.0,588.94140625,,0
1782299444.737997,7805.665282,265.0,,100.0,588.94140625,,0
1782299444.838004,7805.765287,267.0,,100.0,588.94140625,,0
1782299444.938005,7805.865289,268.0,,100.0,588.94140625,,0
1782299445.037997,7805.965281,267.0,,100.0,588.94140625,,0
1782299445.138015,7806.065298,266.0,,100.0,588.94140625,,0
1782299445.238000,7806.165285,266.0,,100.0,588.94140625,,0
1782299445.338020,7806.265304,266.0,,100.0,588.94140625,,0
1782299445.438001,7806.365285,266.0,,100.0,588.94140625,,0
1782299445.537999,7806.465284,266.0,,100.0,588.94140625,,0
1782299445.637995,7806.565279,268.0,,100.0,588.94140625,,0
1782299445.738000,7806.665283,268.0,,100.0,588.94140625,,0
1782299445.838000,7806.765283,266.0,,100.0,588.94140625,,0
1782299445.938001,7806.865286,267.0,,100.0,588.94140625,,0
1782299446.038004,7806.965288,267.0,,100.0,588.94140625,,0
1782299446.138004,7807.065287,265.0,,100.0,588.94140625,,0
1782299446.238001,7807.165285,264.0,,100.0,588.94140625,,0
1782299446.337994,7807.265277,265.0,,100.0,588.94140625,,0
1782299446.437917,7807.365200,261.0,,100.0,588.94140625,,0
1782299446.538002,7807.465287,267.0,,100.0,588.94140625,,0
1782299446.638004,7807.565288,268.0,,100.0,588.94140625,,0
1782299446.738003,7807.665286,266.0,,100.0,588.94140625,,0
1782299446.838000,7807.765283,277.0,,100.0,588.94140625,,0
1782299446.937999,7807.865283,257.0,,100.0,588.94140625,,0
1782299447.037996,7807.965280,276.0,,99.0,588.94140625,,0
1782299447.138001,7808.065284,254.0,,100.0,588.94140625,,0
1782299447.238002,7808.165285,278.0,,100.0,588.94140625,,0
1782299447.338002,7808.265286,268.0,,100.0,588.94140625,,0
1782299447.437931,7808.365215,274.0,,100.0,588.94140625,,0
1782299447.537997,7808.465281,267.0,,100.0,588.94140625,,0
1782299447.638003,7808.565288,267.0,,100.0,588.94140625,,0
1782299447.738002,7808.665285,264.0,,100.0,588.94140625,,0
1782299447.838001,7808.765284,263.0,,100.0,588.94140625,,0
1782299447.938002,7808.865285,39.0,,3.0,588.94140625,,0
1782299448.038000,7808.965283,24.0,,1.0,588.94140625,,0
1782299448.138004,7809.065287,24.0,,3.0,588.94140625,,0
1782299448.237915,7809.165198,26.0,,3.0,588.94140625,,0
1782299448.338005,7809.265288,24.0,,2.0,588.94140625,,0
1782299448.438008,7809.365292,23.0,,3.0,588.94140625,,0
1782299448.538003,7809.465286,22.0,,3.0,588.94140625,,0
1782299448.638006,7809.565289,22.0,,2.0,588.94140625,,0
1782299448.738003,7809.665287,22.0,,3.0,588.94140625,,0
1782299448.838003,7809.765288,22.0,,3.0,588.94140625,,0
1782299448.938008,7809.865292,22.0,,3.0,588.94140625,,0
1782299449.038007,7809.965290,21.0,,3.0,588.94140625,,0
1782299449.138007,7810.065292,24.0,,3.0,588.94140625,,0
1782299449.238004,7810.165287,21.0,,3.0,588.94140625,,0
1782299449.338002,7810.265287,22.0,,2.0,588.94140625,,0
1782299449.438002,7810.365286,22.0,,2.0,588.94140625,,0
1782299449.538002,7810.465286,26.0,,3.0,588.94140625,,0
1782299449.638007,7810.565290,22.0,,3.0,588.94140625,,0
1782299449.738004,7810.665287,22.0,,3.0,588.94140625,,0
1782299449.837915,7810.765198,24.0,,4.0,588.94140625,,0
1782299449.938005,7810.865288,22.0,,3.0,588.94140625,,0
1782299450.038005,7810.965288,23.0,,4.0,588.94140625,,0
1782299450.138011,7811.065294,23.0,,3.0,588.94140625,,0
1782299450.238007,7811.165291,22.0,,3.0,588.94140625,,0
1782299450.338012,7811.265295,23.0,,2.0,588.94140625,,0
1782299450.438005,7811.365289,21.0,,3.0,588.94140625,,0
1782299450.538006,7811.465289,25.0,,3.0,588.94140625,,0
1782299450.638000,7811.565283,22.0,,3.0,588.94140625,,0
1782299450.738005,7811.665290,21.0,,3.0,588.94140625,,0
1782299450.838017,7811.765300,21.0,,3.0,588.94140625,,0
1782299450.938005,7811.865288,21.0,,3.0,588.94140625,,0
1782299451.038004,7811.965287,21.0,,3.0,588.94140625,,0
1782299451.138004,7812.065288,21.0,,3.0,588.94140625,,0
1782299451.238003,7812.165286,20.0,,3.0,588.94140625,,0
1782299451.338000,7812.265283,21.0,,3.0,588.94140625,,0
1782299451.438005,7812.365290,22.0,,3.0,588.94140625,,0
1782299451.538002,7812.465287,22.0,,3.0,588.94140625,,0
1782299451.638006,7812.565289,22.0,,3.0,588.94140625,,0
1782299451.738011,7812.665295,24.0,,5.0,588.94140625,,0
1782299451.838006,7812.765290,21.0,,3.0,588.94140625,,0
1782299451.938001,7812.865284,21.0,,3.0,588.94140625,,0
1782299452.038003,7812.965286,21.0,,3.0,588.94140625,,0
1782299452.138002,7813.065285,20.0,,3.0,588.94140625,,0
1782299452.238015,7813.165298,20.0,,3.0,588.94140625,,0
1782299452.338001,7813.265285,20.0,,3.0,588.94140625,,0
1782299452.438003,7813.365286,22.0,,1.0,588.94140625,,0
1782299452.538001,7813.465284,20.0,,3.0,588.94140625,,0
1782299452.638002,7813.565287,21.0,,3.0,588.94140625,,0
1782299452.738010,7813.665294,25.0,,1.0,588.94140625,,0
1782299452.838005,7813.765288,22.0,,3.0,588.94140625,,0
1782299452.937998,7813.865282,28.0,,8.0,588.94140625,,0
1782299453.038003,7813.965287,170.0,,100.0,588.94140625,,0
1782299453.138001,7814.065284,208.0,,100.0,588.94140625,,0
1782299453.237998,7814.165283,231.0,,100.0,588.94140625,,0
1782299453.337998,7814.265283,232.0,,100.0,588.94140625,,0
1782299453.437998,7814.365281,234.0,,100.0,588.94140625,,0
1782299453.538005,7814.465289,237.0,,100.0,588.94140625,,0
1782299453.637997,7814.565281,239.0,,100.0,588.94140625,,0
1782299453.738002,7814.665286,240.0,,100.0,588.94140625,,0
1782299453.837997,7814.765280,246.0,,100.0,588.94140625,,0
1782299453.937999,7814.865284,247.0,,100.0,588.94140625,,0
1782299454.038000,7814.965285,252.0,,100.0,588.94140625,,0
1782299454.138002,7815.065285,255.0,,100.0,588.94140625,,0
1782299454.237997,7815.165281,261.0,,100.0,588.94140625,,0
1782299454.338002,7815.265287,261.0,,100.0,588.94140625,,0
1782299454.438002,7815.365287,260.0,,100.0,588.94140625,,0
1782299454.538000,7815.465285,263.0,,100.0,588.94140625,,0
1782299454.638001,7815.565286,260.0,,100.0,588.94140625,,0
1782299454.737996,7815.665280,263.0,,100.0,588.94140625,,0
1782299454.838006,7815.765290,263.0,,100.0,588.94140625,,0
1782299454.938001,7815.865286,263.0,,100.0,588.94140625,,0
1782299455.038338,7815.965621,262.0,,100.0,588.94140625,,0
1782299455.138003,7816.065287,264.0,,100.0,588.94140625,,0
1782299455.238003,7816.165286,262.0,,100.0,588.94140625,,0
1782299455.338005,7816.265289,262.0,,100.0,588.94140625,,0
1782299455.438001,7816.365286,263.0,,100.0,588.94140625,,0
1782299455.537997,7816.465282,264.0,,100.0,588.94140625,,0
1782299455.637996,7816.565280,263.0,,100.0,588.94140625,,0
1782299455.738002,7816.665286,261.0,,100.0,588.94140625,,0
1782299455.837996,7816.765281,230.0,,100.0,588.94140625,,0
1782299455.938003,7816.865289,245.0,,100.0,588.94140625,,0
1782299456.037999,7816.965284,263.0,,100.0,588.94140625,,0
1782299456.138008,7817.065292,262.0,,100.0,588.94140625,,0
1782299456.238011,7817.165294,263.0,,100.0,588.94140625,,0
1782299456.338004,7817.265289,264.0,,100.0,588.94140625,,0
1782299456.438004,7817.365288,264.0,,100.0,588.94140625,,0
1782299456.538001,7817.465286,262.0,,100.0,588.94140625,,0
1782299456.638005,7817.565290,263.0,,100.0,588.94140625,,0
1782299456.738008,7817.665292,262.0,,100.0,588.94140625,,0
1782299456.837994,7817.765279,264.0,,100.0,588.94140625,,0
1782299456.938001,7817.865286,263.0,,100.0,588.94140625,,0
1782299457.038002,7817.965287,255.0,,99.0,588.94140625,,0
1782299457.137998,7818.065281,258.0,,100.0,588.94140625,,0
1782299457.238003,7818.165286,248.0,,100.0,588.94140625,,0
1782299457.337998,7818.265282,246.0,,99.0,588.94140625,,0
1782299457.437917,7818.365200,264.0,,100.0,588.94140625,,0
1782299457.538001,7818.465285,264.0,,100.0,588.94140625,,0
1782299457.637996,7818.565281,264.0,,100.0,588.94140625,,0
1782299457.737995,7818.665278,263.0,,100.0,588.94140625,,0
1782299457.837998,7818.765282,263.0,,100.0,588.94140625,,0
1782299457.938005,7818.865289,263.0,,100.0,588.94140625,,0
1782299458.037996,7818.965279,263.0,,100.0,588.94140625,,0
1782299458.137999,7819.065282,262.0,,100.0,588.94140625,,0
1782299458.238000,7819.165284,263.0,,100.0,588.94140625,,0
1782299458.338000,7819.265285,263.0,,100.0,588.94140625,,0
1782299458.438002,7819.365285,264.0,,100.0,588.94140625,,0
1782299458.537995,7819.465280,263.0,,100.0,588.94140625,,0
1782299458.637999,7819.565284,264.0,,100.0,588.94140625,,0
1782299458.738002,7819.665286,264.0,,100.0,588.94140625,,0
1782299458.838003,7819.765286,264.0,,100.0,588.94140625,,0
1782299458.938005,7819.865289,262.0,,100.0,588.94140625,,0
1782299459.038007,7819.965290,264.0,,100.0,588.94140625,,0
1782299459.138003,7820.065288,263.0,,100.0,588.94140625,,0
1782299459.237999,7820.165283,264.0,,100.0,588.94140625,,0
1782299459.337996,7820.265281,263.0,,100.0,588.94140625,,0
1782299459.437917,7820.365200,263.0,,100.0,588.94140625,,0
1782299459.538003,7820.465287,264.0,,100.0,588.94140625,,0
1782299459.638000,7820.565284,264.0,,100.0,588.94140625,,0
1782299459.738007,7820.665292,263.0,,100.0,588.94140625,,0
1782299459.838002,7820.765287,264.0,,100.0,588.94140625,,0
1782299459.938000,7820.865284,263.0,,100.0,588.94140625,,0
1782299460.038000,7820.965283,265.0,,100.0,588.94140625,,0
1782299460.138005,7821.065289,265.0,,100.0,588.94140625,,0
1782299460.237999,7821.165283,259.0,,100.0,588.94140625,,0
1782299460.337996,7821.265280,259.0,,100.0,588.94140625,,0
1782299460.438005,7821.365289,260.0,,100.0,588.94140625,,0
1782299460.538028,7821.465313,260.0,,100.0,588.94140625,,0
1782299460.638003,7821.565286,260.0,,100.0,588.94140625,,0
1782299460.738003,7821.665286,260.0,,100.0,588.94140625,,0
1782299460.838000,7821.765285,260.0,,100.0,588.94140625,,0
1782299460.938004,7821.865288,260.0,,100.0,588.94140625,,0
1782299461.038001,7821.965286,248.0,,100.0,588.94140625,,0
1782299461.138003,7822.065287,265.0,,100.0,588.94140625,,0
1782299461.238000,7822.165284,264.0,,100.0,588.94140625,,0
1782299461.338001,7822.265286,263.0,,100.0,588.94140625,,0
1782299461.438009,7822.365292,263.0,,100.0,588.94140625,,0
1782299461.538000,7822.465284,264.0,,100.0,588.94140625,,0
1782299461.637917,7822.565200,263.0,,100.0,588.94140625,,0
1782299461.738000,7822.665284,262.0,,100.0,588.94140625,,0
1782299461.837999,7822.765283,264.0,,100.0,588.94140625,,0
1782299461.938002,7822.865286,264.0,,100.0,588.94140625,,0
1782299462.038001,7822.965286,264.0,,100.0,588.94140625,,0
1782299462.138012,7823.065296,263.0,,100.0,588.94140625,,0
1782299462.237999,7823.165284,265.0,,100.0,588.94140625,,0
1782299462.338006,7823.265291,266.0,,100.0,588.94140625,,0
1782299462.438001,7823.365286,264.0,,100.0,588.94140625,,0
1782299462.538001,7823.465284,265.0,,100.0,588.94140625,,0
1782299462.638004,7823.565288,265.0,,100.0,588.94140625,,0
1782299462.738000,7823.665285,265.0,,100.0,588.94140625,,0
1782299462.838001,7823.765285,263.0,,100.0,588.94140625,,0
1782299462.937999,7823.865283,262.0,,100.0,588.94140625,,0
1782299463.038002,7823.965287,266.0,,100.0,588.94140625,,0
1782299463.137999,7824.065283,264.0,,100.0,588.94140625,,0
1782299463.237999,7824.165283,264.0,,100.0,588.94140625,,0
1782299463.338006,7824.265290,265.0,,100.0,588.94140625,,0
1782299463.438000,7824.365283,265.0,,100.0,588.94140625,,0
1782299463.537999,7824.465283,266.0,,100.0,588.94140625,,0
1782299463.638002,7824.565287,265.0,,100.0,588.94140625,,0
1782299463.737998,7824.665283,262.0,,100.0,588.94140625,,0
1782299463.837917,7824.765200,260.0,,100.0,588.94140625,,0
1782299463.938000,7824.865286,272.0,,99.0,588.94140625,,0
1782299464.037995,7824.965280,265.0,,100.0,588.94140625,,0
1782299464.138005,7825.065289,264.0,,100.0,588.94140625,,0
1782299464.238008,7825.165293,266.0,,100.0,588.94140625,,0
1782299464.338015,7825.265300,265.0,,100.0,588.94140625,,0
1782299464.438007,7825.365292,264.0,,100.0,588.94140625,,0
1782299464.538000,7825.465284,257.0,,100.0,588.94140625,,0
1782299464.638002,7825.565287,255.0,,99.0,588.94140625,,0
1782299464.738001,7825.665284,274.0,,100.0,588.94140625,,0
1782299464.838000,7825.765283,255.0,,100.0,588.94140625,,0
1782299464.938006,7825.865291,261.0,,99.0,588.94140625,,0
1782299465.038004,7825.965289,264.0,,99.0,588.94140625,,0
1782299465.138007,7826.065291,263.0,,100.0,588.94140625,,0
1782299465.238000,7826.165284,269.0,,100.0,588.94140625,,0
1782299465.338004,7826.265288,264.0,,100.0,588.94140625,,0
1782299465.438001,7826.365284,259.0,,100.0,588.94140625,,0
1782299465.538006,7826.465291,266.0,,100.0,588.94140625,,0
1782299465.637995,7826.565280,272.0,,100.0,588.94140625,,0
1782299465.738006,7826.665290,277.0,,99.0,588.94140625,,0
1782299465.838000,7826.765283,268.0,,99.0,588.94140625,,0
1782299465.938002,7826.865285,272.0,,99.0,588.94140625,,0
1782299466.038000,7826.965283,266.0,,100.0,588.94140625,,0
1782299466.138002,7827.065286,265.0,,100.0,588.94140625,,0
1782299466.238001,7827.165285,263.0,,100.0,588.94140625,,0
1782299466.338006,7827.265290,263.0,,99.0,588.94140625,,0
1782299466.437999,7827.365282,263.0,,100.0,588.94140625,,0
1782299466.538007,7827.465290,265.0,,100.0,588.94140625,,0
1782299466.638001,7827.565286,266.0,,100.0,588.94140625,,0
1782299466.737998,7827.665281,266.0,,100.0,588.94140625,,0
1782299466.837999,7827.765282,265.0,,100.0,588.94140625,,0
1782299466.938000,7827.865284,267.0,,100.0,588.94140625,,0
1782299467.038007,7827.965291,266.0,,100.0,588.94140625,,0
1782299467.137995,7828.065280,266.0,,100.0,588.94140625,,0
1782299467.238000,7828.165283,264.0,,100.0,588.94140625,,0
1782299467.338000,7828.265283,265.0,,100.0,588.94140625,,0
1782299467.438006,7828.365291,266.0,,100.0,588.94140625,,0
1782299467.538001,7828.465285,266.0,,100.0,588.94140625,,0
1782299467.638007,7828.565291,266.0,,100.0,588.94140625,,0
1782299467.738002,7828.665285,265.0,,100.0,588.94140625,,0
1782299467.838006,7828.765292,267.0,,100.0,588.94140625,,0
1782299467.938007,7828.865291,266.0,,100.0,588.94140625,,0
1782299468.038002,7828.965286,265.0,,100.0,588.94140625,,0
1782299468.138001,7829.065286,267.0,,100.0,588.94140625,,0
1782299468.238003,7829.165288,267.0,,100.0,588.94140625,,0
1782299468.338000,7829.265284,265.0,,100.0,588.94140625,,0
1782299468.438001,7829.365284,265.0,,100.0,588.94140625,,0
1782299468.538002,7829.465285,266.0,,100.0,588.94140625,,0
1782299468.638015,7829.565300,266.0,,100.0,588.94140625,,0
1782299468.738010,7829.665293,266.0,,100.0,588.94140625,,0
1782299468.838000,7829.765284,266.0,,100.0,588.94140625,,0
1782299468.938000,7829.865283,266.0,,100.0,588.94140625,,0
1782299469.038003,7829.965287,266.0,,100.0,588.94140625,,0
1782299469.138000,7830.065285,265.0,,100.0,588.94140625,,0
1782299469.238000,7830.165283,263.0,,100.0,588.94140625,,0
1782299469.338002,7830.265287,267.0,,100.0,588.94140625,,0
1782299469.438004,7830.365287,267.0,,100.0,588.94140625,,0
1782299469.538003,7830.465288,266.0,,100.0,588.94140625,,0
1782299469.638001,7830.565284,266.0,,100.0,588.94140625,,0
1782299469.738006,7830.665289,267.0,,100.0,588.94140625,,0
1782299469.838000,7830.765285,266.0,,100.0,588.94140625,,0
1782299469.938007,7830.865292,266.0,,100.0,588.94140625,,0
1782299470.038004,7830.965287,265.0,,100.0,588.94140625,,0
1782299470.138005,7831.065289,266.0,,100.0,588.94140625,,0
1782299470.238002,7831.165285,267.0,,100.0,588.94140625,,0
1782299470.338002,7831.265287,267.0,,100.0,588.94140625,,0
1782299470.438001,7831.365285,246.0,,100.0,588.94140625,,0
1782299470.538016,7831.465299,253.0,,99.0,588.94140625,,0
1782299470.638001,7831.565286,253.0,,100.0,588.94140625,,0
1782299470.738001,7831.665286,265.0,,100.0,588.94140625,,0
1782299470.838005,7831.765289,266.0,,100.0,588.94140625,,0
1782299470.938005,7831.865290,266.0,,100.0,588.94140625,,0
1782299471.038003,7831.965288,264.0,,100.0,588.94140625,,0
1782299471.138004,7832.065289,264.0,,100.0,588.94140625,,0
1782299471.238002,7832.165285,267.0,,100.0,588.94140625,,0
1782299471.338005,7832.265289,267.0,,100.0,588.94140625,,0
1782299471.438011,7832.365296,267.0,,100.0,588.94140625,,0
1782299471.538000,7832.465284,266.0,,100.0,588.94140625,,0
1782299471.638008,7832.565292,265.0,,100.0,588.94140625,,0
1782299471.738008,7832.665292,267.0,,100.0,588.94140625,,0
1782299471.838007,7832.765292,267.0,,100.0,588.94140625,,0
1782299471.938002,7832.865285,265.0,,100.0,588.94140625,,0
1782299472.038005,7832.965289,265.0,,100.0,588.94140625,,0
1782299472.138006,7833.065291,267.0,,100.0,588.94140625,,0
1782299472.237919,7833.165202,268.0,,100.0,588.94140625,,0
1782299472.338008,7833.265293,267.0,,100.0,588.94140625,,0
1782299472.438002,7833.365287,267.0,,100.0,588.94140625,,0
1782299472.538002,7833.465285,268.0,,100.0,588.94140625,,0
1782299472.638008,7833.565292,268.0,,100.0,588.94140625,,0
1782299472.738008,7833.665292,265.0,,100.0,588.94140625,,0
1782299472.838006,7833.765289,266.0,,100.0,588.94140625,,0
1782299472.938001,7833.865286,266.0,,100.0,588.94140625,,0
1782299473.038007,7833.965291,267.0,,100.0,588.94140625,,0
1782299473.138007,7834.065292,267.0,,100.0,588.94140625,,0
1782299473.238005,7834.165290,269.0,,100.0,588.94140625,,0
1782299473.338006,7834.265289,268.0,,100.0,588.94140625,,0
1782299473.438003,7834.365286,268.0,,100.0,588.94140625,,0
1782299473.538006,7834.465291,266.0,,100.0,588.94140625,,0
1782299473.638011,7834.565296,265.0,,100.0,588.94140625,,0
1782299473.738001,7834.665286,267.0,,100.0,588.94140625,,0
1782299473.838002,7834.765286,267.0,,100.0,588.94140625,,0
1782299473.938005,7834.865288,267.0,,100.0,588.94140625,,0
1782299474.038001,7834.965286,267.0,,100.0,588.94140625,,0
1782299474.138009,7835.065293,268.0,,100.0,588.94140625,,0
1782299474.238004,7835.165288,267.0,,100.0,588.94140625,,0
1782299474.338005,7835.265289,267.0,,100.0,588.94140625,,0
1782299474.438009,7835.365294,267.0,,100.0,588.94140625,,0
1782299474.538001,7835.465285,268.0,,100.0,588.94140625,,0
1782299474.638000,7835.565284,265.0,,100.0,588.94140625,,0
1782299474.738007,7835.665291,266.0,,100.0,588.94140625,,0
1782299474.837999,7835.765283,268.0,,100.0,588.94140625,,0
1782299474.938009,7835.865293,268.0,,100.0,588.94140625,,0
1782299475.038002,7835.965286,268.0,,100.0,588.94140625,,0
1782299475.138003,7836.065287,251.0,,100.0,588.94140625,,0
1782299475.238007,7836.165291,268.0,,100.0,588.94140625,,0
1782299475.338010,7836.265295,267.0,,100.0,588.94140625,,0
1782299475.438006,7836.365291,266.0,,100.0,588.94140625,,0
1782299475.538004,7836.465288,267.0,,100.0,588.94140625,,0
1782299475.638007,7836.565291,267.0,,100.0,588.94140625,,0
1782299475.738005,7836.665290,267.0,,100.0,588.94140625,,0
1782299475.838002,7836.765287,266.0,,100.0,588.94140625,,0
1782299475.938004,7836.865288,258.0,,99.0,588.94140625,,0
1782299476.038007,7836.965292,247.0,,100.0,588.94140625,,0
1782299476.138005,7837.065290,267.0,,100.0,588.94140625,,0
1782299476.237997,7837.165280,268.0,,100.0,588.94140625,,0
1782299476.338008,7837.265293,266.0,,100.0,588.94140625,,0
1782299476.438004,7837.365288,267.0,,100.0,588.94140625,,0
1782299476.537995,7837.465278,266.0,,100.0,588.94140625,,0
1782299476.638002,7837.565286,266.0,,100.0,588.94140625,,0
1782299476.738008,7837.665293,266.0,,100.0,588.94140625,,0
1782299476.838006,7837.765290,267.0,,100.0,588.94140625,,0
1782299476.938009,7837.865294,268.0,,100.0,588.94140625,,0
1782299477.037997,7837.965280,266.0,,100.0,588.94140625,,0
1782299477.138001,7838.065285,267.0,,100.0,588.94140625,,0
1782299477.238000,7838.165284,268.0,,100.0,588.94140625,,0
1782299477.337997,7838.265282,266.0,,100.0,588.94140625,,0
1782299477.438001,7838.365285,255.0,,100.0,588.94140625,,0
1782299477.538006,7838.465289,268.0,,100.0,588.94140625,,0
1782299477.638002,7838.565287,268.0,,100.0,588.94140625,,0
1782299477.737996,7838.665280,268.0,,100.0,588.94140625,,0
1782299477.838003,7838.765288,268.0,,100.0,588.94140625,,0
1782299477.938006,7838.865290,266.0,,100.0,588.94140625,,0
1782299478.038005,7838.965290,266.0,,100.0,588.94140625,,0
1782299478.138006,7839.065291,267.0,,100.0,588.94140625,,0
1782299478.238005,7839.165289,267.0,,100.0,588.94140625,,0
1782299478.338008,7839.265292,267.0,,100.0,588.94140625,,0
1782299478.438008,7839.365291,268.0,,100.0,588.94140625,,0
1782299478.538004,7839.465288,268.0,,100.0,588.94140625,,0
1782299478.637999,7839.565282,268.0,,100.0,588.94140625,,0
1782299478.738000,7839.665284,268.0,,100.0,588.94140625,,0
1782299478.838000,7839.765283,267.0,,100.0,588.94140625,,0
1782299478.937999,7839.865284,267.0,,100.0,588.94140625,,0
1782299479.038011,7839.965294,266.0,,100.0,588.94140625,,0
1782299479.138007,7840.065291,267.0,,100.0,588.94140625,,0
1782299479.238000,7840.165285,268.0,,100.0,588.94140625,,0
1782299479.338009,7840.265293,268.0,,100.0,588.94140625,,0
1782299479.437995,7840.365278,267.0,,100.0,588.94140625,,0
1782299479.538002,7840.465287,268.0,,100.0,588.94140625,,0
1782299479.638009,7840.565293,268.0,,100.0,588.94140625,,0
1782299479.738000,7840.665285,268.0,,100.0,588.94140625,,0
1782299479.837998,7840.765283,267.0,,100.0,588.94140625,,0
1782299479.938007,7840.865292,266.0,,100.0,588.94140625,,0
1782299480.038006,7840.965289,268.0,,100.0,588.94140625,,0
1782299480.138005,7841.065291,269.0,,100.0,588.94140625,,0
1782299480.237919,7841.165202,267.0,,100.0,588.94140625,,0
1782299480.338011,7841.265295,267.0,,100.0,588.94140625,,0
1782299480.438004,7841.365288,267.0,,100.0,588.94140625,,0
1782299480.537999,7841.465284,268.0,,100.0,588.94140625,,0
1782299480.638006,7841.565291,267.0,,100.0,588.94140625,,0
1782299480.738001,7841.665284,267.0,,100.0,588.94140625,,0
1782299480.838004,7841.765288,268.0,,100.0,588.94140625,,0
1782299480.938004,7841.865289,266.0,,100.0,588.94140625,,0
1782299481.038003,7841.965288,266.0,,100.0,588.94140625,,0
1782299481.138004,7842.065288,267.0,,100.0,588.94140625,,0
1782299481.238005,7842.165290,269.0,,100.0,588.94140625,,0
1782299481.338008,7842.265291,269.0,,100.0,588.94140625,,0
1782299481.438004,7842.365288,267.0,,100.0,588.94140625,,0
1782299481.538006,7842.465289,267.0,,100.0,588.94140625,,0
1782299481.638004,7842.565288,267.0,,100.0,588.94140625,,0
1782299481.738008,7842.665292,266.0,,100.0,588.94140625,,0
1782299481.838005,7842.765289,266.0,,100.0,588.94140625,,0
1782299481.938005,7842.865290,268.0,,100.0,588.94140625,,0
1782299482.038004,7842.965288,269.0,,100.0,588.94140625,,0
1782299482.138001,7843.065284,268.0,,99.0,588.94140625,,0
1782299482.238001,7843.165285,267.0,,100.0,588.94140625,,0
1782299482.338011,7843.265295,266.0,,100.0,588.94140625,,0
1782299482.438008,7843.365293,268.0,,100.0,588.94140625,,0
1782299482.538012,7843.465295,257.0,,100.0,588.94140625,,0
1782299482.638004,7843.565288,264.0,,99.0,588.94140625,,0
1782299482.738007,7843.665290,276.0,,100.0,588.94140625,,0
1782299482.838002,7843.765286,268.0,,100.0,588.94140625,,0
1782299482.938012,7843.865296,269.0,,100.0,588.94140625,,0
1782299483.037999,7843.965283,278.0,,100.0,588.94140625,,0
1782299483.138004,7844.065289,267.0,,100.0,588.94140625,,0
1782299483.238003,7844.165288,256.0,,100.0,588.94140625,,0
1782299483.338004,7844.265288,266.0,,100.0,588.94140625,,0
1782299483.438005,7844.365290,268.0,,100.0,588.94140625,,0
1782299483.538006,7844.465289,268.0,,100.0,588.94140625,,0
1782299483.638006,7844.565291,267.0,,100.0,588.94140625,,0
1782299483.738014,7844.665298,267.0,,100.0,588.94140625,,0
1782299483.838005,7844.765290,267.0,,100.0,588.94140625,,0
1782299483.938004,7844.865289,268.0,,100.0,588.94140625,,0
1782299484.038008,7844.965293,269.0,,100.0,588.94140625,,0
1782299484.138009,7845.065294,268.0,,100.0,588.94140625,,0
1782299484.238010,7845.165294,267.0,,100.0,588.94140625,,0
1782299484.338002,7845.265286,271.0,,100.0,588.94140625,,0
1782299484.438001,7845.365284,268.0,,100.0,588.94140625,,0
1782299484.538006,7845.465290,267.0,,100.0,588.94140625,,0
1782299484.638001,7845.565285,267.0,,100.0,588.94140625,,0
1782299484.738004,7845.665289,269.0,,100.0,588.94140625,,0
1782299484.838000,7845.765284,269.0,,100.0,588.94140625,,0
1782299484.938001,7845.865285,267.0,,100.0,588.94140625,,0
1782299485.037916,7845.965199,269.0,,100.0,588.94140625,,0
1782299485.138000,7846.065283,268.0,,100.0,588.94140625,,0
1782299485.238008,7846.165293,268.0,,100.0,588.94140625,,0
1782299485.337997,7846.265281,266.0,,100.0,588.94140625,,0
1782299485.438012,7846.365295,267.0,,100.0,588.94140625,,0
1782299485.538009,7846.465293,268.0,,100.0,588.94140625,,0
1782299485.638003,7846.565288,268.0,,100.0,588.94140625,,0
1782299485.738007,7846.665290,267.0,,100.0,588.94140625,,0
1782299485.838002,7846.765287,268.0,,100.0,588.94140625,,0
1782299485.938007,7846.865292,268.0,,100.0,588.94140625,,0
1782299486.038001,7846.965286,269.0,,100.0,588.94140625,,0
1782299486.138004,7847.065288,268.0,,100.0,588.94140625,,0
1782299486.238004,7847.165288,266.0,,100.0,588.94140625,,0
1782299486.338000,7847.265284,267.0,,100.0,588.94140625,,0
1782299486.438004,7847.365289,269.0,,100.0,588.94140625,,0
1782299486.538005,7847.465289,268.0,,100.0,588.94140625,,0
1782299486.638006,7847.565289,268.0,,100.0,588.94140625,,0
1782299486.738003,7847.665288,268.0,,100.0,588.94140625,,0
1782299486.838004,7847.765287,268.0,,100.0,588.94140625,,0
1782299486.938006,7847.865291,267.0,,100.0,588.94140625,,0
1782299487.038005,7847.965288,267.0,,100.0,588.94140625,,0
1782299487.138006,7848.065289,267.0,,100.0,588.94140625,,0
1782299487.238003,7848.165287,269.0,,100.0,588.94140625,,0
1782299487.338009,7848.265294,267.0,,100.0,588.94140625,,0
1782299487.438009,7848.365294,267.0,,100.0,588.94140625,,0
1782299487.538010,7848.465294,269.0,,100.0,588.94140625,,0
1782299487.638031,7848.565315,268.0,,100.0,588.94140625,,0
1782299487.738012,7848.665296,266.0,,100.0,588.94140625,,0
1782299487.838005,7848.765288,267.0,,100.0,588.94140625,,0
1782299487.938008,7848.865292,260.0,,97.0,588.94140625,,0
1782299488.038006,7848.965289,26.0,,3.0,588.94140625,,0
1782299488.138007,7849.065290,22.0,,3.0,588.94140625,,0
1782299488.237915,7849.165198,22.0,,3.0,588.94140625,,0
1782299488.338009,7849.265292,22.0,,3.0,588.94140625,,0
1782299488.438010,7849.365294,23.0,,2.0,588.94140625,,0
1782299488.538006,7849.465290,23.0,,4.0,588.94140625,,0
1782299488.638006,7849.565289,23.0,,3.0,588.94140625,,0
1782299488.738009,7849.665292,22.0,,3.0,588.94140625,,0
1782299488.838013,7849.765296,24.0,,2.0,588.94140625,,0
1782299488.938004,7849.865288,24.0,,3.0,588.94140625,,0
1782299489.038007,7849.965291,25.0,,3.0,588.94140625,,0
1782299489.138006,7850.065290,22.0,,2.0,588.94140625,,0
1782299489.238009,7850.165293,22.0,,3.0,588.94140625,,0
1782299489.338006,7850.265289,22.0,,3.0,588.94140625,,0
1782299489.438009,7850.365292,22.0,,3.0,588.94140625,,0
1782299489.538005,7850.465289,24.0,,2.0,588.94140625,,0
1782299489.638004,7850.565287,23.0,,3.0,588.94140625,,0
1782299489.738008,7850.665292,23.0,,3.0,588.94140625,,0
1782299489.837915,7850.765198,22.0,,3.0,588.94140625,,0
1782299489.938004,7850.865287,22.0,,3.0,588.94140625,,0
1782299490.038008,7850.965291,23.0,,3.0,588.94140625,,0
1782299490.138008,7851.065292,26.0,,4.0,588.94140625,,0
1782299490.238006,7851.165289,21.0,,3.0,588.94140625,,0
1782299490.338006,7851.265289,22.0,,3.0,588.94140625,,0
1782299490.438009,7851.365294,22.0,,3.0,588.94140625,,0
1782299490.538004,7851.465287,26.0,,5.0,588.94140625,,0
1782299490.638008,7851.565291,22.0,,3.0,588.94140625,,0
1782299490.738004,7851.665288,22.0,,3.0,588.94140625,,0
1782299490.838003,7851.765286,23.0,,2.0,588.94140625,,0
1782299490.938000,7851.865283,22.0,,4.0,588.94140625,,0
1782299491.038009,7851.965292,21.0,,3.0,588.94140625,,0
1782299491.138005,7852.065289,20.0,,3.0,588.94140625,,0
1782299491.238005,7852.165288,21.0,,3.0,588.94140625,,0
1782299491.338007,7852.265290,21.0,,3.0,588.94140625,,0
1782299491.438006,7852.365290,21.0,,3.0,588.94140625,,0
1782299491.538005,7852.465290,21.0,,3.0,588.94140625,,0
1782299491.638006,7852.565290,22.0,,3.0,588.94140625,,0
1782299491.738003,7852.665286,21.0,,3.0,588.94140625,,0
1782299491.838009,7852.765292,22.0,,3.0,588.94140625,,0
1782299491.938009,7852.865293,21.0,,3.0,588.94140625,,0
1782299492.038003,7852.965286,22.0,,3.0,588.94140625,,0
1782299492.138006,7853.065289,25.0,,3.0,588.94140625,,0
1782299492.238006,7853.165289,23.0,,3.0,588.94140625,,0
1782299492.338002,7853.265285,23.0,,2.0,588.94140625,,0
1782299492.438004,7853.365287,22.0,,3.0,588.94140625,,0
1782299492.538005,7853.465288,21.0,,2.0,588.94140625,,0
1782299492.638006,7853.565290,22.0,,4.0,588.94140625,,0
1782299492.738004,7853.665287,22.0,,3.0,588.94140625,,0
1782299492.838012,7853.765296,21.0,,3.0,588.94140625,,0
1782299492.937999,7853.865283,25.0,,6.0,588.94140625,,0
1782299493.038004,7853.965289,173.0,,100.0,588.94140625,,0
1782299493.138002,7854.065286,211.0,,100.0,588.94140625,,0
1782299493.238005,7854.165289,231.0,,100.0,588.94140625,,0
1782299493.338015,7854.265298,233.0,,100.0,588.94140625,,0
1782299493.438000,7854.365285,236.0,,100.0,588.94140625,,0
1782299493.538001,7854.465285,236.0,,100.0,588.94140625,,0
1782299493.638002,7854.565287,240.0,,100.0,588.94140625,,0
1782299493.738002,7854.665287,242.0,,100.0,588.94140625,,0
1782299493.838002,7854.765287,247.0,,100.0,588.94140625,,0
1782299493.938001,7854.865284,250.0,,100.0,588.94140625,,0
1782299494.038002,7854.965286,254.0,,100.0,588.94140625,,0
1782299494.138007,7855.065292,257.0,,100.0,588.94140625,,0
1782299494.238004,7855.165288,261.0,,100.0,588.94140625,,0
1782299494.338002,7855.265285,262.0,,100.0,588.94140625,,0
1782299494.438010,7855.365294,260.0,,100.0,588.94140625,,0
1782299494.537999,7855.465284,262.0,,100.0,588.94140625,,0
1782299494.638008,7855.565292,263.0,,100.0,588.94140625,,0
1782299494.738002,7855.665285,262.0,,100.0,588.94140625,,0
1782299494.838003,7855.765287,261.0,,100.0,588.94140625,,0
1782299494.938004,7855.865288,261.0,,100.0,588.94140625,,0
1782299495.038006,7855.965289,263.0,,100.0,588.94140625,,0
1782299495.137996,7856.065280,263.0,,100.0,588.94140625,,0
1782299495.237999,7856.165283,263.0,,100.0,588.94140625,,0
1782299495.338001,7856.265285,262.0,,100.0,588.94140625,,0
1782299495.438002,7856.365287,263.0,,100.0,588.94140625,,0
1782299495.538000,7856.465283,262.0,,100.0,588.94140625,,0
1782299495.638000,7856.565285,262.0,,100.0,588.94140625,,0
1782299495.738000,7856.665285,263.0,,100.0,588.94140625,,0
1782299495.837999,7856.765282,262.0,,100.0,588.94140625,,0
1782299495.938001,7856.865285,249.0,,100.0,588.94140625,,0
1782299496.037999,7856.965284,262.0,,100.0,588.94140625,,0
1782299496.137998,7857.065283,252.0,,99.0,588.94140625,,0
1782299496.238000,7857.165285,250.0,,100.0,588.94140625,,0
1782299496.338002,7857.265285,254.0,,100.0,588.94140625,,0
1782299496.438001,7857.365286,264.0,,100.0,588.94140625,,0
1782299496.538002,7857.465286,262.0,,100.0,588.94140625,,0
1782299496.638005,7857.565291,264.0,,100.0,588.94140625,,0
1782299496.738002,7857.665287,263.0,,100.0,588.94140625,,0
1782299496.838000,7857.765285,254.0,,100.0,588.94140625,,0
1782299496.937996,7857.865281,263.0,,100.0,588.94140625,,0
1782299497.038004,7857.965288,263.0,,100.0,588.94140625,,0
1782299497.138002,7858.065287,263.0,,100.0,588.94140625,,0
1782299497.237996,7858.165280,262.0,,100.0,588.94140625,,0
1782299497.338003,7858.265287,262.0,,100.0,588.94140625,,0
1782299497.438001,7858.365285,263.0,,100.0,588.94140625,,0
1782299497.538010,7858.465294,262.0,,100.0,588.94140625,,0
1782299497.638002,7858.565286,262.0,,100.0,588.94140625,,0
1782299497.738000,7858.665285,263.0,,100.0,588.94140625,,0
1782299497.837915,7858.765198,263.0,,100.0,588.94140625,,0
1782299497.938005,7858.865290,262.0,,100.0,588.94140625,,0
1782299498.037999,7858.965282,261.0,,100.0,588.94140625,,0
1782299498.138023,7859.065307,262.0,,100.0,588.94140625,,0
1782299498.238000,7859.165284,263.0,,100.0,588.94140625,,0
1782299498.338016,7859.265301,263.0,,100.0,588.94140625,,0
1782299498.438008,7859.365292,262.0,,100.0,588.94140625,,0
1782299498.538005,7859.465288,262.0,,100.0,588.94140625,,0
1782299498.638001,7859.565285,263.0,,100.0,588.94140625,,0
1782299498.738011,7859.665296,264.0,,100.0,588.94140625,,0
1782299498.838004,7859.765287,264.0,,100.0,588.94140625,,0
1782299498.938002,7859.865286,262.0,,100.0,588.94140625,,0
1782299499.038002,7859.965285,264.0,,100.0,588.94140625,,0
1782299499.138002,7860.065286,262.0,,100.0,588.94140625,,0
1782299499.238007,7860.165292,262.0,,100.0,588.94140625,,0
1782299499.338009,7860.265294,263.0,,100.0,588.94140625,,0
1782299499.438006,7860.365290,264.0,,100.0,588.94140625,,0
1782299499.538002,7860.465285,262.0,,100.0,588.94140625,,0
1782299499.638004,7860.565288,263.0,,100.0,588.94140625,,0
1782299499.738003,7860.665288,263.0,,100.0,588.94140625,,0
1782299499.838009,7860.765293,263.0,,100.0,588.94140625,,0
1782299499.937917,7860.865200,263.0,,100.0,588.94140625,,0
1782299500.038336,7860.965619,262.0,,100.0,588.94140625,,0
1782299500.138022,7861.065305,259.0,,99.0,588.94140625,,0
1782299500.237995,7861.165280,252.0,,100.0,588.94140625,,0
1782299500.337999,7861.265283,275.0,,99.0,588.94140625,,0
1782299500.437917,7861.365200,262.0,,100.0,588.94140625,,0
1782299500.537996,7861.465280,267.0,,99.0,588.94140625,,0
1782299500.638001,7861.565285,258.0,,100.0,588.94140625,,0
1782299500.738001,7861.665286,261.0,,99.0,588.94140625,,0
1782299500.838002,7861.765287,261.0,,100.0,588.94140625,,0
1782299500.937997,7861.865281,248.0,,100.0,588.94140625,,0
1782299501.038003,7861.965288,262.0,,99.0,588.94140625,,0
1782299501.138002,7862.065287,260.0,,99.0,588.94140625,,0
1782299501.238000,7862.165285,251.0,,100.0,588.94140625,,0
1782299501.338007,7862.265291,263.0,,99.0,588.94140625,,0
1782299501.437997,7862.365282,264.0,,100.0,588.94140625,,0
1782299501.537994,7862.465279,272.0,,100.0,588.94140625,,0
1782299501.638001,7862.565284,266.0,,99.0,588.94140625,,0
1782299501.737999,7862.665283,264.0,,100.0,588.94140625,,0
1782299501.838001,7862.765286,264.0,,100.0,588.94140625,,0
1782299501.938003,7862.865288,264.0,,100.0,588.94140625,,0
1782299502.038002,7862.965286,263.0,,100.0,588.94140625,,0
1782299502.137998,7863.065282,264.0,,100.0,588.94140625,,0
1782299502.237999,7863.165284,262.0,,100.0,588.94140625,,0
1782299502.338001,7863.265285,261.0,,100.0,588.94140625,,0
1782299502.437995,7863.365280,263.0,,100.0,588.94140625,,0
1782299502.537996,7863.465282,264.0,,100.0,588.94140625,,0
1782299502.637917,7863.565200,265.0,,100.0,588.94140625,,0
1782299502.738003,7863.665287,264.0,,100.0,588.94140625,,0
1782299502.838002,7863.765287,263.0,,100.0,588.94140625,,0
1782299502.938006,7863.865291,264.0,,100.0,588.94140625,,0
1782299503.038001,7863.965285,265.0,,100.0,588.94140625,,0
1782299503.138075,7864.065359,264.0,,99.0,588.94140625,,0
1782299503.238003,7864.165287,263.0,,100.0,588.94140625,,0
1782299503.338007,7864.265291,264.0,,100.0,588.94140625,,0
1782299503.438002,7864.365286,263.0,,100.0,588.94140625,,0
1782299503.537998,7864.465281,264.0,,100.0,588.94140625,,0
1782299503.637997,7864.565281,263.0,,100.0,588.94140625,,0
1782299503.737999,7864.665282,265.0,,100.0,588.94140625,,0
1782299503.838003,7864.765288,264.0,,100.0,588.94140625,,0
1782299503.938007,7864.865290,262.0,,100.0,588.94140625,,0
1782299504.038004,7864.965289,262.0,,100.0,588.94140625,,0
1782299504.138002,7865.065286,263.0,,100.0,588.94140625,,0
1782299504.238000,7865.165283,264.0,,100.0,588.94140625,,0
1782299504.338004,7865.265287,264.0,,100.0,588.94140625,,0
1782299504.438003,7865.365286,266.0,,100.0,588.94140625,,0
1782299504.537999,7865.465282,265.0,,100.0,588.94140625,,0
1782299504.638001,7865.565286,265.0,,100.0,588.94140625,,0
1782299504.738003,7865.665286,264.0,,100.0,588.94140625,,0
1782299504.838003,7865.765286,263.0,,100.0,588.94140625,,0
1782299504.937997,7865.865282,264.0,,100.0,588.94140625,,0
1782299505.038003,7865.965287,264.0,,100.0,588.94140625,,0
1782299505.138001,7866.065286,264.0,,100.0,588.94140625,,0
1782299505.238006,7866.165290,265.0,,100.0,588.94140625,,0
1782299505.338008,7866.265292,266.0,,100.0,588.94140625,,0
1782299505.438004,7866.365287,265.0,,100.0,588.94140625,,0
1782299505.538004,7866.465288,264.0,,100.0,588.94140625,,0
1782299505.637999,7866.565284,264.0,,100.0,588.94140625,,0
1782299505.738000,7866.665284,263.0,,100.0,588.94140625,,0
1782299505.838002,7866.765285,264.0,,100.0,588.94140625,,0
1782299505.937998,7866.865282,263.0,,100.0,588.94140625,,0
1782299506.038002,7866.965287,266.0,,100.0,588.94140625,,0
1782299506.138010,7867.065294,265.0,,100.0,588.94140625,,0
1782299506.238003,7867.165286,265.0,,100.0,588.94140625,,0
1782299506.338008,7867.265293,264.0,,100.0,588.94140625,,0
1782299506.438001,7867.365285,265.0,,100.0,588.94140625,,0
1782299506.538002,7867.465287,265.0,,100.0,588.94140625,,0
1782299506.638003,7867.565288,264.0,,100.0,588.94140625,,0
1782299506.738000,7867.665286,265.0,,100.0,588.94140625,,0
1782299506.838005,7867.765288,265.0,,100.0,588.94140625,,0
1782299506.938012,7867.865296,265.0,,100.0,588.94140625,,0
1782299507.038007,7867.965292,264.0,,100.0,588.94140625,,0
1782299507.138002,7868.065287,264.0,,100.0,588.94140625,,0
1782299507.238001,7868.165285,265.0,,100.0,588.94140625,,0
1782299507.338001,7868.265286,266.0,,100.0,588.94140625,,0
1782299507.438003,7868.365287,265.0,,100.0,588.94140625,,0
1782299507.537999,7868.465283,263.0,,100.0,588.94140625,,0
1782299507.638005,7868.565289,263.0,,100.0,588.94140625,,0
1782299507.738002,7868.665285,265.0,,100.0,588.94140625,,0
1782299507.838002,7868.765286,265.0,,100.0,588.94140625,,0
1782299507.938001,7868.865284,265.0,,100.0,588.94140625,,0
1782299508.038000,7868.965284,267.0,,100.0,588.94140625,,0
1782299508.138005,7869.065288,266.0,,100.0,588.94140625,,0
1782299508.238003,7869.165287,264.0,,100.0,588.94140625,,0
1782299508.338003,7869.265286,264.0,,100.0,588.94140625,,0
1782299508.438004,7869.365289,265.0,,100.0,588.94140625,,0
1782299508.538006,7869.465289,264.0,,100.0,588.94140625,,0
1782299508.638005,7869.565288,265.0,,100.0,588.94140625,,0
1782299508.738002,7869.665286,267.0,,100.0,588.94140625,,0
1782299508.838003,7869.765286,265.0,,100.0,588.94140625,,0
1782299508.938001,7869.865284,266.0,,100.0,588.94140625,,0
1782299509.038002,7869.965286,265.0,,100.0,588.94140625,,0
1782299509.138001,7870.065286,264.0,,100.0,588.94140625,,0
1782299509.238002,7870.165286,266.0,,100.0,588.94140625,,0
1782299509.338005,7870.265290,266.0,,100.0,588.94140625,,0
1782299509.438001,7870.365284,265.0,,100.0,588.94140625,,0
1782299509.537999,7870.465283,265.0,,100.0,588.94140625,,0
1782299509.638000,7870.565283,246.0,,100.0,588.94140625,,0
1782299509.738000,7870.665284,266.0,,100.0,588.94140625,,0
1782299509.837999,7870.765285,260.0,,100.0,588.94140625,,0
1782299509.938000,7870.865284,264.0,,100.0,588.94140625,,0
1782299510.038000,7870.965285,266.0,,100.0,588.94140625,,0
1782299510.138009,7871.065292,246.0,,99.0,588.94140625,,0
1782299510.238000,7871.165284,246.0,,100.0,588.94140625,,0
1782299510.338004,7871.265289,264.0,,100.0,588.94140625,,0
1782299510.437999,7871.365283,266.0,,100.0,588.94140625,,0
1782299510.538000,7871.465283,266.0,,100.0,588.94140625,,0
1782299510.638003,7871.565286,265.0,,100.0,588.94140625,,0
1782299510.738002,7871.665287,267.0,,100.0,588.94140625,,0
1782299510.838004,7871.765289,266.0,,100.0,588.94140625,,0
1782299510.938001,7871.865286,266.0,,100.0,588.94140625,,0
1782299511.038003,7871.965289,266.0,,100.0,588.94140625,,0
1782299511.138007,7872.065291,264.0,,100.0,588.94140625,,0
1782299511.238001,7872.165286,263.0,,100.0,588.94140625,,0
1782299511.338004,7872.265287,266.0,,100.0,588.94140625,,0
1782299511.438010,7872.365295,266.0,,100.0,588.94140625,,0
1782299511.538001,7872.465286,266.0,,100.0,588.94140625,,0
1782299511.638003,7872.565287,266.0,,100.0,588.94140625,,0
1782299511.738004,7872.665288,266.0,,100.0,588.94140625,,0
1782299511.838003,7872.765286,264.0,,100.0,588.94140625,,0
1782299511.938004,7872.865287,266.0,,100.0,588.94140625,,0
1782299512.038004,7872.965287,266.0,,100.0,588.94140625,,0
1782299512.138003,7873.065287,265.0,,100.0,588.94140625,,0
1782299512.238012,7873.165296,264.0,,100.0,588.94140625,,0
1782299512.338001,7873.265285,266.0,,100.0,588.94140625,,0
1782299512.438004,7873.365288,267.0,,100.0,588.94140625,,0
1782299512.538004,7873.465287,267.0,,100.0,588.94140625,,0
1782299512.638001,7873.565284,265.0,,100.0,588.94140625,,0
1782299512.738003,7873.665287,264.0,,100.0,588.94140625,,0
1782299512.838003,7873.765286,265.0,,100.0,588.94140625,,0
1782299512.937996,7873.865280,265.0,,100.0,588.94140625,,0
1782299513.038002,7873.965285,264.0,,100.0,588.94140625,,0
1782299513.137999,7874.065283,267.0,,100.0,588.94140625,,0
1782299513.238007,7874.165291,267.0,,100.0,588.94140625,,0
1782299513.338008,7874.265292,267.0,,100.0,588.94140625,,0
1782299513.438000,7874.365284,266.0,,100.0,588.94140625,,0
1782299513.538002,7874.465286,266.0,,100.0,588.94140625,,0
1782299513.638003,7874.565286,266.0,,100.0,588.94140625,,0
1782299513.737999,7874.665284,266.0,,100.0,588.94140625,,0
1782299513.838005,7874.765290,264.0,,100.0,588.94140625,,0
1782299513.938008,7874.865293,265.0,,100.0,588.94140625,,0
1782299514.038007,7874.965292,267.0,,100.0,588.94140625,,0
1782299514.138001,7875.065285,264.0,,100.0,588.94140625,,0
1782299514.237998,7875.165281,265.0,,100.0,588.94140625,,0
1782299514.338001,7875.265285,267.0,,100.0,588.94140625,,0
1782299514.438007,7875.365291,266.0,,100.0,588.94140625,,0
1782299514.537999,7875.465282,265.0,,100.0,588.94140625,,0
1782299514.638003,7875.565287,267.0,,100.0,588.94140625,,0
1782299514.738001,7875.665285,266.0,,100.0,588.94140625,,0
1782299514.837999,7875.765284,265.0,,100.0,588.94140625,,0
1782299514.938003,7875.865287,264.0,,100.0,588.94140625,,0
1782299515.038000,7875.965284,267.0,,100.0,588.94140625,,0
1782299515.138001,7876.065286,265.0,,100.0,588.94140625,,0
1782299515.238000,7876.165285,267.0,,100.0,588.94140625,,0
1782299515.337997,7876.265281,238.0,,100.0,588.94140625,,0
1782299515.438000,7876.365284,265.0,,100.0,588.94140625,,0
1782299515.538003,7876.465288,266.0,,100.0,588.94140625,,0
1782299515.638000,7876.565284,266.0,,100.0,588.94140625,,0
1782299515.738001,7876.665286,266.0,,100.0,588.94140625,,0
1782299515.838007,7876.765291,265.0,,100.0,588.94140625,,0
1782299515.938011,7876.865294,267.0,,100.0,588.94140625,,0
1782299516.038000,7876.965284,267.0,,100.0,588.94140625,,0
1782299516.138000,7877.065285,265.0,,100.0,588.94140625,,0
1782299516.237998,7877.165282,255.0,,99.0,588.94140625,,0
1782299516.338002,7877.265286,251.0,,99.0,588.94140625,,0
1782299516.438004,7877.365288,267.0,,100.0,588.94140625,,0
1782299516.537999,7877.465283,264.0,,100.0,588.94140625,,0
1782299516.638005,7877.565289,249.0,,100.0,588.94140625,,0
1782299516.738000,7877.665284,267.0,,100.0,588.94140625,,0
1782299516.838006,7877.765289,267.0,,100.0,588.94140625,,0
1782299516.938001,7877.865285,250.0,,99.0,588.94140625,,0
1782299517.038004,7877.965288,267.0,,100.0,588.94140625,,0
1782299517.138003,7878.065288,266.0,,100.0,588.94140625,,0
1782299517.238001,7878.165284,274.0,,100.0,588.94140625,,0
1782299517.338004,7878.265289,276.0,,100.0,588.94140625,,0
1782299517.438000,7878.365284,277.0,,99.0,588.94140625,,0
1782299517.538007,7878.465292,262.0,,99.0,588.94140625,,0
1782299517.638000,7878.565284,264.0,,100.0,588.94140625,,0
1782299517.737998,7878.665284,276.0,,100.0,588.94140625,,0
1782299517.838000,7878.765284,259.0,,99.0,588.94140625,,0
1782299517.938003,7878.865287,261.0,,99.0,588.94140625,,0
1782299518.038007,7878.965291,266.0,,100.0,588.94140625,,0
1782299518.138003,7879.065286,263.0,,100.0,588.94140625,,0
1782299518.237996,7879.165280,275.0,,99.0,588.94140625,,0
1782299518.338002,7879.265286,277.0,,99.0,588.94140625,,0
1782299518.438001,7879.365284,273.0,,100.0,588.94140625,,0
1782299518.538000,7879.465283,251.0,,99.0,588.94140625,,0
1782299518.638003,7879.565287,263.0,,99.0,588.94140625,,0
1782299518.737999,7879.665283,266.0,,100.0,588.94140625,,0
1782299518.837917,7879.765200,266.0,,100.0,588.94140625,,0
1782299518.938007,7879.865292,266.0,,100.0,588.94140625,,0
1782299519.038002,7879.965286,266.0,,100.0,588.94140625,,0
1782299519.137995,7880.065280,266.0,,100.0,588.94140625,,0
1782299519.238000,7880.165285,265.0,,100.0,588.94140625,,0
1782299519.338010,7880.265293,266.0,,100.0,588.94140625,,0
1782299519.438001,7880.365284,267.0,,100.0,588.94140625,,0
1782299519.538027,7880.465311,267.0,,100.0,588.94140625,,0
1782299519.638011,7880.565295,267.0,,100.0,588.94140625,,0
1782299519.738002,7880.665286,264.0,,99.0,588.94140625,,0
1782299519.838013,7880.765298,261.0,,100.0,588.94140625,,0
1782299519.937998,7880.865282,268.0,,100.0,588.94140625,,0
1782299520.038008,7880.965293,266.0,,100.0,588.94140625,,0
1782299520.138005,7881.065288,263.0,,100.0,588.94140625,,0
1782299520.238008,7881.165293,263.0,,100.0,588.94140625,,0
1782299520.338003,7881.265288,262.0,,100.0,588.94140625,,0
1782299520.438003,7881.365288,262.0,,100.0,588.94140625,,0
1782299520.538000,7881.465283,262.0,,100.0,588.94140625,,0
1782299520.638008,7881.565291,263.0,,100.0,588.94140625,,0
1782299520.738005,7881.665290,264.0,,100.0,588.94140625,,0
1782299520.838006,7881.765289,264.0,,100.0,588.94140625,,0
1782299520.938001,7881.865285,263.0,,100.0,588.94140625,,0
1782299521.038006,7881.965290,265.0,,100.0,588.94140625,,0
1782299521.138003,7882.065287,267.0,,100.0,588.94140625,,0
1782299521.237995,7882.165280,265.0,,100.0,588.94140625,,0
1782299521.338000,7882.265284,265.0,,100.0,588.94140625,,0
1782299521.438007,7882.365291,265.0,,100.0,588.94140625,,0
1782299521.538000,7882.465283,266.0,,100.0,588.94140625,,0
1782299521.637994,7882.565279,267.0,,100.0,588.94140625,,0
1782299521.737993,7882.665278,266.0,,100.0,588.94140625,,0
1782299521.838012,7882.765297,266.0,,100.0,588.94140625,,0
1782299521.938000,7882.865284,268.0,,100.0,588.94140625,,0
1782299522.038001,7882.965284,267.0,,100.0,588.94140625,,0
1782299522.138005,7883.065289,266.0,,100.0,588.94140625,,0
1782299522.238001,7883.165285,265.0,,100.0,588.94140625,,0
1782299522.338010,7883.265293,265.0,,100.0,588.94140625,,0
1782299522.437998,7883.365281,266.0,,100.0,588.94140625,,0
1782299522.537997,7883.465281,266.0,,100.0,588.94140625,,0
1782299522.637999,7883.565282,267.0,,100.0,588.94140625,,0
1782299522.738004,7883.665287,267.0,,100.0,588.94140625,,0
1782299522.837994,7883.765278,266.0,,100.0,588.94140625,,0
1782299522.937993,7883.865276,267.0,,100.0,588.94140625,,0
1782299523.037994,7883.965278,266.0,,100.0,588.94140625,,0
1782299523.137998,7884.065281,267.0,,100.0,588.94140625,,0
1782299523.237999,7884.165283,265.0,,100.0,588.94140625,,0
1782299523.338000,7884.265283,265.0,,100.0,588.94140625,,0
1782299523.437998,7884.365281,265.0,,100.0,588.94140625,,0
1782299523.537992,7884.465275,267.0,,100.0,588.94140625,,0
1782299523.637998,7884.565282,268.0,,100.0,588.94140625,,0
1782299523.738001,7884.665284,267.0,,100.0,588.94140625,,0
1782299523.838001,7884.765285,266.0,,100.0,588.94140625,,0
1782299523.938000,7884.865283,266.0,,100.0,588.94140625,,0
1782299524.037998,7884.965281,265.0,,100.0,588.94140625,,0
1782299524.138000,7885.065283,265.0,,100.0,588.94140625,,0
1782299524.238001,7885.165286,265.0,,100.0,588.94140625,,0
1782299524.338002,7885.265288,267.0,,100.0,588.94140625,,0
1782299524.437999,7885.365283,266.0,,100.0,588.94140625,,0
1782299524.537995,7885.465279,266.0,,100.0,588.94140625,,0
1782299524.638002,7885.565285,267.0,,100.0,588.94140625,,0
1782299524.737998,7885.665282,266.0,,100.0,588.94140625,,0
1782299524.837994,7885.765278,265.0,,100.0,588.94140625,,0
1782299524.938010,7885.865294,264.0,,100.0,588.94140625,,0
1782299525.038000,7885.965284,266.0,,100.0,588.94140625,,0
1782299525.138003,7886.065288,267.0,,100.0,588.94140625,,0
1782299525.237995,7886.165279,266.0,,100.0,588.94140625,,0
1782299525.337999,7886.265282,266.0,,100.0,588.94140625,,0
1782299525.438011,7886.365294,268.0,,100.0,588.94140625,,0
1782299525.538001,7886.465284,267.0,,100.0,588.94140625,,0
1782299525.638000,7886.565283,265.0,,100.0,588.94140625,,0
1782299525.737999,7886.665282,265.0,,100.0,588.94140625,,0
1782299525.838004,7886.765287,267.0,,100.0,588.94140625,,0
1782299525.938014,7886.865299,268.0,,100.0,588.94140625,,0
1782299526.038003,7886.965287,268.0,,100.0,588.94140625,,0
1782299526.137999,7887.065282,266.0,,100.0,588.94140625,,0
1782299526.238000,7887.165283,268.0,,100.0,588.94140625,,0
1782299526.338004,7887.265287,266.0,,100.0,588.94140625,,0
1782299526.438027,7887.365311,266.0,,100.0,588.94140625,,0
1782299526.538004,7887.465288,244.0,,99.0,588.94140625,,0
1782299526.638001,7887.565284,266.0,,100.0,588.94140625,,0
1782299526.737999,7887.665282,267.0,,100.0,588.94140625,,0
1782299526.837997,7887.765281,267.0,,100.0,588.94140625,,0
1782299526.938014,7887.865298,266.0,,100.0,588.94140625,,0
1782299527.037994,7887.965278,267.0,,100.0,588.94140625,,0
1782299527.137992,7888.065276,267.0,,100.0,588.94140625,,0
1782299527.237997,7888.165280,264.0,,100.0,588.94140625,,0
1782299527.338003,7888.265289,265.0,,100.0,588.94140625,,0
1782299527.438006,7888.365290,264.0,,100.0,588.94140625,,0
1782299527.537995,7888.465278,266.0,,100.0,588.94140625,,0
1782299527.638001,7888.565284,267.0,,100.0,588.94140625,,0
1782299527.738000,7888.665285,267.0,,100.0,588.94140625,,0
1782299527.838006,7888.765289,268.0,,100.0,588.94140625,,0
1782299527.938004,7888.865288,263.0,,99.0,588.94140625,,0
1782299528.038009,7888.965293,28.0,,3.0,588.94140625,,0
1782299528.138002,7889.065285,24.0,,3.0,588.94140625,,0
1782299528.237918,7889.165201,23.0,,3.0,588.94140625,,0
1782299528.338003,7889.265286,23.0,,3.0,588.94140625,,0
1782299528.438002,7889.365286,23.0,,3.0,588.94140625,,0
1782299528.538001,7889.465286,23.0,,3.0,588.94140625,,0
1782299528.638002,7889.565285,25.0,,3.0,588.94140625,,0
1782299528.738005,7889.665289,22.0,,3.0,588.94140625,,0
1782299528.838004,7889.765289,23.0,,3.0,588.94140625,,0
1782299528.938006,7889.865291,22.0,,3.0,588.94140625,,0
1782299529.038002,7889.965287,24.0,,3.0,588.94140625,,0
1782299529.138000,7890.065284,22.0,,3.0,588.94140625,,0
1782299529.238001,7890.165284,24.0,,3.0,588.94140625,,0
1782299529.338001,7890.265284,25.0,,3.0,588.94140625,,0
1782299529.438002,7890.365286,22.0,,3.0,588.94140625,,0
1782299529.538003,7890.465286,26.0,,3.0,588.94140625,,0
1782299529.638006,7890.565291,22.0,,3.0,588.94140625,,0
1782299529.738003,7890.665286,22.0,,3.0,588.94140625,,0
1782299529.837918,7890.765201,23.0,,3.0,588.94140625,,0
1782299529.938004,7890.865288,25.0,,3.0,588.94140625,,0
1782299530.038003,7890.965287,24.0,,3.0,588.94140625,,0
1782299530.138002,7891.065286,24.0,,3.0,588.94140625,,0
1782299530.238003,7891.165286,25.0,,3.0,588.94140625,,0
1782299530.338006,7891.265289,21.0,,3.0,588.94140625,,0
1782299530.438004,7891.365289,22.0,,3.0,588.94140625,,0
1782299530.538001,7891.465285,25.0,,3.0,588.94140625,,0
1782299530.638008,7891.565291,22.0,,3.0,588.94140625,,0
1782299530.738004,7891.665287,21.0,,2.0,588.94140625,,0
1782299530.838001,7891.765284,21.0,,2.0,588.94140625,,0
1782299530.938003,7891.865288,22.0,,3.0,588.94140625,,0
1782299531.038001,7891.965284,22.0,,3.0,588.94140625,,0
1782299531.138001,7892.065285,23.0,,2.0,588.94140625,,0
1782299531.238003,7892.165286,23.0,,3.0,588.94140625,,0
1782299531.338003,7892.265286,24.0,,3.0,588.94140625,,0
1782299531.438006,7892.365289,23.0,,3.0,588.94140625,,0
1782299531.538004,7892.465288,23.0,,3.0,588.94140625,,0
1782299531.638006,7892.565290,23.0,,3.0,588.94140625,,0
1782299531.738000,7892.665283,21.0,,3.0,588.94140625,,0
1782299531.838002,7892.765287,26.0,,3.0,588.94140625,,0
1782299531.938002,7892.865285,21.0,,3.0,588.94140625,,0
1782299532.038004,7892.965288,21.0,,3.0,588.94140625,,0
1782299532.138002,7893.065285,21.0,,3.0,588.94140625,,0
1782299532.238000,7893.165283,20.0,,3.0,588.94140625,,0
1782299532.338001,7893.265284,21.0,,3.0,588.94140625,,0
1782299532.438000,7893.365283,20.0,,3.0,588.94140625,,0
1782299532.538001,7893.465284,22.0,,3.0,588.94140625,,0
1782299532.638003,7893.565286,24.0,,3.0,588.94140625,,0
1782299532.738009,7893.665294,24.0,,3.0,588.94140625,,0
1782299532.838003,7893.765286,22.0,,3.0,588.94140625,,0
1782299532.937920,7893.865203,25.0,,5.0,588.94140625,,0
1782299533.037919,7893.965202,169.0,,100.0,588.94140625,,0
1782299533.137919,7894.065202,207.0,,100.0,588.94140625,,0
1782299533.237917,7894.165200,225.0,,100.0,588.94140625,,0
1782299533.337916,7894.265199,243.0,,100.0,588.94140625,,0
1782299533.437918,7894.365201,247.0,,100.0,588.94140625,,0
1782299533.537919,7894.465202,237.0,,100.0,588.94140625,,0
1782299533.637918,7894.565201,254.0,,100.0,588.94140625,,0
1782299533.737917,7894.665200,259.0,,99.0,588.94140625,,0
1782299533.837917,7894.765201,248.0,,100.0,588.94140625,,0
1782299533.937916,7894.865199,225.0,,100.0,588.94140625,,0
1782299534.037917,7894.965201,233.0,,100.0,588.94140625,,0
1782299534.137918,7895.065201,241.0,,99.0,588.94140625,,0
1782299534.237917,7895.165201,241.0,,99.0,588.94140625,,0
1782299534.337918,7895.265201,259.0,,100.0,588.94140625,,0
1782299534.438007,7895.365290,260.0,,100.0,588.94140625,,0
1782299534.537998,7895.465283,274.0,,100.0,588.94140625,,0
1782299534.637998,7895.565281,270.0,,100.0,588.94140625,,0
1782299534.737999,7895.665282,267.0,,100.0,588.94140625,,0
1782299534.837991,7895.765275,261.0,,100.0,588.94140625,,0
1782299534.937998,7895.865281,262.0,,100.0,588.94140625,,0
1782299535.038004,7895.965287,263.0,,100.0,588.94140625,,0
1782299535.137993,7896.065276,275.0,,99.0,588.94140625,,0
1782299535.237995,7896.165280,270.0,,99.0,588.94140625,,0
1782299535.338001,7896.265286,271.0,,100.0,588.94140625,,0
1782299535.437999,7896.365283,237.0,,100.0,588.94140625,,0
1782299535.538001,7896.465285,238.0,,99.0,588.94140625,,0
1782299535.637993,7896.565276,245.0,,99.0,588.94140625,,0
1782299535.738005,7896.665289,261.0,,100.0,588.94140625,,0
1782299535.837991,7896.765274,262.0,,100.0,588.94140625,,0
1782299535.938001,7896.865284,263.0,,100.0,588.94140625,,0
1782299536.037997,7896.965283,262.0,,100.0,588.94140625,,0
1782299536.138007,7897.065290,262.0,,100.0,588.94140625,,0
1782299536.238000,7897.165284,263.0,,100.0,588.94140625,,0
1782299536.337992,7897.265277,263.0,,99.0,588.94140625,,0
1782299536.437999,7897.365282,259.0,,99.0,588.94140625,,0
1782299536.538008,7897.465291,273.0,,99.0,588.94140625,,0
1782299536.638003,7897.565286,264.0,,100.0,588.94140625,,0
1782299536.738004,7897.665289,261.0,,100.0,588.94140625,,0
1782299536.838006,7897.765290,263.0,,100.0,588.94140625,,0
1782299536.938004,7897.865287,263.0,,100.0,588.94140625,,0
1782299537.038009,7897.965292,263.0,,100.0,588.94140625,,0
1782299537.138007,7898.065292,262.0,,100.0,588.94140625,,0
1782299537.237994,7898.165278,262.0,,100.0,588.94140625,,0
1782299537.337996,7898.265280,263.0,,100.0,588.94140625,,0
1782299537.437999,7898.365284,263.0,,100.0,588.94140625,,0
1782299537.537999,7898.465282,262.0,,100.0,588.94140625,,0
1782299537.638003,7898.565287,262.0,,100.0,588.94140625,,0
1782299537.737998,7898.665281,262.0,,100.0,588.94140625,,0
1782299537.837999,7898.765282,261.0,,100.0,588.94140625,,0
1782299537.938002,7898.865287,262.0,,100.0,588.94140625,,0
1782299538.038002,7898.965286,264.0,,100.0,588.94140625,,0
1782299538.137998,7899.065282,264.0,,100.0,588.94140625,,0
1782299538.238002,7899.165286,263.0,,100.0,588.94140625,,0
1782299538.338017,7899.265301,261.0,,100.0,588.94140625,,0
1782299538.437999,7899.365282,262.0,,100.0,588.94140625,,0
1782299538.537993,7899.465278,263.0,,100.0,588.94140625,,0
1782299538.638007,7899.565290,263.0,,100.0,588.94140625,,0
1782299538.738007,7899.665290,262.0,,100.0,588.94140625,,0
1782299538.837916,7899.765199,262.0,,100.0,588.94140625,,0
1782299538.938007,7899.865290,262.0,,100.0,588.94140625,,0
1782299539.037999,7899.965284,262.0,,100.0,588.94140625,,0
1782299539.138008,7900.065291,262.0,,100.0,588.94140625,,0
1782299539.237917,7900.165200,263.0,,100.0,588.94140625,,0
1782299539.337998,7900.265282,263.0,,100.0,588.94140625,,0
1782299539.437997,7900.365282,263.0,,100.0,588.94140625,,0
1782299539.537917,7900.465200,262.0,,100.0,588.94140625,,0
1782299539.638000,7900.565283,263.0,,100.0,588.94140625,,0
1782299539.738011,7900.665295,262.0,,100.0,588.94140625,,0
1782299539.837998,7900.765281,261.0,,100.0,588.94140625,,0
1782299539.937999,7900.865282,262.0,,100.0,588.94140625,,0
1782299540.038002,7900.965286,263.0,,100.0,588.94140625,,0
1782299540.137998,7901.065282,263.0,,100.0,588.94140625,,0
1782299540.238006,7901.165290,263.0,,100.0,588.94140625,,0
1782299540.337917,7901.265200,262.0,,100.0,588.94140625,,0
1782299540.438004,7901.365287,263.0,,100.0,588.94140625,,0
1782299540.538006,7901.465289,264.0,,100.0,588.94140625,,0
1782299540.638000,7901.565285,264.0,,100.0,588.94140625,,0
1782299540.737993,7901.665276,262.0,,100.0,588.94140625,,0
1782299540.838000,7901.765285,263.0,,100.0,588.94140625,,0
1782299540.938009,7901.865293,262.0,,100.0,588.94140625,,0
1782299541.038003,7901.965287,263.0,,100.0,588.94140625,,0
1782299541.138003,7902.065286,262.0,,100.0,588.94140625,,0
1782299541.238005,7902.165288,263.0,,100.0,588.94140625,,0
1782299541.337999,7902.265282,263.0,,100.0,588.94140625,,0
1782299541.438001,7902.365284,262.0,,100.0,588.94140625,,0
1782299541.537997,7902.465281,263.0,,100.0,588.94140625,,0
1782299541.637997,7902.565281,263.0,,100.0,588.94140625,,0
1782299541.738000,7902.665283,263.0,,100.0,588.94140625,,0
1782299541.837997,7902.765280,262.0,,100.0,588.94140625,,0
1782299541.937916,7902.865199,263.0,,100.0,588.94140625,,0
1782299542.038000,7902.965284,263.0,,100.0,588.94140625,,0
1782299542.138000,7903.065284,263.0,,100.0,588.94140625,,0
1782299542.238002,7903.165287,264.0,,100.0,588.94140625,,0
1782299542.338007,7903.265291,263.0,,100.0,588.94140625,,0
1782299542.438002,7903.365285,264.0,,100.0,588.94140625,,0
1782299542.537997,7903.465282,265.0,,100.0,588.94140625,,0
1782299542.638001,7903.565284,264.0,,100.0,588.94140625,,0
1782299542.738007,7903.665290,262.0,,100.0,588.94140625,,0
1782299542.838014,7903.765298,262.0,,100.0,588.94140625,,0
1782299542.938009,7903.865292,263.0,,100.0,588.94140625,,0
1782299543.037992,7903.965275,262.0,,100.0,588.94140625,,0
1782299543.138027,7904.065311,263.0,,100.0,588.94140625,,0
1782299543.238029,7904.165313,264.0,,100.0,588.94140625,,0
1782299543.337995,7904.265279,264.0,,100.0,588.94140625,,0
1782299543.438003,7904.365287,263.0,,100.0,588.94140625,,0
1782299543.538000,7904.465285,263.0,,100.0,588.94140625,,0
1782299543.638000,7904.565284,264.0,,100.0,588.94140625,,0
1782299543.737997,7904.665282,264.0,,100.0,588.94140625,,0
1782299543.837998,7904.765282,262.0,,100.0,588.94140625,,0
1782299543.937999,7904.865283,264.0,,100.0,588.94140625,,0
1782299544.038002,7904.965285,264.0,,100.0,588.94140625,,0
1782299544.137914,7905.065198,265.0,,100.0,588.94140625,,0
1782299544.238008,7905.165291,264.0,,100.0,588.94140625,,0
1782299544.338001,7905.265285,264.0,,100.0,588.94140625,,0
1782299544.438001,7905.365286,264.0,,100.0,588.94140625,,0
1782299544.537999,7905.465283,263.0,,100.0,588.94140625,,0
1782299544.638025,7905.565309,262.0,,100.0,588.94140625,,0
1782299544.738003,7905.665286,263.0,,100.0,588.94140625,,0
1782299544.837999,7905.765283,265.0,,100.0,588.94140625,,0
1782299544.937998,7905.865281,265.0,,100.0,588.94140625,,0
1782299545.038001,7905.965284,264.0,,100.0,588.94140625,,0
1782299545.138327,7906.065610,264.0,,100.0,588.94140625,,0
1782299545.238004,7906.165289,264.0,,100.0,588.94140625,,0
1782299545.338009,7906.265293,265.0,,100.0,588.94140625,,0
1782299545.438015,7906.365299,263.0,,100.0,588.94140625,,0
1782299545.538006,7906.465290,263.0,,100.0,588.94140625,,0
1782299545.638002,7906.565287,264.0,,100.0,588.94140625,,0
1782299545.738004,7906.665287,264.0,,100.0,588.94140625,,0
1782299545.838000,7906.765283,265.0,,100.0,588.94140625,,0
1782299545.938000,7906.865283,265.0,,100.0,588.94140625,,0
1782299546.037999,7906.965285,265.0,,100.0,588.94140625,,0
1782299546.137995,7907.065279,263.0,,100.0,588.94140625,,0
1782299546.237917,7907.165200,263.0,,100.0,588.94140625,,0
1782299546.338008,7907.265292,264.0,,100.0,588.94140625,,0
1782299546.437997,7907.365281,264.0,,100.0,588.94140625,,0
1782299546.538005,7907.465288,267.0,,100.0,588.94140625,,0
1782299546.637998,7907.565282,264.0,,100.0,588.94140625,,0
1782299546.738001,7907.665284,264.0,,100.0,588.94140625,,0
1782299546.837914,7907.765198,266.0,,100.0,588.94140625,,0
1782299546.938007,7907.865290,265.0,,100.0,588.94140625,,0
1782299547.038046,7907.965331,265.0,,100.0,588.94140625,,0
1782299547.138003,7908.065286,264.0,,100.0,588.94140625,,0
1782299547.237915,7908.165198,265.0,,100.0,588.94140625,,0
1782299547.337998,7908.265283,265.0,,100.0,588.94140625,,0
1782299547.438010,7908.365293,265.0,,100.0,588.94140625,,0
1782299547.538006,7908.465289,265.0,,100.0,588.94140625,,0
1782299547.638011,7908.565294,265.0,,100.0,588.94140625,,0
1782299547.737996,7908.665280,264.0,,100.0,588.94140625,,0
1782299547.838013,7908.765296,265.0,,100.0,588.94140625,,0
1782299547.938005,7908.865290,265.0,,100.0,588.94140625,,0
1782299548.038003,7908.965288,241.0,,99.0,588.94140625,,0
1782299548.138008,7909.065291,262.0,,100.0,588.94140625,,0
1782299548.238004,7909.165289,264.0,,100.0,588.94140625,,0
1782299548.338006,7909.265289,266.0,,100.0,588.94140625,,0
1782299548.438005,7909.365289,265.0,,100.0,588.94140625,,0
1782299548.538004,7909.465289,265.0,,100.0,588.94140625,,0
1782299548.638006,7909.565292,264.0,,100.0,588.94140625,,0
1782299548.738005,7909.665289,262.0,,100.0,588.94140625,,0
1782299548.838002,7909.765285,264.0,,100.0,588.94140625,,0
1782299548.938008,7909.865292,265.0,,100.0,588.94140625,,0
1782299549.037994,7909.965277,266.0,,99.0,588.94140625,,0
1782299549.138013,7910.065297,262.0,,100.0,588.94140625,,0
1782299549.238004,7910.165288,268.0,,100.0,588.94140625,,0
1782299549.338004,7910.265288,265.0,,100.0,588.94140625,,0
1782299549.438009,7910.365292,265.0,,100.0,588.94140625,,0
1782299549.537998,7910.465283,266.0,,100.0,588.94140625,,0
1782299549.638004,7910.565288,265.0,,100.0,588.94140625,,0
1782299549.737997,7910.665281,265.0,,100.0,588.94140625,,0
1782299549.838005,7910.765289,254.0,,100.0,588.94140625,,0
1782299549.938010,7910.865295,248.0,,100.0,588.94140625,,0
1782299550.037997,7910.965282,265.0,,100.0,588.94140625,,0
1782299550.137993,7911.065278,264.0,,100.0,588.94140625,,0
1782299550.238000,7911.165285,266.0,,100.0,588.94140625,,0
1782299550.338000,7911.265284,266.0,,100.0,588.94140625,,0
1782299550.438005,7911.365288,265.0,,100.0,588.94140625,,0
1782299550.537997,7911.465282,264.0,,100.0,588.94140625,,0
1782299550.637998,7911.565283,264.0,,100.0,588.94140625,,0
1782299550.737993,7911.665277,265.0,,100.0,588.94140625,,0
1782299550.838009,7911.765294,266.0,,100.0,588.94140625,,0
1782299550.937917,7911.865200,275.0,,99.0,588.94140625,,0
1782299551.038001,7911.965285,265.0,,100.0,588.94140625,,0
1782299551.138001,7912.065286,266.0,,100.0,588.94140625,,0
1782299551.237994,7912.165277,264.0,,100.0,588.94140625,,0
1782299551.338006,7912.265289,264.0,,100.0,588.94140625,,0
1782299551.438002,7912.365287,266.0,,100.0,588.94140625,,0
1782299551.537998,7912.465284,263.0,,100.0,588.94140625,,0
1782299551.638007,7912.565290,265.0,,100.0,588.94140625,,0
1782299551.737997,7912.665280,264.0,,100.0,588.94140625,,0
1782299551.838005,7912.765288,264.0,,100.0,588.94140625,,0
1782299551.937914,7912.865198,265.0,,99.0,588.94140625,,0
1782299552.038001,7912.965285,264.0,,100.0,588.94140625,,0
1782299552.137996,7913.065279,273.0,,99.0,588.94140625,,0
1782299552.238005,7913.165289,274.0,,100.0,588.94140625,,0
1782299552.338001,7913.265286,257.0,,100.0,588.94140625,,0
1782299552.438004,7913.365288,275.0,,99.0,588.94140625,,0
1782299552.538008,7913.465291,272.0,,100.0,588.94140625,,0
1782299552.638029,7913.565313,266.0,,100.0,588.94140625,,0
1782299552.738005,7913.665288,274.0,,100.0,588.94140625,,0
1782299552.838003,7913.765288,265.0,,99.0,588.94140625,,0
1782299552.938007,7913.865291,263.0,,99.0,588.94140625,,0
1782299553.038010,7913.965295,261.0,,99.0,588.94140625,,0
1782299553.137999,7914.065282,267.0,,100.0,588.94140625,,0
1782299553.238003,7914.165286,245.0,,99.0,588.94140625,,0
1782299553.338002,7914.265287,273.0,,100.0,588.94140625,,0
1782299553.438008,7914.365293,272.0,,100.0,588.94140625,,0
1782299553.537993,7914.465278,257.0,,100.0,588.94140625,,0
1782299553.638004,7914.565289,263.0,,100.0,588.94140625,,0
1782299553.737998,7914.665281,274.0,,100.0,588.94140625,,0
1782299553.838024,7914.765308,268.0,,100.0,588.94140625,,0
1782299553.938007,7914.865290,266.0,,99.0,588.94140625,,0
1782299554.038010,7914.965293,264.0,,100.0,588.94140625,,0
1782299554.138002,7915.065288,266.0,,100.0,588.94140625,,0
1782299554.238004,7915.165287,252.0,,100.0,588.94140625,,0
1782299554.338003,7915.265287,266.0,,100.0,588.94140625,,0
1782299554.438003,7915.365286,265.0,,100.0,588.94140625,,0
1782299554.538003,7915.465286,237.0,,100.0,588.94140625,,0
1782299554.638001,7915.565286,266.0,,100.0,588.94140625,,0
1782299554.738001,7915.665284,266.0,,100.0,588.94140625,,0
1782299554.838012,7915.765297,266.0,,100.0,588.94140625,,0
1782299554.938000,7915.865285,265.0,,100.0,588.94140625,,0
1782299555.038020,7915.965304,266.0,,100.0,588.94140625,,0
1782299555.138018,7916.065302,266.0,,100.0,588.94140625,,0
1782299555.238017,7916.165300,222.0,,100.0,588.94140625,,0
1782299555.338001,7916.265285,266.0,,100.0,588.94140625,,0
1782299555.438003,7916.365286,265.0,,100.0,588.94140625,,0
1782299555.537997,7916.465282,266.0,,100.0,588.94140625,,0
1782299555.638000,7916.565284,265.0,,100.0,588.94140625,,0
1782299555.737997,7916.665280,266.0,,100.0,588.94140625,,0
1782299555.838001,7916.765286,267.0,,100.0,588.94140625,,0
1782299555.937998,7916.865281,266.0,,100.0,588.94140625,,0
1782299556.038004,7916.965289,266.0,,100.0,588.94140625,,0
1782299556.137996,7917.065280,264.0,,100.0,588.94140625,,0
1782299556.237997,7917.165280,266.0,,100.0,588.94140625,,0
1782299556.338002,7917.265287,266.0,,100.0,588.94140625,,0
1782299556.437998,7917.365281,264.0,,100.0,588.94140625,,0
1782299556.537997,7917.465282,266.0,,100.0,588.94140625,,0
1782299556.637995,7917.565278,266.0,,100.0,588.94140625,,0
1782299556.737999,7917.665282,265.0,,100.0,588.94140625,,0
1782299556.838001,7917.765285,265.0,,100.0,588.94140625,,0
1782299556.938010,7917.865295,265.0,,100.0,588.94140625,,0
1782299557.038000,7917.965285,266.0,,100.0,588.94140625,,0
1782299557.138001,7918.065285,265.0,,100.0,588.94140625,,0
1782299557.237998,7918.165282,266.0,,100.0,588.94140625,,0
1782299557.338006,7918.265289,266.0,,100.0,588.94140625,,0
1782299557.438019,7918.365303,267.0,,100.0,588.94140625,,0
1782299557.538001,7918.465286,267.0,,100.0,588.94140625,,0
1782299557.638001,7918.565286,266.0,,100.0,588.94140625,,0
1782299557.738003,7918.665287,265.0,,100.0,588.94140625,,0
1782299557.837997,7918.765280,266.0,,100.0,588.94140625,,0
1782299557.937997,7918.865280,266.0,,100.0,588.94140625,,0
1782299558.038011,7918.965294,266.0,,100.0,588.94140625,,0
1782299558.137994,7919.065277,265.0,,100.0,588.94140625,,0
1782299558.237994,7919.165279,267.0,,100.0,588.94140625,,0
1782299558.338004,7919.265289,266.0,,100.0,588.94140625,,0
1782299558.437994,7919.365277,265.0,,100.0,588.94140625,,0
1782299558.538023,7919.465308,267.0,,100.0,588.94140625,,0
1782299558.637996,7919.565281,266.0,,100.0,588.94140625,,0
1782299558.738005,7919.665289,266.0,,100.0,588.94140625,,0
1782299558.837995,7919.765279,265.0,,100.0,588.94140625,,0
1782299558.938005,7919.865291,265.0,,100.0,588.94140625,,0
1782299559.038004,7919.965289,267.0,,100.0,588.94140625,,0
1782299559.137998,7920.065281,266.0,,100.0,588.94140625,,0
1782299559.237994,7920.165277,265.0,,100.0,588.94140625,,0
1782299559.337998,7920.265282,265.0,,100.0,588.94140625,,0
1782299559.438003,7920.365286,266.0,,100.0,588.94140625,,0
1782299559.537997,7920.465280,266.0,,100.0,588.94140625,,0
1782299559.638003,7920.565288,267.0,,100.0,588.94140625,,0
1782299559.738006,7920.665291,266.0,,100.0,588.94140625,,0
1782299559.837998,7920.765282,267.0,,100.0,588.94140625,,0
1782299559.937997,7920.865280,266.0,,100.0,588.94140625,,0
1782299560.038000,7920.965284,264.0,,100.0,588.94140625,,0
1782299560.138003,7921.065288,266.0,,100.0,588.94140625,,0
1782299560.237999,7921.165284,266.0,,100.0,588.94140625,,0
1782299560.337998,7921.265282,267.0,,100.0,588.94140625,,0
1782299560.438001,7921.365284,266.0,,100.0,588.94140625,,0
1782299560.537996,7921.465280,267.0,,100.0,588.94140625,,0
1782299560.638004,7921.565289,267.0,,100.0,588.94140625,,0
1782299560.737992,7921.665275,267.0,,100.0,588.94140625,,0
1782299560.838002,7921.765285,265.0,,100.0,588.94140625,,0
1782299560.937993,7921.865276,265.0,,100.0,588.94140625,,0
1782299561.038001,7921.965284,265.0,,100.0,588.94140625,,0
1782299561.138005,7922.065288,267.0,,100.0,588.94140625,,0
1782299561.238001,7922.165284,267.0,,100.0,588.94140625,,0
1782299561.337916,7922.265200,266.0,,100.0,588.94140625,,0
1782299561.438004,7922.365287,268.0,,100.0,588.94140625,,0
1782299561.537999,7922.465285,266.0,,100.0,588.94140625,,0
1782299561.638007,7922.565290,266.0,,100.0,588.94140625,,0
1782299561.738001,7922.665285,266.0,,100.0,588.94140625,,0
1782299561.838003,7922.765287,267.0,,100.0,588.94140625,,0
1782299561.938009,7922.865294,266.0,,100.0,588.94140625,,0
1782299562.038005,7922.965288,264.0,,100.0,588.94140625,,0
1782299562.138004,7923.065289,265.0,,100.0,588.94140625,,0
1782299562.238006,7923.165290,267.0,,100.0,588.94140625,,0
1782299562.338008,7923.265291,266.0,,100.0,588.94140625,,0
1782299562.437994,7923.365278,266.0,,100.0,588.94140625,,0
1782299562.538002,7923.465285,267.0,,100.0,588.94140625,,0
1782299562.638003,7923.565288,267.0,,100.0,588.94140625,,0
1782299562.737997,7923.665281,266.0,,100.0,588.94140625,,0
1782299562.838001,7923.765284,265.0,,100.0,588.94140625,,0
1782299562.937994,7923.865277,266.0,,100.0,588.94140625,,0
1782299563.037992,7923.965275,267.0,,100.0,588.94140625,,0
1782299563.137995,7924.065280,266.0,,100.0,588.94140625,,0
1782299563.237996,7924.165280,266.0,,100.0,588.94140625,,0
1782299563.337999,7924.265283,268.0,,100.0,588.94140625,,0
1782299563.438007,7924.365290,267.0,,100.0,588.94140625,,0
1782299563.538002,7924.465286,266.0,,100.0,588.94140625,,0
1782299563.637999,7924.565283,266.0,,100.0,588.94140625,,0
1782299563.738001,7924.665285,266.0,,100.0,588.94140625,,0
1782299563.837994,7924.765278,266.0,,100.0,588.94140625,,0
1782299563.938000,7924.865283,265.0,,100.0,588.94140625,,0
1782299564.037916,7924.965200,265.0,,100.0,588.94140625,,0
1782299564.138006,7925.065291,268.0,,100.0,588.94140625,,0
1782299564.238000,7925.165284,267.0,,100.0,588.94140625,,0
1782299564.337993,7925.265276,267.0,,100.0,588.94140625,,0
1782299564.437999,7925.365282,264.0,,100.0,588.94140625,,0
1782299564.538000,7925.465283,267.0,,100.0,588.94140625,,0
1782299564.637994,7925.565277,266.0,,100.0,588.94140625,,0
1782299564.738000,7925.665283,265.0,,100.0,588.94140625,,0
1782299564.838006,7925.765291,265.0,,100.0,588.94140625,,0
1782299564.937991,7925.865275,267.0,,100.0,588.94140625,,0
1782299565.037994,7925.965278,267.0,,100.0,588.94140625,,0
1782299565.137997,7926.065280,267.0,,100.0,588.94140625,,0
1782299565.238005,7926.165290,266.0,,100.0,588.94140625,,0
1782299565.338001,7926.265285,267.0,,100.0,588.94140625,,0
1782299565.437992,7926.365277,264.0,,100.0,588.94140625,,0
1782299565.538001,7926.465284,267.0,,100.0,588.94140625,,0
1782299565.637996,7926.565280,265.0,,100.0,588.94140625,,0
1782299565.738000,7926.665284,266.0,,100.0,588.94140625,,0
1782299565.837999,7926.765282,267.0,,100.0,588.94140625,,0
1782299565.938001,7926.865285,266.0,,100.0,588.94140625,,0
1782299566.037998,7926.965281,266.0,,100.0,588.94140625,,0
1782299566.137993,7927.065277,267.0,,100.0,588.94140625,,0
1782299566.237916,7927.165200,266.0,,100.0,588.94140625,,0
1782299566.338002,7927.265286,265.0,,100.0,588.94140625,,0
1782299566.438005,7927.365288,266.0,,100.0,588.94140625,,0
1782299566.537993,7927.465276,265.0,,100.0,588.94140625,,0
1782299566.638000,7927.565284,267.0,,100.0,588.94140625,,0
1782299566.737914,7927.665197,266.0,,100.0,588.94140625,,0
1782299566.837997,7927.765281,268.0,,100.0,588.94140625,,0
1782299566.937998,7927.865283,267.0,,100.0,588.94140625,,0
1782299567.038004,7927.965289,267.0,,100.0,588.94140625,,0
1782299567.138016,7928.065300,266.0,,100.0,588.94140625,,0
1782299567.237998,7928.165283,265.0,,100.0,588.94140625,,0
1782299567.338000,7928.265285,266.0,,100.0,588.94140625,,0
1782299567.437995,7928.365278,267.0,,100.0,588.94140625,,0
1782299567.537992,7928.465275,267.0,,100.0,588.94140625,,0
1782299567.638321,7928.565604,266.0,,100.0,588.94140625,,0
1782299567.737998,7928.665281,268.0,,100.0,588.94140625,,0
1782299567.838000,7928.765283,267.0,,100.0,588.94140625,,0
1782299567.937992,7928.865276,262.0,,99.0,584.921875,,0
1782299568.038006,7928.965290,28.0,,5.0,584.921875,,0
1782299568.138004,7929.065288,23.0,,3.0,584.921875,,0
1782299568.238006,7929.165290,38.0,,3.0,354.71484375,,0
1782299568.338013,7929.265297,38.0,,3.0,354.71484375,,0
1782299568.438007,7929.365292,30.0,,,354.71484375,,0
1782299568.538010,7929.465295,18.0,,,354.71484375,,0
1782299568.638011,7929.565295,17.0,,,354.71484375,,0
